Workbook

Sheet Year_2025
B1: Lenght
C2: 11 | D2: 12 | E2: 13 | F2: 14 | G2: 18
B3: Length | C3: 2.2 | D3: 2.5 | E3: 2.8 | F3: 3.3 | G3: 0.8
B5: TollLights | N5: ML PCE.Miles | AA5: GP PCE.Miles | AN5: Highway PCE.Miles
B6: Direction | C6: NB | D6: SB | E6: NB | F6: SB | G6: NB | H6: SB | I6: NB | J6: SB | K6: NB | L6: SB | N6: Direction | O6: NB | P6: SB | Q6: NB | R6: SB | S6: NB | T6: SB | U6: NB | V6: SB | W6: NB | X6: SB | AA6: Direction | AB6: NB | AC6: SB | AD6: NB | AE6: SB | AF6: NB | AG6: SB | AH6: NB | AI6: SB | AJ6: NB | AK6: SB | AN6: Direction | AO6: NB | AP6: SB | AQ6: NB | AR6: SB | AS6: NB | AT6: SB | AU6: NB | AV6: SB | AW6: NB | AX6: SB
B7: Segment | C7: 11 | D7: 11 | E7: 12 | F7: 12 | G7: 13 | H7: 13 | I7: 14 | J7: 14 | K7: 18 | L7: 18 | N7: Segment | O7: 11 | P7: 11 | Q7: 12 | R7: 12 | S7: 13 | T7: 13 | U7: 14 | V7: 14 | W7: 18 | X7: 18 | AA7: Segment | AB7: 11 | AC7: 11 | AD7: 12 | AE7: 12 | AF7: 13 | AG7: 13 | AH7: 14 | AI7: 14 | AJ7: 18 | AK7: 18 | AN7: Segment | AO7: 11 | AP7: 11 | AQ7: 12 | AR7: 12 | AS7: 13 | AT7: 13 | AU7: 14 | AV7: 14 | AW7: 18 | AX7: 18
B8: Period | N8: Period | AA8: Period | AN8: Period
B9: Night | C9: 0.2 | D9: 0.2 | E9: 0.2 | F9: 0.2 | G9: 0.2 | H9: 0.2 | I9: 0.2 | J9: 0.2 | K9: 0.2 | L9: 0.2 | N9: Night | O9: 2137.97 | P9: 2128.78 | Q9: 2957.58 | R9: 2252.97 | S9: 1803.05 | T9: 1595.26 | U9: 2162.97 | V9: 1528.98 | W9: 1804.93 | X9: 1445.71 | AA9: Night | AB9: 34390.83 | AC9: 34153.62 | AD9: 45972.42 | AE9: 35354.53 | AF9: 32869.35 | AG9: 29255.14 | AH9: 33665.13 | AI9: 28939.92 | AJ9: 16417.47 | AK9: 13383.09 | AN9: Night | AO9: 36528.8 | AP9: 36282.4 | AQ9: 48930 | AR9: 37607.5 | AS9: 34672.4 | AT9: 30850.4 | AU9: 35828.1 | AV9: 30468.9 | AW9: 18222.4 | AX9: 14828.8
B10: AM-Early | C10: 1.04 | D10: 0.5 | E10: 0.4 | F10: 1.56 | G10: 0.7 | H10: 0.75 | I10: 0.78 | J10: 0.9 | K10: 1.26 | L10: 0.94 | N10: AM-Early | O10: 2208.27 | P10: 1410.28 | Q10: 2871.94 | R10: 1593.07 | S10: 3529.67 | T10: 1754.67 | U10: 3758.12 | V10: 613.39 | W10: 964.94 | X10: 763.32 | AA10: AM-Early | AB10: 12696.73 | AC10: 8274.12 | AD10: 17213.06 | AE10: 9822.05 | AF10: 19007.53 | AG10: 9543.33 | AH10: 20189.98 | AI10: 12022.31 | AJ10: 5275.06 | AK10: 4507.08 | AN10: AM-Early | AO10: 14905 | AP10: 9684.4 | AQ10: 20085 | AR10: 11415.12 | AS10: 22537.2 | AT10: 11298 | AU10: 23948.1 | AV10: 12635.7 | AW10: 6240 | AX10: 5270.4
B11: AM-Peak | C11: 1.6 | D11: 1.29 | E11: 0.82 | F11: 1.6 | G11: 1.6 | H11: 0.86 | I11: 1.22 | J11: 0.38 | K11: 1.17 | L11: 1.6 | N11: AM-Peak | O11: 10205.93 | P11: 4049.2 | Q11: 10513.25 | R11: 9835.31 | S11: 13206.74 | T11: 9313.28 | U11: 13342.95 | V11: 9874.86 | W11: 1973.91 | X11: 2596.03 | AA11: AM-Peak | AB11: 46034.7 | AC11: 24360.17 | AD11: 67096.75 | AE11: 37740.19 | AF11: 71717.96 | AG11: 52133.84 | AH11: 76880.87 | AI11: 57358.17 | AJ11: 11194.89 | AK11: 12965.57 | AN11: AM-Peak | AO11: 56240.63 | AP11: 28409.37 | AQ11: 77610 | AR11: 47575.5 | AS11: 84924.7 | AT11: 61447.12 | AU11: 90223.83 | AV11: 67233.02 | AW11: 13168.8 | AX11: 15561.6
B12: AM-Shoulder | C12: 1.3 | D12: 0.86 | E12: 0.6 | F12: 1.42 | G12: 1.02 | H12: 0.75 | I12: 0.43 | J12: 0.24 | K12: 1.04 | L12: 1.15 | N12: AM-Shoulder | O12: 2324.19 | P12: 1371.83 | Q12: 3023 | R12: 3080.56 | S12: 3752.48 | T12: 3250.94 | U12: 3698.55 | V12: 3146.91 | W12: 592.11 | X12: 608.98 | AA12: AM-Shoulder | AB12: 14934.81 | AC12: 8727.93 | AD12: 21112 | AE12: 20241.44 | AF12: 21836.72 | AG12: 19135.06 | AH12: 21232.95 | AI12: 18501.09 | AJ12: 3763.09 | AK12: 3774.86 | AN12: AM-Shoulder | AO12: 17259 | AP12: 10099.76 | AQ12: 24135 | AR12: 23322 | AS12: 25589.2 | AT12: 22386 | AU12: 24931.5 | AV12: 21648 | AW12: 4355.2 | AX12: 4383.84
B13: MD | C13: 1.4 | D13: 1.26 | E13: 0.9 | F13: 1.05 | G13: 0.72 | H13: 0.67 | I13: 0.38 | J13: 0.2 | K13: 1.42 | L13: 1.47 | N13: MD | O13: 8272.5 | P13: 9488.68 | Q13: 11445.31 | R13: 12128.17 | S13: 12932.57 | T13: 15215.44 | U13: 12964.95 | V13: 15875.48 | W13: 4396.52 | X13: 4207.25 | AA13: MD | AB13: 51248.5 | AC13: 56511.32 | AD13: 76842.19 | AE13: 77071.83 | AF13: 73727.43 | AG13: 82812.56 | AH13: 72307.05 | AI13: 87381.52 | AJ13: 27155.48 | AK13: 25530.72 | AN13: MD | AO13: 59521 | AP13: 66000 | AQ13: 88287.5 | AR13: 89200 | AS13: 86660 | AT13: 98028 | AU13: 85272 | AV13: 103257 | AW13: 31552 | AX13: 29737.97
B14: PM-Shoulder | C14: 1.21 | D14: 1.19 | E14: 0.72 | F14: 0.53 | G14: 0.67 | H14: 1 | I14: 0.32 | J14: 0.24 | K14: 1.3 | L14: 1.38 | N14: PM-Shoulder | O14: 2704.9 | P14: 2501.57 | Q14: 3386.1 | R14: 4266.78 | S14: 4491.75 | T14: 5481.41 | U14: 4171.02 | V14: 6273.97 | W14: 1062.16 | X14: 708.66 | AA14: PM-Shoulder | AB14: 13398.64 | AC14: 11600.76 | AD14: 18497.52 | AE14: 20778.22 | AF14: 20328.28 | AG14: 25083.82 | AH14: 18460.38 | AI14: 27736.82 | AJ14: 5273.56 | AK14: 3177.67 | AN14: PM-Shoulder | AO14: 16103.54 | AP14: 14102.33 | AQ14: 21883.62 | AR14: 25045 | AS14: 24820.03 | AT14: 30565.23 | AU14: 22631.4 | AV14: 34010.79 | AW14: 6335.73 | AX14: 3886.33
B15: PM-Peak | C15: 1.54 | D15: 1.43 | E15: 1.07 | F15: 0.72 | G15: 0.75 | H15: 0.82 | I15: 0.48 | J15: 0.2 | K15: 1.6 | L15: 1.42 | N15: PM-Peak | O15: 8819.44 | P15: 8929.23 | Q15: 8368.8 | R15: 10537.48 | S15: 12150.78 | T15: 13393.05 | U15: 11843 | V15: 13342.55 | W15: 1889.72 | X15: 2306.6 | AA15: PM-Peak | AB15: 43125.18 | AC15: 42438.57 | AD15: 44554.2 | AE15: 54832.52 | AF15: 55688.31 | AG15: 59226.32 | AH15: 54050.48 | AI15: 59576.35 | AJ15: 9274.48 | AK15: 11184.28 | AN15: PM-Peak | AO15: 51944.62 | AP15: 51367.8 | AQ15: 52923 | AR15: 65370 | AS15: 67839.09 | AT15: 72619.37 | AU15: 65893.48 | AV15: 72918.89 | AW15: 11164.2 | AX15: 13490.88
B16: PM-Late | C16: 0.5 | D16: 0.43 | E16: 0.6 | F16: 0.2 | G16: 0.67 | H16: 0.59 | I16: 0.5 | J16: 0.9 | K16: 0.71 | L16: 1.14 | N16: PM-Late | O16: 4101.05 | P16: 5366.79 | Q16: 4082.13 | R16: 4355.99 | S16: 4207 | T16: 5093.21 | U16: 3921.81 | V16: 1411.19 | W16: 1654.3 | X16: 1821.58 | AA16: PM-Late | AB16: 20827.15 | AC16: 25158.21 | AD16: 24545.37 | AE16: 26851.51 | AF16: 19959.8 | AG16: 22643.59 | AH16: 18749.19 | AI16: 27536.41 | AJ16: 9181.7 | AK16: 9392.21 | AN16: PM-Late | AO16: 24928.2 | AP16: 30525 | AQ16: 28627.5 | AR16: 31207.5 | AS16: 24166.8 | AT16: 27736.8 | AU16: 22671 | AV16: 28947.6 | AW16: 10836 | AX16: 11213.79
B19: CaptureRateLights | N19: ML Volume (PCE/Period) | AA19: GP Volume (PCE/Period) | AN19: Highway Volume
B20: Direction | C20: NB | D20: SB | E20: NB | F20: SB | G20: NB | H20: SB | I20: NB | J20: SB | K20: NB | L20: SB | N20: Direction | O20: NB | P20: SB | Q20: NB | R20: SB | S20: NB | T20: SB | U20: NB | V20: SB | W20: NB | X20: SB | AA20: Direction | AB20: NB | AC20: SB | AD20: NB | AE20: SB | AF20: NB | AG20: SB | AH20: NB | AI20: SB | AJ20: NB | AK20: SB | AN20: Direction | AO20: NB | AP20: SB | AQ20: NB | AR20: SB | AS20: NB | AT20: SB | AU20: NB | AV20: SB | AW20: NB | AX20: SB
B21: Segment | C21: 11 | D21: 11 | E21: 12 | F21: 12 | G21: 13 | H21: 13 | I21: 14 | J21: 14 | K21: 18 | L21: 18 | N21: Segment | O21: 11 | P21: 11 | Q21: 12 | R21: 12 | S21: 13 | T21: 13 | U21: 14 | V21: 14 | W21: 18 | X21: 18 | AA21: Segment | AB21: 11 | AC21: 11 | AD21: 12 | AE21: 12 | AF21: 13 | AG21: 13 | AH21: 14 | AI21: 14 | AJ21: 18 | AK21: 18 | AN21: Segment | AO21: 11 | AP21: 11 | AQ21: 12 | AR21: 12 | AS21: 13 | AT21: 13 | AU21: 14 | AV21: 14 | AW21: 18 | AX21: 18
B22: Period | N22: Period | AA22: Period | AN22: Period
B23: Night | C23: 0.06 | D23: 0.06 | E23: 0.06 | F23: 0.06 | G23: 0.05 | H23: 0.05 | I23: 0.06 | J23: 0.05 | K23: 0.1 | L23: 0.1 | N23: Night | O23: 971.81 | P23: 967.63 | Q23: 1183.03 | R23: 901.19 | S23: 643.95 | T23: 569.74 | U23: 655.44 | V23: 463.33 | W23: 2256.16 | X23: 1807.14 | AA23: Night | AB23: 15632.19 | AC23: 15524.37 | AD23: 18388.97 | AE23: 14141.81 | AF23: 11739.05 | AG23: 10448.26 | AH23: 10201.56 | AI23: 8769.67 | AJ23: 20521.84 | AK23: 16728.86 | AN23: Night | AO23: 16604 | AP23: 16492 | AQ23: 19572 | AR23: 15043 | AS23: 12383 | AT23: 11018 | AU23: 10857 | AV23: 9233 | AW23: 22778 | AX23: 18536
B24: AM-Early | C24: 0.16 | D24: 0.17 | E24: 0.16 | F24: 0.17 | G24: 0.17 | H24: 0.17 | I24: 0.17 | J24: 0.05 | K24: 0.17 | L24: 0.18 | N24: AM-Early | O24: 1003.76 | P24: 641.04 | Q24: 1148.78 | R24: 637.23 | S24: 1260.6 | T24: 626.67 | U24: 1138.82 | V24: 185.87 | W24: 1206.17 | X24: 954.15 | AA24: AM-Early | AB24: 5771.24 | AC24: 3760.96 | AD24: 6885.22 | AE24: 3928.82 | AF24: 6788.4 | AG24: 3408.33 | AH24: 6118.18 | AI24: 3643.13 | AJ24: 6593.83 | AK24: 5633.85 | AN24: AM-Early | AO24: 6775 | AP24: 4402 | AQ24: 8034 | AR24: 4566.05 | AS24: 8049 | AT24: 4035 | AU24: 7257 | AV24: 3829 | AW24: 7800 | AX24: 6588
B25: AM-Peak | C25: 0.21 | D25: 0.17 | E25: 0.16 | F25: 0.26 | G25: 0.17 | H25: 0.17 | I25: 0.16 | J25: 0.17 | K25: 0.18 | L25: 0.2 | N25: AM-Peak | O25: 4639.06 | P25: 1840.55 | Q25: 4205.3 | R25: 3934.12 | S25: 4716.69 | T25: 3326.17 | U25: 4043.32 | V25: 2992.38 | W25: 2467.39 | X25: 3245.03 | AA25: AM-Peak | AB25: 20924.86 | AC25: 11072.8 | AD25: 26838.7 | AE25: 15096.08 | AF25: 25613.56 | AG25: 18619.23 | AH25: 23297.23 | AI25: 17381.26 | AJ25: 13993.61 | AK25: 16206.97 | AN25: AM-Peak | AO25: 25563.92 | AP25: 12913.35 | AQ25: 31044 | AR25: 19030.2 | AS25: 30330.25 | AT25: 21945.4 | AU25: 27340.55 | AV25: 20373.64 | AW25: 16461 | AX25: 19452
B26: AM-Shoulder | C26: 0.16 | D26: 0.17 | E26: 0.16 | F26: 0.17 | G26: 0.16 | H26: 0.17 | I26: 0.17 | J26: 0.17 | K26: 0.18 | L26: 0.18 | N26: AM-Shoulder | O26: 1056.45 | P26: 623.56 | Q26: 1209.2 | R26: 1232.22 | S26: 1340.17 | T26: 1161.05 | U26: 1120.77 | V26: 953.61 | W26: 740.13 | X26: 761.22 | AA26: AM-Shoulder | AB26: 6788.55 | AC26: 3967.24 | AD26: 8444.8 | AE26: 8096.58 | AF26: 7798.83 | AG26: 6833.95 | AH26: 6434.23 | AI26: 5606.39 | AJ26: 4703.87 | AK26: 4718.58 | AN26: AM-Shoulder | AO26: 7845 | AP26: 4590.8 | AQ26: 9654 | AR26: 9328.8 | AS26: 9139 | AT26: 7995 | AU26: 7555 | AV26: 6560 | AW26: 5444 | AX26: 5479.8
B27: MD | C27: 0.16 | D27: 0.17 | E27: 0.16 | F27: 0.17 | G27: 0.17 | H27: 0.17 | I27: 0.17 | J27: 0.17 | K27: 0.18 | L27: 0.18 | N27: MD | O27: 3760.23 | P27: 4313.04 | Q27: 4578.12 | R27: 4851.27 | S27: 4618.77 | T27: 5434.09 | U27: 3928.77 | V27: 4810.75 | W27: 5495.65 | X27: 5259.06 | AA27: MD | AB27: 23294.77 | AC27: 25686.96 | AD27: 30736.88 | AE27: 30828.73 | AF27: 26331.23 | AG27: 29575.91 | AH27: 21911.23 | AI27: 26479.25 | AJ27: 33944.35 | AK27: 31913.4 | AN27: MD | AO27: 27055 | AP27: 30000 | AQ27: 35315 | AR27: 35680 | AS27: 30950 | AT27: 35010 | AU27: 25840 | AV27: 31290 | AW27: 39440 | AX27: 37172.46
B28: PM-Shoulder | C28: 0.2 | D28: 0.21 | E28: 0.2 | F28: 0.2 | G28: 0.2 | H28: 0.19 | I28: 0.2 | J28: 0.2 | K28: 0.22 | L28: 0.22 | N28: PM-Shoulder | O28: 1229.5 | P28: 1137.08 | Q28: 1354.44 | R28: 1706.71 | S28: 1604.2 | T28: 1957.65 | U28: 1263.94 | V28: 1901.2 | W28: 1327.7 | X28: 885.83 | AA28: PM-Shoulder | AB28: 6090.29 | AC28: 5273.07 | AD28: 7399.01 | AE28: 8311.29 | AF28: 7260.1 | AG28: 8958.51 | AH28: 5594.06 | AI28: 8405.1 | AJ28: 6591.95 | AK28: 3972.09 | AN28: PM-Shoulder | AO28: 7319.79 | AP28: 6410.15 | AQ28: 8753.45 | AR28: 10018 | AS28: 8864.3 | AT28: 10916.15 | AU28: 6858 | AV28: 10306.3 | AW28: 7919.66 | AX28: 4857.92
B29: PM-Peak | C29: 0.2 | D29: 0.2 | E29: 0.2 | F29: 0.2 | G29: 0.2 | H29: 0.2 | I29: 0.2 | J29: 0.2 | K29: 0.22 | L29: 0.22 | N29: PM-Peak | O29: 4008.84 | P29: 4058.74 | Q29: 3347.52 | R29: 4214.99 | S29: 4339.56 | T29: 4783.23 | U29: 3588.79 | V29: 4043.2 | W29: 2362.15 | X29: 2883.25 | AA29: PM-Peak | AB29: 19602.35 | AC29: 19290.26 | AD29: 17821.68 | AE29: 21933.01 | AF29: 19888.68 | AG29: 21152.26 | AH29: 16378.93 | AI29: 18053.44 | AJ29: 11593.1 | AK29: 13980.35 | AN29: PM-Peak | AO29: 23611.19 | AP29: 23349 | AQ29: 21169.2 | AR29: 26148 | AS29: 24228.25 | AT29: 25935.49 | AU29: 19967.72 | AV29: 22096.63 | AW29: 13955.25 | AX29: 16863.6
B30: PM-Late | C30: 0.2 | D30: 0.21 | E30: 0.2 | F30: 0.18 | G30: 0.21 | H30: 0.21 | I30: 0.21 | J30: 0.05 | K30: 0.22 | L30: 0.22 | N30: PM-Late | O30: 1864.12 | P30: 2439.45 | Q30: 1632.85 | R30: 1742.4 | S30: 1502.5 | T30: 1819 | U30: 1188.43 | V30: 427.63 | W30: 2067.88 | X30: 2276.98 | AA30: PM-Late | AB30: 9466.88 | AC30: 11435.55 | AD30: 9818.15 | AE30: 10740.6 | AF30: 7128.5 | AG30: 8087 | AH30: 5681.57 | AI30: 8344.37 | AJ30: 11477.12 | AK30: 11740.27 | AN30: PM-Late | AO30: 11331 | AP30: 13875 | AQ30: 11451 | AR30: 12483 | AS30: 8631 | AT30: 9906 | AU30: 6870 | AV30: 8772 | AW30: 13545 | AX30: 14017.24
B33: Revenue Per Period | N33: ML Flow (PCE/hr) | AA33: GP Flow (PCE/hr) | AN33: Highway Flow
B34: Direction | C34: NB | D34: SB | E34: NB | F34: SB | G34: NB | H34: SB | I34: NB | J34: SB | K34: NB | L34: SB | N34: Direction | O34: NB | P34: SB | Q34: NB | R34: SB | S34: NB | T34: SB | U34: NB | V34: SB | W34: NB | X34: SB | AA34: Direction | AB34: NB | AC34: SB | AD34: NB | AE34: SB | AF34: NB | AG34: SB | AH34: NB | AI34: SB | AJ34: NB | AK34: SB | AN34: Direction | AO34: NB | AP34: SB | AQ34: NB | AR34: SB | AS34: NB | AT34: SB | AU34: NB | AV34: SB | AW34: NB | AX34: SB
B35: Segment | C35: 11 | D35: 11 | E35: 12 | F35: 12 | G35: 13 | H35: 13 | I35: 14 | J35: 14 | K35: 18 | L35: 18 | N35: Segment | O35: 11 | P35: 11 | Q35: 12 | R35: 12 | S35: 13 | T35: 13 | U35: 14 | V35: 14 | W35: 18 | X35: 18 | AA35: Segment | AB35: 11 | AC35: 11 | AD35: 12 | AE35: 12 | AF35: 13 | AG35: 13 | AH35: 14 | AI35: 14 | AJ35: 18 | AK35: 18 | AN35: Segment | AO35: 11 | AP35: 11 | AQ35: 12 | AR35: 12 | AS35: 13 | AT35: 13 | AU35: 14 | AV35: 14 | AW35: 18 | AX35: 18
B36: Period | N36: Period | AA36: Period | AN36: Period
B37: Night | C37: 427.59 | D37: 425.76 | E37: 591.52 | F37: 450.59 | G37: 360.61 | H37: 319.05 | I37: 432.59 | J37: 305.8 | K37: 360.99 | L37: 289.14 | N37: Night | O37: 138.83 | P37: 138.23 | Q37: 169 | R37: 128.74 | S37: 91.99 | T37: 81.39 | U37: 93.63 | V37: 66.19 | W37: 322.31 | X37: 258.16 | AA37: Night | AB37: 2233.17 | AC37: 2217.77 | AD37: 2627 | AE37: 2020.26 | AF37: 1677.01 | AG37: 1492.61 | AH37: 1457.37 | AI37: 1252.81 | AJ37: 2931.69 | AK37: 2389.84 | AN37: Night | AO37: 2372 | AP37: 2356 | AQ37: 2796 | AR37: 2149 | AS37: 1769 | AT37: 1574 | AU37: 1551 | AV37: 1319 | AW37: 3254 | AX37: 2648
B38: AM-Early | C38: 2301.17 | D38: 699.57 | E38: 1160.57 | F38: 2479.66 | G38: 2472.74 | H38: 1314.62 | I38: 2922.02 | J38: 552.05 | K38: 1211.45 | L38: 721.26 | N38: AM-Early | O38: 1003.76 | P38: 641.04 | Q38: 1148.78 | R38: 637.23 | S38: 1260.6 | T38: 626.67 | U38: 1138.82 | V38: 185.87 | W38: 1206.17 | X38: 954.15 | AA38: AM-Early | AB38: 5771.24 | AC38: 3760.96 | AD38: 6885.22 | AE38: 3928.82 | AF38: 6788.4 | AG38: 3408.33 | AH38: 6118.18 | AI38: 3643.13 | AJ38: 6593.83 | AK38: 5633.85 | AN38: AM-Early | AO38: 6775 | AP38: 4402 | AQ38: 8034 | AR38: 4566.05 | AS38: 8049 | AT38: 4035 | AU38: 7257 | AV38: 3829 | AW38: 7800 | AX38: 6588
B39: AM-Peak | C39: 16329.49 | D39: 5213.71 | E39: 8588.65 | F39: 15736.5 | G39: 21130.78 | H39: 8010.06 | I39: 16319.12 | J39: 3777.09 | K39: 2303.25 | L39: 4153.64 | N39: AM-Peak | O39: 1546.35 | P39: 613.52 | Q39: 1401.77 | R39: 1311.37 | S39: 1572.23 | T39: 1108.72 | U39: 1347.77 | V39: 997.46 | W39: 822.46 | X39: 1081.68 | AA39: AM-Peak | AB39: 6974.95 | AC39: 3690.93 | AD39: 8946.23 | AE39: 5032.03 | AF39: 8537.85 | AG39: 6206.41 | AH39: 7765.74 | AI39: 5793.75 | AJ39: 4664.54 | AK39: 5402.32 | AN39: AM-Peak | AO39: 8521.31 | AP39: 4304.45 | AQ39: 10348 | AR39: 6343.4 | AS39: 10110.08 | AT39: 7315.13 | AU39: 9113.52 | AV39: 6791.21 | AW39: 5487 | AX39: 6484
B40: AM-Shoulder | C40: 3012.89 | D40: 1175.26 | E40: 1820.81 | F40: 4376.28 | G40: 3826.33 | H40: 2440.99 | I40: 1583.25 | J40: 763.79 | K40: 617.13 | L40: 702.45 | N40: AM-Shoulder | O40: 1056.45 | P40: 623.56 | Q40: 1209.2 | R40: 1232.22 | S40: 1340.17 | T40: 1161.05 | U40: 1120.77 | V40: 953.61 | W40: 740.13 | X40: 761.22 | AA40: AM-Shoulder | AB40: 6788.55 | AC40: 3967.24 | AD40: 8444.8 | AE40: 8096.58 | AF40: 7798.83 | AG40: 6833.95 | AH40: 6434.23 | AI40: 5606.39 | AJ40: 4703.87 | AK40: 4718.58 | AN40: AM-Shoulder | AO40: 7845 | AP40: 4590.8 | AQ40: 9654 | AR40: 9328.8 | AS40: 9139 | AT40: 7995 | AU40: 7555 | AV40: 6560 | AW40: 5444 | AX40: 5479.8
B41: MD | C41: 11581.86 | D41: 11977.86 | E41: 10295.66 | F41: 12753.01 | G41: 9300.54 | H41: 10163.58 | I41: 4948.15 | J41: 3197.98 | K41: 6253.22 | L41: 6192.58 | N41: MD | O41: 752.05 | P41: 862.61 | Q41: 915.62 | R41: 970.25 | S41: 923.75 | T41: 1086.82 | U41: 785.75 | V41: 962.15 | W41: 1099.13 | X41: 1051.81 | AA41: MD | AB41: 4658.95 | AC41: 5137.39 | AD41: 6147.38 | AE41: 6165.75 | AF41: 5266.25 | AG41: 5915.18 | AH41: 4382.25 | AI41: 5295.85 | AJ41: 6788.87 | AK41: 6382.68 | AN41: MD | AO41: 5411 | AP41: 6000 | AQ41: 7063 | AR41: 7136 | AS41: 6190 | AT41: 7002 | AU41: 5168 | AV41: 6258 | AW41: 7888 | AX41: 7434.49
B42: PM-Shoulder | C42: 3263.85 | D42: 2984.58 | E42: 2424.96 | F42: 2277.69 | G42: 3029.88 | H42: 5467.7 | I42: 1338.36 | J42: 1529.81 | K42: 1381.67 | L42: 978.27 | N42: PM-Shoulder | O42: 1229.5 | P42: 1137.08 | Q42: 1354.44 | R42: 1706.71 | S42: 1604.2 | T42: 1957.65 | U42: 1263.94 | V42: 1901.2 | W42: 1327.7 | X42: 885.83 | AA42: PM-Shoulder | AB42: 6090.29 | AC42: 5273.07 | AD42: 7399.01 | AE42: 8311.29 | AF42: 7260.1 | AG42: 8958.51 | AH42: 5594.06 | AI42: 8405.1 | AJ42: 6591.95 | AK42: 3972.09 | AN42: PM-Shoulder | AO42: 7319.79 | AP42: 6410.15 | AQ42: 8753.45 | AR42: 10018 | AS42: 8864.3 | AT42: 10916.15 | AU42: 6858 | AV42: 10306.3 | AW42: 7919.66 | AX42: 4857.92
B43: PM-Peak | C43: 13606.64 | D43: 12783.77 | E43: 8921.19 | F43: 7548.29 | G43: 9173.31 | H43: 10951.54 | I43: 5743.55 | J43: 2668.53 | K43: 3017.88 | L43: 3285.74 | N43: PM-Peak | O43: 1336.28 | P43: 1352.91 | Q43: 1115.84 | R43: 1405 | S43: 1446.52 | T43: 1594.41 | U43: 1196.26 | V43: 1347.73 | W43: 787.38 | X43: 961.08 | AA43: PM-Peak | AB43: 6534.12 | AC43: 6430.09 | AD43: 5940.56 | AE43: 7311 | AF43: 6629.56 | AG43: 7050.75 | AH43: 5459.64 | AI43: 6017.81 | AJ43: 3864.37 | AK43: 4660.12 | AN43: PM-Peak | AO43: 7870.4 | AP43: 7783 | AQ43: 7056.4 | AR43: 8716 | AS43: 8076.08 | AT43: 8645.16 | AU43: 6655.91 | AV43: 7365.54 | AW43: 4651.75 | AX43: 5621.2
B44: PM-Late | C44: 2055.98 | D44: 2315.17 | E44: 2434.7 | F44: 871.2 | G44: 2799.09 | H44: 3014.52 | I44: 1955.64 | J44: 1270.07 | K44: 1171.21 | L44: 2068.08 | N44: PM-Late | O44: 621.37 | P44: 813.15 | Q44: 544.28 | R44: 580.8 | S44: 500.83 | T44: 606.33 | U44: 396.14 | V44: 142.54 | W44: 689.29 | X44: 758.99 | AA44: PM-Late | AB44: 3155.63 | AC44: 3811.85 | AD44: 3272.72 | AE44: 3580.2 | AF44: 2376.17 | AG44: 2695.67 | AH44: 1893.86 | AI44: 2781.46 | AJ44: 3825.71 | AK44: 3913.42 | AN44: PM-Late | AO44: 3777 | AP44: 4625 | AQ44: 3817 | AR44: 4161 | AS44: 2877 | AT44: 3302 | AU44: 2290 | AV44: 2924 | AW44: 4515 | AX44: 4672.41
B47: Revenue Per Period Lights | N47: ML V/C | AA47: GP V/C real | AN47: Highway Vol / GP Capacity
B48: Direction | C48: NB | D48: SB | E48: NB | F48: SB | G48: NB | H48: SB | I48: NB | J48: SB | K48: NB | L48: SB | N48: Direction | O48: NB | P48: SB | Q48: NB | R48: SB | S48: NB | T48: SB | U48: NB | V48: SB | W48: NB | X48: SB | AA48: Direction | AB48: NB | AC48: SB | AD48: NB | AE48: SB | AF48: NB | AG48: SB | AH48: NB | AI48: SB | AJ48: NB | AK48: SB | AN48: Direction | AO48: NB | AP48: SB | AQ48: NB | AR48: SB | AS48: NB | AT48: SB | AU48: NB | AV48: SB | AW48: NB | AX48: SB
B49: Segment | C49: 11 | D49: 11 | E49: 12 | F49: 12 | G49: 13 | H49: 13 | I49: 14 | J49: 14 | K49: 18 | L49: 18 | N49: Segment | O49: 11 | P49: 11 | Q49: 12 | R49: 12 | S49: 13 | T49: 13 | U49: 14 | V49: 14 | W49: 18 | X49: 18 | AA49: Segment | AB49: 11 | AC49: 11 | AD49: 12 | AE49: 12 | AF49: 13 | AG49: 13 | AH49: 14 | AI49: 14 | AJ49: 18 | AK49: 18 | AN49: Segment | AO49: 11 | AP49: 11 | AQ49: 12 | AR49: 12 | AS49: 13 | AT49: 13 | AU49: 14 | AV49: 14 | AW49: 18 | AX49: 18
B50: Period | N50: Period | AA50: Period | AN50: Period
B51: Night | C51: 261.77 | D51: 254.29 | E51: 320.03 | F51: 192.5 | G51: 257.99 | H51: 214.44 | I51: 298.51 | J51: 179.28 | K51: 192.55 | L51: 124.44 | N51: Night | O51: 0.04 | P51: 0.04 | Q51: 0.05 | R51: 0.04 | S51: 0.03 | T51: 0.02 | U51: 0.03 | V51: 0.02 | W51: 0.09 | X51: 0.07 | AA51: Night | AB51: 0.28 | AC51: 0.28 | AD51: 0.26 | AE51: 0.2 | AF51: 0.17 | AG51: 0.15 | AH51: 0.15 | AI51: 0.13 | AJ51: 0.49 | AK51: 0.4 | AN51: Night | AO51: 0.3 | AP51: 0.29 | AQ51: 0.28 | AR51: 0.21 | AS51: 0.18 | AT51: 0.16 | AU51: 0.16 | AV51: 0.13 | AW51: 0.54 | AX51: 0.44
B52: AM-Early | C52: 1961.72 | D52: 561.85 | E52: 977.71 | F52: 1841.12 | G52: 2205 | H52: 1083.46 | I52: 2611.62 | J52: 396.66 | K52: 1020.92 | L52: 535.67 | N52: AM-Early | O52: 0.28 | P52: 0.18 | Q52: 0.32 | R52: 0.18 | S52: 0.35 | T52: 0.17 | U52: 0.32 | V52: 0.05 | W52: 0.34 | X52: 0.27 | AA52: AM-Early | AB52: 0.78 | AC52: 0.51 | AD52: 0.57 | AE52: 0.86 | AF52: 0.68 | AG52: 0.6 | AH52: 0.72 | AI52: 0.28 | AJ52: 0.85 | AK52: 0.75 | AN52: AM-Early | AO52: 0.92 | AP52: 0.6 | AQ52: 0.67 | AR52: 1 | AS52: 0.8 | AT52: 0.71 | AU52: 0.85 | AV52: 0.29 | AW52: 1 | AX52: 0.88
B53: AM-Peak | C53: 13375.83 | D53: 4091.08 | E53: 6943.84 | F53: 11344.41 | G53: 18037.29 | H53: 6424.75 | I53: 13803.34 | J53: 2926.96 | K53: 1866.79 | L53: 3124.74 | N53: AM-Peak | O53: 0.43 | P53: 0.17 | Q53: 0.39 | R53: 0.36 | S53: 0.44 | T53: 0.31 | U53: 0.37 | V53: 0.28 | W53: 0.23 | X53: 0.3 | AA53: AM-Peak | AB53: 0.87 | AC53: 0.63 | AD53: 0.69 | AE53: 0.9 | AF53: 0.85 | AG53: 0.62 | AH53: 0.78 | AI53: 0.45 | AJ53: 0.69 | AK53: 0.84 | AN53: AM-Peak | AO53: 1.07 | AP53: 0.73 | AQ53: 0.8 | AR53: 1.14 | AS53: 1.01 | AT53: 0.73 | AU53: 0.91 | AV53: 0.52 | AW53: 0.81 | AX53: 1.01
B54: AM-Shoulder | C54: 2370.58 | D54: 910.57 | E54: 1335.68 | F54: 3139.65 | G54: 3134.41 | H54: 1883.47 | I54: 1242.78 | J54: 603.71 | K54: 453.67 | L54: 504.88 | N54: AM-Shoulder | O54: 0.29 | P54: 0.17 | Q54: 0.34 | R54: 0.34 | S54: 0.37 | T54: 0.32 | U54: 0.31 | V54: 0.26 | W54: 0.21 | X54: 0.21 | AA54: AM-Shoulder | AB54: 0.84 | AC54: 0.68 | AD54: 0.67 | AE54: 0.88 | AF54: 0.78 | AG54: 0.68 | AH54: 0.58 | AI54: 0.43 | AJ54: 0.76 | AK54: 0.79 | AN54: AM-Shoulder | AO54: 0.97 | AP54: 0.79 | AQ54: 0.77 | AR54: 1.01 | AS54: 0.91 | AT54: 0.8 | AU54: 0.68 | AV54: 0.5 | AW54: 0.87 | AX54: 0.91
B55: MD | C55: 9482.14 | D55: 9843.02 | E55: 7751.86 | F55: 9765.05 | G55: 7703.65 | H55: 8563.52 | I55: 4073.92 | J55: 2674.39 | K55: 4715.36 | L55: 4744.92 | N55: MD | O55: 0.21 | P55: 0.24 | Q55: 0.25 | R55: 0.27 | S55: 0.26 | T55: 0.3 | U55: 0.22 | V55: 0.27 | W55: 0.31 | X55: 0.29 | AA55: MD | AB55: 0.84 | AC55: 0.82 | AD55: 0.74 | AE55: 0.78 | AF55: 0.64 | AG55: 0.64 | AH55: 0.48 | AI55: 0.41 | AJ55: 0.87 | AK55: 0.88 | AN55: MD | AO55: 0.98 | AP55: 0.96 | AQ55: 0.85 | AR55: 0.91 | AS55: 0.75 | AT55: 0.76 | AU55: 0.57 | AV55: 0.48 | AW55: 1.01 | AX55: 1.02
B56: PM-Shoulder | C56: 2808.99 | D56: 2638.25 | E56: 1979.79 | F56: 1980.12 | G56: 2626.77 | H56: 4939.79 | I56: 1166.91 | J56: 1392.34 | K56: 1129.51 | L56: 852.21 | N56: PM-Shoulder | O56: 0.34 | P56: 0.32 | Q56: 0.38 | R56: 0.47 | S56: 0.45 | T56: 0.54 | U56: 0.35 | V56: 0.53 | W56: 0.37 | X56: 0.25 | AA56: PM-Shoulder | AB56: 0.85 | AC56: 0.84 | AD56: 0.74 | AE56: 0.73 | AF56: 0.73 | AG56: 0.84 | AH56: 0.56 | AI56: 0.65 | AJ56: 0.87 | AK56: 0.86 | AN56: PM-Shoulder | AO56: 1.02 | AP56: 1.02 | AQ56: 0.88 | AR56: 0.87 | AS56: 0.89 | AT56: 1.02 | AU56: 0.69 | AV56: 0.79 | AW56: 1.05 | AX56: 1.05
B57: PM-Peak | C57: 12145.45 | D57: 11285.25 | E57: 7601.64 | F57: 6465.57 | G57: 8334.6 | H57: 10113.15 | I57: 5075.65 | J57: 2478.36 | K57: 2554.83 | L57: 2819.07 | N57: PM-Peak | O57: 0.37 | P57: 0.38 | Q57: 0.31 | R57: 0.39 | S57: 0.4 | T57: 0.44 | U57: 0.33 | V57: 0.37 | W57: 0.22 | X57: 0.27 | AA57: PM-Peak | AB57: 0.82 | AC57: 0.8 | AD57: 0.72 | AE57: 0.67 | AF57: 0.66 | AG57: 0.71 | AH57: 0.55 | AI57: 0.46 | AJ57: 0.8 | AK57: 0.79 | AN57: PM-Peak | AO57: 0.98 | AP57: 0.97 | AQ57: 0.86 | AR57: 0.8 | AS57: 0.81 | AT57: 0.86 | AU57: 0.67 | AV57: 0.57 | AW57: 0.97 | AX57: 0.95
B58: PM-Late | C58: 1821.27 | D58: 2112.71 | E58: 1992.51 | F58: 739.44 | G58: 2493.21 | H58: 2744.03 | I58: 1749.99 | J58: 1068.98 | K58: 958.24 | L58: 1779.5 | N58: PM-Late | O58: 0.17 | P58: 0.23 | Q58: 0.15 | R58: 0.16 | S58: 0.14 | T58: 0.17 | U58: 0.11 | V58: 0.04 | W58: 0.19 | X58: 0.21 | AA58: PM-Late | AB58: 0.53 | AC58: 0.53 | AD58: 0.57 | AE58: 0.3 | AF58: 0.55 | AG58: 0.53 | AH58: 0.47 | AI58: 0.22 | AJ58: 0.65 | AK58: 0.8 | AN58: PM-Late | AO58: 0.63 | AP58: 0.64 | AQ58: 0.66 | AR58: 0.35 | AS58: 0.67 | AT58: 0.65 | AU58: 0.57 | AV58: 0.23 | AW58: 0.76 | AX58: 0.95
B61: Revenue Per Period Medium A | N61: ML Speed | AA61: GP Speed | AN61: Time Saving
B62: Direction | C62: NB | D62: SB | E62: NB | F62: SB | G62: NB | H62: SB | I62: NB | J62: SB | K62: NB | L62: SB | N62: Direction | O62: NB | P62: SB | Q62: NB | R62: SB | S62: NB | T62: SB | U62: NB | V62: SB | W62: NB | X62: SB | AA62: Direction | AB62: NB | AC62: SB | AD62: NB | AE62: SB | AF62: NB | AG62: SB | AH62: NB | AI62: SB | AJ62: NB | AK62: SB | AN62: Direction | AO62: NB | AP62: SB | AQ62: NB | AR62: SB | AS62: NB | AT62: SB | AU62: NB | AV62: SB | AW62: NB | AX62: SB
B63: Segment | C63: 11 | D63: 11 | E63: 12 | F63: 12 | G63: 13 | H63: 13 | I63: 14 | J63: 14 | K63: 18 | L63: 18 | N63: Segment | O63: 11 | P63: 11 | Q63: 12 | R63: 12 | S63: 13 | T63: 13 | U63: 14 | V63: 14 | W63: 18 | X63: 18 | AA63: Segment | AB63: 11 | AC63: 11 | AD63: 12 | AE63: 12 | AF63: 13 | AG63: 13 | AH63: 14 | AI63: 14 | AJ63: 18 | AK63: 18 | AN63: Segment | AO63: 11 | AP63: 11 | AQ63: 12 | AR63: 12 | AS63: 13 | AT63: 13 | AU63: 14 | AV63: 14 | AW63: 18 | AX63: 18
B64: Period | N64: Period | AA64: Period | AN64: Period
B65: Night | C65: 20.8 | D65: 21.92 | E65: 29.38 | F65: 33.22 | G65: 18.89 | H65: 18.83 | I65: 20.24 | J65: 22.62 | K65: 17.81 | L65: 21.35 | N65: Night | O65: 60 | P65: 60 | Q65: 60 | R65: 60 | S65: 60 | T65: 60 | U65: 60 | V65: 60 | W65: 60 | X65: 60 | AA65: Night | AB65: 59.97 | AC65: 59.97 | AD65: 59.98 | AE65: 60 | AF65: 55 | AG65: 55 | AH65: 60 | AI65: 60 | AJ65: 59.19 | AK65: 59.76 | AN65: Night | AO65: 0 | AP65: 0 | AQ65: 0 | AR65: 0 | AS65: -0.25 | AT65: -0.25 | AU65: 0 | AV65: 0 | AW65: -0.01 | AX65: 0
B66: AM-Early | C66: 168.83 | D66: 66.02 | E66: 88.83 | F66: 224.48 | G66: 120.27 | H66: 116.78 | I66: 138.11 | J66: 44.83 | K66: 92.69 | L66: 64.96 | N66: AM-Early | O66: 59.97 | P66: 60 | Q66: 59.93 | R66: 60 | S66: 59.87 | T66: 60 | U66: 59.93 | V66: 60 | W66: 59.9 | X66: 59.98 | AA66: AM-Early | AB66: 48.89 | AC66: 58.92 | AD66: 57.99 | AE66: 42.68 | AF66: 50.1 | AG66: 52.55 | AH66: 52.63 | AI66: 59.97 | AJ66: 43.96 | AK66: 50.87 | AN66: AM-Early | AO66: -0.5 | AP66: -0.04 | AQ66: -0.08 | AR66: -1.01 | AS66: -0.55 | AT66: -0.4 | AU66: -0.46 | AV66: 0 | AW66: -0.29 | AX66: -0.14
B67: AM-Peak | C67: 1572.44 | D67: 556.99 | E67: 810.01 | F67: 1590.73 | G67: 1624.67 | H67: 899.38 | I67: 1425.44 | J67: 485.76 | K67: 217.09 | L67: 401.12 | N67: AM-Peak | O67: 59.54 | P67: 60 | Q67: 59.75 | R67: 59.83 | S67: 59.48 | T67: 59.94 | U67: 59.8 | V67: 59.97 | W67: 59.99 | X67: 59.95 | AA67: AM-Peak | AB67: 41.69 | AC67: 56.54 | AD67: 54.24 | AE67: 38.75 | AF67: 39.64 | AG67: 52.03 | AH67: 49.21 | AI67: 59.53 | AJ67: 54.16 | AK67: 44 | AN67: AM-Peak | AO67: -0.95 | AP67: -0.13 | AQ67: -0.26 | AR67: -1.36 | AS67: -1.41 | AT67: -0.43 | AU67: -0.71 | AV67: -0.02 | AW67: -0.09 | AX67: -0.29
B68: AM-Shoulder | C68: 316.01 | D68: 110.38 | E68: 206.67 | F68: 509.42 | G68: 351.81 | H68: 273.38 | I68: 202.59 | J68: 74.39 | K68: 70.02 | L68: 81.93 | N68: AM-Shoulder | O68: 59.96 | P68: 60 | Q68: 59.9 | R68: 59.89 | S68: 59.81 | T68: 59.92 | U68: 59.94 | V68: 59.98 | W68: 60 | X68: 59.99 | AA68: AM-Shoulder | AB68: 44.26 | AC68: 54.56 | AD68: 55.02 | AE68: 41.34 | AF68: 44.9 | AG68: 49.92 | AH68: 57.86 | AI68: 59.62 | AJ68: 50.61 | AK68: 48.52 | AN68: AM-Shoulder | AO68: -0.78 | AP68: -0.22 | AQ68: -0.22 | AR68: -1.12 | AS68: -0.93 | AT68: -0.56 | AU68: -0.12 | AV68: -0.02 | AW68: -0.15 | AX68: -0.19
B69: MD | C69: 1007.61 | D69: 981.6 | E69: 1113.91 | F69: 1298.69 | G69: 770.21 | H69: 834.6 | I69: 459.11 | J69: 279.08 | K69: 672.13 | L69: 629.54 | N69: MD | O69: 60 | P69: 59.99 | Q69: 59.98 | R69: 59.98 | S69: 59.98 | T69: 59.95 | U69: 59.99 | V69: 59.98 | W69: 59.95 | X69: 59.96 | AA69: MD | AB69: 44.26 | AC69: 45.85 | AD69: 51.8 | AE69: 48.76 | AF69: 51.49 | AG69: 51.35 | AH69: 59.27 | AI69: 59.73 | AJ69: 41.82 | AK69: 41.35 | AN69: MD | AO69: -0.78 | AP69: -0.68 | AQ69: -0.39 | AR69: -0.58 | AS69: -0.46 | AT69: -0.47 | AU69: -0.04 | AV69: -0.01 | AW69: -0.35 | AX69: -0.36
B70: PM-Shoulder | C70: 207.74 | D70: 177.59 | E70: 174.85 | F70: 107.87 | G70: 232.38 | H70: 311.57 | I70: 102.05 | J70: 73.05 | K70: 99.76 | L70: 46.26 | N70: PM-Shoulder | O70: 59.89 | P70: 59.93 | Q70: 59.8 | R70: 59.14 | S70: 59.42 | T70: 58 | U70: 59.87 | V70: 58.33 | W70: 59.82 | X70: 59.99 | AA70: PM-Shoulder | AB70: 43.68 | AC70: 44.48 | AD70: 51.54 | AE70: 52.39 | AF70: 47.97 | AG70: 40.92 | AH70: 58.22 | AI70: 55.92 | AJ70: 41.5 | AK70: 42.84 | AN70: PM-Shoulder | AO70: -0.82 | AP70: -0.77 | AQ70: -0.4 | AR70: -0.33 | AS70: -0.67 | AT70: -1.21 | AU70: -0.09 | AV70: -0.15 | AW70: -0.35 | AX70: -0.32
B71: PM-Peak | C71: 681.8 | D71: 728.48 | E71: 546.02 | F71: 388.45 | G71: 413.16 | H71: 448.27 | I71: 379 | J71: 89.19 | K71: 189.31 | L71: 168.64 | N71: PM-Peak | O71: 59.81 | P71: 59.8 | Q71: 59.94 | R71: 59.75 | S71: 59.69 | T71: 59.44 | U71: 59.91 | V71: 59.8 | W71: 59.99 | X71: 59.98 | AA71: PM-Peak | AB71: 46.26 | AC71: 47.65 | AD71: 52.46 | AE71: 54.97 | AF71: 50.7 | AG71: 48.98 | AH71: 58.45 | AI71: 59.42 | AJ71: 47.24 | AK71: 48.35 | AN71: PM-Peak | AO71: -0.65 | AP71: -0.56 | AQ71: -0.36 | AR71: -0.22 | AS71: -0.5 | AT71: -0.6 | AU71: -0.08 | AV71: -0.02 | AW71: -0.22 | AX71: -0.19
B72: PM-Late | C72: 102.24 | D72: 69.49 | E72: 130.65 | F72: 27.52 | G72: 123.31 | H72: 104.32 | I72: 86.55 | J72: 13.06 | K72: 63.09 | L72: 65.86 | N72: PM-Late | O72: 60 | P72: 59.99 | Q72: 60 | R72: 60 | S72: 60 | T72: 60 | U72: 60 | V72: 60 | W72: 60 | X72: 59.99 | AA72: PM-Late | AB72: 58.74 | AC72: 58.74 | AD72: 58.09 | AE72: 59.95 | AF72: 53.49 | AG72: 53.79 | AH72: 59.33 | AI72: 59.99 | AJ72: 55.91 | AK72: 47.86 | AN72: PM-Late | AO72: -0.05 | AP72: -0.05 | AQ72: -0.08 | AR72: 0 | AS72: -0.34 | AT72: -0.32 | AU72: -0.04 | AV72: 0 | AW72: -0.06 | AX72: -0.2
B75: Revenue Per Period Medium B | N75: ML time | AA75: GP Time | AN75: Difference in travel time
B76: Direction | C76: NB | D76: SB | E76: NB | F76: SB | G76: NB | H76: SB | I76: NB | J76: SB | K76: NB | L76: SB | N76: Direction | O76: NB | P76: SB | Q76: NB | R76: SB | S76: NB | T76: SB | U76: NB | V76: SB | W76: NB | X76: SB | AA76: Direction | AB76: NB | AC76: SB | AD76: NB | AE76: SB | AF76: NB | AG76: SB | AH76: NB | AI76: SB | AJ76: NB | AK76: SB | AN76: Direction | AO76: NB | AP76: SB | AQ76: NB | AR76: SB | AS76: NB | AT76: SB | AU76: NB | AV76: SB | AW76: NB | AX76: SB
B77: Segment | C77: 11 | D77: 11 | E77: 12 | F77: 12 | G77: 13 | H77: 13 | I77: 14 | J77: 14 | K77: 18 | L77: 18 | N77: Segment | O77: 11 | P77: 11 | Q77: 12 | R77: 12 | S77: 13 | T77: 13 | U77: 14 | V77: 14 | W77: 18 | X77: 18 | AA77: Segment | AB77: 11 | AC77: 11 | AD77: 12 | AE77: 12 | AF77: 13 | AG77: 13 | AH77: 14 | AI77: 14 | AJ77: 18 | AK77: 18 | AN77: Segment | AO77: 11 | AP77: 11 | AQ77: 12 | AR77: 12 | AS77: 13 | AT77: 13 | AU77: 14 | AV77: 14 | AW77: 18 | AX77: 18
B78: Period | N78: Period | AA78: Period | AN78: Period
B79: Night | C79: 5.62 | D79: 8.99 | E79: 2.56 | F79: 5.11 | G79: 4.41 | H79: 6.9 | I79: 4.22 | J79: 2.12 | K79: 1.66 | L79: 3.27 | N79: Night | O79: 2.2 | P79: 2.2 | Q79: 2.5 | R79: 2.5 | S79: 2.8 | T79: 2.8 | U79: 3.3 | V79: 3.3 | W79: 0.8 | X79: 0.8 | AA79: Night | AB79: 2.2 | AC79: 2.2 | AD79: 2.5 | AE79: 2.5 | AF79: 3.05 | AG79: 3.05 | AH79: 3.3 | AI79: 3.3 | AJ79: 0.81 | AK79: 0.8 | AN79: Night | AO79: 0 | AP79: 0 | AQ79: 0 | AR79: 0 | AS79: -0.08 | AT79: -0.08 | AU79: 0 | AV79: 0 | AW79: -0.01 | AX79: 0
B80: AM-Early | C80: 88.34 | D80: 29.41 | E80: 36.32 | F80: 211.39 | G80: 92.9 | H80: 64.88 | I80: 111.26 | J80: 24.37 | K80: 38.01 | L80: 61.78 | N80: AM-Early | O80: 2.2 | P80: 2.2 | Q80: 2.5 | R80: 2.5 | S80: 2.81 | T80: 2.8 | U80: 3.3 | V80: 3.3 | W80: 0.8 | X80: 0.8 | AA80: AM-Early | AB80: 2.7 | AC80: 2.24 | AD80: 2.59 | AE80: 3.51 | AF80: 3.35 | AG80: 3.2 | AH80: 3.76 | AI80: 3.3 | AJ80: 1.09 | AK80: 0.94 | AN80: AM-Early | AO80: -0.18 | AP80: -0.02 | AQ80: -0.03 | AR80: -0.29 | AS80: -0.16 | AT80: -0.12 | AU80: -0.12 | AV80: 0 | AW80: -0.27 | AX80: -0.15
B81: AM-Peak | C81: 389.56 | D81: 193.98 | E81: 248.69 | F81: 954.55 | G81: 710.58 | H81: 342.04 | I81: 498.55 | J81: 152.11 | K81: 66.46 | L81: 235.96 | N81: AM-Peak | O81: 2.22 | P81: 2.2 | Q81: 2.51 | R81: 2.51 | S81: 2.82 | T81: 2.8 | U81: 3.31 | V81: 3.3 | W81: 0.8 | X81: 0.8 | AA81: AM-Peak | AB81: 3.17 | AC81: 2.33 | AD81: 2.77 | AE81: 3.87 | AF81: 4.24 | AG81: 3.23 | AH81: 4.02 | AI81: 3.33 | AJ81: 0.89 | AK81: 1.09 | AN81: AM-Peak | AO81: -0.3 | AP81: -0.06 | AQ81: -0.09 | AR81: -0.35 | AS81: -0.33 | AT81: -0.13 | AU81: -0.18 | AV81: -0.01 | AW81: -0.1 | AX81: -0.27
B82: AM-Shoulder | C82: 87.73 | D82: 43.05 | E82: 68.18 | F82: 267.14 | G82: 153.27 | H82: 127.61 | I82: 63.55 | J82: 35.57 | K82: 22.9 | L82: 42.82 | N82: AM-Shoulder | O82: 2.2 | P82: 2.2 | Q82: 2.5 | R82: 2.5 | S82: 2.81 | T82: 2.8 | U82: 3.3 | V82: 3.3 | W82: 0.8 | X82: 0.8 | AA82: AM-Shoulder | AB82: 2.98 | AC82: 2.42 | AD82: 2.73 | AE82: 3.63 | AF82: 3.74 | AG82: 3.37 | AH82: 3.42 | AI82: 3.32 | AJ82: 0.95 | AK82: 0.99 | AN82: AM-Shoulder | AO82: -0.26 | AP82: -0.09 | AQ82: -0.08 | AR82: -0.31 | AS82: -0.25 | AT82: -0.17 | AU82: -0.03 | AV82: -0.01 | AW82: -0.16 | AX82: -0.19
B83: MD | C83: 274.85 | D83: 305.92 | E83: 362.09 | F83: 457.68 | G83: 349.2 | H83: 357.06 | I83: 199.07 | J83: 106.17 | K83: 218.02 | L83: 221.7 | N83: MD | O83: 2.2 | P83: 2.2 | Q83: 2.5 | R83: 2.5 | S83: 2.8 | T83: 2.8 | U83: 3.3 | V83: 3.3 | W83: 0.8 | X83: 0.8 | AA83: MD | AB83: 2.98 | AC83: 2.88 | AD83: 2.9 | AE83: 3.08 | AF83: 3.26 | AG83: 3.27 | AH83: 3.34 | AI83: 3.32 | AJ83: 1.15 | AK83: 1.16 | AN83: MD | AO83: -0.26 | AP83: -0.24 | AQ83: -0.14 | AR83: -0.19 | AS83: -0.14 | AT83: -0.14 | AU83: -0.01 | AV83: 0 | AW83: -0.3 | AX83: -0.31
B84: PM-Shoulder | C84: 69.86 | D84: 24 | E84: 61.26 | F84: 60.03 | G84: 70.37 | H84: 66.49 | I84: 26.66 | J84: 32.96 | K84: 34.34 | L84: 25.77 | N84: PM-Shoulder | O84: 2.2 | P84: 2.2 | Q84: 2.51 | R84: 2.54 | S84: 2.83 | T84: 2.9 | U84: 3.31 | V84: 3.39 | W84: 0.8 | X84: 0.8 | AA84: PM-Shoulder | AB84: 3.02 | AC84: 2.97 | AD84: 2.91 | AE84: 2.86 | AF84: 3.5 | AG84: 4.11 | AH84: 3.4 | AI84: 3.54 | AJ84: 1.16 | AK84: 1.12 | AN84: PM-Shoulder | AO84: -0.27 | AP84: -0.26 | AQ84: -0.14 | AR84: -0.11 | AS84: -0.19 | AT84: -0.29 | AU84: -0.03 | AV84: -0.04 | AW84: -0.31 | AX84: -0.29
B85: PM-Peak | C85: 149.38 | D85: 138.8 | E85: 82.75 | F85: 92.19 | G85: 96.43 | H85: 95.77 | I85: 74.57 | J85: 29.73 | K85: 25.82 | L85: 40.88 | N85: PM-Peak | O85: 2.21 | P85: 2.21 | Q85: 2.5 | R85: 2.51 | S85: 2.81 | T85: 2.83 | U85: 3.31 | V85: 3.31 | W85: 0.8 | X85: 0.8 | AA85: PM-Peak | AB85: 2.85 | AC85: 2.77 | AD85: 2.86 | AE85: 2.73 | AF85: 3.31 | AG85: 3.43 | AH85: 3.39 | AI85: 3.33 | AJ85: 1.02 | AK85: 0.99 | AN85: PM-Peak | AO85: -0.23 | AP85: -0.2 | AQ85: -0.12 | AR85: -0.08 | AS85: -0.15 | AT85: -0.18 | AU85: -0.02 | AV85: -0.01 | AW85: -0.21 | AX85: -0.19
B86: PM-Late | C86: 10.02 | D86: 16.04 | E86: 13.61 | F86: 7.51 | G86: 24.66 | H86: 37.93 | I86: 3.09 | J86: 1.31 | K86: 6.64 | L86: 16.89 | N86: PM-Late | O86: 2.2 | P86: 2.2 | Q86: 2.5 | R86: 2.5 | S86: 2.8 | T86: 2.8 | U86: 3.3 | V86: 3.3 | W86: 0.8 | X86: 0.8 | AA86: PM-Late | AB86: 2.25 | AC86: 2.25 | AD86: 2.58 | AE86: 2.5 | AF86: 3.14 | AG86: 3.12 | AH86: 3.34 | AI86: 3.3 | AJ86: 0.86 | AK86: 1 | AN86: PM-Late | AO86: -0.02 | AP86: -0.02 | AQ86: -0.03 | AR86: 0 | AS86: -0.11 | AT86: -0.1 | AU86: -0.01 | AV86: 0 | AW86: -0.07 | AX86: -0.2
B89: Revenue Per Period Heavy A | N89: ML light veh.Miles | AA89: GP light veh.Miles | AN89: LVr Toll
B90: Direction | C90: NB | D90: SB | E90: NB | F90: SB | G90: NB | H90: SB | I90: NB | J90: SB | K90: NB | L90: SB | N90: Direction | O90: NB | T90: SB | AA90: Direction | AB90: NB | AG90: SB | AN90: Direction | AO90: NB | AP90: SB | AQ90: NB | AR90: SB | AS90: NB | AT90: SB | AU90: NB | AV90: SB | AW90: NB | AX90: SB
B91: Segment | C91: 11 | D91: 11 | E91: 12 | F91: 12 | G91: 13 | H91: 13 | I91: 14 | J91: 14 | K91: 18 | L91: 18 | N91: Segment | O91: 11 | P91: 12 | Q91: 13 | R91: 14 | S91: 18 | T91: 11 | U91: 12 | V91: 13 | W91: 14 | X91: 18 | AA91: Segment | AB91: 11 | AC91: 12 | AD91: 13 | AE91: 14 | AF91: 18 | AG91: 11 | AH91: 12 | AI91: 13 | AJ91: 14 | AK91: 18 | AN91: Segment | AO91: 11 | AP91: 11 | AQ91: 12 | AR91: 12 | AS91: 13 | AT91: 13 | AU91: 14 | AV91: 14 | AW91: 18 | AX91: 18
B92: Period | N92: Period | AA92: Period | AN92: Period
B93: Night | C93: 139.41 | D93: 140.54 | E93: 239.54 | F93: 219.76 | G93: 79.32 | H93: 78.87 | I93: 109.62 | J93: 101.77 | K93: 148.97 | L93: 140.09 | N93: Night | O93: 1308.83 | P93: 1600.16 | Q93: 1289.95 | R93: 1492.57 | S93: 962.75 | T93: 1271.46 | U93: 962.52 | V93: 1072.22 | W93: 896.42 | X93: 622.21 | AA93: Night | AB93: 20204.97 | AC93: 24702.34 | AD93: 22798.45 | AE93: 23039.63 | AF93: 8691.65 | AG93: 19626.34 | AH93: 14857.48 | AI93: 19017.78 | AJ93: 16682.68 | AK93: 5655.39 | AN93: Night | AO93: 0.44 | AP93: 0.44 | AQ93: 0.5 | AR93: 0.5 | AS93: 0.56 | AT93: 0.56 | AU93: 0.66 | AV93: 0.66 | AW93: 0.16 | AX93: 0.16
B94: AM-Early | C94: 82.28 | D94: 42.29 | E94: 57.7 | F94: 202.67 | G94: 54.57 | H94: 49.5 | I94: 61.03 | J94: 86.18 | K94: 59.83 | L94: 58.85 | N94: AM-Early | O94: 1882.53 | P94: 2419.44 | Q94: 3147.49 | R94: 3358.9 | S94: 813.18 | T94: 1132.64 | U94: 1182.84 | V94: 1446.13 | W94: 440.74 | X94: 566.91 | AA94: AM-Early | AB94: 9729.07 | AC94: 12558.06 | AD94: 15878.51 | AE94: 16955.9 | AF94: 3839.06 | AG94: 5555.36 | AH94: 5808.04 | AI94: 6979.07 | AJ94: 8581.46 | AK94: 2661.09 | AN94: AM-Early | AO94: 2.29 | AP94: 1.09 | AQ94: 1.01 | AR94: 3.89 | AS94: 1.96 | AT94: 2.1 | AU94: 2.57 | AV94: 2.97 | AW94: 1 | AX94: 0.76
B95: AM-Peak | C95: 991.66 | D95: 371.66 | E95: 586.12 | F95: 1846.81 | G95: 758.25 | H95: 343.89 | I95: 591.79 | J95: 212.27 | K95: 152.9 | L95: 391.82 | N95: AM-Peak | O95: 8359.89 | P95: 8499.86 | Q95: 11273.31 | R95: 11285.98 | S95: 1599.86 | T95: 3177.32 | U95: 7090.25 | V95: 7470.04 | W95: 7652.26 | X95: 1952.96 | AA95: AM-Peak | AB95: 32151.11 | AC95: 45237.64 | AD95: 55155.04 | AE95: 58867.46 | AF95: 7508.14 | AG95: 15577.57 | AH95: 20639.12 | AI95: 36916.49 | AJ95: 37870.64 | AK95: 7589.44 | AN95: AM-Peak | AO95: 3.52 | AP95: 2.83 | AQ95: 2.04 | AR95: 4 | AS95: 4.48 | AT95: 2.41 | AU95: 4.04 | AV95: 1.26 | AW95: 0.93 | AX95: 1.28
B96: AM-Shoulder | C96: 238.56 | D96: 111.26 | E96: 210.28 | F96: 460.07 | G96: 186.85 | H96: 156.52 | I96: 74.33 | J96: 50.12 | K96: 70.55 | L96: 72.83 | N96: AM-Shoulder | O96: 1828.71 | P96: 2217.57 | Q96: 3073.91 | R96: 2903.19 | S96: 435.27 | T96: 1062.87 | U96: 2210.07 | V96: 2508.44 | W96: 2487.36 | X96: 437.69 | AA96: AM-Shoulder | AB96: 9444.09 | AC96: 11484.93 | AD96: 15585.29 | AE96: 14573.61 | AF96: 2038.33 | AG96: 5203.94 | AH96: 11029.31 | AI96: 12292.36 | AJ96: 12161.34 | AK96: 2050.62 | AN96: AM-Shoulder | AO96: 2.85 | AP96: 1.88 | AQ96: 1.51 | AR96: 3.55 | AS96: 2.86 | AT96: 2.1 | AU96: 1.41 | AV96: 0.8 | AW96: 0.83 | AX96: 0.92
B97: MD | C97: 817.26 | D97: 847.32 | E97: 1067.79 | F97: 1231.6 | G97: 477.49 | H97: 408.41 | I97: 216.05 | J97: 138.34 | K97: 647.72 | L97: 596.43 | N97: MD | O97: 6772.75 | P97: 8617.46 | Q97: 10712.06 | R97: 10674.32 | S97: 3315.28 | T97: 7797.49 | U97: 9286.6 | V97: 12820.06 | W97: 13276.27 | X97: 3223.71 | AA97: MD | AB97: 34301.25 | AC97: 43670.04 | AD97: 52427.94 | AE97: 52223.68 | AF97: 15396.72 | AG97: 37973.51 | AH97: 45263.4 | AI97: 61939.94 | AJ97: 64191.23 | AK97: 14969.2 | AN97: MD | AO97: 3.08 | AP97: 2.78 | AQ97: 2.25 | AR97: 2.63 | AS97: 2.01 | AT97: 1.87 | AU97: 1.26 | AV97: 0.66 | AW97: 1.14 | AX97: 1.18
B98: PM-Shoulder | C98: 177.26 | D98: 144.74 | E98: 209.06 | F98: 129.68 | G98: 100.36 | H98: 149.84 | I98: 42.74 | J98: 31.46 | K98: 118.06 | L98: 54.02 | N98: PM-Shoulder | O98: 2327.94 | P98: 2764.48 | Q98: 3894.15 | R98: 3636.7 | S98: 868.32 | T98: 2211.28 | U98: 3709.33 | V98: 4952.19 | W98: 5710.19 | X98: 617.35 | AA98: PM-Shoulder | AB98: 9384.4 | AC98: 11139.95 | AD98: 15470.39 | AE98: 14183.3 | AF98: 3158.68 | AG98: 8517.91 | AH98: 14690.67 | AI98: 20485.42 | AJ98: 23393.67 | AK98: 2236.42 | AN98: PM-Shoulder | AO98: 2.65 | AP98: 2.62 | AQ98: 1.79 | AR98: 1.33 | AS98: 1.89 | AT98: 2.79 | AU98: 1.06 | AV98: 0.8 | AW98: 1.04 | AX98: 1.1
B99: PM-Peak | C99: 630.02 | D99: 631.25 | E99: 690.79 | F99: 602.06 | G99: 329.12 | H99: 294.35 | I99: 214.33 | J99: 71.25 | K99: 247.94 | L99: 257.15 | N99: PM-Peak | O99: 7872.33 | P99: 7130.95 | Q99: 11039.85 | R99: 10465.82 | S99: 1599.76 | T99: 7882.54 | U99: 9026 | V99: 12367.74 | W99: 12391.68 | X99: 1979 | AA99: PM-Peak | AB99: 32268.95 | AC99: 28636.92 | AD99: 43988.99 | AE99: 41190.64 | AF99: 5780.48 | AG99: 30971.66 | AH99: 35351.5 | AI99: 49250.82 | AJ99: 50031.24 | AK99: 7164.88 | AN99: PM-Peak | AO99: 3.39 | AP99: 3.15 | AQ99: 2.67 | AR99: 1.79 | AS99: 2.11 | AT99: 2.29 | AU99: 1.6 | AV99: 0.66 | AW99: 1.28 | AX99: 1.14
B100: PM-Late | C100: 122.45 | D100: 116.93 | E100: 297.92 | F100: 96.74 | G100: 157.9 | H100: 128.24 | I100: 116.01 | J100: 186.72 | K100: 143.24 | L100: 205.83 | N100: PM-Late | O100: 3632.88 | P100: 3340.74 | Q100: 3747.27 | R100: 3509.4 | S100: 1353.49 | T100: 4897.47 | U100: 3697.19 | V100: 4636.2 | W100: 1187.76 | X100: 1567.4 | AA100: PM-Late | AB100: 14365.32 | AC100: 13136.76 | AD100: 14094.33 | AE100: 13310.7 | AF100: 4881.71 | AG100: 18598.53 | AH100: 16462.81 | AI100: 17254.2 | AJ100: 23126.64 | AK100: 5657.95 | AN100: PM-Late | AO100: 1.1 | AP100: 0.95 | AQ100: 1.49 | AR100: 0.5 | AS100: 1.86 | AT100: 1.66 | AU100: 1.65 | AV100: 2.97 | AW100: 0.57 | AX100: 0.91
B103: % Workday Revenue | N103: ML light veh/period | AA103: GP light veh/period | AN103: Medium A Toll
B104: Direction | C104: NB | D104: SB | E104: NB | F104: SB | G104: NB | H104: SB | I104: NB | J104: SB | K104: NB | L104: SB | N104: Direction | O104: NB | P104: SB | Q104: NB | R104: SB | S104: NB | T104: SB | U104: NB | V104: SB | W104: NB | X104: SB | AA104: Direction | AB104: NB | AC104: SB | AD104: NB | AE104: SB | AF104: NB | AG104: SB | AH104: NB | AI104: SB | AJ104: NB | AK104: SB | AN104: Direction | AO104: NB | AP104: SB | AQ104: NB | AR104: SB | AS104: NB | AT104: SB | AU104: NB | AV104: SB | AW104: NB | AX104: SB
B105: Segment | C105: 11 | D105: 11 | E105: 12 | F105: 12 | G105: 13 | H105: 13 | I105: 14 | J105: 14 | K105: 18 | L105: 18 | N105: Segment | O105: 11 | P105: 11 | Q105: 12 | R105: 12 | S105: 13 | T105: 13 | U105: 14 | V105: 14 | W105: 18 | X105: 18 | AA105: Segment | AB105: 11 | AC105: 11 | AD105: 12 | AE105: 12 | AF105: 13 | AG105: 13 | AH105: 14 | AI105: 14 | AJ105: 18 | AK105: 18 | AN105: Segment | AO105: 11 | AP105: 11 | AQ105: 12 | AR105: 12 | AS105: 13 | AT105: 13 | AU105: 14 | AV105: 14 | AW105: 18 | AX105: 18
B106: Period | N106: Period | AA106: Period | AN106: Period
B107: Night | C107: 0.0081322615 | D107: 0.011330733 | E107: 0.01632317 | F107: 0.0096915206 | G107: 0.00692239 | H107: 0.0076543722 | I107: 0.012274606 | J107: 0.021741727 | K107: 0.022123823 | L107: 0.015721684 | N107: Night | O107: 594.92 | P107: 577.94 | Q107: 640.06 | R107: 385.01 | S107: 460.7 | T107: 382.94 | U107: 452.3 | V107: 271.64 | W107: 1203.44 | X107: 777.76 | AA107: Night | AB107: 9184.08 | AC107: 8921.06 | AD107: 9880.94 | AE107: 5942.99 | AF107: 8142.3 | AG107: 6792.06 | AH107: 6981.7 | AI107: 5055.36 | AJ107: 10864.56 | AK107: 7069.24 | AN107: Night | AO107: 1.32 | AP107: 1.32 | AQ107: 1.5 | AR107: 1.5 | AS107: 1.68 | AT107: 1.68 | AU107: 1.98 | AV107: 1.98 | AW107: 0.48 | AX107: 0.48
B108: AM-Early | C108: 0.043765561 | D108: 0.018617627 | E108: 0.032026273 | F108: 0.053333798 | G108: 0.047467543 | H108: 0.031539228 | I108: 0.082911402 | J108: 0.039249576 | K108: 0.074245563 | L108: 0.039217755 | N108: AM-Early | O108: 855.7 | P108: 514.84 | Q108: 967.78 | R108: 473.13 | S108: 1124.1 | T108: 516.48 | U108: 1017.85 | V108: 133.56 | W108: 1016.47 | X108: 708.64 | AA108: AM-Early | AB108: 4422.3 | AC108: 2525.16 | AD108: 5023.22 | AE108: 2323.21 | AF108: 5670.9 | AG108: 2492.52 | AH108: 5138.15 | AI108: 2600.44 | AJ108: 4798.83 | AK108: 3326.36 | AN108: AM-Early | AO108: 6.88 | AP108: 3.27 | AQ108: 3.03 | AR108: 11.67 | AS108: 5.88 | AT108: 6.29 | AU108: 7.7 | AV108: 8.91 | AW108: 3.01 | AX108: 2.27
B109: AM-Peak | C109: 0.31056779 | D109: 0.13875225 | E109: 0.23700634 | F109: 0.33846871 | G109: 0.40563351 | H109: 0.19217044 | I109: 0.46304992 | J109: 0.26854303 | K109: 0.14115819 | L109: 0.22584981 | N109: AM-Peak | O109: 3799.95 | P109: 1444.24 | Q109: 3399.94 | R109: 2836.1 | S109: 4026.18 | T109: 2667.87 | U109: 3419.99 | V109: 2318.87 | W109: 1999.83 | X109: 2441.2 | AA109: AM-Peak | AB109: 14614.14 | AC109: 7080.71 | AD109: 18095.06 | AE109: 8255.65 | AF109: 19698.23 | AG109: 13184.46 | AH109: 17838.62 | AI109: 11475.95 | AJ109: 9385.17 | AK109: 9486.8 | AN109: AM-Peak | AO109: 10.56 | AP109: 8.5 | AQ109: 6.13 | AR109: 12 | AS109: 13.44 | AT109: 7.22 | AU109: 12.11 | AV109: 3.79 | AW109: 2.8 | AX109: 3.84
B110: AM-Shoulder | C110: 0.057301643 | D110: 0.031277145 | E110: 0.050245791 | F110: 0.094127273 | G110: 0.073451509 | H110: 0.058562125 | I110: 0.044924223 | J110: 0.054303838 | K110: 0.037821754 | L110: 0.038194981 | N110: AM-Shoulder | O110: 831.23 | P110: 483.12 | Q110: 887.03 | R110: 884.03 | S110: 1097.83 | T110: 895.87 | U110: 879.75 | V110: 753.75 | W110: 544.09 | X110: 547.12 | AA110: AM-Shoulder | AB110: 4292.77 | AC110: 2365.43 | AD110: 4593.97 | AE110: 4411.72 | AF110: 5566.17 | AG110: 4390.13 | AH110: 4416.25 | AI110: 3685.25 | AJ110: 2547.91 | AK110: 2563.28 | AN110: AM-Shoulder | AO110: 8.56 | AP110: 5.65 | AQ110: 4.52 | AR110: 10.65 | AS110: 8.57 | AT110: 6.31 | AU110: 4.24 | AV110: 2.4 | AW110: 2.5 | AX110: 2.77
B111: MD | C111: 0.22027343 | D111: 0.31876629 | E111: 0.28411179 | F111: 0.27429827 | G111: 0.17853627 | H111: 0.24383584 | I111: 0.14040221 | J111: 0.22736955 | K111: 0.38323813 | L111: 0.33671503 | N111: MD | O111: 3078.52 | P111: 3544.32 | Q111: 3446.98 | R111: 3714.64 | S111: 3825.73 | T111: 4578.59 | U111: 3234.64 | V111: 4023.11 | W111: 4144.1 | X111: 4029.63 | AA111: MD | AB111: 15591.48 | AC111: 17260.68 | AD111: 17468.02 | AE111: 18105.36 | AF111: 18724.27 | AG111: 22121.41 | AH111: 15825.36 | AI111: 19451.89 | AJ111: 19245.9 | AK111: 18711.5 | AN111: MD | AO111: 9.24 | AP111: 8.33 | AQ111: 6.75 | AR111: 7.89 | AS111: 6.04 | AT111: 5.61 | AU111: 3.78 | AV111: 1.99 | AW111: 3.41 | AX111: 3.53
B112: PM-Shoulder | C112: 0.062074608 | D112: 0.079428503 | E112: 0.06691749 | F112: 0.048989724 | G112: 0.058162588 | H112: 0.13117634 | I112: 0.037975546 | J112: 0.10876622 | K112: 0.084677755 | L112: 0.053192403 | N112: PM-Shoulder | O112: 1058.15 | P112: 1005.13 | Q112: 1105.79 | R112: 1483.73 | S112: 1390.77 | T112: 1768.64 | U112: 1102.03 | V112: 1730.36 | W112: 1085.4 | X112: 771.68 | AA112: PM-Shoulder | AB112: 4265.64 | AC112: 3871.78 | AD112: 4455.98 | AE112: 5876.27 | AF112: 5525.14 | AG112: 7316.22 | AH112: 4297.97 | AI112: 7088.99 | AJ112: 3948.36 | AK112: 2795.52 | AN112: PM-Shoulder | AO112: 7.96 | AP112: 7.87 | AQ112: 5.37 | AR112: 4 | AS112: 5.67 | AT112: 8.38 | AU112: 3.18 | AV112: 2.41 | AW112: 3.12 | AX112: 3.31
B113: PM-Peak | C113: 0.25878237 | D113: 0.34021394 | E113: 0.24618288 | F113: 0.16235249 | G113: 0.17609392 | H113: 0.26273989 | I113: 0.16297143 | J113: 0.18972679 | K113: 0.18495538 | L113: 0.17865866 | N113: PM-Peak | O113: 3578.33 | P113: 3582.97 | Q113: 2852.38 | R113: 3610.4 | S113: 3942.8 | T113: 4417.05 | U113: 3171.46 | V113: 3755.05 | W113: 1999.7 | X113: 2473.75 | AA113: PM-Peak | AB113: 14667.71 | AC113: 14078.03 | AD113: 11454.77 | AE113: 14140.6 | AF113: 15710.35 | AG113: 17589.58 | AH113: 12482.01 | AI113: 15160.98 | AJ113: 7225.6 | AK113: 8956.1 | AN113: PM-Peak | AO113: 10.18 | AP113: 9.45 | AQ113: 8 | AR113: 5.37 | AS113: 6.34 | AT113: 6.87 | AU113: 4.8 | AV113: 1.98 | AW113: 3.83 | AX113: 3.42
B114: PM-Late | C114: 0.039102334 | D114: 0.061613522 | E114: 0.067186268 | F114: 0.018738216 | G114: 0.053732266 | H114: 0.072321761 | I114: 0.055490672 | J114: 0.090299265 | K114: 0.071779393 | L114: 0.11244968 | N114: PM-Late | O114: 1651.31 | P114: 2226.12 | Q114: 1336.29 | R114: 1478.88 | S114: 1338.31 | T114: 1655.79 | U114: 1063.45 | V114: 359.93 | W114: 1691.86 | X114: 1959.25 | AA114: PM-Late | AB114: 6529.69 | AC114: 8453.88 | AD114: 5254.71 | AE114: 6585.12 | AF114: 5033.69 | AG114: 6162.21 | AH114: 4033.55 | AI114: 7008.07 | AJ114: 6102.14 | AK114: 7072.44 | AN114: PM-Late | AO114: 3.31 | AP114: 2.85 | AQ114: 4.47 | AR114: 1.5 | AS114: 5.59 | AT114: 4.97 | AU114: 4.94 | AV114: 8.91 | AW114: 1.7 | AX114: 2.72
N117: ML medium A veh.Miles | AA117: GP medium A veh.Miles | AN117: Implied VOT
...

Sheet Year_2032
B1: Lenght
C2: 11 | D2: 12 | E2: 13 | F2: 14 | G2: 18
B3: Length | C3: 2.2 | D3: 2.5 | E3: 2.8 | F3: 3.3 | G3: 0.8
B5: TollLights | N5: ML PCE.Miles | AA5: GP PCE.Miles | AN5: Highway PCE.Miles
B6: Direction | C6: NB | D6: SB | E6: NB | F6: SB | G6: NB | H6: SB | I6: NB | J6: SB | K6: NB | L6: SB | N6: Direction | O6: NB | P6: SB | Q6: NB | R6: SB | S6: NB | T6: SB | U6: NB | V6: SB | W6: NB | X6: SB | AA6: Direction | AB6: NB | AC6: SB | AD6: NB | AE6: SB | AF6: NB | AG6: SB | AH6: NB | AI6: SB | AJ6: NB | AK6: SB | AN6: Direction | AO6: NB | AP6: SB | AQ6: NB | AR6: SB | AS6: NB | AT6: SB | AU6: NB | AV6: SB | AW6: NB | AX6: SB
B7: Segment | C7: 11 | D7: 11 | E7: 12 | F7: 12 | G7: 13 | H7: 13 | I7: 14 | J7: 14 | K7: 18 | L7: 18 | N7: Segment | O7: 11 | P7: 11 | Q7: 12 | R7: 12 | S7: 13 | T7: 13 | U7: 14 | V7: 14 | W7: 18 | X7: 18 | AA7: Segment | AB7: 11 | AC7: 11 | AD7: 12 | AE7: 12 | AF7: 13 | AG7: 13 | AH7: 14 | AI7: 14 | AJ7: 18 | AK7: 18 | AN7: Segment | AO7: 11 | AP7: 11 | AQ7: 12 | AR7: 12 | AS7: 13 | AT7: 13 | AU7: 14 | AV7: 14 | AW7: 18 | AX7: 18
B8: Period | N8: Period | AA8: Period | AN8: Period
B9: Night | C9: 0.2 | D9: 0.2 | E9: 0.2 | F9: 0.2 | G9: 0.2 | H9: 0.2 | I9: 0.2 | J9: 0.2 | K9: 0.2 | L9: 0.2 | N9: Night | O9: 4218.48 | P9: 4156.06 | Q9: 5771.7 | R9: 2708.68 | S9: 2330.76 | T9: 2069.94 | U9: 2620.72 | V9: 1852.56 | W9: 1786.25 | X9: 1439.49 | AA9: Night | AB9: 39702.32 | AC9: 39467.52 | AD9: 53058.05 | AE9: 42504.32 | AF9: 39672.04 | AG9: 35305.3 | AH9: 40786.49 | AI9: 35065.86 | AJ9: 16436.15 | AK9: 13389.31 | AN9: Night | AO9: 43920.8 | AP9: 43623.58 | AQ9: 58829.75 | AR9: 45213 | AS9: 42002.8 | AT9: 37375.24 | AU9: 43407.21 | AV9: 36918.42 | AW9: 18222.4 | AX9: 14828.8
B10: AM-Early | C10: 1.8 | D10: 0.89 | E10: 0.82 | F10: 1.8 | G10: 1.66 | H10: 1.44 | I10: 1.8 | J10: 0.9 | K10: 1.8 | L10: 1.3 | N10: AM-Early | O10: 2683.06 | P10: 1691.17 | Q10: 3397 | R10: 2022.46 | S10: 4120.83 | T10: 2115.09 | U10: 4559.13 | V10: 743.13 | W10: 1030.22 | X10: 762.68 | AA10: AM-Early | AB10: 14056.39 | AC10: 9952.11 | AD10: 20750.75 | AE10: 9735.11 | AF10: 23183.65 | AG10: 11572.43 | AH10: 24301.7 | AI10: 14565.24 | AJ10: 5396.98 | AK10: 4507.72 | AN10: AM-Early | AO10: 16739.45 | AP10: 11643.28 | AQ10: 24147.75 | AR10: 11757.57 | AS10: 27304.48 | AT10: 13687.52 | AU10: 28860.83 | AV10: 15308.37 | AW10: 6427.2 | AX10: 5270.4
B11: AM-Peak | C11: 3.95 | D11: 1.8 | E11: 1.8 | F11: 1.8 | G11: 3.72 | H11: 1.73 | I11: 3.27 | J11: 0.71 | K11: 1.61 | L11: 1.8 | N11: AM-Peak | O11: 12148.22 | P11: 6015.37 | Q11: 12411.5 | R11: 13943.54 | S11: 17271.98 | T11: 10986.03 | U11: 14976.19 | V11: 11700.32 | W11: 1972.33 | X11: 2947.95 | AA11: AM-Peak | AB11: 54907.78 | AC11: 28141.91 | AD11: 80899 | AE11: 39032.62 | AF11: 85619.15 | AG11: 63459.03 | AH11: 94330.76 | AI11: 69755.03 | AJ11: 11196.47 | AK11: 12613.65 | AN11: AM-Peak | AO11: 67056 | AP11: 34157.28 | AQ11: 93310.5 | AR11: 52976.16 | AS11: 102891.13 | AT11: 74445.06 | AU11: 109306.96 | AV11: 81455.35 | AW11: 13168.8 | AX11: 15561.6
B12: AM-Shoulder | C12: 1.8 | D12: 1.79 | E12: 1.36 | F12: 1.8 | G12: 2.29 | H12: 1.73 | I12: 0.89 | J12: 0.44 | K12: 1.44 | L12: 1.59 | N12: AM-Shoulder | O12: 2959.71 | P12: 1644.59 | Q12: 3582.77 | R12: 3710.07 | S12: 4162.8 | T12: 3847.94 | U12: 4385.13 | V12: 3764.36 | W12: 591.96 | X12: 608.79 | AA12: AM-Shoulder | AB12: 15671.07 | AC12: 10497.9 | AD12: 25434.98 | AE12: 20555.58 | AF12: 25237.2 | AG12: 23273.42 | AH12: 25819.44 | AI12: 22462.39 | AJ12: 3763.24 | AK12: 3775.05 | AN12: AM-Shoulder | AO12: 18630.78 | AP12: 12142.48 | AQ12: 29017.75 | AR12: 24265.65 | AS12: 29400 | AT12: 27121.36 | AU12: 30204.57 | AV12: 26226.75 | AW12: 4355.2 | AX12: 4383.84
B13: MD | C13: 1.8 | D13: 1.8 | E13: 1.8 | F13: 1.8 | G13: 1.5 | H13: 1.44 | I13: 0.69 | J13: 0.37 | K13: 1.8 | L13: 1.8 | N13: MD | O13: 11019.89 | P13: 12302.52 | Q13: 15249.7 | R13: 16469.84 | S13: 15469.36 | T13: 18053.7 | U13: 15582.85 | V13: 18963.64 | W13: 4672.9 | X13: 5331.59 | AA13: MD | AB13: 52911.55 | AC13: 59875.78 | AD13: 90902.8 | AE13: 86881.7 | AF13: 89519.44 | AG13: 100711.1 | AH13: 87722 | AI13: 106134.41 | AJ13: 26879.1 | AK13: 25864.12 | AN13: MD | AO13: 63931.44 | AP13: 72178.3 | AQ13: 106152.5 | AR13: 103351.54 | AS13: 104988.8 | AT13: 118764.8 | AU13: 103304.85 | AV13: 125098.05 | AW13: 31552 | AX13: 31195.71
B14: PM-Shoulder | C14: 1.8 | D14: 1.8 | E14: 1.8 | F14: 1.58 | G14: 1.78 | H14: 1.71 | I14: 0.7 | J14: 0.97 | K14: 1.8 | L14: 1.8 | N14: PM-Shoulder | O14: 2838.84 | P14: 2600.99 | Q14: 4023.86 | R14: 4835.95 | S14: 5018.2 | T14: 5395.59 | U14: 4913.4 | V14: 6772.12 | W14: 1209.05 | X14: 877.86 | AA14: PM-Shoulder | AB14: 13738.33 | AC14: 11916.11 | AD14: 22226.14 | AE14: 25255.62 | AF14: 24381.8 | AG14: 26068.61 | AH14: 22505.31 | AI14: 34433.23 | AJ14: 5383.75 | AK14: 3230.55 | AN14: PM-Shoulder | AO14: 16577.17 | AP14: 14517.1 | AQ14: 26250 | AR14: 30091.57 | AS14: 29400 | AT14: 31464.21 | AU14: 27418.71 | AV14: 41205.35 | AW14: 6592.8 | AX14: 4108.41
B15: PM-Peak | C15: 1.8 | D15: 1.8 | E15: 1.8 | F15: 1.63 | G15: 1.79 | H15: 1.8 | I15: 0.99 | J15: 0.44 | K15: 1.8 | L15: 2 | N15: PM-Peak | O15: 14524.27 | P15: 14105.24 | Q15: 11631.62 | R15: 12245.04 | S15: 13938.32 | T15: 16460.66 | U15: 13879.43 | V15: 15641.17 | W15: 2223.96 | X15: 2303.83 | AA15: PM-Peak | AB15: 47927.37 | AC15: 47655.58 | AD15: 51995.01 | AE15: 66351.21 | AF15: 68248.26 | AG15: 71519.49 | AH15: 65955 | AI15: 72701.37 | AJ15: 8940.24 | AK15: 11187.05 | AN15: PM-Peak | AO15: 62451.65 | AP15: 61760.82 | AQ15: 63626.63 | AR15: 78596.25 | AS15: 82186.57 | AT15: 87980.14 | AU15: 79834.43 | AV15: 88342.54 | AW15: 11164.2 | AX15: 13490.88
B16: PM-Late | C16: 0.92 | D16: 0.81 | E16: 1.12 | F16: 0.27 | G16: 1.23 | H16: 1.08 | I16: 0.89 | J16: 1.35 | K16: 0.99 | L16: 1.73 | N16: PM-Late | O16: 4920.78 | P16: 6419.78 | Q16: 4893.78 | R16: 5857.5 | S16: 5055 | T16: 6151.03 | U16: 4748.66 | V16: 1709.58 | W16: 1654.18 | X16: 1877.62 | AA16: PM-Late | AB16: 25050.48 | AC16: 30282.16 | AD16: 29524.47 | AE16: 31662.75 | AF16: 24224.04 | AG16: 27450.65 | AH16: 22718.89 | AI16: 33358.2 | AJ16: 9181.82 | AK16: 9690.29 | AN16: PM-Late | AO16: 29971.26 | AP16: 36701.94 | AQ16: 34418.25 | AR16: 37520.25 | AS16: 29279.04 | AT16: 33601.68 | AU16: 27467.55 | AV16: 35067.78 | AW16: 10836 | AX16: 11567.91
B19: CaptureRateLights | N19: ML Volume (PCE/Period) | AA19: GP Volume (PCE/Period) | AN19: Highway Volume
B20: Direction | C20: NB | D20: SB | E20: NB | F20: SB | G20: NB | H20: SB | I20: NB | J20: SB | K20: NB | L20: SB | N20: Direction | O20: NB | P20: SB | Q20: NB | R20: SB | S20: NB | T20: SB | U20: NB | V20: SB | W20: NB | X20: SB | AA20: Direction | AB20: NB | AC20: SB | AD20: NB | AE20: SB | AF20: NB | AG20: SB | AH20: NB | AI20: SB | AJ20: NB | AK20: SB | AN20: Direction | AO20: NB | AP20: SB | AQ20: NB | AR20: SB | AS20: NB | AT20: SB | AU20: NB | AV20: SB | AW20: NB | AX20: SB
B21: Segment | C21: 11 | D21: 11 | E21: 12 | F21: 12 | G21: 13 | H21: 13 | I21: 14 | J21: 14 | K21: 18 | L21: 18 | N21: Segment | O21: 11 | P21: 11 | Q21: 12 | R21: 12 | S21: 13 | T21: 13 | U21: 14 | V21: 14 | W21: 18 | X21: 18 | AA21: Segment | AB21: 11 | AC21: 11 | AD21: 12 | AE21: 12 | AF21: 13 | AG21: 13 | AH21: 14 | AI21: 14 | AJ21: 18 | AK21: 18 | AN21: Segment | AO21: 11 | AP21: 11 | AQ21: 12 | AR21: 12 | AS21: 13 | AT21: 13 | AU21: 14 | AV21: 14 | AW21: 18 | AX21: 18
B22: Period | N22: Period | AA22: Period | AN22: Period
B23: Night | C23: 0.1 | D23: 0.1 | E23: 0.1 | F23: 0.06 | G23: 0.06 | H23: 0.06 | I23: 0.06 | J23: 0.05 | K23: 0.1 | L23: 0.1 | N23: Night | O23: 1917.49 | P23: 1889.12 | Q23: 2308.68 | R23: 1083.47 | S23: 832.41 | T23: 739.27 | U23: 794.16 | V23: 561.38 | W23: 2232.82 | X23: 1799.37 | AA23: Night | AB23: 18046.51 | AC23: 17939.78 | AD23: 21223.22 | AE23: 17001.73 | AF23: 14168.59 | AG23: 12609.03 | AH23: 12359.54 | AI23: 10626.02 | AJ23: 20545.18 | AK23: 16736.63 | AN23: Night | AO23: 19964 | AP23: 19828.9 | AQ23: 23531.9 | AR23: 18085.2 | AS23: 15001 | AT23: 13348.3 | AU23: 13153.7 | AV23: 11187.4 | AW23: 22778 | AX23: 18536
B24: AM-Early | C24: 0.18 | D24: 0.17 | E24: 0.16 | F24: 0.21 | G24: 0.16 | H24: 0.17 | I24: 0.17 | J24: 0.05 | K24: 0.18 | L24: 0.18 | N24: AM-Early | O24: 1219.57 | P24: 768.72 | Q24: 1358.8 | R24: 808.98 | S24: 1471.73 | T24: 755.39 | U24: 1381.56 | V24: 225.19 | W24: 1287.78 | X24: 953.35 | AA24: AM-Early | AB24: 6389.27 | AC24: 4523.68 | AD24: 8300.3 | AE24: 3894.04 | AF24: 8279.87 | AG24: 4133.01 | AH24: 7364.15 | AI24: 4413.71 | AJ24: 6746.22 | AK24: 5634.65 | AN24: AM-Early | AO24: 7608.84 | AP24: 5292.4 | AQ24: 9659.1 | AR24: 4703.03 | AS24: 9751.6 | AT24: 4888.4 | AU24: 8745.71 | AV24: 4638.9 | AW24: 8034 | AX24: 6588
B25: AM-Peak | C25: 0.21 | D25: 0.21 | E25: 0.15 | F25: 0.29 | G25: 0.18 | H25: 0.16 | I25: 0.15 | J25: 0.16 | K25: 0.18 | L25: 0.23 | N25: AM-Peak | O25: 5521.92 | P25: 2734.26 | Q25: 4964.6 | R25: 5577.42 | S25: 6168.56 | T25: 3923.58 | U25: 4538.24 | V25: 3545.55 | W25: 2465.41 | X25: 3684.93 | AA25: AM-Peak | AB25: 24958.08 | AC25: 12791.78 | AD25: 32359.6 | AE25: 15613.05 | AF25: 30578.27 | AG25: 22663.94 | AH25: 28585.08 | AI25: 21137.89 | AJ25: 13995.59 | AK25: 15767.07 | AN25: AM-Peak | AO25: 30480 | AP25: 15526.03 | AQ25: 37324.2 | AR25: 21190.46 | AS25: 36746.83 | AT25: 26587.52 | AU25: 33123.32 | AV25: 24683.44 | AW25: 16461 | AX25: 19452
B26: AM-Shoulder | C26: 0.19 | D26: 0.17 | E26: 0.16 | F26: 0.19 | G26: 0.16 | H26: 0.17 | I26: 0.16 | J26: 0.17 | K26: 0.18 | L26: 0.18 | N26: AM-Shoulder | O26: 1345.32 | P26: 747.54 | Q26: 1433.11 | R26: 1484.03 | S26: 1486.71 | T26: 1374.26 | U26: 1328.83 | V26: 1140.72 | W26: 739.95 | X26: 760.99 | AA26: AM-Shoulder | AB26: 7123.21 | AC26: 4771.77 | AD26: 10173.99 | AE26: 8222.23 | AF26: 9013.29 | AG26: 8311.94 | AH26: 7824.07 | AI26: 6806.78 | AJ26: 4704.05 | AK26: 4718.81 | AN26: AM-Shoulder | AO26: 8468.53 | AP26: 5519.31 | AQ26: 11607.1 | AR26: 9706.26 | AS26: 10500 | AT26: 9686.2 | AU26: 9152.9 | AV26: 7947.5 | AW26: 5444 | AX26: 5479.8
B27: MD | C27: 0.2 | D27: 0.2 | E27: 0.18 | F27: 0.2 | G27: 0.17 | H27: 0.17 | I27: 0.17 | J27: 0.17 | K27: 0.19 | L27: 0.21 | N27: MD | O27: 5009.04 | P27: 5592.06 | Q27: 6099.88 | R27: 6587.94 | S27: 5524.77 | T27: 6447.75 | U27: 4722.07 | V27: 5746.56 | W27: 5841.13 | X27: 6664.49 | AA27: MD | AB27: 24050.71 | AC27: 27216.26 | AD27: 36361.12 | AE27: 34752.68 | AF27: 31971.23 | AG27: 35968.25 | AH27: 26582.43 | AI27: 32161.94 | AJ27: 33598.87 | AK27: 32330.16 | AN27: MD | AO27: 29059.75 | AP27: 32808.32 | AQ27: 42461 | AR27: 41340.61 | AS27: 37496 | AT27: 42416 | AU27: 31304.5 | AV27: 37908.5 | AW27: 39440 | AX27: 38994.64
B28: PM-Shoulder | C28: 0.2 | D28: 0.21 | E28: 0.2 | F28: 0.19 | G28: 0.19 | H28: 0.19 | I28: 0.2 | J28: 0.17 | K28: 0.24 | L28: 0.25 | N28: PM-Shoulder | O28: 1290.38 | P28: 1182.27 | Q28: 1609.55 | R28: 1934.38 | S28: 1792.21 | T28: 1927 | U28: 1488.91 | V28: 2052.16 | W28: 1511.31 | X28: 1097.33 | AA28: PM-Shoulder | AB28: 6244.69 | AC28: 5416.41 | AD28: 8890.45 | AE28: 10102.25 | AF28: 8707.79 | AG28: 9310.22 | AH28: 6819.79 | AI28: 10434.31 | AJ28: 6729.69 | AK28: 4038.18 | AN28: PM-Shoulder | AO28: 7535.08 | AP28: 6598.68 | AQ28: 10500 | AR28: 12036.63 | AS28: 10500 | AT28: 11237.22 | AU28: 8308.7 | AV28: 12486.47 | AW28: 8241 | AX28: 5135.51
B29: PM-Peak | C29: 0.27 | D29: 0.27 | E29: 0.23 | F29: 0.2 | G29: 0.19 | H29: 0.2 | I29: 0.2 | J29: 0.19 | K29: 0.25 | L29: 0.22 | N29: PM-Peak | O29: 6601.94 | P29: 6411.47 | Q29: 4652.65 | R29: 4898.02 | S29: 4977.97 | T29: 5878.81 | U29: 4205.89 | V29: 4739.75 | W29: 2779.95 | X29: 2879.78 | AA29: PM-Peak | AB29: 21785.17 | AC29: 21661.63 | AD29: 20798 | AE29: 26540.48 | AF29: 24374.38 | AG29: 25542.67 | AH29: 19986.36 | AI29: 22030.72 | AJ29: 11175.3 | AK29: 13983.82 | AN29: PM-Peak | AO29: 28387.11 | AP29: 28073.1 | AQ29: 25450.65 | AR29: 31438.5 | AS29: 29352.35 | AT29: 31421.48 | AU29: 24192.25 | AV29: 26770.47 | AW29: 13955.25 | AX29: 16863.6
B30: PM-Late | C30: 0.2 | D30: 0.21 | E30: 0.2 | F30: 0.21 | G30: 0.21 | H30: 0.21 | I30: 0.21 | J30: 0.05 | K30: 0.22 | L30: 0.22 | N30: PM-Late | O30: 2236.72 | P30: 2918.08 | Q30: 1957.51 | R30: 2343 | S30: 1805.36 | T30: 2196.8 | U30: 1438.99 | V30: 518.06 | W30: 2067.73 | X30: 2347.03 | AA30: PM-Late | AB30: 11386.58 | AC30: 13764.62 | AD30: 11809.79 | AE30: 12665.1 | AF30: 8651.44 | AG30: 9803.8 | AH30: 6884.51 | AI30: 10108.54 | AJ30: 11477.27 | AK30: 12112.86 | AN30: PM-Late | AO30: 13623.3 | AP30: 16682.7 | AQ30: 13767.3 | AR30: 15008.1 | AS30: 10456.8 | AT30: 12000.6 | AU30: 8323.5 | AV30: 10626.6 | AW30: 13545 | AX30: 14459.89
B33: Revenue Per Period | N33: ML Flow (PCE/hr) | AA33: GP Flow (PCE/hr) | AN33: Highway Flow
B34: Direction | C34: NB | D34: SB | E34: NB | F34: SB | G34: NB | H34: SB | I34: NB | J34: SB | K34: NB | L34: SB | N34: Direction | O34: NB | P34: SB | Q34: NB | R34: SB | S34: NB | T34: SB | U34: NB | V34: SB | W34: NB | X34: SB | AA34: Direction | AB34: NB | AC34: SB | AD34: NB | AE34: SB | AF34: NB | AG34: SB | AH34: NB | AI34: SB | AJ34: NB | AK34: SB | AN34: Direction | AO34: NB | AP34: SB | AQ34: NB | AR34: SB | AS34: NB | AT34: SB | AU34: NB | AV34: SB | AW34: NB | AX34: SB
B35: Segment | C35: 11 | D35: 11 | E35: 12 | F35: 12 | G35: 13 | H35: 13 | I35: 14 | J35: 14 | K35: 18 | L35: 18 | N35: Segment | O35: 11 | P35: 11 | Q35: 12 | R35: 12 | S35: 13 | T35: 13 | U35: 14 | V35: 14 | W35: 18 | X35: 18 | AA35: Segment | AB35: 11 | AC35: 11 | AD35: 12 | AE35: 12 | AF35: 13 | AG35: 13 | AH35: 14 | AI35: 14 | AJ35: 18 | AK35: 18 | AN35: Segment | AO35: 11 | AP35: 11 | AQ35: 12 | AR35: 12 | AS35: 13 | AT35: 13 | AU35: 14 | AV35: 14 | AW35: 18 | AX35: 18
B36: Period | N36: Period | AA36: Period | AN36: Period
B37: Night | C37: 843.7 | D37: 831.21 | E37: 1154.34 | F37: 541.74 | G37: 466.15 | H37: 413.99 | I37: 524.14 | J37: 370.51 | K37: 357.25 | L37: 287.9 | N37: Night | O37: 273.93 | P37: 269.87 | Q37: 329.81 | R37: 154.78 | S37: 118.92 | T37: 105.61 | U37: 113.45 | V37: 80.2 | W37: 318.97 | X37: 257.05 | AA37: Night | AB37: 2578.07 | AC37: 2562.83 | AD37: 3031.89 | AE37: 2428.82 | AF37: 2024.08 | AG37: 1801.29 | AH37: 1765.65 | AI37: 1518 | AJ37: 2935.03 | AK37: 2390.95 | AN37: Night | AO37: 2852 | AP37: 2832.7 | AQ37: 3361.7 | AR37: 2583.6 | AS37: 2143 | AT37: 1906.9 | AU37: 1879.1 | AV37: 1598.2 | AW37: 3254 | AX37: 2648
B38: AM-Early | C38: 4829.51 | D38: 1508.83 | E38: 2787.44 | F38: 3640.43 | G38: 6856.87 | H38: 3039.03 | I38: 8206.44 | J38: 668.82 | K38: 1854.4 | L38: 993.41 | N38: AM-Early | O38: 1219.57 | P38: 768.72 | Q38: 1358.8 | R38: 808.98 | S38: 1471.73 | T38: 755.39 | U38: 1381.56 | V38: 225.19 | W38: 1287.78 | X38: 953.35 | AA38: AM-Early | AB38: 6389.27 | AC38: 4523.68 | AD38: 8300.3 | AE38: 3894.04 | AF38: 8279.87 | AG38: 4133.01 | AH38: 7364.15 | AI38: 4413.71 | AJ38: 6746.22 | AK38: 5634.65 | AN38: AM-Early | AO38: 7608.84 | AP38: 5292.4 | AQ38: 9659.1 | AR38: 4703.03 | AS38: 9751.6 | AT38: 4888.4 | AU38: 8745.71 | AV38: 4638.9 | AW38: 8034 | AX38: 6588
B39: AM-Peak | C39: 48002.51 | D39: 10827.66 | E39: 22340.68 | F39: 25098.37 | G39: 64186.32 | H39: 19017.3 | I39: 49041.25 | J39: 8251.83 | K39: 3172.02 | L39: 5306.27 | N39: AM-Peak | O39: 1840.64 | P39: 911.42 | Q39: 1654.87 | R39: 1859.14 | S39: 2056.19 | T39: 1307.86 | U39: 1512.75 | V39: 1181.85 | W39: 821.8 | X39: 1228.31 | AA39: AM-Peak | AB39: 8319.36 | AC39: 4263.93 | AD39: 10786.53 | AE39: 5204.35 | AF39: 10192.76 | AG39: 7554.65 | AH39: 9528.36 | AI39: 7045.96 | AJ39: 4665.2 | AK39: 5255.69 | AN39: AM-Peak | AO39: 10160 | AP39: 5175.34 | AQ39: 12441.4 | AR39: 7063.49 | AS39: 12248.94 | AT39: 8862.51 | AU39: 11041.11 | AV39: 8227.81 | AW39: 5487 | AX39: 6484
B40: AM-Shoulder | C40: 5327.48 | D40: 2949.67 | E40: 4876.72 | F40: 6678.12 | G40: 9528.72 | H40: 6653.53 | I40: 3922.36 | J40: 1667.06 | K40: 849.79 | L40: 967.28 | N40: AM-Shoulder | O40: 1345.32 | P40: 747.54 | Q40: 1433.11 | R40: 1484.03 | S40: 1486.71 | T40: 1374.26 | U40: 1328.83 | V40: 1140.72 | W40: 739.95 | X40: 760.99 | AA40: AM-Shoulder | AB40: 7123.21 | AC40: 4771.77 | AD40: 10173.99 | AE40: 8222.23 | AF40: 9013.29 | AG40: 8311.94 | AH40: 7824.07 | AI40: 6806.78 | AJ40: 4704.05 | AK40: 4718.81 | AN40: AM-Shoulder | AO40: 8468.53 | AP40: 5519.31 | AQ40: 11607.1 | AR40: 9706.26 | AS40: 10500 | AT40: 9686.2 | AU40: 9152.9 | AV40: 7947.5 | AW40: 5444 | AX40: 5479.8
B41: MD | C41: 19835.8 | D41: 22144.48 | E41: 27449.46 | F41: 29645.71 | G41: 23137.66 | H41: 26017.79 | I41: 10809.97 | J41: 6964.67 | K41: 8411.22 | L41: 9596.86 | N41: MD | O41: 1001.81 | P41: 1118.41 | Q41: 1219.98 | R41: 1317.59 | S41: 1104.95 | T41: 1289.55 | U41: 944.41 | V41: 1149.31 | W41: 1168.23 | X41: 1332.9 | AA41: MD | AB41: 4810.14 | AC41: 5443.25 | AD41: 7272.22 | AE41: 6950.54 | AF41: 6394.25 | AG41: 7193.65 | AH41: 5316.49 | AI41: 6432.39 | AJ41: 6719.77 | AK41: 6466.03 | AN41: MD | AO41: 5811.95 | AP41: 6561.66 | AQ41: 8492.2 | AR41: 8268.12 | AS41: 7499.2 | AT41: 8483.2 | AU41: 6260.9 | AV41: 7581.7 | AW41: 7888 | AX41: 7798.93
B42: PM-Shoulder | C42: 5109.92 | D42: 4681.78 | E42: 7242.94 | F42: 7658.71 | G42: 8918.1 | H42: 9200.44 | I42: 3457.56 | J42: 6601.94 | K42: 2176.28 | L42: 1580.15 | N42: PM-Shoulder | O42: 1290.38 | P42: 1182.27 | Q42: 1609.55 | R42: 1934.38 | S42: 1792.21 | T42: 1927 | U42: 1488.91 | V42: 2052.16 | W42: 1511.31 | X42: 1097.33 | AA42: PM-Shoulder | AB42: 6244.69 | AC42: 5416.41 | AD42: 8890.45 | AE42: 10102.25 | AF42: 8707.79 | AG42: 9310.22 | AH42: 6819.79 | AI42: 10434.31 | AJ42: 6729.69 | AK42: 4038.18 | AN42: PM-Shoulder | AO42: 7535.08 | AP42: 6598.68 | AQ42: 10500 | AR42: 12036.63 | AS42: 10500 | AT42: 11237.22 | AU42: 8308.7 | AV42: 12486.47 | AW42: 8241 | AX42: 5135.51
B43: PM-Peak | C43: 26143.61 | D43: 25389.41 | E43: 20936.91 | F43: 20012.26 | G43: 24996.4 | H43: 29629.18 | I43: 13807.66 | J43: 6819.38 | K43: 4003.12 | L43: 4597.32 | N43: PM-Peak | O43: 2200.65 | P43: 2137.16 | Q43: 1550.88 | R43: 1632.67 | S43: 1659.32 | T43: 1959.6 | U43: 1401.96 | V43: 1579.92 | W43: 926.65 | X43: 959.93 | AA43: PM-Peak | AB43: 7261.72 | AC43: 7220.54 | AD43: 6932.67 | AE43: 8846.83 | AF43: 8124.79 | AG43: 8514.22 | AH43: 6662.12 | AI43: 7343.57 | AJ43: 3725.1 | AK43: 4661.27 | AN43: PM-Peak | AO43: 9462.37 | AP43: 9357.7 | AQ43: 8483.55 | AR43: 10479.5 | AS43: 9784.12 | AT43: 10473.83 | AU43: 8064.08 | AV43: 8923.49 | AW43: 4651.75 | AX43: 5621.2
B44: PM-Late | C44: 4537.66 | D44: 5192.18 | E44: 5499.88 | F44: 1560.86 | G44: 6239.49 | H44: 6633.32 | I44: 4220.75 | J44: 2307.94 | K44: 1638.17 | L44: 3241.9 | N44: PM-Late | O44: 745.57 | P44: 972.69 | Q44: 652.5 | R44: 781 | S44: 601.79 | T44: 732.27 | U44: 479.66 | V44: 172.69 | W44: 689.24 | X44: 782.34 | AA44: PM-Late | AB44: 3795.53 | AC44: 4588.21 | AD44: 3936.6 | AE44: 4221.7 | AF44: 2883.81 | AG44: 3267.93 | AH44: 2294.84 | AI44: 3369.51 | AJ44: 3825.76 | AK44: 4037.62 | AN44: PM-Late | AO44: 4541.1 | AP44: 5560.9 | AQ44: 4589.1 | AR44: 5002.7 | AS44: 3485.6 | AT44: 4000.2 | AU44: 2774.5 | AV44: 3542.2 | AW44: 4515 | AX44: 4819.96
B47: Revenue Per Period Lights | N47: ML V/C | AA47: GP V/C real | AN47: Highway Vol / GP Capacity
B48: Direction | C48: NB | D48: SB | E48: NB | F48: SB | G48: NB | H48: SB | I48: NB | J48: SB | K48: NB | L48: SB | N48: Direction | O48: NB | P48: SB | Q48: NB | R48: SB | S48: NB | T48: SB | U48: NB | V48: SB | W48: NB | X48: SB | AA48: Direction | AB48: NB | AC48: SB | AD48: NB | AE48: SB | AF48: NB | AG48: SB | AH48: NB | AI48: SB | AJ48: NB | AK48: SB | AN48: Direction | AO48: NB | AP48: SB | AQ48: NB | AR48: SB | AS48: NB | AT48: SB | AU48: NB | AV48: SB | AW48: NB | AX48: SB
B49: Segment | C49: 11 | D49: 11 | E49: 12 | F49: 12 | G49: 13 | H49: 13 | I49: 14 | J49: 14 | K49: 18 | L49: 18 | N49: Segment | O49: 11 | P49: 11 | Q49: 12 | R49: 12 | S49: 13 | T49: 13 | U49: 14 | V49: 14 | W49: 18 | X49: 18 | AA49: Segment | AB49: 11 | AC49: 11 | AD49: 12 | AE49: 12 | AF49: 13 | AG49: 13 | AH49: 14 | AI49: 14 | AJ49: 18 | AK49: 18 | AN49: Segment | AO49: 11 | AP49: 11 | AQ49: 12 | AR49: 12 | AS49: 13 | AT49: 13 | AU49: 14 | AV49: 14 | AW49: 18 | AX49: 18
B50: Period | N50: Period | AA50: Period | AN50: Period
B51: Night | C51: 516.47 | D51: 502.5 | E51: 632.48 | F51: 231.45 | G51: 341.86 | H51: 288.1 | I51: 361.65 | J51: 217.21 | K51: 190.93 | L51: 123.95 | N51: Night | O51: 0.08 | P51: 0.07 | Q51: 0.09 | R51: 0.04 | S51: 0.03 | T51: 0.03 | U51: 0.03 | V51: 0.02 | W51: 0.09 | X51: 0.07 | AA51: Night | AB51: 0.32 | AC51: 0.32 | AD51: 0.3 | AE51: 0.24 | AF51: 0.2 | AG51: 0.18 | AH51: 0.18 | AI51: 0.15 | AJ51: 0.49 | AK51: 0.4 | AN51: Night | AO51: 0.36 | AP51: 0.35 | AQ51: 0.34 | AR51: 0.26 | AS51: 0.21 | AT51: 0.19 | AU51: 0.19 | AV51: 0.16 | AW51: 0.54 | AX51: 0.44
B52: AM-Early | C52: 4113.73 | D52: 1211.44 | E52: 2345.39 | F52: 2684.64 | G52: 6104.94 | H52: 2503.59 | I52: 7333.03 | J52: 480.57 | K52: 1562.34 | L52: 737.7 | N52: AM-Early | O52: 0.34 | P52: 0.21 | Q52: 0.38 | R52: 0.22 | S52: 0.41 | T52: 0.21 | U52: 0.38 | V52: 0.06 | W52: 0.36 | X52: 0.26 | AA52: AM-Early | AB52: 0.86 | AC52: 0.62 | AD52: 0.69 | AE52: 0.85 | AF52: 0.83 | AG52: 0.73 | AH52: 0.87 | AI52: 0.34 | AJ52: 0.86 | AK52: 0.75 | AN52: AM-Early | AO52: 1.03 | AP52: 0.72 | AQ52: 0.8 | AR52: 1.03 | AS52: 0.98 | AT52: 0.86 | AU52: 1.03 | AV52: 0.36 | AW52: 1.03 | AX52: 0.88
B53: AM-Peak | C53: 39285.41 | D53: 8442.8 | E53: 18022.98 | F53: 16347.21 | G53: 54639.65 | H53: 15221.1 | I53: 41261.94 | J53: 6382.15 | K53: 2570.69 | L53: 3971.58 | N53: AM-Peak | O53: 0.51 | P53: 0.25 | Q53: 0.46 | R53: 0.52 | S53: 0.57 | T53: 0.36 | U53: 0.42 | V53: 0.33 | W53: 0.23 | X53: 0.34 | AA53: AM-Peak | AB53: 1.04 | AC53: 0.73 | AD53: 0.83 | AE53: 0.94 | AF53: 1.02 | AG53: 0.76 | AH53: 0.95 | AI53: 0.54 | AJ53: 0.69 | AK53: 0.82 | AN53: AM-Peak | AO53: 1.27 | AP53: 0.88 | AQ53: 0.96 | AR53: 1.27 | AS53: 1.22 | AT53: 0.89 | AU53: 1.1 | AV53: 0.63 | AW53: 0.81 | AX53: 1.01
B54: AM-Shoulder | C54: 4173.87 | D54: 2284.19 | E54: 3568.25 | F54: 4774.05 | G54: 7782.25 | H54: 5120.7 | I54: 3073.55 | J54: 1316.06 | K54: 624.66 | L54: 695.17 | N54: AM-Shoulder | O54: 0.37 | P54: 0.21 | Q54: 0.4 | R54: 0.41 | S54: 0.41 | T54: 0.38 | U54: 0.37 | V54: 0.32 | W54: 0.21 | X54: 0.21 | AA54: AM-Shoulder | AB54: 0.88 | AC54: 0.82 | AD54: 0.81 | AE54: 0.89 | AF54: 0.9 | AG54: 0.83 | AH54: 0.7 | AI54: 0.52 | AJ54: 0.76 | AK54: 0.79 | AN54: AM-Shoulder | AO54: 1.05 | AP54: 0.95 | AQ54: 0.92 | AR54: 1.05 | AS54: 1.05 | AT54: 0.97 | AU54: 0.82 | AV54: 0.61 | AW54: 0.87 | AX54: 0.91
B55: MD | C55: 16140.86 | D55: 18116.17 | E55: 20590.15 | F55: 22577.06 | G55: 19143.46 | H55: 21889.57 | I55: 8895.15 | J55: 5819 | K55: 6330.72 | L55: 7302.03 | N55: MD | O55: 0.28 | P55: 0.31 | Q55: 0.34 | R55: 0.37 | S55: 0.31 | T55: 0.36 | U55: 0.26 | V55: 0.32 | W55: 0.32 | X55: 0.37 | AA55: MD | AB55: 0.87 | AC55: 0.87 | AD55: 0.87 | AE55: 0.88 | AF55: 0.78 | AG55: 0.78 | AH55: 0.58 | AI55: 0.49 | AJ55: 0.86 | AK55: 0.89 | AN55: MD | AO55: 1.05 | AP55: 1.05 | AQ55: 1.02 | AR55: 1.05 | AS55: 0.91 | AT55: 0.92 | AU55: 0.69 | AV55: 0.58 | AW55: 1.01 | AX55: 1.07
B56: PM-Shoulder | C56: 4400.99 | D56: 4140.47 | E56: 5905.42 | F56: 6628.91 | G56: 7708.5 | H56: 8297.33 | I56: 3010.65 | J56: 5986.87 | K56: 1773.73 | L56: 1370.43 | N56: PM-Shoulder | O56: 0.36 | P56: 0.33 | Q56: 0.45 | R56: 0.54 | S56: 0.5 | T56: 0.54 | U56: 0.41 | V56: 0.57 | W56: 0.42 | X56: 0.3 | AA56: PM-Shoulder | AB56: 0.87 | AC56: 0.86 | AD56: 0.89 | AE56: 0.88 | AF56: 0.87 | AG56: 0.87 | AH56: 0.68 | AI56: 0.8 | AJ56: 0.89 | AK56: 0.87 | AN56: PM-Shoulder | AO56: 1.05 | AP56: 1.05 | AQ56: 1.05 | AR56: 1.05 | AS56: 1.05 | AT56: 1.05 | AU56: 0.83 | AV56: 0.96 | AW56: 1.09 | AX56: 1.11
B57: PM-Peak | C57: 23193.81 | D57: 22297.53 | E57: 17763.38 | F57: 17082.33 | G57: 22652.35 | H57: 27365.88 | I57: 12181.04 | J57: 6326.32 | K57: 3365.48 | L57: 3943.89 | N57: PM-Peak | O57: 0.61 | P57: 0.59 | Q57: 0.43 | R57: 0.45 | S57: 0.46 | T57: 0.54 | U57: 0.39 | V57: 0.44 | W57: 0.26 | X57: 0.27 | AA57: PM-Peak | AB57: 0.91 | AC57: 0.9 | AD57: 0.84 | AE57: 0.81 | AF57: 0.81 | AG57: 0.85 | AH57: 0.67 | AI57: 0.56 | AJ57: 0.78 | AK57: 0.79 | AN57: PM-Peak | AO57: 1.18 | AP57: 1.16 | AQ57: 1.03 | AR57: 0.96 | AS57: 0.98 | AT57: 1.05 | AU57: 0.81 | AV57: 0.69 | AW57: 0.97 | AX57: 0.95
B58: PM-Late | C58: 4019.09 | D58: 4736.65 | E58: 4501.62 | F58: 1342.89 | G58: 5558.02 | H58: 6037.1 | I58: 3776.87 | J58: 1942.65 | K58: 1340.27 | L58: 2789.3 | N58: PM-Late | O58: 0.21 | P58: 0.27 | Q58: 0.18 | R58: 0.22 | S58: 0.17 | T58: 0.2 | U58: 0.13 | V58: 0.05 | W58: 0.19 | X58: 0.22 | AA58: PM-Late | AB58: 0.63 | AC58: 0.63 | AD58: 0.68 | AE58: 0.36 | AF58: 0.67 | AG58: 0.64 | AH58: 0.57 | AI58: 0.27 | AJ58: 0.65 | AK58: 0.82 | AN58: PM-Late | AO58: 0.76 | AP58: 0.77 | AQ58: 0.79 | AR58: 0.42 | AS58: 0.81 | AT58: 0.79 | AU58: 0.69 | AV58: 0.28 | AW58: 0.76 | AX58: 0.98
B61: Revenue Per Period Medium A | N61: ML Speed | AA61: GP Speed | AN61: Time Saving
B62: Direction | C62: NB | D62: SB | E62: NB | F62: SB | G62: NB | H62: SB | I62: NB | J62: SB | K62: NB | L62: SB | N62: Direction | O62: NB | P62: SB | Q62: NB | R62: SB | S62: NB | T62: SB | U62: NB | V62: SB | W62: NB | X62: SB | AA62: Direction | AB62: NB | AC62: SB | AD62: NB | AE62: SB | AF62: NB | AG62: SB | AH62: NB | AI62: SB | AJ62: NB | AK62: SB | AN62: Direction | AO62: NB | AP62: SB | AQ62: NB | AR62: SB | AS62: NB | AT62: SB | AU62: NB | AV62: SB | AW62: NB | AX62: SB
B63: Segment | C63: 11 | D63: 11 | E63: 12 | F63: 12 | G63: 13 | H63: 13 | I63: 14 | J63: 14 | K63: 18 | L63: 18 | N63: Segment | O63: 11 | P63: 11 | Q63: 12 | R63: 12 | S63: 13 | T63: 13 | U63: 14 | V63: 14 | W63: 18 | X63: 18 | AA63: Segment | AB63: 11 | AC63: 11 | AD63: 12 | AE63: 12 | AF63: 13 | AG63: 13 | AH63: 14 | AI63: 14 | AJ63: 18 | AK63: 18 | AN63: Segment | AO63: 11 | AP63: 11 | AQ63: 12 | AR63: 12 | AS63: 13 | AT63: 13 | AU63: 14 | AV63: 14 | AW63: 18 | AX63: 18
B64: Period | N64: Period | AA64: Period | AN64: Period
B65: Night | C65: 40.66 | D65: 36.96 | E65: 44.75 | F65: 39.93 | G65: 25 | H65: 25.26 | I65: 24.54 | J65: 27.42 | K65: 17.33 | L65: 21.39 | N65: Night | O65: 60 | P65: 60 | Q65: 60 | R65: 60 | S65: 60 | T65: 60 | U65: 60 | V65: 60 | W65: 60 | X65: 60 | AA65: Night | AB65: 59.93 | AC65: 59.94 | AD65: 59.95 | AE65: 59.99 | AF65: 55 | AG65: 55 | AH65: 60 | AI65: 60 | AJ65: 59.19 | AK65: 59.76 | AN65: Night | AO65: 0 | AP65: 0 | AQ65: 0 | AR65: 0 | AS65: -0.25 | AT65: -0.25 | AU65: 0 | AV65: 0 | AW65: -0.01 | AX65: 0
B66: AM-Early | C66: 354.3 | D66: 142.5 | E66: 213.74 | F66: 327.36 | G66: 335.61 | H66: 270.21 | I66: 389.36 | J66: 54.32 | K66: 141.85 | L66: 89.49 | N66: AM-Early | O66: 59.9 | P66: 59.99 | Q66: 59.79 | R66: 59.99 | S66: 59.66 | T66: 59.99 | U66: 59.77 | V66: 60 | W66: 59.85 | X66: 59.98 | AA66: AM-Early | AB66: 42.29 | AC66: 56.84 | AD66: 54.24 | AE66: 43.33 | AF66: 41.6 | AG66: 47.91 | AH66: 42.09 | AI66: 59.91 | AJ66: 42.3 | AK66: 50.87 | AN66: AM-Early | AO66: -0.92 | AP66: -0.12 | AQ66: -0.26 | AR66: -0.96 | AS66: -1.22 | AT66: -0.71 | AU66: -1.39 | AV66: -0.01 | AW66: -0.33 | AX66: -0.14
B67: AM-Peak | C67: 4644.38 | D67: 1150.46 | E67: 2115.13 | F67: 2287.53 | G67: 4975.44 | H67: 2142.22 | I67: 4340.42 | J67: 1062.53 | K67: 299.04 | L67: 509.85 | N67: AM-Peak | O67: 58.63 | P67: 59.98 | Q67: 59.29 | R67: 58.54 | S67: 57.31 | T67: 59.84 | U67: 59.6 | V67: 59.91 | W67: 59.99 | X67: 59.89 | AA67: AM-Peak | AB67: 26.49 | AC67: 52.39 | AD67: 45.24 | AE67: 35.9 | AF67: 25.93 | AG67: 46.38 | AH67: 34.32 | AI67: 58.52 | AJ67: 54.16 | AK67: 45.86 | AN67: AM-Peak | AO67: -2.73 | AP67: -0.32 | AQ67: -0.79 | AR67: -1.62 | AS67: -3.55 | AT67: -0.81 | AU67: -2.45 | AV67: -0.08 | AW67: -0.09 | AX67: -0.25
B68: AM-Shoulder | C68: 556.46 | D68: 277.24 | E68: 554.25 | F68: 774.39 | G68: 880.82 | H68: 747.1 | I68: 502.88 | J68: 162.51 | K68: 96.43 | L68: 112.83 | N68: AM-Shoulder | O68: 59.81 | P68: 60 | Q68: 59.71 | R68: 59.64 | S68: 59.64 | T68: 59.78 | U68: 59.82 | V68: 59.93 | W68: 60 | X68: 59.99 | AA68: AM-Shoulder | AB68: 40.69 | AC68: 46.08 | AD68: 46.99 | AE68: 40.13 | AF68: 35.8 | AG68: 41.36 | AH68: 53.6 | AI68: 58.79 | AJ68: 50.61 | AK68: 48.52 | AN68: AM-Shoulder | AO68: -1.04 | AP68: -0.66 | AQ68: -0.68 | AR68: -1.22 | AS68: -1.88 | AT68: -1.25 | AU68: -0.38 | AV68: -0.06 | AW68: -0.15 | AX68: -0.19
B69: MD | C69: 1715.4 | D69: 1807.16 | E69: 2963.85 | F69: 3005.3 | G69: 1920.03 | H69: 2143.2 | I69: 1003.79 | J69: 608.59 | K69: 902.31 | L69: 968.69 | N69: MD | O69: 59.97 | P69: 59.94 | Q69: 59.9 | R69: 59.83 | S69: 59.94 | T69: 59.85 | U69: 59.98 | V69: 59.93 | W69: 59.92 | X69: 59.82 | AA69: MD | AB69: 41.94 | AC69: 41.76 | AD69: 41.85 | AE69: 40.73 | AF69: 45.14 | AG69: 44.72 | AH69: 57.74 | AI69: 59.13 | AJ69: 42.59 | AK69: 40.34 | AN69: MD | AO69: -0.95 | AP69: -0.96 | AQ69: -1.08 | AR69: -1.18 | AS69: -0.92 | AT69: -0.95 | AU69: -0.13 | AV69: -0.04 | AW69: -0.33 | AX69: -0.39
B70: PM-Shoulder | C70: 325.56 | D70: 278.91 | E70: 523.76 | F70: 364.55 | G70: 688.03 | H70: 526.97 | I70: 264.28 | J70: 318.73 | K70: 156.63 | L70: 74.39 | N70: PM-Shoulder | O70: 59.85 | P70: 59.91 | Q70: 59.4 | R70: 58.14 | S70: 58.84 | T70: 58.18 | U70: 59.63 | V70: 57.34 | W70: 59.6 | X70: 59.95 | AA70: PM-Shoulder | AB70: 41.84 | AC70: 42.56 | AD70: 40.17 | AE70: 40.86 | AF70: 38.3 | AG70: 38.37 | AH70: 54.52 | AI70: 47.34 | AJ70: 39.88 | AK70: 41.61 | AN70: PM-Shoulder | AO70: -0.95 | AP70: -0.9 | AQ70: -1.21 | AR70: -1.09 | AS70: -1.53 | AT70: -1.49 | AU70: -0.31 | AV70: -0.73 | AW70: -0.4 | AX70: -0.35
B71: PM-Peak | C71: 1299.65 | D71: 1437.67 | E71: 1276.65 | F71: 1032.95 | G71: 1132.69 | H71: 1217.72 | I71: 913.89 | J71: 228.66 | K71: 249.35 | L71: 236.01 | N71: PM-Peak | O71: 55.97 | P71: 56.61 | Q71: 59.53 | R71: 59.35 | S71: 59.28 | T71: 57.99 | U71: 59.75 | V71: 59.47 | W71: 59.98 | X71: 59.98 | AA71: PM-Peak | AB71: 38.48 | AC71: 39.48 | AD71: 44.02 | AE71: 46.61 | AF71: 42.71 | AG71: 39.83 | AH71: 55.18 | AI71: 58.11 | AJ71: 49.31 | AK71: 48.34 | AN71: PM-Peak | AO71: -1.07 | AP71: -1.01 | AQ71: -0.89 | AR71: -0.69 | AS71: -1.1 | AT71: -1.32 | AU71: -0.27 | AV71: -0.08 | AW71: -0.17 | AX71: -0.19
B72: PM-Late | C72: 225.69 | D72: 156.01 | E72: 295.31 | F72: 49.54 | G72: 275.09 | H72: 229.85 | I72: 186.76 | J72: 23.7 | K72: 88.25 | L72: 103.26 | N72: PM-Late | O72: 60 | P72: 59.97 | Q72: 60 | R72: 59.99 | S72: 60 | T72: 60 | U72: 60 | V72: 60 | W72: 60 | X72: 59.99 | AA72: PM-Late | AB72: 56.34 | AC72: 56.32 | AD72: 54.57 | AE72: 59.87 | AF72: 50.44 | AG72: 51.35 | AH72: 57.93 | AI72: 59.98 | AJ72: 55.91 | AK72: 45.94 | AN72: PM-Late | AO72: -0.14 | AP72: -0.14 | AQ72: -0.25 | AR72: 0 | AS72: -0.53 | AT72: -0.47 | AU72: -0.12 | AV72: 0 | AW72: -0.06 | AX72: -0.24
B75: Revenue Per Period Medium B | N75: ML time | AA75: GP Time | AN75: Difference in travel time
B76: Direction | C76: NB | D76: SB | E76: NB | F76: SB | G76: NB | H76: SB | I76: NB | J76: SB | K76: NB | L76: SB | N76: Direction | O76: NB | P76: SB | Q76: NB | R76: SB | S76: NB | T76: SB | U76: NB | V76: SB | W76: NB | X76: SB | AA76: Direction | AB76: NB | AC76: SB | AD76: NB | AE76: SB | AF76: NB | AG76: SB | AH76: NB | AI76: SB | AJ76: NB | AK76: SB | AN76: Direction | AO76: NB | AP76: SB | AQ76: NB | AR76: SB | AS76: NB | AT76: SB | AU76: NB | AV76: SB | AW76: NB | AX76: SB
B77: Segment | C77: 11 | D77: 11 | E77: 12 | F77: 12 | G77: 13 | H77: 13 | I77: 14 | J77: 14 | K77: 18 | L77: 18 | N77: Segment | O77: 11 | P77: 11 | Q77: 12 | R77: 12 | S77: 13 | T77: 13 | U77: 14 | V77: 14 | W77: 18 | X77: 18 | AA77: Segment | AB77: 11 | AC77: 11 | AD77: 12 | AE77: 12 | AF77: 13 | AG77: 13 | AH77: 14 | AI77: 14 | AJ77: 18 | AK77: 18 | AN77: Segment | AO77: 11 | AP77: 11 | AQ77: 12 | AR77: 12 | AS77: 13 | AT77: 13 | AU77: 14 | AV77: 14 | AW77: 18 | AX77: 18
B78: Period | N78: Period | AA78: Period | AN78: Period
B79: Night | C79: 11.07 | D79: 13.99 | E79: 3.66 | F79: 6.13 | G79: 5.85 | H79: 9.26 | I79: 5.14 | J79: 2.54 | K79: 1.63 | L79: 3.25 | N79: Night | O79: 2.2 | P79: 2.2 | Q79: 2.5 | R79: 2.5 | S79: 2.8 | T79: 2.8 | U79: 3.3 | V79: 3.3 | W79: 0.8 | X79: 0.8 | AA79: Night | AB79: 2.2 | AC79: 2.2 | AD79: 2.5 | AE79: 2.5 | AF79: 3.05 | AG79: 3.05 | AH79: 3.3 | AI79: 3.3 | AJ79: 0.81 | AK79: 0.8 | AN79: Night | AO79: 0 | AP79: 0 | AQ79: 0 | AR79: 0 | AS79: -0.08 | AT79: -0.08 | AU79: 0 | AV79: 0 | AW79: -0.01 | AX79: 0
B80: AM-Early | C80: 185.48 | D80: 63.44 | E80: 87.45 | F80: 308.31 | G80: 259.3 | H80: 150.21 | I80: 313.78 | J80: 29.51 | K80: 58.16 | L80: 85.1 | N80: AM-Early | O80: 2.2 | P80: 2.2 | Q80: 2.51 | R80: 2.5 | S80: 2.82 | T80: 2.8 | U80: 3.31 | V80: 3.3 | W80: 0.8 | X80: 0.8 | AA80: AM-Early | AB80: 3.12 | AC80: 2.32 | AD80: 2.77 | AE80: 3.46 | AF80: 4.04 | AG80: 3.51 | AH80: 4.7 | AI80: 3.31 | AJ80: 1.13 | AK80: 0.94 | AN80: AM-Early | AO80: -0.29 | AP80: -0.05 | AQ80: -0.09 | AR80: -0.28 | AS80: -0.3 | AT80: -0.2 | AU80: -0.3 | AV80: 0 | AW80: -0.29 | AX80: -0.15
B81: AM-Peak | C81: 1150.81 | D81: 400.64 | E81: 649.85 | F81: 1372.77 | G81: 2177.52 | H81: 815.4 | I81: 1519.43 | J81: 332.95 | K81: 91.55 | L81: 299.93 | N81: AM-Peak | O81: 2.25 | P81: 2.2 | Q81: 2.53 | R81: 2.56 | S81: 2.93 | T81: 2.81 | U81: 3.32 | V81: 3.3 | W81: 0.8 | X81: 0.8 | AA81: AM-Peak | AB81: 4.98 | AC81: 2.52 | AD81: 3.32 | AE81: 4.18 | AF81: 6.48 | AG81: 3.62 | AH81: 5.77 | AI81: 3.38 | AJ81: 0.89 | AK81: 1.05 | AN81: AM-Peak | AO81: -0.55 | AP81: -0.13 | AQ81: -0.24 | AR81: -0.39 | AS81: -0.55 | AT81: -0.22 | AU81: -0.42 | AV81: -0.02 | AW81: -0.1 | AX81: -0.23
B82: AM-Shoulder | C82: 154.41 | D82: 108.19 | E82: 182.87 | F82: 406.04 | G82: 383.77 | H82: 349.02 | I82: 157.78 | J82: 77.7 | K82: 31.54 | L82: 58.97 | N82: AM-Shoulder | O82: 2.21 | P82: 2.2 | Q82: 2.51 | R82: 2.52 | S82: 2.82 | T82: 2.81 | U82: 3.31 | V82: 3.3 | W82: 0.8 | X82: 0.8 | AA82: AM-Shoulder | AB82: 3.24 | AC82: 2.86 | AD82: 3.19 | AE82: 3.74 | AF82: 4.69 | AG82: 4.06 | AH82: 3.69 | AI82: 3.37 | AJ82: 0.95 | AK82: 0.99 | AN82: AM-Shoulder | AO82: -0.32 | AP82: -0.23 | AQ82: -0.21 | AR82: -0.33 | AS82: -0.4 | AT82: -0.31 | AU82: -0.1 | AV82: -0.02 | AW82: -0.16 | AX82: -0.19
B83: MD | C83: 468.12 | D83: 563.29 | E83: 964.08 | F83: 1059.99 | G83: 871 | H83: 917.61 | I83: 435.34 | J83: 231.49 | K83: 292.68 | L83: 341.12 | N83: MD | O83: 2.2 | P83: 2.2 | Q83: 2.5 | R83: 2.51 | S83: 2.8 | T83: 2.81 | U83: 3.3 | V83: 3.3 | W83: 0.8 | X83: 0.8 | AA83: MD | AB83: 3.15 | AC83: 3.16 | AD83: 3.58 | AE83: 3.68 | AF83: 3.72 | AG83: 3.76 | AH83: 3.43 | AI83: 3.35 | AJ83: 1.13 | AK83: 1.19 | AN83: MD | AO83: -0.3 | AP83: -0.3 | AQ83: -0.3 | AR83: -0.32 | AS83: -0.25 | AT83: -0.25 | AU83: -0.04 | AV83: -0.01 | AW83: -0.29 | AX83: -0.33
B84: PM-Shoulder | C84: 109.47 | D84: 37.61 | E84: 183.45 | F84: 202.98 | G84: 208.35 | H84: 112.47 | I84: 69.09 | J84: 143.93 | K84: 53.91 | L84: 41.44 | N84: PM-Shoulder | O84: 2.21 | P84: 2.2 | Q84: 2.53 | R84: 2.58 | S84: 2.86 | T84: 2.89 | U84: 3.32 | V84: 3.45 | W84: 0.81 | X84: 0.8 | AA84: PM-Shoulder | AB84: 3.16 | AC84: 3.1 | AD84: 3.73 | AE84: 3.67 | AF84: 4.39 | AG84: 4.38 | AH84: 3.63 | AI84: 4.18 | AJ84: 1.2 | AK84: 1.15 | AN84: PM-Shoulder | AO84: -0.3 | AP84: -0.29 | AQ84: -0.32 | AR84: -0.3 | AS84: -0.35 | AT84: -0.34 | AU84: -0.09 | AV84: -0.17 | AW84: -0.33 | AX84: -0.31
B85: PM-Peak | C85: 285.32 | D85: 274.31 | E85: 193.15 | F85: 245.44 | G85: 264.1 | H85: 260.63 | I85: 180.03 | J85: 76.24 | K85: 34 | L85: 57.22 | N85: PM-Peak | O85: 2.36 | P85: 2.33 | Q85: 2.52 | R85: 2.53 | S85: 2.83 | T85: 2.9 | U85: 3.31 | V85: 3.33 | W85: 0.8 | X85: 0.8 | AA85: PM-Peak | AB85: 3.43 | AC85: 3.34 | AD85: 3.41 | AE85: 3.22 | AF85: 3.93 | AG85: 4.22 | AH85: 3.59 | AI85: 3.41 | AJ85: 0.97 | AK85: 0.99 | AN85: PM-Peak | AO85: -0.31 | AP85: -0.3 | AQ85: -0.26 | AR85: -0.21 | AS85: -0.28 | AT85: -0.31 | AU85: -0.08 | AV85: -0.02 | AW85: -0.18 | AX85: -0.19
B86: PM-Late | C86: 22.09 | D86: 35.93 | E86: 30.71 | F86: 13.48 | G86: 55.15 | H86: 83.32 | I86: 6.61 | J86: 2.35 | K86: 9.29 | L86: 26.48 | N86: PM-Late | O86: 2.2 | P86: 2.2 | Q86: 2.5 | R86: 2.5 | S86: 2.8 | T86: 2.8 | U86: 3.3 | V86: 3.3 | W86: 0.8 | X86: 0.8 | AA86: PM-Late | AB86: 2.34 | AC86: 2.34 | AD86: 2.75 | AE86: 2.51 | AF86: 3.33 | AG86: 3.27 | AH86: 3.42 | AI86: 3.3 | AJ86: 0.86 | AK86: 1.04 | AN86: PM-Late | AO86: -0.06 | AP86: -0.06 | AQ86: -0.09 | AR86: 0 | AS86: -0.16 | AT86: -0.14 | AU86: -0.03 | AV86: 0 | AW86: -0.07 | AX86: -0.23
B89: Revenue Per Period Heavy A | N89: ML light veh.Miles | AA89: GP light veh.Miles | AN89: LVr Toll
B90: Direction | C90: NB | D90: SB | E90: NB | F90: SB | G90: NB | H90: SB | I90: NB | J90: SB | K90: NB | L90: SB | N90: Direction | O90: NB | T90: SB | AA90: Direction | AB90: NB | AG90: SB | AN90: Direction | AO90: NB | AP90: SB | AQ90: NB | AR90: SB | AS90: NB | AT90: SB | AU90: NB | AV90: SB | AW90: NB | AX90: SB
B91: Segment | C91: 11 | D91: 11 | E91: 12 | F91: 12 | G91: 13 | H91: 13 | I91: 14 | J91: 14 | K91: 18 | L91: 18 | N91: Segment | O91: 11 | P91: 12 | Q91: 13 | R91: 14 | S91: 18 | T91: 11 | U91: 12 | V91: 13 | W91: 14 | X91: 18 | AA91: Segment | AB91: 11 | AC91: 12 | AD91: 13 | AE91: 14 | AF91: 18 | AG91: 11 | AH91: 12 | AI91: 13 | AJ91: 14 | AK91: 18 | AN91: Segment | AO91: 11 | AP91: 11 | AQ91: 12 | AR91: 12 | AS91: 13 | AT91: 13 | AU91: 14 | AV91: 14 | AW91: 18 | AX91: 18
B92: Period | N92: Period | AA92: Period | AN92: Period
B93: Night | C93: 275.5 | D93: 277.75 | E93: 473.45 | F93: 264.22 | G93: 93.44 | H93: 91.37 | I93: 132.81 | J93: 123.33 | K93: 147.36 | L93: 139.31 | N93: Night | O93: 2582.34 | P93: 3162.42 | Q93: 1709.28 | R93: 1808.23 | S93: 954.66 | T93: 2512.51 | U93: 1157.26 | V93: 1440.52 | W93: 1086.07 | X93: 619.73 | AA93: Night | AB93: 23283.5 | AC93: 28461.82 | AD93: 27475.12 | AE93: 27912.23 | AF93: 8699.74 | AG93: 22612.59 | AH93: 17863.49 | AI93: 22898.76 | AJ93: 20212.13 | AK93: 5657.87 | AN93: Night | AO93: 0.44 | AP93: 0.44 | AQ93: 0.5 | AR93: 0.5 | AS93: 0.56 | AT93: 0.56 | AU93: 0.66 | AV93: 0.66 | AW93: 0.16 | AX93: 0.16
B94: AM-Early | C94: 176 | D94: 91.45 | E94: 140.86 | F94: 320.13 | G94: 157.02 | H94: 115.03 | I94: 170.26 | J94: 104.42 | K94: 92.05 | L94: 81.12 | N94: AM-Early | O94: 2285.4 | P94: 2858.28 | Q94: 3668.94 | R94: 4073.91 | S94: 867.97 | T94: 1357.85 | U94: 1491.47 | V94: 1742.43 | W94: 533.97 | X94: 566.36 | AA94: AM-Early | AB94: 10755.56 | AC94: 15149.22 | AD94: 19381.78 | AE94: 20408.56 | AF94: 3923.84 | AG94: 6683.15 | AH94: 5708.89 | AI94: 8464.97 | AJ94: 10396.62 | AK94: 2661.64 | AN94: AM-Early | AO94: 3.96 | AP94: 1.96 | AQ94: 2.05 | AR94: 4.5 | AS94: 4.66 | AT94: 4.02 | AU94: 5.94 | AV94: 2.97 | AW94: 1.44 | AX94: 1.04
B95: AM-Peak | C95: 2921.91 | D95: 833.75 | E95: 1552.71 | F95: 5090.87 | G95: 2393.71 | H95: 838.57 | I95: 1919.46 | J95: 474.2 | K95: 210.75 | L95: 524.92 | N95: AM-Peak | O95: 9942.14 | P95: 10012.78 | Q95: 14703.05 | R95: 12600.55 | S95: 1598.43 | T95: 4690.45 | U95: 9081.78 | V95: 8793.02 | W95: 9049.29 | X95: 2206.44 | AA95: AM-Peak | AB95: 38360.03 | AC95: 54596.72 | AD95: 65776.81 | AE95: 72391.96 | AF95: 7509.57 | AG95: 17858.68 | AH95: 21796.28 | AI95: 44982.37 | AJ95: 46102.82 | AK95: 7335.96 | AN95: AM-Peak | AO95: 8.69 | AP95: 3.96 | AQ95: 4.5 | AR95: 4.5 | AS95: 10.41 | AT95: 4.85 | AU95: 10.81 | AV95: 2.33 | AW95: 1.29 | AX95: 1.44
B96: AM-Shoulder | C96: 442.73 | D96: 280.05 | E96: 571.35 | F96: 723.65 | G96: 481.89 | H96: 436.71 | I96: 188.15 | J96: 110.79 | K96: 97.16 | L96: 100.32 | N96: AM-Shoulder | O96: 2318.82 | P96: 2621.47 | Q96: 3399.82 | R96: 3436.17 | S96: 435.14 | T96: 1273.55 | U96: 2652.25 | V96: 2961.46 | W96: 2971.78 | X96: 437.53 | AA96: AM-Shoulder | AB96: 9850.31 | AC96: 13853.28 | AD96: 18038.2 | AE96: 17737.62 | AF96: 2038.46 | AG96: 6261.04 | AH96: 11122.77 | AI96: 14970.3 | AJ96: 14775.62 | AK96: 2050.79 | AN96: AM-Shoulder | AO96: 3.96 | AP96: 3.95 | AQ96: 3.4 | AR96: 4.5 | AS96: 6.41 | AT96: 4.84 | AU96: 2.95 | AV96: 1.46 | AW96: 1.15 | AX96: 1.27
B97: MD | C97: 1511.42 | D97: 1657.86 | E97: 2931.38 | F97: 3003.36 | G97: 1203.17 | H97: 1067.4 | I97: 475.69 | J97: 305.59 | K97: 885.51 | L97: 985.02 | N97: MD | O97: 8967.14 | P97: 11438.97 | Q97: 12798.92 | R97: 12822.6 | S97: 3517.07 | T97: 10064.56 | U97: 12542.81 | V97: 15189.14 | W97: 15844.17 | X97: 4056.68 | AA97: MD | AB97: 35150.14 | AC97: 51427.28 | AD97: 63697.08 | AE97: 63381 | AF97: 15194.93 | AG97: 39991.38 | AH97: 50662.37 | AI97: 75385.26 | AJ97: 78009.48 | AK97: 15028.03 | AN97: MD | AO97: 3.96 | AP97: 3.96 | AQ97: 4.5 | AR97: 4.5 | AS97: 4.19 | AT97: 4.04 | AU97: 2.29 | AV97: 1.21 | AW97: 1.44 | AX97: 1.44
B98: PM-Shoulder | C98: 273.9 | D98: 224.79 | E98: 630.31 | F98: 462.27 | G98: 313.22 | H98: 263.68 | I98: 113.55 | J98: 152.41 | K98: 192.01 | L98: 93.89 | N98: PM-Shoulder | O98: 2444.99 | P98: 3280.8 | Q98: 4337.56 | R98: 4278.31 | S98: 985.41 | T98: 2300.26 | U98: 4185.7 | V98: 4865.96 | W98: 6141.19 | X98: 761.35 | AA98: PM-Shoulder | AB98: 9611.65 | AC98: 13397.81 | AD98: 18600.46 | AE98: 17311.28 | AF98: 3204.99 | AG98: 8744.51 | AH98: 17921.61 | AI98: 21320.14 | AJ98: 29118.91 | AK98: 2255.48 | AN98: PM-Shoulder | AO98: 3.96 | AP98: 3.96 | AQ98: 4.5 | AR98: 3.96 | AS98: 4.98 | AT98: 4.77 | AU98: 2.32 | AV98: 3.22 | AW98: 1.44 | AX98: 1.44
B99: PM-Peak | C99: 1364.83 | D99: 1379.9 | E99: 1703.73 | F99: 1651.54 | G99: 947.25 | H99: 784.95 | I99: 532.7 | J99: 188.15 | K99: 354.28 | L99: 360.2 | N99: PM-Peak | O99: 12885.49 | P99: 9868.55 | Q99: 12631.25 | R99: 12244.36 | S99: 1869.72 | T99: 12387.52 | U99: 10452.28 | V99: 15203.27 | W99: 14510.27 | X99: 1976.38 | AA99: PM-Peak | AB99: 35376.55 | AC99: 33135.7 | AD99: 54038.34 | AE99: 50338.7 | AF99: 5510.52 | AG99: 34327.28 | AH99: 42903.47 | AI99: 59449.58 | AJ99: 61116.98 | AK99: 7167.5 | AN99: PM-Peak | AO99: 3.96 | AP99: 3.96 | AQ99: 4.5 | AR99: 4.09 | AS99: 5.02 | AT99: 5.04 | AU99: 3.28 | AV99: 1.44 | AW99: 1.44 | AX99: 1.6
B100: PM-Late | C100: 270.79 | D100: 263.6 | E100: 672.24 | F100: 154.96 | G100: 351.23 | H100: 283.05 | I100: 250.52 | J100: 339.24 | K100: 200.37 | L100: 322.86 | N100: PM-Late | O100: 4358.42 | P100: 4005.53 | Q100: 4502.9 | R100: 4249.26 | S100: 1353.37 | T100: 5856.55 | U100: 5039.51 | V100: 5598.16 | W100: 1439 | X100: 1615.49 | AA100: PM-Late | AB100: 17281 | AC100: 15805.72 | AD100: 17112.82 | AE100: 16128.9 | AF100: 4881.83 | AG100: 22392.77 | AH100: 19198.99 | AI100: 20922.32 | AJ100: 28018.45 | AK100: 5838.03 | AN100: PM-Late | AO100: 2.03 | AP100: 1.78 | AQ100: 2.81 | AR100: 0.67 | AS100: 3.46 | AT100: 3.02 | AU100: 2.93 | AV100: 4.45 | AW100: 0.79 | AX100: 1.38
B103: % Workday Revenue | N103: ML light veh/period | AA103: GP light veh/period | AN103: Medium A Toll
B104: Direction | C104: NB | D104: SB | E104: NB | F104: SB | G104: NB | H104: SB | I104: NB | J104: SB | K104: NB | L104: SB | N104: Direction | O104: NB | P104: SB | Q104: NB | R104: SB | S104: NB | T104: SB | U104: NB | V104: SB | W104: NB | X104: SB | AA104: Direction | AB104: NB | AC104: SB | AD104: NB | AE104: SB | AF104: NB | AG104: SB | AH104: NB | AI104: SB | AJ104: NB | AK104: SB | AN104: Direction | AO104: NB | AP104: SB | AQ104: NB | AR104: SB | AS104: NB | AT104: SB | AU104: NB | AV104: SB | AW104: NB | AX104: SB
B105: Segment | C105: 11 | D105: 11 | E105: 12 | F105: 12 | G105: 13 | H105: 13 | I105: 14 | J105: 14 | K105: 18 | L105: 18 | N105: Segment | O105: 11 | P105: 11 | Q105: 12 | R105: 12 | S105: 13 | T105: 13 | U105: 14 | V105: 14 | W105: 18 | X105: 18 | AA105: Segment | AB105: 11 | AC105: 11 | AD105: 12 | AE105: 12 | AF105: 13 | AG105: 13 | AH105: 14 | AI105: 14 | AJ105: 18 | AK105: 18 | AN105: Segment | AO105: 11 | AP105: 11 | AQ105: 12 | AR105: 12 | AS105: 13 | AT105: 13 | AU105: 14 | AV105: 14 | AW105: 18 | AX105: 18
B106: Period | N106: Period | AA106: Period | AN106: Period
B107: Night | C107: 0.0073601902 | D107: 0.0113051 | E107: 0.012507968 | F107: 0.0057123757 | G107: 0.0032297578 | H107: 0.0041150214 | I107: 0.005576543 | J107: 0.011009995 | K107: 0.015904462 | L107: 0.010835084 | N107: Night | O107: 1173.79 | P107: 1142.05 | Q107: 1264.97 | R107: 462.9 | S107: 610.46 | T107: 514.47 | U107: 547.95 | V107: 329.11 | W107: 1193.33 | X107: 774.66 | AA107: Night | AB107: 10583.41 | AC107: 10278.45 | AD107: 11384.73 | AE107: 7145.4 | AF107: 9812.54 | AG107: 8178.13 | AH107: 8458.25 | AI107: 6124.89 | AJ107: 10874.67 | AK107: 7072.34 | AN107: Night | AO107: 1.32 | AP107: 1.32 | AQ107: 1.5 | AR107: 1.5 | AS107: 1.68 | AT107: 1.68 | AU107: 1.98 | AV107: 1.98 | AW107: 0.48 | AX107: 0.48
B108: AM-Early | C108: 0.042131222 | D108: 0.020521258 | E108: 0.030203589 | F108: 0.038386502 | G108: 0.047508375 | H108: 0.03020767 | I108: 0.087311721 | J108: 0.01987451 | K108: 0.082556289 | L108: 0.037386874 | N108: AM-Early | O108: 1038.82 | P108: 617.2 | Q108: 1143.31 | R108: 596.59 | S108: 1310.34 | T108: 622.3 | U108: 1234.52 | V108: 161.81 | W108: 1084.96 | X108: 707.95 | AA108: AM-Early | AB108: 4888.89 | AC108: 3037.8 | AD108: 6059.69 | AE108: 2283.56 | AF108: 6922.06 | AG108: 3023.2 | AH108: 6184.41 | AI108: 3150.49 | AJ108: 4904.8 | AK108: 3327.05 | AN108: AM-Early | AO108: 11.88 | AP108: 5.89 | AQ108: 6.15 | AR108: 13.5 | AS108: 13.98 | AT108: 12.07 | AU108: 17.82 | AV108: 8.91 | AW108: 4.32 | AX108: 3.13
B109: AM-Peak | C109: 0.41875975 | D109: 0.14726457 | E109: 0.24207471 | F109: 0.26464968 | G109: 0.44472008 | H109: 0.18903016 | I109: 0.52177021 | J109: 0.24520959 | K109: 0.1412156 | L109: 0.19970088 | N109: AM-Peak | O109: 4519.16 | P109: 2132.02 | Q109: 4005.11 | R109: 3632.71 | S109: 5251.09 | T109: 3140.36 | U109: 3818.35 | V109: 2742.21 | W109: 1998.03 | X109: 2758.05 | AA109: AM-Peak | AB109: 17436.38 | AC109: 8117.58 | AD109: 21838.69 | AE109: 8718.51 | AF109: 23491.72 | AG109: 16065.13 | AH109: 21936.96 | AI109: 13970.55 | AJ109: 9386.97 | AK109: 9169.95 | AN109: AM-Peak | AO109: 26.08 | AP109: 11.88 | AQ109: 13.5 | AR109: 13.5 | AS109: 31.22 | AT109: 14.54 | AU109: 32.42 | AV109: 6.98 | AW109: 3.86 | AX109: 4.32
B110: AM-Shoulder | C110: 0.046475366 | D110: 0.040117799 | E110: 0.052842195 | F110: 0.070417414 | G110: 0.066020503 | H110: 0.066135458 | I110: 0.041731616 | J110: 0.049537994 | K110: 0.037831918 | L110: 0.036403475 | N110: AM-Shoulder | O110: 1054.01 | P110: 578.89 | Q110: 1048.59 | R110: 1060.9 | S110: 1214.22 | T110: 1057.66 | U110: 1041.26 | V110: 900.54 | W110: 543.93 | X110: 546.91 | AA110: AM-Shoulder | AB110: 4477.41 | AC110: 2845.93 | AD110: 5541.31 | AE110: 4449.11 | AF110: 6442.21 | AG110: 5346.54 | AH110: 5375.04 | AI110: 4477.46 | AJ110: 2548.07 | AK110: 2563.49 | AN110: AM-Shoulder | AO110: 11.88 | AP110: 11.84 | AQ110: 10.21 | AR110: 13.5 | AS110: 19.23 | AT110: 14.52 | AU110: 8.86 | AV110: 4.38 | AW110: 3.45 | AX110: 3.81
B111: MD | C111: 0.17304167 | D111: 0.3011821 | E111: 0.29743141 | F111: 0.31259909 | G111: 0.16031114 | H111: 0.25861437 | I111: 0.11501176 | J111: 0.20696063 | K111: 0.37446026 | L111: 0.36117675 | N111: MD | O111: 4075.97 | P111: 4574.8 | Q111: 4575.59 | R111: 5017.12 | S111: 4571.04 | T111: 5424.69 | U111: 3885.63 | V111: 4801.26 | W111: 4396.34 | X111: 5070.85 | AA111: MD | AB111: 15977.34 | AC111: 18177.9 | AD111: 20570.91 | AE111: 20264.95 | AF111: 22748.96 | AG111: 26923.31 | AH111: 19206.37 | AI111: 23639.24 | AJ111: 18993.66 | AK111: 18785.04 | AN111: MD | AO111: 11.88 | AP111: 11.88 | AQ111: 13.5 | AR111: 13.5 | AS111: 12.56 | AT111: 12.11 | AU111: 6.87 | AV111: 3.64 | AW111: 4.32 | AX111: 4.32
B112: PM-Shoulder | C112: 0.044577436 | D112: 0.063675838 | E112: 0.078481611 | F112: 0.080757242 | G112: 0.061789773 | H112: 0.091451503 | I112: 0.036786416 | J112: 0.19618182 | K112: 0.096886109 | L112: 0.059468768 | N112: PM-Shoulder | O112: 1111.36 | P112: 1045.57 | Q112: 1312.32 | R112: 1674.28 | S112: 1549.13 | T112: 1737.84 | U112: 1296.46 | V112: 1860.97 | W112: 1231.76 | X112: 951.69 | AA112: PM-Shoulder | AB112: 4368.93 | AC112: 3974.78 | AD112: 5359.12 | AE112: 7168.64 | AF112: 6643.02 | AG112: 7614.34 | AH112: 5245.84 | AI112: 8823.91 | AJ112: 4006.24 | AK112: 2819.35 | AN112: PM-Shoulder | AO112: 11.88 | AP112: 11.88 | AQ112: 13.5 | AR112: 11.88 | AS112: 14.93 | AT112: 14.32 | AU112: 6.97 | AV112: 9.65 | AW112: 4.32 | AX112: 4.32
B113: PM-Peak | C113: 0.22806915 | D113: 0.34531566 | E113: 0.22686401 | F113: 0.21101921 | G113: 0.17318957 | H113: 0.29451124 | I113: 0.14690543 | J113: 0.20264322 | K113: 0.17821545 | L113: 0.17301962 | N113: PM-Peak | O113: 5857.04 | P113: 5630.69 | Q113: 3947.42 | R113: 4180.91 | S113: 4511.16 | T113: 5429.74 | U113: 3710.41 | V113: 4397.05 | W113: 2337.15 | X113: 2470.48 | AA113: PM-Peak | AB113: 16080.25 | AC113: 15603.31 | AD113: 13254.28 | AE113: 17161.39 | AF113: 19299.41 | AG113: 21231.99 | AH113: 15254.15 | AI113: 18520.3 | AJ113: 6888.15 | AK113: 8959.37 | AN113: PM-Peak | AO113: 11.88 | AP113: 11.88 | AQ113: 13.5 | AR113: 12.26 | AS113: 15.06 | AT113: 15.12 | AU113: 9.85 | AV113: 4.32 | AW113: 4.32 | AX113: 4.79
B114: PM-Late | C114: 0.039585209 | D114: 0.070617674 | E114: 0.059594508 | F114: 0.016458483 | G114: 0.043230808 | H114: 0.065934573 | I114: 0.044906311 | J114: 0.068582245 | K114: 0.072929916 | L114: 0.12200854 | N114: PM-Late | O114: 1981.1 | P114: 2662.07 | Q114: 1602.21 | R114: 2015.8 | S114: 1608.18 | T114: 1999.34 | U114: 1287.65 | V114: 436.06 | W114: 1691.71 | X114: 2019.36 | AA114: PM-Late | AB114: 7855 | AC114: 10178.53 | AD114: 6322.29 | AE114: 7679.6 | AF114: 6111.72 | AG114: 7472.26 | AH114: 4887.55 | AI114: 8490.44 | AJ114: 6102.29 | AK114: 7297.53 | AN114: PM-Late | AO114: 6.09 | AP114: 5.34 | AQ114: 8.43 | AR114: 2 | AS114: 10.37 | AT114: 9.06 | AU114: 8.8 | AV114: 13.36 | AW114: 2.38 | AX114: 4.14
N117: ML medium A veh.Miles | AA117: GP medium A veh.Miles | AN117: Implied VOT
...

Sheet Year_2040
B1: Lenght
C2: 11 | D2: 12 | E2: 13 | F2: 14 | G2: 18
B3: Length | C3: 2.2 | D3: 2.5 | E3: 2.8 | F3: 3.3 | G3: 0.8
B5: TollLights | N5: ML PCE.Miles | AA5: GP PCE.Miles | AN5: Highway PCE.Miles
B6: Direction | C6: NB | D6: SB | E6: NB | F6: SB | G6: NB | H6: SB | I6: NB | J6: SB | K6: NB | L6: SB | N6: Direction | O6: NB | P6: SB | Q6: NB | R6: SB | S6: NB | T6: SB | U6: NB | V6: SB | W6: NB | X6: SB | AA6: Direction | AB6: NB | AC6: SB | AD6: NB | AE6: SB | AF6: NB | AG6: SB | AH6: NB | AI6: SB | AJ6: NB | AK6: SB | AN6: Direction | AO6: NB | AP6: SB | AQ6: NB | AR6: SB | AS6: NB | AT6: SB | AU6: NB | AV6: SB | AW6: NB | AX6: SB
B7: Segment | C7: 11 | D7: 11 | E7: 12 | F7: 12 | G7: 13 | H7: 13 | I7: 14 | J7: 14 | K7: 18 | L7: 18 | N7: Segment | O7: 11 | P7: 11 | Q7: 12 | R7: 12 | S7: 13 | T7: 13 | U7: 14 | V7: 14 | W7: 18 | X7: 18 | AA7: Segment | AB7: 11 | AC7: 11 | AD7: 12 | AE7: 12 | AF7: 13 | AG7: 13 | AH7: 14 | AI7: 14 | AJ7: 18 | AK7: 18 | AN7: Segment | AO7: 11 | AP7: 11 | AQ7: 12 | AR7: 12 | AS7: 13 | AT7: 13 | AU7: 14 | AV7: 14 | AW7: 18 | AX7: 18
B8: Period | N8: Period | AA8: Period | AN8: Period
B9: Night | C9: 0.2 | D9: 0.2 | E9: 0.2 | F9: 0.2 | G9: 0.2 | H9: 0.2 | I9: 0.2 | J9: 0.2 | K9: 0.2 | L9: 0.2 | N9: Night | O9: 4641.72 | P9: 4653.94 | Q9: 6439.75 | R9: 3007.44 | S9: 4096.36 | T9: 3579.09 | U9: 2929.91 | V9: 2070.83 | W9: 1798.9 | X9: 1435.62 | AA9: Night | AB9: 44117.76 | AC9: 43782.14 | AD9: 58873.75 | AE9: 47194.81 | AF9: 42865.24 | AG9: 38202.23 | AH9: 45600.88 | AI9: 39197.32 | AJ9: 16423.5 | AK9: 13393.18 | AN9: Night | AO9: 48759.48 | AP9: 48436.08 | AQ9: 65313.5 | AR9: 50202.25 | AS9: 46961.6 | AT9: 41781.32 | AU9: 48530.79 | AV9: 41268.15 | AW9: 18222.4 | AX9: 14828.8
B10: AM-Early | C10: 2.1 | D10: 1.58 | E10: 1.65 | F10: 2.1 | G10: 2.1 | H10: 2.1 | I10: 2.1 | J10: 0.9 | K10: 2.1 | L10: 1.9 | N10: AM-Early | O10: 3483.19 | P10: 1868.6 | Q10: 3664.58 | R10: 2669.42 | S10: 5829.56 | T10: 2852.73 | U10: 5863.87 | V10: 1434.52 | W10: 1266.81 | X10: 761.6 | AA10: AM-Early | AB10: 14068.85 | AC10: 11058.82 | AD10: 23146.92 | AE10: 9658.9 | AF10: 24410.44 | AG10: 12450.67 | AH10: 24397.98 | AI10: 15680.27 | AJ10: 5347.59 | AK10: 4508.8 | AN10: AM-Early | AO10: 17552.05 | AP10: 12927.42 | AQ10: 26811.5 | AR10: 12328.32 | AS10: 30240 | AT10: 15303.4 | AU10: 30261.84 | AV10: 17114.79 | AW10: 6614.4 | AX10: 5270.4
B11: AM-Peak | C11: 6.3 | D11: 2.1 | E11: 4.2 | F11: 6.3 | G11: 6.3 | H11: 2.1 | I11: 6.2 | J11: 1.31 | K11: 2.1 | L11: 2.1 | N11: AM-Peak | O11: 16125.21 | P11: 8512.94 | Q11: 12631.54 | R11: 13350.41 | S11: 22390.39 | T11: 15452.6 | U11: 18458.33 | V11: 12618.84 | W11: 2139.29 | X11: 3315.05 | AA11: AM-Peak | AB11: 58948.82 | AC11: 29410.5 | AD11: 90971.21 | AE11: 46299.91 | AF11: 92636.27 | AG11: 67775.13 | AH11: 103744.54 | AI11: 78446.34 | AJ11: 11029.51 | AK11: 12246.55 | AN11: AM-Peak | AO11: 75074.03 | AP11: 37923.44 | AQ11: 103602.75 | AR11: 59650.32 | AS11: 115026.66 | AT11: 83227.72 | AU11: 122202.88 | AV11: 91065.17 | AW11: 13168.8 | AX11: 15561.6
B12: AM-Shoulder | C12: 2.1 | D12: 2.1 | E12: 2.1 | F12: 2.1 | G12: 3.74 | H12: 2.1 | I12: 1.87 | J12: 0.81 | K12: 2.09 | L12: 2.1 | N12: AM-Shoulder | O12: 3537.98 | P12: 2638.88 | Q12: 4701.99 | R12: 4416.89 | S12: 4105.88 | T12: 5604.27 | U12: 4713.3 | V12: 4120.28 | W12: 591.76 | X12: 659 | AA12: AM-Shoulder | AB12: 15447.67 | AC12: 10843.74 | AD12: 27515.26 | AE12: 20310.96 | AF12: 25854.12 | AG12: 24355.73 | AH12: 29055.6 | AI12: 25201.21 | AJ12: 3763.44 | AK12: 3724.84 | AN12: AM-Shoulder | AO12: 18985.65 | AP12: 13482.62 | AQ12: 32217.25 | AR12: 24727.85 | AS12: 29960 | AT12: 29960 | AU12: 33768.9 | AV12: 29321.49 | AW12: 4355.2 | AX12: 4383.84
B13: MD | C13: 2.1 | D13: 3.62 | E13: 2.1 | F13: 2.1 | G13: 2.1 | H13: 2.1 | I13: 1.25 | J13: 0.67 | K13: 2.1 | L13: 2.1 | N13: MD | O13: 13316.35 | P13: 10406.91 | Q13: 20347.25 | R13: 19731.12 | S13: 21544.47 | T13: 24379.22 | U13: 17181.14 | V13: 20709.22 | W13: 5383.12 | X13: 6203.69 | AA13: MD | AB13: 51832.84 | AC13: 63146.21 | AD13: 91447.5 | AE13: 85589.01 | AF13: 95834.33 | AG13: 108393.98 | AH13: 98322.16 | AI13: 119156.33 | AJ13: 26168.88 | AK13: 25324.31 | AN13: MD | AO13: 65149.18 | AP13: 73553.12 | AQ13: 111794.75 | AR13: 105320.14 | AS13: 117378.8 | AT13: 132773.2 | AU13: 115503.3 | AV13: 139865.55 | AW13: 31552 | AX13: 31528
B14: PM-Shoulder | C14: 2.1 | D14: 2.99 | E14: 2.1 | F14: 2.1 | G14: 2.1 | H14: 3.09 | I14: 1.58 | J14: 3.22 | K14: 2.1 | L14: 2.1 | N14: PM-Shoulder | O14: 3427.66 | P14: 2563.97 | Q14: 4808.44 | R14: 5335.17 | S14: 5847.27 | T14: 5135.3 | U14: 5208.3 | V14: 6333.2 | W14: 1364.16 | X14: 1115.03 | AA14: PM-Shoulder | AB14: 13465.26 | AC14: 12229.65 | AD14: 21941.56 | AE14: 25329.57 | AF14: 24112.73 | AG14: 26928.23 | AH14: 25445.73 | AI14: 39569.8 | AJ14: 5228.64 | AK14: 3178.44 | AN14: PM-Shoulder | AO14: 16892.93 | AP14: 14793.62 | AQ14: 26750 | AR14: 30664.74 | AS14: 29960 | AT14: 32063.53 | AU14: 30654.03 | AV14: 45903 | AW14: 6592.8 | AX14: 4293.47
B15: PM-Peak | C15: 6.3 | D15: 6.3 | E15: 2.1 | F15: 2.1 | G15: 4.2 | H15: 4.2 | I15: 2.1 | J15: 1.09 | K15: 2.1 | L15: 2.1 | N15: PM-Peak | O15: 13401.22 | P15: 12833.81 | Q15: 16279.31 | R15: 16451.91 | S15: 14552.85 | T15: 17848.23 | U15: 14637.72 | V15: 16039.66 | W15: 2581.21 | X15: 2870.21 | AA15: PM-Peak | AB15: 55938.91 | AC15: 55735.57 | AD15: 54368.93 | AE15: 70808.34 | AF15: 77332.34 | AG15: 80513.38 | AH15: 74612.46 | AI15: 82724.49 | AJ15: 8582.99 | AK15: 10620.67 | AN15: PM-Peak | AO15: 69340.12 | AP15: 68569.38 | AQ15: 70648.24 | AR15: 87260.25 | AS15: 91885.19 | AT15: 98361.61 | AU15: 89250.18 | AV15: 98764.15 | AW15: 11164.2 | AX15: 13490.88
B16: PM-Late | C16: 1.67 | D16: 1.5 | E16: 2.07 | F16: 0.45 | G16: 2.1 | H16: 1.98 | I16: 1.56 | J16: 1.35 | K16: 1.47 | L16: 2.1 | N16: PM-Late | O16: 5441.49 | P16: 7059.89 | Q16: 5429.41 | R16: 6471.76 | S16: 6027.77 | T16: 6828.21 | U16: 5302.18 | V16: 1911.44 | W16: 1653.96 | X16: 2294.96 | AA16: PM-Late | AB16: 27834.39 | AC16: 33687.85 | AD16: 32786.09 | AE16: 35188.49 | AF16: 26706.19 | AG16: 30742.47 | AH16: 25407.62 | AI16: 37297.51 | AJ16: 9182.04 | AK16: 9486.64 | AN16: PM-Late | AO16: 33275.88 | AP16: 40747.74 | AQ16: 38215.5 | AR16: 41660.25 | AS16: 32733.96 | AT16: 37570.68 | AU16: 30709.8 | AV16: 39208.95 | AW16: 10836 | AX16: 11781.6
B19: CaptureRateLights | N19: ML Volume (PCE/Period) | AA19: GP Volume (PCE/Period) | AN19: Highway Volume
B20: Direction | C20: NB | D20: SB | E20: NB | F20: SB | G20: NB | H20: SB | I20: NB | J20: SB | K20: NB | L20: SB | N20: Direction | O20: NB | P20: SB | Q20: NB | R20: SB | S20: NB | T20: SB | U20: NB | V20: SB | W20: NB | X20: SB | AA20: Direction | AB20: NB | AC20: SB | AD20: NB | AE20: SB | AF20: NB | AG20: SB | AH20: NB | AI20: SB | AJ20: NB | AK20: SB | AN20: Direction | AO20: NB | AP20: SB | AQ20: NB | AR20: SB | AS20: NB | AT20: SB | AU20: NB | AV20: SB | AW20: NB | AX20: SB
B21: Segment | C21: 11 | D21: 11 | E21: 12 | F21: 12 | G21: 13 | H21: 13 | I21: 14 | J21: 14 | K21: 18 | L21: 18 | N21: Segment | O21: 11 | P21: 11 | Q21: 12 | R21: 12 | S21: 13 | T21: 13 | U21: 14 | V21: 14 | W21: 18 | X21: 18 | AA21: Segment | AB21: 11 | AC21: 11 | AD21: 12 | AE21: 12 | AF21: 13 | AG21: 13 | AH21: 14 | AI21: 14 | AJ21: 18 | AK21: 18 | AN21: Segment | AO21: 11 | AP21: 11 | AQ21: 12 | AR21: 12 | AS21: 13 | AT21: 13 | AU21: 14 | AV21: 14 | AW21: 18 | AX21: 18
B22: Period | N22: Period | AA22: Period | AN22: Period
B23: Night | C23: 0.1 | D23: 0.1 | E23: 0.1 | F23: 0.06 | G23: 0.1 | H23: 0.1 | I23: 0.06 | J23: 0.05 | K23: 0.1 | L23: 0.1 | N23: Night | O23: 2109.87 | P23: 2115.43 | Q23: 2575.9 | R23: 1202.98 | S23: 1462.99 | T23: 1278.25 | U23: 887.85 | V23: 627.53 | W23: 2248.63 | X23: 1794.53 | AA23: Night | AB23: 20053.53 | AC23: 19900.97 | AD23: 23549.5 | AE23: 18877.92 | AF23: 15309.01 | AG23: 13643.65 | AH23: 13818.45 | AI23: 11877.97 | AJ23: 20529.37 | AK23: 16741.47 | AN23: Night | AO23: 22163.4 | AP23: 22016.4 | AQ23: 26125.4 | AR23: 20080.9 | AS23: 16772 | AT23: 14921.9 | AU23: 14706.3 | AV23: 12505.5 | AW23: 22778 | AX23: 18536
B24: AM-Early | C24: 0.22 | D24: 0.17 | E24: 0.15 | F24: 0.26 | G24: 0.2 | H24: 0.21 | I24: 0.2 | J24: 0.09 | K24: 0.22 | L24: 0.18 | N24: AM-Early | O24: 1583.27 | P24: 849.36 | Q24: 1465.83 | R24: 1067.77 | S24: 2081.99 | T24: 1018.83 | U24: 1776.93 | V24: 434.7 | W24: 1583.51 | X24: 952 | AA24: AM-Early | AB24: 6394.93 | AC24: 5026.74 | AD24: 9258.77 | AE24: 3863.56 | AF24: 8718.01 | AG24: 4446.67 | AH24: 7393.33 | AI24: 4751.6 | AJ24: 6684.49 | AK24: 5636 | AN24: AM-Early | AO24: 7978.2 | AP24: 5876.1 | AQ24: 10724.6 | AR24: 4931.33 | AS24: 10800 | AT24: 5465.5 | AU24: 9170.26 | AV24: 5186.3 | AW24: 8268 | AX24: 6588
B25: AM-Peak | C25: 0.24 | D25: 0.26 | E25: 0.14 | F25: 0.28 | G25: 0.21 | H25: 0.21 | I25: 0.16 | J25: 0.16 | K25: 0.19 | L25: 0.26 | N25: AM-Peak | O25: 7329.64 | P25: 3869.52 | Q25: 5052.62 | R25: 5340.16 | S25: 7996.57 | T25: 5518.79 | U25: 5593.43 | V25: 3823.89 | W25: 2674.11 | X25: 4143.82 | AA25: AM-Peak | AB25: 26794.92 | AC25: 13368.41 | AD25: 36388.48 | AE25: 18519.96 | AF25: 33084.38 | AG25: 24205.4 | AH25: 31437.74 | AI25: 23771.62 | AJ25: 13786.89 | AK25: 15308.18 | AN25: AM-Peak | AO25: 34124.56 | AP25: 17237.92 | AQ25: 41441.1 | AR25: 23860.13 | AS25: 41080.95 | AT25: 29724.19 | AU25: 37031.17 | AV25: 27595.51 | AW25: 16461 | AX25: 19452
B26: AM-Shoulder | C26: 0.22 | D26: 0.24 | E26: 0.19 | F26: 0.22 | G26: 0.15 | H26: 0.22 | I26: 0.16 | J26: 0.16 | K26: 0.18 | L26: 0.19 | N26: AM-Shoulder | O26: 1608.17 | P26: 1199.49 | Q26: 1880.8 | R26: 1766.76 | S26: 1466.38 | T26: 2001.53 | U26: 1428.27 | V26: 1248.57 | W26: 739.7 | X26: 823.75 | AA26: AM-Shoulder | AB26: 7021.67 | AC26: 4928.97 | AD26: 11006.1 | AE26: 8124.38 | AF26: 9233.62 | AG26: 8698.47 | AH26: 8804.73 | AI26: 7636.73 | AJ26: 4704.3 | AK26: 4656.05 | AN26: AM-Shoulder | AO26: 8629.84 | AP26: 6128.46 | AQ26: 12886.9 | AR26: 9891.14 | AS26: 10700 | AT26: 10700 | AU26: 10233 | AV26: 8885.3 | AW26: 5444 | AX26: 5479.8
B27: MD | C27: 0.24 | D27: 0.17 | E27: 0.23 | F27: 0.23 | G27: 0.21 | H27: 0.2 | I27: 0.17 | J27: 0.16 | K27: 0.22 | L27: 0.24 | N27: MD | O27: 6052.88 | P27: 4730.41 | Q27: 8138.9 | R27: 7892.45 | S27: 7694.45 | T27: 8706.86 | U27: 5206.41 | V27: 6275.52 | W27: 6728.9 | X27: 7754.61 | AA27: MD | AB27: 23560.38 | AC27: 28702.82 | AD27: 36579 | AE27: 34235.6 | AF27: 34226.55 | AG27: 38712.14 | AH27: 29794.59 | AI27: 36107.98 | AJ27: 32711.1 | AK27: 31655.39 | AN27: MD | AO27: 29613.27 | AP27: 33433.24 | AQ27: 44717.9 | AR27: 42128.05 | AS27: 41921 | AT27: 47419 | AU27: 35001 | AV27: 42383.5 | AW27: 39440 | AX27: 39410
B28: PM-Shoulder | C28: 0.24 | D28: 0.2 | E28: 0.23 | F28: 0.21 | G28: 0.22 | H28: 0.17 | I28: 0.19 | J28: 0.15 | K28: 0.26 | L28: 0.3 | N28: PM-Shoulder | O28: 1558.03 | P28: 1165.44 | Q28: 1923.37 | R28: 2134.07 | S28: 2088.31 | T28: 1834.03 | U28: 1578.27 | V28: 1919.15 | W28: 1705.2 | X28: 1393.79 | AA28: PM-Shoulder | AB28: 6120.57 | AC28: 5558.93 | AD28: 8776.63 | AE28: 10131.83 | AF28: 8611.69 | AG28: 9617.23 | AH28: 7710.83 | AI28: 11990.85 | AJ28: 6535.8 | AK28: 3973.05 | AN28: PM-Shoulder | AO28: 7678.6 | AP28: 6724.37 | AQ28: 10700 | AR28: 12265.9 | AS28: 10700 | AT28: 11451.26 | AU28: 9289.1 | AV28: 13910 | AW28: 8241 | AX28: 5366.84
B29: PM-Peak | C29: 0.22 | D29: 0.22 | E29: 0.29 | F29: 0.24 | G29: 0.18 | H29: 0.2 | I29: 0.18 | J29: 0.18 | K29: 0.29 | L29: 0.27 | N29: PM-Peak | O29: 6091.46 | P29: 5833.55 | Q29: 6511.72 | R29: 6580.76 | S29: 5197.45 | T29: 6374.37 | U29: 4435.67 | V29: 4860.5 | W29: 3226.51 | X29: 3587.76 | AA29: PM-Peak | AB29: 25426.78 | AC29: 25334.35 | AD29: 21747.57 | AE29: 28323.34 | AF29: 27618.69 | AG29: 28754.78 | AH29: 22609.84 | AI29: 25068.03 | AJ29: 10728.74 | AK29: 13275.84 | AN29: PM-Peak | AO29: 31518.24 | AP29: 31167.9 | AQ29: 28259.3 | AR29: 34904.1 | AS29: 32816.14 | AT29: 35129.14 | AU29: 27045.51 | AV29: 29928.53 | AW29: 13955.25 | AX29: 16863.6
B30: PM-Late | C30: 0.2 | D30: 0.21 | E30: 0.2 | F30: 0.21 | G30: 0.22 | H30: 0.21 | I30: 0.21 | J30: 0.05 | K30: 0.22 | L30: 0.26 | N30: PM-Late | O30: 2473.4 | P30: 3209.04 | Q30: 2171.76 | R30: 2588.7 | S30: 2152.77 | T30: 2438.65 | U30: 1606.72 | V30: 579.22 | W30: 2067.46 | X30: 2868.71 | AA30: PM-Late | AB30: 12652 | AC30: 15312.66 | AD30: 13114.44 | AE30: 14075.4 | AF30: 9537.93 | AG30: 10979.45 | AH30: 7699.28 | AI30: 11302.28 | AJ30: 11477.54 | AK30: 11858.29 | AN30: PM-Late | AO30: 15125.4 | AP30: 18521.7 | AQ30: 15286.2 | AR30: 16664.1 | AS30: 11690.7 | AT30: 13418.1 | AU30: 9306 | AV30: 11881.5 | AW30: 13545 | AX30: 14727
B33: Revenue Per Period | N33: ML Flow (PCE/hr) | AA33: GP Flow (PCE/hr) | AN33: Highway Flow
B34: Direction | C34: NB | D34: SB | E34: NB | F34: SB | G34: NB | H34: SB | I34: NB | J34: SB | K34: NB | L34: SB | N34: Direction | O34: NB | P34: SB | Q34: NB | R34: SB | S34: NB | T34: SB | U34: NB | V34: SB | W34: NB | X34: SB | AA34: Direction | AB34: NB | AC34: SB | AD34: NB | AE34: SB | AF34: NB | AG34: SB | AH34: NB | AI34: SB | AJ34: NB | AK34: SB | AN34: Direction | AO34: NB | AP34: SB | AQ34: NB | AR34: SB | AS34: NB | AT34: SB | AU34: NB | AV34: SB | AW34: NB | AX34: SB
B35: Segment | C35: 11 | D35: 11 | E35: 12 | F35: 12 | G35: 13 | H35: 13 | I35: 14 | J35: 14 | K35: 18 | L35: 18 | N35: Segment | O35: 11 | P35: 11 | Q35: 12 | R35: 12 | S35: 13 | T35: 13 | U35: 14 | V35: 14 | W35: 18 | X35: 18 | AA35: Segment | AB35: 11 | AC35: 11 | AD35: 12 | AE35: 12 | AF35: 13 | AG35: 13 | AH35: 14 | AI35: 14 | AJ35: 18 | AK35: 18 | AN35: Segment | AO35: 11 | AP35: 11 | AQ35: 12 | AR35: 12 | AS35: 13 | AT35: 13 | AU35: 14 | AV35: 14 | AW35: 18 | AX35: 18
B36: Period | N36: Period | AA36: Period | AN36: Period
B37: Night | C37: 928.34 | D37: 930.79 | E37: 1287.95 | F37: 601.49 | G37: 819.27 | H37: 715.82 | I37: 585.98 | J37: 414.17 | K37: 359.78 | L37: 287.12 | N37: Night | O37: 301.41 | P37: 302.2 | Q37: 367.99 | R37: 171.85 | S37: 209 | T37: 182.61 | U37: 126.84 | V37: 89.65 | W37: 321.23 | X37: 256.36 | AA37: Night | AB37: 2864.79 | AC37: 2843 | AD37: 3364.21 | AE37: 2696.85 | AF37: 2187 | AG37: 1949.09 | AH37: 1974.06 | AI37: 1696.85 | AJ37: 2932.77 | AK37: 2391.64 | AN37: Night | AO37: 3166.2 | AP37: 3145.2 | AQ37: 3732.2 | AR37: 2868.7 | AS37: 2396 | AT37: 2131.7 | AU37: 2100.9 | AV37: 1786.5 | AW37: 3254 | AX37: 2648
B38: AM-Early | C38: 7314.7 | D38: 2947.82 | E38: 6037.22 | F38: 5605.78 | G38: 12242.08 | H38: 5990.72 | I38: 12314.12 | J38: 1291.07 | K38: 2660.28 | L38: 1446.71 | N38: AM-Early | O38: 1583.27 | P38: 849.36 | Q38: 1465.83 | R38: 1067.77 | S38: 2081.99 | T38: 1018.83 | U38: 1776.93 | V38: 434.7 | W38: 1583.51 | X38: 952 | AA38: AM-Early | AB38: 6394.93 | AC38: 5026.74 | AD38: 9258.77 | AE38: 3863.56 | AF38: 8718.01 | AG38: 4446.67 | AH38: 7393.33 | AI38: 4751.6 | AJ38: 6684.49 | AK38: 5636 | AN38: AM-Early | AO38: 7978.2 | AP38: 5876.1 | AQ38: 10724.6 | AR38: 4931.33 | AS38: 10800 | AT38: 5465.5 | AU38: 9170.26 | AV38: 5186.3 | AW38: 8268 | AX38: 6588
B39: AM-Peak | C39: 101588.82 | D39: 17877.17 | E39: 53052.49 | F39: 84107.57 | G39: 141059.43 | H39: 32450.46 | I39: 114426.42 | J39: 16530.14 | K39: 4492.5 | L39: 6961.61 | N39: AM-Peak | O39: 2443.21 | P39: 1289.84 | Q39: 1684.21 | R39: 1780.05 | S39: 2665.52 | T39: 1839.6 | U39: 1864.48 | V39: 1274.63 | W39: 891.37 | X39: 1381.27 | AA39: AM-Peak | AB39: 8931.64 | AC39: 4456.14 | AD39: 12129.49 | AE39: 6173.32 | AF39: 11028.13 | AG39: 8068.47 | AH39: 10479.25 | AI39: 7923.87 | AJ39: 4595.63 | AK39: 5102.73 | AN39: AM-Peak | AO39: 11374.85 | AP39: 5745.98 | AQ39: 13813.7 | AR39: 7953.38 | AS39: 13693.65 | AT39: 9908.06 | AU39: 12343.72 | AV39: 9198.5 | AW39: 5487 | AX39: 6484
B40: AM-Shoulder | C40: 7429.72 | D40: 5541.64 | E40: 9874.18 | F40: 9275.47 | G40: 15340.05 | H40: 11768.98 | I40: 8828 | J40: 3329.13 | K40: 1237.03 | L40: 1383.9 | N40: AM-Shoulder | O40: 1608.17 | P40: 1199.49 | Q40: 1880.8 | R40: 1766.76 | S40: 1466.38 | T40: 2001.53 | U40: 1428.27 | V40: 1248.57 | W40: 739.7 | X40: 823.75 | AA40: AM-Shoulder | AB40: 7021.67 | AC40: 4928.97 | AD40: 11006.1 | AE40: 8124.38 | AF40: 9233.62 | AG40: 8698.47 | AH40: 8804.73 | AI40: 7636.73 | AJ40: 4704.3 | AK40: 4656.05 | AN40: AM-Shoulder | AO40: 8629.84 | AP40: 6128.46 | AQ40: 12886.9 | AR40: 9891.14 | AS40: 10700 | AT40: 10700 | AU40: 10233 | AV40: 8885.3 | AW40: 5444 | AX40: 5479.8
B41: MD | C41: 27964.33 | D41: 37672.91 | E41: 42729.22 | F41: 41435.36 | G41: 45243.33 | H41: 51196.36 | I41: 21517.21 | J41: 13914.05 | K41: 11304.55 | L41: 13027.74 | N41: MD | O41: 1210.58 | P41: 946.08 | Q41: 1627.78 | R41: 1578.49 | S41: 1538.89 | T41: 1741.37 | U41: 1041.28 | V41: 1255.1 | W41: 1345.78 | X41: 1550.92 | AA41: MD | AB41: 4712.08 | AC41: 5740.56 | AD41: 7315.8 | AE41: 6847.12 | AF41: 6845.31 | AG41: 7742.43 | AH41: 5958.92 | AI41: 7221.6 | AJ41: 6542.22 | AK41: 6331.08 | AN41: MD | AO41: 5922.65 | AP41: 6686.65 | AQ41: 8943.58 | AR41: 8425.61 | AS41: 8384.2 | AT41: 9483.8 | AU41: 7000.2 | AV41: 8476.7 | AW41: 7888 | AX41: 7882
B42: PM-Shoulder | C42: 7198.09 | D42: 7656.12 | E42: 10097.72 | F42: 11203.86 | G42: 12279.25 | H42: 15850.16 | I42: 8216.76 | J42: 20389.82 | K42: 2864.74 | L42: 2341.57 | N42: PM-Shoulder | O42: 1558.03 | P42: 1165.44 | Q42: 1923.37 | R42: 2134.07 | S42: 2088.31 | T42: 1834.03 | U42: 1578.27 | V42: 1919.15 | W42: 1705.2 | X42: 1393.79 | AA42: PM-Shoulder | AB42: 6120.57 | AC42: 5558.93 | AD42: 8776.63 | AE42: 10131.83 | AF42: 8611.69 | AG42: 9617.23 | AH42: 7710.83 | AI42: 11990.85 | AJ42: 6535.8 | AK42: 3973.05 | AN42: PM-Shoulder | AO42: 7678.6 | AP42: 6724.37 | AQ42: 10700 | AR42: 12265.9 | AS42: 10700 | AT42: 11451.26 | AU42: 9289.1 | AV42: 13910 | AW42: 8241 | AX42: 5366.84
B43: PM-Peak | C43: 84427.67 | D43: 80852.98 | E43: 34186.54 | F43: 34548.92 | G43: 61121.97 | H43: 74962.55 | I43: 30683.65 | J43: 17520.26 | K43: 5420.53 | L43: 6027.43 | N43: PM-Peak | O43: 2030.49 | P43: 1944.52 | Q43: 2170.57 | R43: 2193.59 | S43: 1732.48 | T43: 2124.79 | U43: 1478.56 | V43: 1620.17 | W43: 1075.5 | X43: 1195.92 | AA43: PM-Peak | AB43: 8475.59 | AC43: 8444.78 | AD43: 7249.19 | AE43: 9441.11 | AF43: 9206.23 | AG43: 9584.93 | AH43: 7536.61 | AI43: 8356.01 | AJ43: 3576.25 | AK43: 4425.28 | AN43: PM-Peak | AO43: 10506.08 | AP43: 10389.3 | AQ43: 9419.76 | AR43: 11634.7 | AS43: 10938.71 | AT43: 11709.71 | AU43: 9015.17 | AV43: 9976.18 | AW43: 4651.75 | AX43: 5621.2
B44: PM-Late | C44: 9092.78 | D44: 10581.13 | E44: 11256.45 | F44: 2902.74 | G44: 12658.3 | H44: 13493.79 | I44: 8284.11 | J44: 2580.45 | K44: 2428.9 | L44: 4819.42 | N44: PM-Late | O44: 824.47 | P44: 1069.68 | Q44: 723.92 | R44: 862.9 | S44: 717.59 | T44: 812.88 | U44: 535.57 | V44: 193.07 | W44: 689.15 | X44: 956.24 | AA44: PM-Late | AB44: 4217.33 | AC44: 5104.22 | AD44: 4371.48 | AE44: 4691.8 | AF44: 3179.31 | AG44: 3659.82 | AH44: 2566.43 | AI44: 3767.43 | AJ44: 3825.85 | AK44: 3952.76 | AN44: PM-Late | AO44: 5041.8 | AP44: 6173.9 | AQ44: 5095.4 | AR44: 5554.7 | AS44: 3896.9 | AT44: 4472.7 | AU44: 3102 | AV44: 3960.5 | AW44: 4515 | AX44: 4909
B47: Revenue Per Period Lights | N47: ML V/C | AA47: GP V/C real | AN47: Highway Vol / GP Capacity
B48: Direction | C48: NB | D48: SB | E48: NB | F48: SB | G48: NB | H48: SB | I48: NB | J48: SB | K48: NB | L48: SB | N48: Direction | O48: NB | P48: SB | Q48: NB | R48: SB | S48: NB | T48: SB | U48: NB | V48: SB | W48: NB | X48: SB | AA48: Direction | AB48: NB | AC48: SB | AD48: NB | AE48: SB | AF48: NB | AG48: SB | AH48: NB | AI48: SB | AJ48: NB | AK48: SB | AN48: Direction | AO48: NB | AP48: SB | AQ48: NB | AR48: SB | AS48: NB | AT48: SB | AU48: NB | AV48: SB | AW48: NB | AX48: SB
B49: Segment | C49: 11 | D49: 11 | E49: 12 | F49: 12 | G49: 13 | H49: 13 | I49: 14 | J49: 14 | K49: 18 | L49: 18 | N49: Segment | O49: 11 | P49: 11 | Q49: 12 | R49: 12 | S49: 13 | T49: 13 | U49: 14 | V49: 14 | W49: 18 | X49: 18 | AA49: Segment | AB49: 11 | AC49: 11 | AD49: 12 | AE49: 12 | AF49: 13 | AG49: 13 | AH49: 14 | AI49: 14 | AJ49: 18 | AK49: 18 | AN49: Segment | AO49: 11 | AP49: 11 | AQ49: 12 | AR49: 12 | AS49: 13 | AT49: 13 | AU49: 14 | AV49: 14 | AW49: 18 | AX49: 18
B50: Period | N50: Period | AA50: Period | AN50: Period
B51: Night | C51: 569.92 | D51: 556.7 | E51: 697.95 | F51: 256.96 | G51: 649.19 | H51: 541.39 | I51: 404.34 | J51: 242.85 | K51: 191.92 | L51: 123.51 | N51: Night | O51: 0.08 | P51: 0.08 | Q51: 0.1 | R51: 0.05 | S51: 0.06 | T51: 0.05 | U51: 0.04 | V51: 0.02 | W51: 0.09 | X51: 0.07 | AA51: Night | AB51: 0.36 | AC51: 0.36 | AD51: 0.34 | AE51: 0.27 | AF51: 0.22 | AG51: 0.19 | AH51: 0.2 | AI51: 0.17 | AJ51: 0.49 | AK51: 0.4 | AN51: Night | AO51: 0.4 | AP51: 0.39 | AQ51: 0.37 | AR51: 0.29 | AS51: 0.24 | AT51: 0.21 | AU51: 0.21 | AV51: 0.18 | AW51: 0.54 | AX51: 0.44
B52: AM-Early | C52: 6208.78 | D52: 2365.57 | E52: 5068.38 | F52: 4096.74 | G52: 10895.66 | H52: 4921.14 | I52: 10986.55 | J52: 993.07 | K52: 2232.87 | L52: 1074.1 | N52: AM-Early | O52: 0.44 | P52: 0.24 | Q52: 0.41 | R52: 0.3 | S52: 0.58 | T52: 0.28 | U52: 0.49 | V52: 0.12 | W52: 0.44 | X52: 0.26 | AA52: AM-Early | AB52: 0.87 | AC52: 0.69 | AD52: 0.77 | AE52: 0.85 | AF52: 0.87 | AG52: 0.78 | AH52: 0.87 | AI52: 0.37 | AJ52: 0.86 | AK52: 0.75 | AN52: AM-Early | AO52: 1.08 | AP52: 0.8 | AQ52: 0.89 | AR52: 1.08 | AS52: 1.08 | AT52: 0.96 | AU52: 1.08 | AV52: 0.4 | AW52: 1.06 | AX52: 0.88
B53: AM-Peak | C53: 82697.22 | D53: 13821.19 | E53: 42393.67 | F53: 60324.19 | G53: 119636.98 | H53: 25948.12 | I53: 96594.76 | J53: 12742.6 | K53: 3633.93 | L53: 5183.98 | N53: AM-Peak | O53: 0.68 | P53: 0.36 | Q53: 0.47 | R53: 0.49 | S53: 0.74 | T53: 0.51 | U53: 0.52 | V53: 0.35 | W53: 0.25 | X53: 0.38 | AA53: AM-Peak | AB53: 1.12 | AC53: 0.76 | AD53: 0.93 | AE53: 1.11 | AF53: 1.1 | AG53: 0.81 | AH53: 1.05 | AI53: 0.61 | AJ53: 0.68 | AK53: 0.8 | AN53: AM-Peak | AO53: 1.42 | AP53: 0.98 | AQ53: 1.06 | AR53: 1.43 | AS53: 1.37 | AT53: 0.99 | AU53: 1.23 | AV53: 0.71 | AW53: 0.81 | AX53: 1.01
B54: AM-Shoulder | C54: 5787.2 | D54: 4228.55 | E54: 7205.51 | F54: 6583.13 | G54: 12490.81 | H54: 9023.49 | I54: 6894 | J54: 2622.73 | K54: 909.24 | L54: 991.56 | N54: AM-Shoulder | O54: 0.45 | P54: 0.33 | Q54: 0.52 | R54: 0.49 | S54: 0.41 | T54: 0.56 | U54: 0.4 | V54: 0.35 | W54: 0.21 | X54: 0.23 | AA54: AM-Shoulder | AB54: 0.87 | AC54: 0.85 | AD54: 0.87 | AE54: 0.88 | AF54: 0.92 | AG54: 0.87 | AH54: 0.79 | AI54: 0.59 | AJ54: 0.76 | AK54: 0.78 | AN54: AM-Shoulder | AO54: 1.07 | AP54: 1.05 | AQ54: 1.02 | AR54: 1.07 | AS54: 1.07 | AT54: 1.07 | AU54: 0.92 | AV54: 0.68 | AW54: 0.87 | AX54: 0.91
B55: MD | C55: 22622.06 | D55: 30900.56 | E55: 31698.43 | F55: 31329.89 | G55: 37302.21 | H55: 43014.06 | I55: 17685.73 | J55: 11606.89 | K55: 8455.58 | L55: 9850.33 | N55: MD | O55: 0.34 | P55: 0.26 | Q55: 0.45 | R55: 0.44 | S55: 0.43 | T55: 0.48 | U55: 0.29 | V55: 0.35 | W55: 0.37 | X55: 0.43 | AA55: MD | AB55: 0.85 | AC55: 0.92 | AD55: 0.88 | AE55: 0.87 | AF55: 0.83 | AG55: 0.84 | AH55: 0.65 | AI55: 0.56 | AJ55: 0.84 | AK55: 0.87 | AN55: MD | AO55: 1.07 | AP55: 1.07 | AQ55: 1.07 | AR55: 1.07 | AS55: 1.02 | AT55: 1.03 | AU55: 0.77 | AV55: 0.65 | AW55: 1.01 | AX55: 1.08
B56: PM-Shoulder | C56: 6168.53 | D56: 6757.16 | E56: 8205.12 | F56: 9748.48 | G56: 10644.86 | H56: 14251.32 | I56: 7135.6 | J56: 18361.78 | K56: 2321.43 | L56: 2017.11 | N56: PM-Shoulder | O56: 0.43 | P56: 0.32 | Q56: 0.53 | R56: 0.59 | S56: 0.58 | T56: 0.51 | U56: 0.44 | V56: 0.53 | W56: 0.47 | X56: 0.39 | AA56: PM-Shoulder | AB56: 0.85 | AC56: 0.88 | AD56: 0.88 | AE56: 0.88 | AF56: 0.86 | AG56: 0.9 | AH56: 0.77 | AI56: 0.92 | AJ56: 0.87 | AK56: 0.86 | AN56: PM-Shoulder | AO56: 1.07 | AP56: 1.07 | AQ56: 1.07 | AR56: 1.07 | AS56: 1.07 | AT56: 1.07 | AU56: 0.93 | AV56: 1.07 | AW56: 1.09 | AX56: 1.16
B57: PM-Peak | C57: 75210.08 | D57: 71332.11 | E57: 28685.85 | F57: 29497.18 | G57: 55178.72 | H57: 69122.92 | I57: 26983.24 | J57: 16203.5 | K57: 4523.54 | L57: 5125.2 | N57: PM-Peak | O57: 0.56 | P57: 0.54 | Q57: 0.6 | R57: 0.61 | S57: 0.48 | T57: 0.59 | U57: 0.41 | V57: 0.45 | W57: 0.3 | X57: 0.33 | AA57: PM-Peak | AB57: 1.06 | AC57: 1.05 | AD57: 0.88 | AE57: 0.87 | AF57: 0.92 | AG57: 0.96 | AH57: 0.75 | AI57: 0.64 | AJ57: 0.74 | AK57: 0.75 | AN57: PM-Peak | AO57: 1.31 | AP57: 1.29 | AQ57: 1.15 | AR57: 1.07 | AS57: 1.09 | AT57: 1.17 | AU57: 0.9 | AV57: 0.77 | AW57: 0.97 | AX57: 0.95
B58: PM-Late | C58: 8050.54 | D58: 9646.93 | E58: 9210.9 | F58: 2495.85 | G58: 11254.69 | H58: 12275.05 | I58: 7411.44 | J58: 2171.87 | K58: 1987.15 | L58: 4107.9 | N58: PM-Late | O58: 0.23 | P58: 0.3 | Q58: 0.2 | R58: 0.24 | S58: 0.2 | T58: 0.23 | U58: 0.15 | V58: 0.05 | W58: 0.19 | X58: 0.27 | AA58: PM-Late | AB58: 0.7 | AC58: 0.71 | AD58: 0.76 | AE58: 0.4 | AF58: 0.74 | AG58: 0.72 | AH58: 0.64 | AI58: 0.3 | AJ58: 0.65 | AK58: 0.8 | AN58: PM-Late | AO58: 0.84 | AP58: 0.85 | AQ58: 0.88 | AR58: 0.47 | AS58: 0.91 | AT58: 0.88 | AU58: 0.78 | AV58: 0.32 | AW58: 0.76 | AX58: 1
B61: Revenue Per Period Medium A | N61: ML Speed | AA61: GP Speed | AN61: Time Saving
B62: Direction | C62: NB | D62: SB | E62: NB | F62: SB | G62: NB | H62: SB | I62: NB | J62: SB | K62: NB | L62: SB | N62: Direction | O62: NB | P62: SB | Q62: NB | R62: SB | S62: NB | T62: SB | U62: NB | V62: SB | W62: NB | X62: SB | AA62: Direction | AB62: NB | AC62: SB | AD62: NB | AE62: SB | AF62: NB | AG62: SB | AH62: NB | AI62: SB | AJ62: NB | AK62: SB | AN62: Direction | AO62: NB | AP62: SB | AQ62: NB | AR62: SB | AS62: NB | AT62: SB | AU62: NB | AV62: SB | AW62: NB | AX62: SB
B63: Segment | C63: 11 | D63: 11 | E63: 12 | F63: 12 | G63: 13 | H63: 13 | I63: 14 | J63: 14 | K63: 18 | L63: 18 | N63: Segment | O63: 11 | P63: 11 | Q63: 12 | R63: 12 | S63: 13 | T63: 13 | U63: 14 | V63: 14 | W63: 18 | X63: 18 | AA63: Segment | AB63: 11 | AC63: 11 | AD63: 12 | AE63: 12 | AF63: 13 | AG63: 13 | AH63: 14 | AI63: 14 | AJ63: 18 | AK63: 18 | AN63: Segment | AO63: 11 | AP63: 11 | AQ63: 12 | AR63: 12 | AS63: 13 | AT63: 13 | AU63: 14 | AV63: 14 | AW63: 18 | AX63: 18
B64: Period | N64: Period | AA64: Period | AN64: Period
B65: Night | C65: 44.58 | D65: 47.81 | E65: 63.26 | F65: 44.34 | G65: 47.5 | H65: 47.5 | I65: 27.41 | J65: 30.6 | K65: 17.61 | L65: 21.22 | N65: Night | O65: 60 | P65: 60 | Q65: 60 | R65: 60 | S65: 60 | T65: 60 | U65: 60 | V65: 60 | W65: 60 | X65: 60 | AA65: Night | AB65: 59.87 | AC65: 59.88 | AD65: 59.91 | AE65: 59.98 | AF65: 54.99 | AG65: 55 | AH65: 60 | AI65: 60 | AJ65: 59.19 | AK65: 59.76 | AN65: Night | AO65: 0 | AP65: 0 | AQ65: 0 | AR65: 0 | AS65: -0.25 | AT65: -0.25 | AU65: 0 | AV65: 0 | AW65: -0.01 | AX65: 0
B66: AM-Early | C66: 535.14 | D66: 278.71 | E66: 464.66 | F66: 499.57 | G66: 597.27 | H66: 531.77 | I66: 583.58 | J66: 117.29 | K66: 202.75 | L66: 130.35 | N66: AM-Early | O66: 59.46 | P66: 59.99 | Q66: 59.67 | R66: 59.95 | S66: 57.1 | T66: 59.97 | U66: 58.9 | V66: 60 | W66: 59.46 | X66: 59.98 | AA66: AM-Early | AB66: 42.23 | AC66: 54.31 | AD66: 49.8 | AE66: 43.89 | AF66: 38.22 | AG66: 44.73 | AH66: 41.79 | AI66: 59.86 | AJ66: 42.98 | AK66: 50.85 | AN66: AM-Early | AO66: -0.91 | AP66: -0.23 | AQ66: -0.5 | AR66: -0.92 | AS66: -1.45 | AT66: -0.95 | AU66: -1.38 | AV66: -0.01 | AW66: -0.31 | AX66: -0.14
B67: AM-Peak | C67: 9814 | D67: 1883.24 | E67: 5074.39 | F67: 8503.59 | G67: 10986.54 | H67: 3643.94 | I67: 10197.48 | J67: 2133.87 | K67: 422.72 | L67: 665.55 | N67: AM-Peak | O67: 52.67 | P67: 59.85 | Q67: 59.21 | R67: 58.89 | S67: 48.35 | T67: 58.63 | U67: 58.52 | V67: 59.86 | W67: 59.99 | X67: 59.77 | AA67: AM-Peak | AB67: 20.43 | AC67: 50.45 | AD67: 36.15 | AE67: 20.91 | AF67: 19.65 | AG67: 43.11 | AH67: 25.81 | AI67: 57.07 | AJ67: 54.62 | AK67: 47.68 | AN67: AM-Peak | AO67: -3.95 | AP67: -0.41 | AQ67: -1.62 | AR67: -4.63 | AS67: -5.07 | AT67: -1.03 | AU67: -4.29 | AV67: -0.16 | AW67: -0.08 | AX67: -0.2
B68: AM-Shoulder | C68: 771.8 | D68: 513.35 | E68: 1119.13 | F68: 1068.33 | G68: 1425.76 | H68: 1314.49 | I68: 1136.44 | J68: 324.99 | K68: 140.4 | L68: 160.95 | N68: AM-Shoulder | O68: 59.41 | P68: 59.91 | Q68: 58.44 | R68: 58.94 | S68: 59.67 | T68: 57.71 | U68: 59.72 | V68: 59.88 | W68: 60 | X68: 59.99 | AA68: AM-Shoulder | AB68: 41.8 | AC68: 43.89 | AD68: 41.55 | AE68: 41.07 | AF68: 33.96 | AG68: 38.38 | AH68: 48.28 | AI68: 57.63 | AJ68: 50.61 | AK68: 49.25 | AN68: AM-Shoulder | AO68: -0.94 | AP68: -0.8 | AQ68: -1.04 | AR68: -1.11 | AS68: -2.13 | AT68: -1.47 | AU68: -0.79 | AV68: -0.13 | AW68: -0.15 | AX68: -0.17
B69: MD | C69: 2404.59 | D69: 3098.37 | E69: 4564.03 | F69: 4172.15 | G69: 3743.05 | H69: 4210.04 | I69: 2002.4 | J69: 1218.39 | K69: 1205.28 | L69: 1306.88 | N69: MD | O69: 59.9 | P69: 59.98 | Q69: 59.36 | R69: 59.47 | S69: 59.55 | T69: 59.03 | U69: 59.96 | V69: 59.87 | W69: 59.81 | X69: 59.53 | AA69: MD | AB69: 43.46 | AC69: 37.48 | AD69: 41.39 | AE69: 41.89 | AF69: 41.39 | AG69: 40.53 | AH69: 55.68 | AI69: 58.29 | AJ69: 44.5 | AK69: 41.97 | AN69: MD | AO69: -0.83 | AP69: -1.32 | AQ69: -1.1 | AR69: -1.06 | AS69: -1.24 | AT69: -1.3 | AU69: -0.25 | AV69: -0.09 | AW69: -0.28 | AX69: -0.34
B70: PM-Shoulder | C70: 456.18 | D70: 457.24 | E70: 726.6 | F70: 533.66 | G70: 944.93 | H70: 916.53 | I70: 631.55 | J70: 1010.52 | K70: 205.02 | L70: 109.49 | N70: PM-Shoulder | O70: 59.51 | P70: 59.92 | Q70: 58.21 | R70: 56.64 | S70: 57.05 | T70: 58.66 | U70: 59.47 | V70: 58.23 | W70: 59.15 | X70: 59.76 | AA70: PM-Shoulder | AB70: 43.32 | AC70: 40.57 | AD70: 41.18 | AE70: 40.63 | AF70: 39.07 | AG70: 36.03 | AH70: 49.58 | AI70: 37.13 | AJ70: 42.15 | AK70: 42.83 | AN70: PM-Shoulder | AO70: -0.83 | AP70: -1.05 | AQ70: -1.07 | AR70: -1.04 | AS70: -1.36 | AT70: -1.8 | AU70: -0.66 | AV70: -1.93 | AW70: -0.33 | AX70: -0.32
B71: PM-Peak | C71: 4259.61 | D71: 4647.9 | E71: 2064.12 | F71: 1777.1 | G71: 2808.18 | H71: 3123.6 | I71: 2043.23 | J71: 592.17 | K71: 335.17 | L71: 306.59 | N71: PM-Peak | O71: 57.51 | P71: 58.08 | Q71: 56.28 | R71: 56.04 | S71: 59.06 | T71: 56.72 | U71: 59.65 | V71: 59.38 | W71: 59.95 | X71: 59.91 | AA71: PM-Peak | AB71: 24.85 | AC71: 25.75 | AD71: 40.69 | AE71: 42.13 | AF71: 34.19 | AG71: 30.98 | AH71: 50.71 | AI71: 56.05 | AJ71: 51.29 | AK71: 50.99 | AN71: PM-Peak | AO71: -3.02 | AP71: -2.85 | AQ71: -1.02 | AR71: -0.88 | AS71: -2.07 | AT71: -2.46 | AU71: -0.59 | AV71: -0.2 | AW71: -0.14 | AX71: -0.14
B72: PM-Late | C72: 452.93 | D72: 318.57 | E72: 605.35 | F72: 92.19 | G72: 557.57 | H72: 468.08 | I72: 366.81 | J72: 26.44 | K72: 130.86 | L72: 152.07 | N72: PM-Late | O72: 59.99 | P72: 59.95 | Q72: 60 | R72: 59.99 | S72: 60 | T72: 59.99 | U72: 60 | V72: 60 | W72: 60 | X72: 59.98 | AA72: PM-Late | AB72: 53.47 | AC72: 53.38 | AD72: 50.57 | AE72: 59.76 | AF72: 47.33 | AG72: 48.23 | AH72: 56.09 | AI72: 59.95 | AJ72: 55.91 | AK72: 47.26 | AN72: PM-Late | AO72: -0.27 | AP72: -0.27 | AQ72: -0.47 | AR72: -0.01 | AS72: -0.75 | AT72: -0.68 | AU72: -0.23 | AV72: 0 | AW72: -0.06 | AX72: -0.22
B75: Revenue Per Period Medium B | N75: ML time | AA75: GP Time | AN75: Difference in travel time
B76: Direction | C76: NB | D76: SB | E76: NB | F76: SB | G76: NB | H76: SB | I76: NB | J76: SB | K76: NB | L76: SB | N76: Direction | O76: NB | P76: SB | Q76: NB | R76: SB | S76: NB | T76: SB | U76: NB | V76: SB | W76: NB | X76: SB | AA76: Direction | AB76: NB | AC76: SB | AD76: NB | AE76: SB | AF76: NB | AG76: SB | AH76: NB | AI76: SB | AJ76: NB | AK76: SB | AN76: Direction | AO76: NB | AP76: SB | AQ76: NB | AR76: SB | AS76: NB | AT76: SB | AU76: NB | AV76: SB | AW76: NB | AX76: SB
B77: Segment | C77: 11 | D77: 11 | E77: 12 | F77: 12 | G77: 13 | H77: 13 | I77: 14 | J77: 14 | K77: 18 | L77: 18 | N77: Segment | O77: 11 | P77: 11 | Q77: 12 | R77: 12 | S77: 13 | T77: 13 | U77: 14 | V77: 14 | W77: 18 | X77: 18 | AA77: Segment | AB77: 11 | AC77: 11 | AD77: 12 | AE77: 12 | AF77: 13 | AG77: 13 | AH77: 14 | AI77: 14 | AJ77: 18 | AK77: 18 | AN77: Segment | AO77: 11 | AP77: 11 | AQ77: 12 | AR77: 12 | AS77: 13 | AT77: 13 | AU77: 14 | AV77: 14 | AW77: 18 | AX77: 18
B78: Period | N78: Period | AA78: Period | AN78: Period
B79: Night | C79: 11.98 | D79: 19.68 | E79: 5.42 | F79: 6.84 | G79: 11.12 | H79: 17.43 | I79: 5.73 | J79: 2.9 | K79: 1.65 | L79: 3.25 | N79: Night | O79: 2.2 | P79: 2.2 | Q79: 2.5 | R79: 2.5 | S79: 2.8 | T79: 2.8 | U79: 3.3 | V79: 3.3 | W79: 0.8 | X79: 0.8 | AA79: Night | AB79: 2.2 | AC79: 2.2 | AD79: 2.5 | AE79: 2.5 | AF79: 3.05 | AG79: 3.05 | AH79: 3.3 | AI79: 3.3 | AJ79: 0.81 | AK79: 0.8 | AN79: Night | AO79: 0 | AP79: 0 | AQ79: 0 | AR79: 0 | AS79: -0.08 | AT79: -0.08 | AU79: 0 | AV79: 0 | AW79: -0.01 | AX79: 0
B80: AM-Early | C80: 280.1 | D80: 124.03 | E80: 190.15 | F80: 470.27 | G80: 461.45 | H80: 295.56 | I80: 469.94 | J80: 63.97 | K80: 83.14 | L80: 123.96 | N80: AM-Early | O80: 2.22 | P80: 2.2 | Q80: 2.51 | R80: 2.5 | S80: 2.94 | T80: 2.8 | U80: 3.36 | V80: 3.3 | W80: 0.81 | X80: 0.8 | AA80: AM-Early | AB80: 3.13 | AC80: 2.43 | AD80: 3.01 | AE80: 3.42 | AF80: 4.4 | AG80: 3.76 | AH80: 4.74 | AI80: 3.31 | AJ80: 1.12 | AK80: 0.94 | AN80: AM-Early | AO80: -0.29 | AP80: -0.09 | AQ80: -0.17 | AR80: -0.27 | AS80: -0.33 | AT80: -0.25 | AU80: -0.29 | AV80: 0 | AW80: -0.28 | AX80: -0.15
B81: AM-Peak | C81: 2431.59 | D81: 656.44 | E81: 1561.83 | F81: 5103.67 | G81: 4809.65 | H81: 1386.06 | I81: 3571.79 | J81: 669.04 | K81: 129.42 | L81: 391.52 | N81: AM-Peak | O81: 2.51 | P81: 2.21 | Q81: 2.53 | R81: 2.55 | S81: 3.47 | T81: 2.87 | U81: 3.38 | V81: 3.31 | W81: 0.8 | X81: 0.8 | AA81: AM-Peak | AB81: 6.46 | AC81: 2.62 | AD81: 4.15 | AE81: 7.17 | AF81: 8.55 | AG81: 3.9 | AH81: 7.67 | AI81: 3.47 | AJ81: 0.88 | AK81: 1.01 | AN81: AM-Peak | AO81: -0.61 | AP81: -0.16 | AQ81: -0.39 | AR81: -0.64 | AS81: -0.59 | AT81: -0.26 | AU81: -0.56 | AV81: -0.05 | AW81: -0.09 | AX81: -0.2
B82: AM-Shoulder | C82: 214.3 | D82: 200.38 | E82: 369.26 | F82: 560.04 | G82: 621.95 | H82: 613.84 | I82: 357.06 | J82: 155.4 | K82: 45.92 | L82: 84.11 | N82: AM-Shoulder | O82: 2.22 | P82: 2.2 | Q82: 2.57 | R82: 2.55 | S82: 2.82 | T82: 2.91 | U82: 3.32 | V82: 3.31 | W82: 0.8 | X82: 0.8 | AA82: AM-Shoulder | AB82: 3.16 | AC82: 3.01 | AD82: 3.61 | AE82: 3.65 | AF82: 4.95 | AG82: 4.38 | AH82: 4.1 | AI82: 3.44 | AJ82: 0.95 | AK82: 0.97 | AN82: AM-Shoulder | AO82: -0.3 | AP82: -0.27 | AQ82: -0.29 | AR82: -0.3 | AS82: -0.43 | AT82: -0.34 | AU82: -0.19 | AV82: -0.04 | AW82: -0.16 | AX82: -0.18
B83: MD | C83: 656.55 | D83: 966.08 | E83: 1484.36 | F83: 1471.17 | G83: 1697.09 | H83: 1801.24 | I83: 868.74 | J83: 463.77 | K83: 390.96 | L83: 460.22 | N83: MD | O83: 2.2 | P83: 2.2 | Q83: 2.53 | R83: 2.52 | S83: 2.82 | T83: 2.85 | U83: 3.3 | V83: 3.31 | W83: 0.8 | X83: 0.81 | AA83: MD | AB83: 3.04 | AC83: 3.52 | AD83: 3.62 | AE83: 3.58 | AF83: 4.06 | AG83: 4.15 | AH83: 3.56 | AI83: 3.4 | AJ83: 1.08 | AK83: 1.14 | AN83: MD | AO83: -0.27 | AP83: -0.38 | AQ83: -0.3 | AR83: -0.3 | AS83: -0.31 | AT83: -0.31 | AU83: -0.07 | AV83: -0.03 | AW83: -0.26 | AX83: -0.29
B84: PM-Shoulder | C84: 153.56 | D84: 61.74 | E84: 254.53 | F84: 297.12 | G84: 286.35 | H84: 195.93 | I84: 164.96 | J84: 456.92 | K84: 70.57 | L84: 61 | N84: PM-Shoulder | O84: 2.22 | P84: 2.2 | Q84: 2.58 | R84: 2.65 | S84: 2.94 | T84: 2.86 | U84: 3.33 | V84: 3.4 | W84: 0.81 | X84: 0.8 | AA84: PM-Shoulder | AB84: 3.05 | AC84: 3.25 | AD84: 3.64 | AE84: 3.69 | AF84: 4.3 | AG84: 4.66 | AH84: 3.99 | AI84: 5.33 | AJ84: 1.14 | AK84: 1.12 | AN84: PM-Shoulder | AO84: -0.27 | AP84: -0.32 | AQ84: -0.29 | AR84: -0.28 | AS84: -0.32 | AT84: -0.39 | AU84: -0.17 | AV84: -0.36 | AW84: -0.29 | AX84: -0.28
B85: PM-Peak | C85: 933.34 | D85: 884.98 | E85: 312.36 | F85: 422.13 | G85: 655.06 | H85: 667.91 | I85: 402.43 | J85: 197.5 | K85: 45.71 | L85: 74.33 | N85: PM-Peak | O85: 2.3 | P85: 2.27 | Q85: 2.67 | R85: 2.68 | S85: 2.84 | T85: 2.96 | U85: 3.32 | V85: 3.33 | W85: 0.8 | X85: 0.8 | AA85: PM-Peak | AB85: 5.31 | AC85: 5.13 | AD85: 3.69 | AE85: 3.56 | AF85: 4.91 | AG85: 5.42 | AH85: 3.9 | AI85: 3.53 | AJ85: 0.94 | AK85: 0.94 | AN85: PM-Peak | AO85: -0.57 | AP85: -0.56 | AQ85: -0.28 | AR85: -0.25 | AS85: -0.42 | AT85: -0.45 | AU85: -0.15 | AV85: -0.06 | AW85: -0.14 | AX85: -0.15
B86: PM-Late | C86: 44.57 | D86: 73.38 | E86: 63.28 | F86: 25.09 | G86: 111.76 | H86: 170.7 | I86: 13.55 | J86: 2.74 | K86: 13.78 | L86: 38.99 | N86: PM-Late | O86: 2.2 | P86: 2.2 | Q86: 2.5 | R86: 2.5 | S86: 2.8 | T86: 2.8 | U86: 3.3 | V86: 3.3 | W86: 0.8 | X86: 0.8 | AA86: PM-Late | AB86: 2.47 | AC86: 2.47 | AD86: 2.97 | AE86: 2.51 | AF86: 3.55 | AG86: 3.48 | AH86: 3.53 | AI86: 3.3 | AJ86: 0.86 | AK86: 1.02 | AN86: PM-Late | AO86: -0.11 | AP86: -0.11 | AQ86: -0.16 | AR86: 0 | AS86: -0.21 | AT86: -0.2 | AU86: -0.07 | AV86: 0 | AW86: -0.07 | AX86: -0.21
B89: Revenue Per Period Heavy A | N89: ML light veh.Miles | AA89: GP light veh.Miles | AN89: LVr Toll
B90: Direction | C90: NB | D90: SB | E90: NB | F90: SB | G90: NB | H90: SB | I90: NB | J90: SB | K90: NB | L90: SB | N90: Direction | O90: NB | T90: SB | AA90: Direction | AB90: NB | AG90: SB | AN90: Direction | AO90: NB | AP90: SB | AQ90: NB | AR90: SB | AS90: NB | AT90: SB | AU90: NB | AV90: SB | AW90: NB | AX90: SB
B91: Segment | C91: 11 | D91: 11 | E91: 12 | F91: 12 | G91: 13 | H91: 13 | I91: 14 | J91: 14 | K91: 18 | L91: 18 | N91: Segment | O91: 11 | P91: 12 | Q91: 13 | R91: 14 | S91: 18 | T91: 11 | U91: 12 | V91: 13 | W91: 14 | X91: 18 | AA91: Segment | AB91: 11 | AC91: 12 | AD91: 13 | AE91: 14 | AF91: 18 | AG91: 11 | AH91: 12 | AI91: 13 | AJ91: 14 | AK91: 18 | AN91: Segment | AO91: 11 | AP91: 11 | AQ91: 12 | AR91: 12 | AS91: 13 | AT91: 13 | AU91: 14 | AV91: 14 | AW91: 18 | AX91: 18
B92: Period | N92: Period | AA92: Period | AN92: Period
B93: Night | C93: 301.87 | D93: 306.59 | E93: 521.32 | F93: 293.36 | G93: 111.46 | H93: 109.5 | I93: 148.5 | J93: 137.82 | K93: 148.59 | L93: 139.15 | N93: Night | O93: 2849.6 | P93: 3489.77 | Q93: 3245.95 | R93: 2021.72 | S93: 959.62 | T93: 2783.52 | U93: 1284.81 | V93: 2706.94 | W93: 1214.23 | X93: 617.55 | AA93: Night | AB93: 25868.32 | AC93: 31620.48 | AD93: 29380.21 | AE93: 31207.63 | AF93: 8694.78 | AG93: 25112.04 | AH93: 19832.44 | AI93: 24503.74 | AJ93: 22597.25 | AK93: 5660.05 | AN93: Night | AO93: 0.44 | AP93: 0.44 | AQ93: 0.5 | AR93: 0.5 | AS93: 0.56 | AT93: 0.56 | AU93: 0.66 | AV93: 0.66 | AW93: 0.16 | AX93: 0.16
B94: AM-Early | C94: 290.68 | D94: 179.51 | E94: 314.04 | F94: 539.2 | G94: 287.71 | H94: 242.25 | I94: 274.05 | J94: 116.74 | K94: 141.52 | L94: 118.31 | N94: AM-Early | O94: 2956.56 | P94: 3076.5 | Q94: 5188.41 | R94: 5231.69 | S94: 1063.28 | T94: 1499.51 | U94: 1950.83 | V94: 2343.4 | W94: 1103.41 | X94: 565.44 | AA94: AM-Early | AB94: 10716.76 | AC94: 16916.75 | AD94: 20340.09 | AE94: 20438.88 | AF94: 3868.09 | AG94: 7428.31 | AH94: 5599.56 | AI94: 9068.28 | AJ94: 11116.82 | AK94: 2662.56 | AN94: AM-Early | AO94: 4.62 | AP94: 3.47 | AQ94: 4.12 | AR94: 5.25 | AS94: 5.88 | AT94: 5.88 | AU94: 6.93 | AV94: 2.97 | AW94: 1.68 | AX94: 1.52
B95: AM-Peak | C95: 6646.01 | D95: 1516.3 | E95: 4022.59 | F95: 10176.12 | G95: 5626.26 | H95: 1472.34 | I95: 4062.39 | J95: 984.63 | K95: 306.44 | L95: 720.56 | N95: AM-Peak | O95: 13126.54 | P95: 10093.73 | Q95: 18990 | R95: 15581.88 | S95: 1730.44 | T95: 6581.52 | U95: 9575.27 | V95: 12356.25 | W95: 9727.49 | X95: 2468.56 | AA95: AM-Peak | AB95: 40950.98 | AC95: 61640.02 | AD95: 70985.03 | AE95: 79438.87 | AF95: 7377.56 | AG95: 18454.1 | AH95: 25192.87 | AI95: 47764.22 | AJ95: 51932.55 | AK95: 7073.84 | AN95: AM-Peak | AO95: 13.86 | AP95: 4.62 | AQ95: 10.5 | AR95: 15.75 | AS95: 17.64 | AT95: 5.88 | AU95: 20.46 | AV95: 4.32 | AW95: 1.68 | AX95: 1.68
B96: AM-Shoulder | C96: 656.42 | D96: 599.36 | E96: 1180.28 | F96: 1063.98 | G96: 801.53 | H96: 817.16 | I96: 440.5 | J96: 226.01 | K96: 141.48 | L96: 147.28 | N96: AM-Shoulder | O96: 2755.82 | P96: 3431.19 | Q96: 3343.26 | R96: 3680.73 | S96: 434.95 | T96: 2013.6 | U96: 3134.82 | V96: 4296.9 | W96: 3246.01 | X96: 472.17 | AA96: AM-Shoulder | AB96: 9644.92 | AC96: 14860.06 | AD96: 18503.26 | AE96: 19991.16 | AF96: 2038.65 | AG96: 6351.85 | AH96: 10902.5 | AI96: 15511.45 | AJ96: 16595.24 | AK96: 2016.14 | AN96: AM-Shoulder | AO96: 4.62 | AP96: 4.62 | AQ96: 5.25 | AR96: 5.25 | AS96: 10.46 | AT96: 5.88 | AU96: 6.18 | AV96: 2.67 | AW96: 1.67 | AX96: 1.68
B97: MD | C97: 2281.13 | D97: 2707.9 | E97: 4982.4 | F97: 4462.15 | G97: 2500.98 | H97: 2171.01 | I97: 960.35 | J97: 625 | K97: 1252.74 | L97: 1410.31 | N97: MD | O97: 10772.41 | P97: 15094.49 | Q97: 17762.98 | R97: 14121.76 | S97: 4026.47 | T97: 8536.09 | U97: 14919 | V97: 20482.89 | W97: 17275.31 | X97: 4690.63 | AA97: MD | AB97: 34183.72 | AC97: 51114.63 | AD97: 67758.82 | AE97: 71072.69 | AF97: 14685.53 | AG97: 42474.74 | AH97: 49489.75 | AI97: 80777.71 | AJ97: 87653.14 | AK97: 14597.37 | AN97: MD | AO97: 4.62 | AP97: 7.96 | AQ97: 5.25 | AR97: 5.25 | AS97: 5.88 | AT97: 5.88 | AU97: 4.13 | AV97: 2.22 | AW97: 1.68 | AX97: 1.68
B98: PM-Shoulder | C98: 419.82 | D98: 379.99 | E98: 911.46 | F98: 624.6 | G98: 403.11 | H98: 486.39 | I98: 284.65 | J98: 560.6 | K98: 267.73 | L98: 153.96 | N98: PM-Shoulder | O98: 2937.4 | P98: 3907.2 | Q98: 5068.98 | R98: 4522.99 | S98: 1105.44 | T98: 2262.91 | U98: 4642.13 | V98: 4617.29 | W98: 5703.28 | X98: 960.53 | AA98: PM-Shoulder | AB98: 9349.01 | AC98: 13089.66 | AD98: 18305.42 | AE98: 19613.87 | AF98: 3084.96 | AG98: 8992.37 | AH98: 17887.14 | AI98: 22067.03 | AJ98: 33577.81 | AK98: 2192.2 | AN98: PM-Shoulder | AO98: 4.62 | AP98: 6.57 | AQ98: 5.25 | AR98: 5.25 | AS98: 5.88 | AT98: 8.64 | AU98: 5.21 | AV98: 10.62 | AW98: 1.68 | AX98: 1.68
B99: PM-Peak | C99: 4024.63 | D99: 3987.98 | E99: 3124.21 | F99: 2852.51 | G99: 2480.01 | H99: 2048.11 | I99: 1254.74 | J99: 527.1 | K99: 516.11 | L99: 521.31 | N99: PM-Peak | O99: 11938.11 | P99: 13659.93 | Q99: 13137.79 | R99: 12872.43 | S99: 2154.07 | T99: 11322.56 | U99: 14046.31 | V99: 16457.84 | W99: 14834.17 | X99: 2440.57 | AA99: PM-Peak | AB99: 41645.74 | AC99: 34086.35 | AD99: 61397.8 | AE99: 57094.77 | AF99: 5226.17 | AG99: 40543.54 | AH99: 45192.44 | AI99: 67002.67 | AJ99: 69716.09 | AK99: 6703.31 | AN99: PM-Peak | AO99: 13.86 | AP99: 13.86 | AQ99: 5.25 | AR99: 5.25 | AS99: 11.76 | AT99: 11.76 | AU99: 6.92 | AV99: 3.6 | AW99: 1.68 | AX99: 1.68
B100: PM-Late | C100: 544.76 | D100: 542.25 | E100: 1376.92 | F100: 289.62 | G100: 734.28 | H100: 579.96 | I100: 492.31 | J100: 379.39 | K100: 297.11 | L100: 520.46 | N100: PM-Late | O100: 4817.76 | P100: 4442.76 | Q100: 5359.38 | R100: 4743.63 | S100: 1353.15 | T100: 6436.58 | U100: 5564.57 | V100: 6211.5 | W100: 1608.79 | X100: 1956.15 | AA100: PM-Late | AB100: 19207.56 | AC100: 17552.49 | AD100: 18806.58 | AE100: 18039.24 | AF100: 4882.05 | AG100: 24927.94 | AH100: 21346.93 | AI100: 23438.82 | AJ100: 31324.55 | AK100: 5635.05 | AN100: PM-Late | AO100: 3.68 | AP100: 3.3 | AQ100: 5.18 | AR100: 1.12 | AS100: 5.88 | AT100: 5.53 | AU100: 5.16 | AV100: 4.46 | AW100: 1.17 | AX100: 1.68
B103: % Workday Revenue | N103: ML light veh/period | AA103: GP light veh/period | AN103: Medium A Toll
B104: Direction | C104: NB | D104: SB | E104: NB | F104: SB | G104: NB | H104: SB | I104: NB | J104: SB | K104: NB | L104: SB | N104: Direction | O104: NB | P104: SB | Q104: NB | R104: SB | S104: NB | T104: SB | U104: NB | V104: SB | W104: NB | X104: SB | AA104: Direction | AB104: NB | AC104: SB | AD104: NB | AE104: SB | AF104: NB | AG104: SB | AH104: NB | AI104: SB | AJ104: NB | AK104: SB | AN104: Direction | AO104: NB | AP104: SB | AQ104: NB | AR104: SB | AS104: NB | AT104: SB | AU104: NB | AV104: SB | AW104: NB | AX104: SB
B105: Segment | C105: 11 | D105: 11 | E105: 12 | F105: 12 | G105: 13 | H105: 13 | I105: 14 | J105: 14 | K105: 18 | L105: 18 | N105: Segment | O105: 11 | P105: 11 | Q105: 12 | R105: 12 | S105: 13 | T105: 13 | U105: 14 | V105: 14 | W105: 18 | X105: 18 | AA105: Segment | AB105: 11 | AC105: 11 | AD105: 12 | AE105: 12 | AF105: 13 | AG105: 13 | AH105: 14 | AI105: 14 | AJ105: 18 | AK105: 18 | AN105: Segment | AO105: 11 | AP105: 11 | AQ105: 12 | AR105: 12 | AS105: 13 | AT105: 13 | AU105: 14 | AV105: 14 | AW105: 18 | AX105: 18
B106: Period | N106: Period | AA106: Period | AN106: Period
B107: Night | C107: 0.0037745922 | D107: 0.0056734538 | E107: 0.0076426328 | F107: 0.0031710577 | G107: 0.0027239659 | H107: 0.0034676356 | I107: 0.0028604448 | J107: 0.0054518226 | K107: 0.0116932 | L107: 0.0079106225 | N107: Night | O107: 1295.27 | P107: 1265.23 | Q107: 1395.91 | R107: 513.93 | S107: 1159.27 | T107: 966.77 | U107: 612.64 | V107: 367.95 | W107: 1199.53 | X107: 771.93 | AA107: Night | AB107: 11758.33 | AC107: 11414.57 | AD107: 12648.19 | AE107: 7932.97 | AF107: 10492.93 | AG107: 8751.33 | AH107: 9456.86 | AI107: 6847.65 | AJ107: 10868.47 | AK107: 7075.07 | AN107: Night | AO107: 1.32 | AP107: 1.32 | AQ107: 1.5 | AR107: 1.5 | AS107: 1.68 | AT107: 1.68 | AU107: 1.98 | AV107: 1.98 | AW107: 0.48 | AX107: 0.48
B108: AM-Early | C108: 0.029741269 | D108: 0.017967877 | E108: 0.03582457 | F108: 0.029553695 | G108: 0.040703319 | H108: 0.029020751 | I108: 0.060111029 | J108: 0.016994675 | K108: 0.086461687 | L108: 0.039859211 | N108: AM-Early | O108: 1343.89 | P108: 681.6 | Q108: 1230.6 | R108: 780.33 | S108: 1853 | T108: 836.93 | U108: 1585.36 | V108: 334.37 | W108: 1329.1 | X108: 706.8 | AA108: AM-Early | AB108: 4871.26 | AC108: 3376.5 | AD108: 6766.7 | AE108: 2239.82 | AF108: 7264.32 | AG108: 3238.67 | AH108: 6193.6 | AI108: 3368.73 | AJ108: 4835.12 | AK108: 3328.2 | AN108: AM-Early | AO108: 13.86 | AP108: 10.41 | AQ108: 12.36 | AR108: 15.75 | AS108: 17.64 | AT108: 17.64 | AU108: 20.79 | AV108: 8.91 | AW108: 5.04 | AX108: 4.56
B109: AM-Peak | C109: 0.41305596 | D109: 0.1089669 | E109: 0.3148109 | F109: 0.44341545 | G109: 0.4690042 | H109: 0.15719926 | I109: 0.55856934 | J109: 0.21759034 | K109: 0.14601062 | L109: 0.19180367 | N109: AM-Peak | O109: 5966.61 | P109: 2991.6 | Q109: 4037.49 | R109: 3830.11 | S109: 6782.14 | T109: 4412.95 | U109: 4721.78 | V109: 2947.72 | W109: 2163.05 | X109: 3085.7 | AA109: AM-Peak | AB109: 18614.08 | AC109: 8388.23 | AD109: 24656.01 | AE109: 10077.15 | AF109: 25351.8 | AG109: 17058.65 | AH109: 24072.38 | AI109: 15737.14 | AJ109: 9221.95 | AK109: 8842.3 | AN109: AM-Peak | AO109: 41.58 | AP109: 13.86 | AQ109: 31.5 | AR109: 47.25 | AS109: 52.92 | AT109: 17.64 | AU109: 61.37 | AV109: 12.97 | AW109: 5.04 | AX109: 5.04
B110: AM-Shoulder | C110: 0.030208935 | D110: 0.033778015 | E110: 0.058592905 | F110: 0.048900315 | G110: 0.051003665 | H110: 0.057012286 | I110: 0.043093633 | J110: 0.043822165 | K110: 0.040204678 | L110: 0.038128694 | N110: AM-Shoulder | O110: 1252.65 | P110: 915.27 | Q110: 1372.48 | R110: 1253.93 | S110: 1194.02 | T110: 1534.61 | U110: 1115.37 | V110: 983.64 | W110: 543.69 | X110: 590.21 | AA110: AM-Shoulder | AB110: 4384.05 | AC110: 2887.2 | AD110: 5944.02 | AE110: 4361 | AF110: 6608.31 | AG110: 5539.8 | AH110: 6057.93 | AI110: 5028.86 | AJ110: 2548.31 | AK110: 2520.18 | AN110: AM-Shoulder | AO110: 13.86 | AP110: 13.86 | AQ110: 15.75 | AR110: 15.75 | AS110: 31.38 | AT110: 17.64 | AU110: 18.54 | AV110: 8 | AW110: 5.02 | AX110: 5.04
B111: MD | C111: 0.11370181 | D111: 0.22962807 | E111: 0.25355312 | F111: 0.21844739 | G111: 0.15042817 | H111: 0.24800973 | I111: 0.10503565 | J111: 0.1831541 | K111: 0.36740887 | L111: 0.35893541 | N111: MD | O111: 4896.55 | P111: 3880.04 | Q111: 6037.8 | R111: 5967.6 | S111: 6343.92 | T111: 7315.32 | U111: 4279.32 | V111: 5234.94 | W111: 5033.08 | X111: 5863.29 | AA111: MD | AB111: 15538.05 | AC111: 19306.7 | AD111: 20445.85 | AE111: 19795.9 | AF111: 24199.58 | AG111: 28849.18 | AH111: 21537.18 | AI111: 26561.56 | AJ111: 18356.92 | AK111: 18246.71 | AN111: MD | AO111: 13.86 | AP111: 23.89 | AQ111: 15.75 | AR111: 15.75 | AS111: 17.64 | AT111: 17.64 | AU111: 12.4 | AV111: 6.65 | AW111: 5.04 | AX111: 5.04
B112: PM-Shoulder | C112: 0.029267137 | D112: 0.046666426 | E112: 0.05991938 | F112: 0.059066795 | G112: 0.040826904 | H112: 0.076782682 | I112: 0.040109882 | J112: 0.26839626 | K112: 0.093106836 | L112: 0.064514058 | N112: PM-Shoulder | O112: 1335.18 | P112: 1028.6 | Q112: 1562.88 | R112: 1856.85 | S112: 1810.35 | T112: 1649.03 | U112: 1370.6 | V112: 1728.27 | W112: 1381.8 | X112: 1200.66 | AA112: PM-Shoulder | AB112: 4249.55 | AC112: 4087.44 | AD112: 5235.86 | AE112: 7154.86 | AF112: 6537.65 | AG112: 7881.08 | AH112: 5943.6 | AI112: 10175.09 | AJ112: 3856.2 | AK112: 2740.24 | AN112: PM-Shoulder | AO112: 13.86 | AP112: 19.71 | AQ112: 15.75 | AR112: 15.75 | AS112: 17.64 | AT112: 25.93 | AU112: 15.62 | AV112: 31.87 | AW112: 5.04 | AX112: 5.04
B113: PM-Peak | C113: 0.34327943 | D113: 0.49282399 | E113: 0.20286127 | F113: 0.18214205 | G113: 0.20322258 | H113: 0.36313991 | I113: 0.14978137 | J113: 0.23062353 | K113: 0.1761725 | L113: 0.16606549 | N113: PM-Peak | O113: 5426.41 | P113: 5146.62 | Q113: 5463.97 | R113: 5618.52 | S113: 4692.07 | T113: 5877.8 | U113: 3900.74 | V113: 4495.2 | W113: 2692.59 | X113: 3050.72 | AA113: PM-Peak | AB113: 18929.88 | AC113: 18428.88 | AD113: 13634.54 | AE113: 18076.98 | AF113: 21927.78 | AG113: 23929.53 | AH113: 17301.45 | AI113: 21126.09 | AJ113: 6532.71 | AK113: 8379.13 | AN113: PM-Peak | AO113: 41.58 | AP113: 41.58 | AQ113: 15.75 | AR113: 15.75 | AS113: 35.28 | AT113: 35.28 | AU113: 20.75 | AV113: 10.81 | AW113: 5.04 | AX113: 5.04
B114: PM-Late | C114: 0.036970869 | D114: 0.064495269 | E114: 0.066795228 | F114: 0.015303257 | G114: 0.042087196 | H114: 0.065367756 | I114: 0.040438649 | J114: 0.033967104 | K114: 0.078941612 | L114: 0.13278285 | N114: PM-Late | O114: 2189.89 | P114: 2925.72 | Q114: 1777.1 | R114: 2225.83 | S114: 1914.06 | T114: 2218.39 | U114: 1437.46 | V114: 487.51 | W114: 1691.44 | X114: 2445.18 | AA114: PM-Late | AB114: 8730.71 | AC114: 11330.88 | AD114: 7021 | AE114: 8538.77 | AF114: 6716.64 | AG114: 8371.01 | AH114: 5466.44 | AI114: 9492.29 | AJ114: 6102.56 | AK114: 7043.82 | AN114: PM-Late | AO114: 11.03 | AP114: 9.89 | AQ114: 15.55 | AR114: 3.36 | AS114: 17.64 | AT114: 16.6 | AU114: 15.47 | AV114: 13.37 | AW114: 3.52 | AX114: 5.04
N117: ML medium A veh.Miles | AA117: GP medium A veh.Miles | AN117: Implied VOT
...

Sheet Year_2050
B1: Lenght
C2: 11 | D2: 12 | E2: 13 | F2: 14 | G2: 18
B3: Length | C3: 2.2 | D3: 2.5 | E3: 2.8 | F3: 3.3 | G3: 0.8
B5: TollLights | N5: ML PCE.Miles | AA5: GP PCE.Miles | AN5: Highway PCE.Miles
B6: Direction | C6: NB | D6: SB | E6: NB | F6: SB | G6: NB | H6: SB | I6: NB | J6: SB | K6: NB | L6: SB | N6: Direction | O6: NB | P6: SB | Q6: NB | R6: SB | S6: NB | T6: SB | U6: NB | V6: SB | W6: NB | X6: SB | AA6: Direction | AB6: NB | AC6: SB | AD6: NB | AE6: SB | AF6: NB | AG6: SB | AH6: NB | AI6: SB | AJ6: NB | AK6: SB | AN6: Direction | AO6: NB | AP6: SB | AQ6: NB | AR6: SB | AS6: NB | AT6: SB | AU6: NB | AV6: SB | AW6: NB | AX6: SB
B7: Segment | C7: 11 | D7: 11 | E7: 12 | F7: 12 | G7: 13 | H7: 13 | I7: 14 | J7: 14 | K7: 18 | L7: 18 | N7: Segment | O7: 11 | P7: 11 | Q7: 12 | R7: 12 | S7: 13 | T7: 13 | U7: 14 | V7: 14 | W7: 18 | X7: 18 | AA7: Segment | AB7: 11 | AC7: 11 | AD7: 12 | AE7: 12 | AF7: 13 | AG7: 13 | AH7: 14 | AI7: 14 | AJ7: 18 | AK7: 18 | AN7: Segment | AO7: 11 | AP7: 11 | AQ7: 12 | AR7: 12 | AS7: 13 | AT7: 13 | AU7: 14 | AV7: 14 | AW7: 18 | AX7: 18
B8: Period | N8: Period | AA8: Period | AN8: Period
B9: Night | C9: 0.2 | D9: 0.2 | E9: 0.2 | F9: 0.2 | G9: 0.2 | H9: 0.2 | I9: 0.2 | J9: 0.2 | K9: 0.2 | L9: 0.2 | N9: Night | O9: 5287.66 | P9: 5254.73 | Q9: 7324.96 | R9: 4438 | S9: 5192.3 | T9: 4587.91 | U9: 3350.84 | V9: 2368.74 | W9: 1800.46 | X9: 1446.92 | AA9: Night | AB9: 50015.28 | AC9: 49675.53 | AD9: 66759.54 | AE9: 52500 | AF9: 48519.54 | AG9: 43206.69 | AH9: 52153.84 | AI9: 44831.49 | AJ9: 16421.94 | AK9: 13381.88 | AN9: Night | AO9: 55302.94 | AP9: 54930.26 | AQ9: 74084.5 | AR9: 56938 | AS9: 53711.84 | AT9: 47794.6 | AU9: 55504.68 | AV9: 47200.23 | AW9: 18222.4 | AX9: 14828.8
B10: AM-Early | C10: 2.57 | D10: 2.57 | E10: 4.12 | F10: 2.57 | G10: 2.57 | H10: 2.57 | I10: 2.57 | J10: 0.9 | K10: 5.15 | L10: 2.57 | N10: AM-Early | O10: 3883.87 | P10: 2426.69 | Q10: 3874.19 | R10: 3021.8 | S10: 6368.11 | T10: 4317.04 | U10: 6488.05 | V10: 2448.38 | W10: 1036.09 | X10: 815.83 | AA10: AM-Early | AB10: 13830.7 | AC10: 12236.09 | AD10: 26534.31 | AE10: 9420.68 | AF10: 24151.89 | AG10: 13025.75 | AH10: 24053.99 | AI10: 17128.87 | AJ10: 5765.51 | AK10: 4454.57 | AN10: AM-Early | AO10: 17714.57 | AP10: 14662.78 | AQ10: 30408.5 | AR10: 12442.48 | AS10: 30520 | AT10: 17342.78 | AU10: 30542.05 | AV10: 19577.25 | AW10: 6801.6 | AX10: 5270.4
B11: AM-Peak | C11: 8.2 | D11: 2.57 | E11: 7.72 | F11: 8.62 | G11: 10.3 | H11: 6.87 | I11: 10.05 | J11: 2.57 | K11: 2.57 | L11: 2.57 | N11: AM-Peak | O11: 17773.1 | P11: 11687.58 | Q11: 16725.01 | R11: 14435.57 | S11: 25213.28 | T11: 14788.67 | U11: 27002.26 | V11: 14169.44 | W11: 2431.34 | X11: 3618.82 | AA11: AM-Peak | AB11: 58786.9 | AC11: 31324.19 | AD11: 100780.49 | AE11: 46049.02 | AF11: 96586.72 | AG11: 80407.05 | AH11: 112771.49 | AI11: 89991.23 | AJ11: 10737.46 | AK11: 11942.78 | AN11: AM-Peak | AO11: 76560 | AP11: 43011.77 | AQ11: 117505.5 | AR11: 60484.59 | AS11: 121800 | AT11: 95195.72 | AU11: 139773.76 | AV11: 104160.66 | AW11: 13168.8 | AX11: 15561.6
B12: AM-Shoulder | C12: 2.57 | D12: 2.57 | E12: 5.15 | F12: 5.15 | G12: 5.15 | H12: 5.15 | I12: 5.08 | J12: 1.73 | K12: 2.57 | L12: 2.57 | N12: AM-Shoulder | O12: 4607.53 | P12: 3642.45 | Q12: 5248.58 | R12: 4244.61 | S12: 5475.4 | T12: 5450.01 | U12: 4881.86 | V12: 4497.21 | W12: 690.4 | X12: 760.6 | AA12: AM-Shoulder | AB12: 15797.61 | AC12: 11095.2 | AD12: 30980.55 | AE12: 22332.06 | AF12: 26724.6 | AG12: 26749.99 | AH12: 33742.66 | AI12: 29040.69 | AJ12: 3664.8 | AK12: 3623.24 | AN12: AM-Shoulder | AO12: 20405.14 | AP12: 14737.64 | AQ12: 36229.13 | AR12: 26576.66 | AS12: 32200 | AT12: 32200 | AU12: 38624.52 | AV12: 33537.9 | AW12: 4355.2 | AX12: 4383.84
B13: MD | C13: 2.57 | D13: 5.15 | E13: 2.57 | F13: 2.57 | G13: 2.57 | H13: 5.15 | I13: 2.57 | J13: 1.44 | K13: 2.57 | L13: 2.57 | N13: MD | O13: 17549.9 | P13: 13857.13 | Q13: 26573.93 | R13: 25756.56 | S13: 31423.15 | T13: 25900.44 | U13: 19322.3 | V13: 22492.17 | W13: 5983.34 | X13: 6782.95 | AA13: MD | AB13: 52470.25 | AC13: 65195.29 | AD13: 93579.3 | AE13: 87437.98 | AF13: 101222.72 | AG13: 122088.49 | AH13: 112783.3 | AI13: 137481.93 | AJ13: 25568.66 | AK13: 24745.05 | AN13: MD | AO13: 70020.15 | AP13: 79052.42 | AQ13: 120153.23 | AR13: 113194.54 | AS13: 132645.87 | AT13: 147988.92 | AU13: 132105.6 | AV13: 159974.1 | AW13: 31552 | AX13: 31528
B14: PM-Shoulder | C14: 2.57 | D14: 5.15 | E14: 5.15 | F14: 5.15 | G14: 5.15 | H14: 5.15 | I14: 2.57 | J14: 5.15 | K14: 2.57 | L14: 2.57 | N14: PM-Shoulder | O14: 4465.05 | P14: 2991.69 | Q14: 4714.92 | R14: 5312.87 | S14: 5774.04 | T14: 6086.15 | U14: 6977.11 | V14: 7723.97 | W14: 1491.07 | X14: 1336.33 | AA14: PM-Shoulder | AB14: 13690.89 | AC14: 12907.99 | AD14: 24035.08 | AE14: 27644.56 | AF14: 26425.96 | AG14: 28374.65 | AH14: 28084.4 | AI14: 41611.03 | AJ14: 5101.73 | AK14: 3142.2 | AN14: PM-Shoulder | AO14: 18155.95 | AP14: 15899.68 | AQ14: 28750 | AR14: 32957.43 | AS14: 32200 | AT14: 34460.8 | AU14: 35061.51 | AV14: 49335 | AW14: 6592.8 | AX14: 4478.54
B15: PM-Peak | C15: 10.3 | D15: 10.3 | E15: 7.72 | F15: 7.72 | G15: 7.73 | H15: 8.02 | I15: 2.57 | J15: 3.35 | K15: 2.57 | L15: 2.57 | N15: PM-Peak | O15: 17175.45 | P15: 17326.49 | Q15: 15918.82 | R15: 15763.4 | S15: 19547.34 | T15: 23245.48 | U15: 20974.4 | V15: 15462.97 | W15: 2882.86 | X15: 3195.89 | AA15: PM-Peak | AB15: 59384.55 | AC15: 59741.3 | AD15: 64211.74 | AE15: 83212.6 | AF15: 85549 | AG15: 89261.02 | AH15: 81112.21 | AI15: 97507.45 | AJ15: 8281.34 | AK15: 10294.99 | AN15: PM-Peak | AO15: 76560 | AP15: 77067.79 | AQ15: 80130.56 | AR15: 98976 | AS15: 105096.33 | AT15: 112506.5 | AU15: 102086.6 | AV15: 112970.42 | AW15: 11164.2 | AX15: 13490.88
B16: PM-Late | C16: 2.57 | D16: 3.26 | E16: 2.57 | F16: 0.81 | G16: 2.57 | H16: 2.57 | I16: 2.57 | J16: 1.35 | K16: 2.23 | L16: 2.57 | N16: PM-Late | O16: 7462.91 | P16: 7797.21 | Q16: 8946.84 | R16: 7263.84 | S16: 9576.53 | T16: 10465.76 | U16: 6965.7 | V16: 3613.21 | W16: 1653.66 | X16: 2617.71 | AA16: PM-Late | AB16: 30279.19 | AC16: 38417.31 | AD16: 34399.41 | AE16: 39986.16 | AF16: 27862.27 | AG16: 32505.28 | AH16: 28154.55 | AI16: 41231.81 | AJ16: 9182.34 | AK16: 9163.89 | AN16: PM-Late | AO16: 37742.1 | AP16: 46214.52 | AQ16: 43346.25 | AR16: 47250 | AS16: 37438.8 | AT16: 42971.04 | AU16: 35120.25 | AV16: 44845.02 | AW16: 10836 | AX16: 11781.6
B19: CaptureRateLights | N19: ML Volume (PCE/Period) | AA19: GP Volume (PCE/Period) | AN19: Highway Volume
B20: Direction | C20: NB | D20: SB | E20: NB | F20: SB | G20: NB | H20: SB | I20: NB | J20: SB | K20: NB | L20: SB | N20: Direction | O20: NB | P20: SB | Q20: NB | R20: SB | S20: NB | T20: SB | U20: NB | V20: SB | W20: NB | X20: SB | AA20: Direction | AB20: NB | AC20: SB | AD20: NB | AE20: SB | AF20: NB | AG20: SB | AH20: NB | AI20: SB | AJ20: NB | AK20: SB | AN20: Direction | AO20: NB | AP20: SB | AQ20: NB | AR20: SB | AS20: NB | AT20: SB | AU20: NB | AV20: SB | AW20: NB | AX20: SB
B21: Segment | C21: 11 | D21: 11 | E21: 12 | F21: 12 | G21: 13 | H21: 13 | I21: 14 | J21: 14 | K21: 18 | L21: 18 | N21: Segment | O21: 11 | P21: 11 | Q21: 12 | R21: 12 | S21: 13 | T21: 13 | U21: 14 | V21: 14 | W21: 18 | X21: 18 | AA21: Segment | AB21: 11 | AC21: 11 | AD21: 12 | AE21: 12 | AF21: 13 | AG21: 13 | AH21: 14 | AI21: 14 | AJ21: 18 | AK21: 18 | AN21: Segment | AO21: 11 | AP21: 11 | AQ21: 12 | AR21: 12 | AS21: 13 | AT21: 13 | AU21: 14 | AV21: 14 | AW21: 18 | AX21: 18
B22: Period | N22: Period | AA22: Period | AN22: Period
B23: Night | C23: 0.1 | D23: 0.1 | E23: 0.1 | F23: 0.07 | G23: 0.1 | H23: 0.1 | I23: 0.06 | J23: 0.05 | K23: 0.1 | L23: 0.1 | N23: Night | O23: 2403.48 | P23: 2388.51 | Q23: 2929.98 | R23: 1775.2 | S23: 1854.39 | T23: 1638.54 | U23: 1015.41 | V23: 717.8 | W23: 2250.58 | X23: 1808.65 | AA23: Night | AB23: 22734.22 | AC23: 22579.79 | AD23: 26703.82 | AE23: 21000 | AF23: 17328.41 | AG23: 15430.96 | AH23: 15804.19 | AI23: 13585.3 | AJ23: 20527.42 | AK23: 16727.35 | AN23: Night | AO23: 25137.7 | AP23: 24968.3 | AQ23: 29633.8 | AR23: 22775.2 | AS23: 19182.8 | AT23: 17069.5 | AU23: 16819.6 | AV23: 14303.1 | AW23: 22778 | AX23: 18536
B24: AM-Early | C24: 0.24 | D24: 0.19 | E24: 0.14 | F24: 0.29 | G24: 0.22 | H24: 0.27 | I24: 0.22 | J24: 0.14 | K24: 0.17 | L24: 0.19 | N24: AM-Early | O24: 1765.39 | P24: 1103.04 | Q24: 1549.68 | R24: 1208.72 | S24: 2274.32 | T24: 1541.8 | U24: 1966.08 | V24: 741.93 | W24: 1295.12 | X24: 1019.78 | AA24: AM-Early | AB24: 6286.68 | AC24: 5561.86 | AD24: 10613.72 | AE24: 3768.27 | AF24: 8625.68 | AG24: 4652.05 | AH24: 7289.09 | AI24: 5190.57 | AJ24: 7206.88 | AK24: 5568.22 | AN24: AM-Early | AO24: 8052.08 | AP24: 6664.9 | AQ24: 12163.4 | AR24: 4976.99 | AS24: 10900 | AT24: 6193.85 | AU24: 9255.17 | AV24: 5932.5 | AW24: 8502 | AX24: 6588
B25: AM-Peak | C25: 0.26 | D25: 0.32 | E25: 0.17 | F25: 0.29 | G25: 0.22 | H25: 0.17 | I25: 0.21 | J25: 0.15 | K25: 0.22 | L25: 0.28 | N25: AM-Peak | O25: 8078.68 | P25: 5312.54 | Q25: 6690 | R25: 5774.23 | S25: 9004.74 | T25: 5281.67 | U25: 8182.5 | V25: 4293.77 | W25: 3039.17 | X25: 4523.53 | AA25: AM-Peak | AB25: 26721.32 | AC25: 14238.27 | AD25: 40312.2 | AE25: 18419.61 | AF25: 34495.26 | AG25: 28716.8 | AH25: 34173.18 | AI25: 27270.07 | AJ25: 13421.83 | AK25: 14928.47 | AN25: AM-Peak | AO25: 34800 | AP25: 19550.8 | AQ25: 47002.2 | AR25: 24193.84 | AS25: 43500 | AT25: 33998.47 | AU25: 42355.68 | AV25: 31563.84 | AW25: 16461 | AX25: 19452
B26: AM-Shoulder | C26: 0.27 | D26: 0.3 | E26: 0.19 | F26: 0.2 | G26: 0.19 | H26: 0.2 | I26: 0.14 | J26: 0.16 | K26: 0.2 | L26: 0.22 | N26: AM-Shoulder | O26: 2094.33 | P26: 1655.66 | Q26: 2099.43 | R26: 1697.84 | S26: 1955.5 | T26: 1946.43 | U26: 1479.35 | V26: 1362.79 | W26: 863 | X26: 950.75 | AA26: AM-Shoulder | AB26: 7180.73 | AC26: 5043.27 | AD26: 12392.22 | AE26: 8932.82 | AF26: 9544.5 | AG26: 9553.57 | AH26: 10225.05 | AI26: 8800.21 | AJ26: 4581 | AK26: 4529.05 | AN26: AM-Shoulder | AO26: 9275.06 | AP26: 6698.93 | AQ26: 14491.65 | AR26: 10630.67 | AS26: 11500 | AT26: 11500 | AU26: 11704.4 | AV26: 10163 | AW26: 5444 | AX26: 5479.8
B27: MD | C27: 0.29 | D27: 0.21 | E27: 0.27 | F27: 0.28 | G27: 0.27 | H27: 0.19 | I27: 0.16 | J27: 0.16 | K27: 0.24 | L27: 0.26 | N27: MD | O27: 7977.23 | P27: 6298.7 | Q27: 10629.57 | R27: 10302.62 | S27: 11222.55 | T27: 9250.16 | U27: 5855.24 | V27: 6815.81 | W27: 7479.17 | X27: 8478.69 | AA27: MD | AB27: 23850.12 | AC27: 29634.22 | AD27: 37431.72 | AE27: 34975.19 | AF27: 36150.97 | AG27: 43603.03 | AH27: 34176.76 | AI27: 41661.19 | AJ27: 31960.83 | AK27: 30931.31 | AN27: MD | AO27: 31827.34 | AP27: 35932.92 | AQ27: 48061.29 | AR27: 45277.82 | AS27: 47373.53 | AT27: 52853.19 | AU27: 40032 | AV27: 48477 | AW27: 39440 | AX27: 39410
B28: PM-Shoulder | C28: 0.29 | D28: 0.22 | E28: 0.21 | F28: 0.19 | G28: 0.2 | H28: 0.19 | I28: 0.22 | J28: 0.17 | K28: 0.29 | L28: 0.35 | N28: PM-Shoulder | O28: 2029.57 | P28: 1359.86 | Q28: 1885.97 | R28: 2125.15 | S28: 2062.16 | T28: 2173.63 | U28: 2114.27 | V28: 2340.6 | W28: 1863.83 | X28: 1670.41 | AA28: PM-Shoulder | AB28: 6223.13 | AC28: 5867.27 | AD28: 9614.03 | AE28: 11057.82 | AF28: 9437.84 | AG28: 10133.8 | AH28: 8510.43 | AI28: 12609.4 | AJ28: 6377.17 | AK28: 3927.76 | AN28: PM-Shoulder | AO28: 8252.7 | AP28: 7227.13 | AQ28: 11500 | AR28: 13182.97 | AS28: 11500 | AT28: 12307.43 | AU28: 10624.7 | AV28: 14950 | AW28: 8241 | AX28: 5598.17
B29: PM-Peak | C29: 0.26 | D29: 0.26 | E29: 0.25 | F29: 0.2 | G29: 0.21 | H29: 0.22 | I29: 0.23 | J29: 0.15 | K29: 0.32 | L29: 0.3 | N29: PM-Peak | O29: 7807.02 | P29: 7875.68 | Q29: 6367.53 | R29: 6305.36 | S29: 6981.19 | T29: 8301.96 | U29: 6355.88 | V29: 4685.75 | W29: 3603.58 | X29: 3994.87 | AA29: PM-Peak | AB29: 26992.98 | AC29: 27155.13 | AD29: 25684.7 | AE29: 33285.04 | AF29: 30553.21 | AG29: 31878.94 | AH29: 24579.46 | AI29: 29547.71 | AJ29: 10351.67 | AK29: 12868.73 | AN29: PM-Peak | AO29: 34800 | AP29: 35030.81 | AQ29: 32052.23 | AR29: 39590.4 | AS29: 37534.4 | AT29: 40180.89 | AU29: 30935.33 | AV29: 34233.46 | AW29: 13955.25 | AX29: 16863.6
B30: PM-Late | C30: 0.24 | D30: 0.2 | E30: 0.29 | F30: 0.2 | G30: 0.29 | H30: 0.28 | I30: 0.24 | J30: 0.09 | K30: 0.22 | L30: 0.29 | N30: PM-Late | O30: 3392.23 | P30: 3544.18 | Q30: 3578.74 | R30: 2905.53 | S30: 3420.19 | T30: 3737.77 | U30: 2110.82 | V30: 1094.91 | W30: 2067.07 | X30: 3272.14 | AA30: PM-Late | AB30: 13763.27 | AC30: 17462.42 | AD30: 13759.76 | AE30: 15994.47 | AF30: 9950.81 | AG30: 11609.03 | AH30: 8531.68 | AI30: 12494.49 | AJ30: 11477.93 | AK30: 11454.86 | AN30: PM-Late | AO30: 17155.5 | AP30: 21006.6 | AQ30: 17338.5 | AR30: 18900 | AS30: 13371 | AT30: 15346.8 | AU30: 10642.5 | AV30: 13589.4 | AW30: 13545 | AX30: 14727
B33: Revenue Per Period | N33: ML Flow (PCE/hr) | AA33: GP Flow (PCE/hr) | AN33: Highway Flow
B34: Direction | C34: NB | D34: SB | E34: NB | F34: SB | G34: NB | H34: SB | I34: NB | J34: SB | K34: NB | L34: SB | N34: Direction | O34: NB | P34: SB | Q34: NB | R34: SB | S34: NB | T34: SB | U34: NB | V34: SB | W34: NB | X34: SB | AA34: Direction | AB34: NB | AC34: SB | AD34: NB | AE34: SB | AF34: NB | AG34: SB | AH34: NB | AI34: SB | AJ34: NB | AK34: SB | AN34: Direction | AO34: NB | AP34: SB | AQ34: NB | AR34: SB | AS34: NB | AT34: SB | AU34: NB | AV34: SB | AW34: NB | AX34: SB
B35: Segment | C35: 11 | D35: 11 | E35: 12 | F35: 12 | G35: 13 | H35: 13 | I35: 14 | J35: 14 | K35: 18 | L35: 18 | N35: Segment | O35: 11 | P35: 11 | Q35: 12 | R35: 12 | S35: 13 | T35: 13 | U35: 14 | V35: 14 | W35: 18 | X35: 18 | AA35: Segment | AB35: 11 | AC35: 11 | AD35: 12 | AE35: 12 | AF35: 13 | AG35: 13 | AH35: 14 | AI35: 14 | AJ35: 18 | AK35: 18 | AN35: Segment | AO35: 11 | AP35: 11 | AQ35: 12 | AR35: 12 | AS35: 13 | AT35: 13 | AU35: 14 | AV35: 14 | AW35: 18 | AX35: 18
B36: Period | N36: Period | AA36: Period | AN36: Period
B37: Night | C37: 1057.53 | D37: 1050.95 | E37: 1464.99 | F37: 887.6 | G37: 1038.46 | H37: 917.58 | I37: 670.17 | J37: 473.75 | K37: 360.09 | L37: 289.38 | N37: Night | O37: 343.35 | P37: 341.22 | Q37: 418.57 | R37: 253.6 | S37: 264.91 | T37: 234.08 | U37: 145.06 | V37: 102.54 | W37: 321.51 | X37: 258.38 | AA37: Night | AB37: 3247.75 | AC37: 3225.68 | AD37: 3814.83 | AE37: 3000 | AF37: 2475.49 | AG37: 2204.42 | AH37: 2257.74 | AI37: 1940.76 | AJ37: 2932.49 | AK37: 2389.62 | AN37: Night | AO37: 3591.1 | AP37: 3566.9 | AQ37: 4233.4 | AR37: 3253.6 | AS37: 2740.4 | AT37: 2438.5 | AU37: 2402.8 | AV37: 2043.3 | AW37: 3254 | AX37: 2648
B38: AM-Early | C38: 10000.93 | D38: 6248.71 | E38: 15976.79 | F38: 7781.12 | G38: 16397.87 | H38: 11116.37 | I38: 16706.72 | J38: 2203.55 | K38: 5335.87 | L38: 2100.76 | N38: AM-Early | O38: 1765.39 | P38: 1103.04 | Q38: 1549.68 | R38: 1208.72 | S38: 2274.32 | T38: 1541.8 | U38: 1966.08 | V38: 741.93 | W38: 1295.12 | X38: 1019.78 | AA38: AM-Early | AB38: 6286.68 | AC38: 5561.86 | AD38: 10613.72 | AE38: 3768.27 | AF38: 8625.68 | AG38: 4652.05 | AH38: 7289.09 | AI38: 5190.57 | AJ38: 7206.88 | AK38: 5568.22 | AN38: AM-Early | AO38: 8052.08 | AP38: 6664.9 | AQ38: 12163.4 | AR38: 4976.99 | AS38: 10900 | AT38: 6193.85 | AU38: 9255.17 | AV38: 5932.5 | AW38: 8502 | AX38: 6588
B39: AM-Peak | C39: 145671.76 | D39: 30095.52 | E39: 129200.68 | F39: 124362.41 | G39: 259696.48 | H39: 101654.27 | I39: 271319.39 | J39: 36486.28 | K39: 6260.69 | L39: 9318.46 | N39: AM-Peak | O39: 2692.89 | P39: 1770.85 | Q39: 2230 | R39: 1924.74 | S39: 3001.58 | T39: 1760.56 | U39: 2727.5 | V39: 1431.26 | W39: 1013.06 | X39: 1507.84 | AA39: AM-Peak | AB39: 8907.11 | AC39: 4746.09 | AD39: 13437.4 | AE39: 6139.87 | AF39: 11498.42 | AG39: 9572.27 | AH39: 11391.06 | AI39: 9090.02 | AJ39: 4473.94 | AK39: 4976.16 | AN39: AM-Peak | AO39: 11600 | AP39: 6516.94 | AQ39: 15667.4 | AR39: 8064.61 | AS39: 14500 | AT39: 11332.82 | AU39: 14118.56 | AV39: 10521.28 | AW39: 5487 | AX39: 6484
B40: AM-Shoulder | C40: 11864.39 | D40: 9379.31 | E40: 27030.17 | F40: 21859.72 | G40: 28198.32 | H40: 28067.54 | I40: 24810.48 | J40: 7785.87 | K40: 1777.77 | L40: 1958.55 | N40: AM-Shoulder | O40: 2094.33 | P40: 1655.66 | Q40: 2099.43 | R40: 1697.84 | S40: 1955.5 | T40: 1946.43 | U40: 1479.35 | V40: 1362.79 | W40: 863 | X40: 950.75 | AA40: AM-Shoulder | AB40: 7180.73 | AC40: 5043.27 | AD40: 12392.22 | AE40: 8932.82 | AF40: 9544.5 | AG40: 9553.57 | AH40: 10225.05 | AI40: 8800.21 | AJ40: 4581 | AK40: 4529.05 | AN40: AM-Shoulder | AO40: 9275.06 | AP40: 6698.93 | AQ40: 14491.65 | AR40: 10630.67 | AS40: 11500 | AT40: 11500 | AU40: 11704.4 | AV40: 10163 | AW40: 5444 | AX40: 5479.8
B41: MD | C41: 45190.98 | D41: 71364.24 | E41: 68427.87 | F41: 66323.14 | G41: 80914.62 | H41: 133387.24 | I41: 49754.89 | J41: 32484.46 | K41: 15407.09 | L41: 17466.1 | N41: MD | O41: 1595.45 | P41: 1259.74 | Q41: 2125.91 | R41: 2060.52 | S41: 2244.51 | T41: 1850.03 | U41: 1171.05 | V41: 1363.16 | W41: 1495.83 | X41: 1695.74 | AA41: MD | AB41: 4770.02 | AC41: 5926.84 | AD41: 7486.34 | AE41: 6995.04 | AF41: 7230.19 | AG41: 8720.61 | AH41: 6835.35 | AI41: 8332.24 | AJ41: 6392.17 | AK41: 6186.26 | AN41: MD | AO41: 6365.47 | AP41: 7186.58 | AQ41: 9612.26 | AR41: 9055.56 | AS41: 9474.71 | AT41: 10570.64 | AU41: 8006.4 | AV41: 9695.4 | AW41: 7888 | AX41: 7882
B42: PM-Shoulder | C42: 11497.51 | D42: 15407.21 | E42: 24281.84 | F42: 27361.3 | G42: 29736.32 | H42: 31343.69 | I42: 17966 | J42: 39778.44 | K42: 3839.49 | L42: 3441.05 | N42: PM-Shoulder | O42: 2029.57 | P42: 1359.86 | Q42: 1885.97 | R42: 2125.15 | S42: 2062.16 | T42: 2173.63 | U42: 2114.27 | V42: 2340.6 | W42: 1863.83 | X42: 1670.41 | AA42: PM-Shoulder | AB42: 6223.13 | AC42: 5867.27 | AD42: 9614.03 | AE42: 11057.82 | AF42: 9437.84 | AG42: 10133.8 | AH42: 8510.43 | AI42: 12609.4 | AJ42: 6377.17 | AK42: 3927.76 | AN42: PM-Shoulder | AO42: 8252.7 | AP42: 7227.13 | AQ42: 11500 | AR42: 13182.97 | AS42: 11500 | AT42: 12307.43 | AU42: 10624.7 | AV42: 14950 | AW42: 8241 | AX42: 5598.17
B43: PM-Peak | C43: 176905.32 | D43: 178461.67 | E43: 122972.91 | F43: 121772.25 | G43: 151003.17 | H43: 186318.14 | I43: 54009 | J43: 51728.48 | K43: 7423.38 | L43: 8229.4 | N43: PM-Peak | O43: 2602.34 | P43: 2625.23 | Q43: 2122.51 | R43: 2101.79 | S43: 2327.06 | T43: 2767.32 | U43: 2118.63 | V43: 1561.92 | W43: 1201.19 | X43: 1331.62 | AA43: PM-Peak | AB43: 8997.66 | AC43: 9051.71 | AD43: 8561.57 | AE43: 11095.01 | AF43: 10184.4 | AG43: 10626.31 | AH43: 8193.15 | AI43: 9849.24 | AJ43: 3450.56 | AK43: 4289.58 | AN43: PM-Peak | AO43: 11600 | AP43: 11676.94 | AQ43: 10684.08 | AR43: 13196.8 | AS43: 12511.47 | AT43: 13393.63 | AU43: 10311.78 | AV43: 11411.15 | AW43: 4651.75 | AX43: 5621.2
B44: PM-Late | C44: 19216.99 | D44: 25452.63 | E44: 23038.11 | F44: 5888.04 | G44: 24659.57 | H44: 26949.32 | I44: 17936.69 | J44: 4877.83 | K44: 3695.65 | L44: 6740.6 | N44: PM-Late | O44: 1130.74 | P44: 1181.39 | Q44: 1192.91 | R44: 968.51 | S44: 1140.06 | T44: 1245.92 | U44: 703.61 | V44: 364.97 | W44: 689.02 | X44: 1090.71 | AA44: PM-Late | AB44: 4587.76 | AC44: 5820.81 | AD44: 4586.59 | AE44: 5331.49 | AF44: 3316.94 | AG44: 3869.68 | AH44: 2843.89 | AI44: 4164.83 | AJ44: 3825.98 | AK44: 3818.29 | AN44: PM-Late | AO44: 5718.5 | AP44: 7002.2 | AQ44: 5779.5 | AR44: 6300 | AS44: 4457 | AT44: 5115.6 | AU44: 3547.5 | AV44: 4529.8 | AW44: 4515 | AX44: 4909
B47: Revenue Per Period Lights | N47: ML V/C | AA47: GP V/C real | AN47: Highway Vol / GP Capacity
B48: Direction | C48: NB | D48: SB | E48: NB | F48: SB | G48: NB | H48: SB | I48: NB | J48: SB | K48: NB | L48: SB | N48: Direction | O48: NB | P48: SB | Q48: NB | R48: SB | S48: NB | T48: SB | U48: NB | V48: SB | W48: NB | X48: SB | AA48: Direction | AB48: NB | AC48: SB | AD48: NB | AE48: SB | AF48: NB | AG48: SB | AH48: NB | AI48: SB | AJ48: NB | AK48: SB | AN48: Direction | AO48: NB | AP48: SB | AQ48: NB | AR48: SB | AS48: NB | AT48: SB | AU48: NB | AV48: SB | AW48: NB | AX48: SB
B49: Segment | C49: 11 | D49: 11 | E49: 12 | F49: 12 | G49: 13 | H49: 13 | I49: 14 | J49: 14 | K49: 18 | L49: 18 | N49: Segment | O49: 11 | P49: 11 | Q49: 12 | R49: 12 | S49: 13 | T49: 13 | U49: 14 | V49: 14 | W49: 18 | X49: 18 | AA49: Segment | AB49: 11 | AC49: 11 | AD49: 12 | AE49: 12 | AF49: 13 | AG49: 13 | AH49: 14 | AI49: 14 | AJ49: 18 | AK49: 18 | AN49: Segment | AO49: 11 | AP49: 11 | AQ49: 12 | AR49: 12 | AS49: 13 | AT49: 13 | AU49: 14 | AV49: 14 | AW49: 18 | AX49: 18
B50: Period | N50: Period | AA50: Period | AN50: Period
B51: Night | C51: 648.11 | D51: 628.02 | E51: 792.43 | F51: 346.42 | G51: 740.06 | H51: 617.36 | I51: 462.47 | J51: 277.76 | K51: 192.41 | L51: 124.4 | N51: Night | O51: 0.1 | P51: 0.09 | Q51: 0.12 | R51: 0.07 | S51: 0.07 | T51: 0.07 | U51: 0.04 | V51: 0.03 | W51: 0.09 | X51: 0.07 | AA51: Night | AB51: 0.41 | AC51: 0.4 | AD51: 0.38 | AE51: 0.3 | AF51: 0.25 | AG51: 0.22 | AH51: 0.23 | AI51: 0.19 | AJ51: 0.49 | AK51: 0.4 | AN51: Night | AO51: 0.45 | AP51: 0.45 | AQ51: 0.42 | AR51: 0.33 | AS51: 0.27 | AT51: 0.24 | AU51: 0.24 | AV51: 0.2 | AW51: 0.54 | AX51: 0.44
B52: AM-Early | C52: 8473.18 | D52: 5000.6 | E52: 13331.99 | F52: 5656.9 | G52: 14579.24 | H52: 9080.94 | I52: 14889.34 | J52: 1757.25 | K52: 4490.56 | L52: 1557.09 | N52: AM-Early | O52: 0.49 | P52: 0.31 | Q52: 0.43 | R52: 0.34 | S52: 0.63 | T52: 0.43 | U52: 0.55 | V52: 0.21 | W52: 0.36 | X52: 0.28 | AA52: AM-Early | AB52: 0.85 | AC52: 0.76 | AD52: 0.88 | AE52: 0.83 | AF52: 0.86 | AG52: 0.82 | AH52: 0.86 | AI52: 0.4 | AJ52: 0.92 | AK52: 0.74 | AN52: AM-Early | AO52: 1.09 | AP52: 0.91 | AQ52: 1.01 | AR52: 1.09 | AS52: 1.09 | AT52: 1.09 | AU52: 1.09 | AV52: 0.46 | AW52: 1.09 | AX52: 0.88
B53: AM-Peak | C53: 118242.9 | D53: 23083.65 | E53: 104222.07 | F53: 88907.98 | G53: 219664.35 | H53: 81266.29 | I53: 227888.44 | J53: 28049.79 | K53: 5045.56 | L53: 6910.47 | N53: AM-Peak | O53: 0.75 | P53: 0.49 | Q53: 0.62 | R53: 0.53 | S53: 0.83 | T53: 0.49 | U53: 0.76 | V53: 0.4 | W53: 0.28 | X53: 0.42 | AA53: AM-Peak | AB53: 1.11 | AC53: 0.81 | AD53: 1.03 | AE53: 1.1 | AF53: 1.15 | AG53: 0.96 | AH53: 1.14 | AI53: 0.7 | AJ53: 0.66 | AK53: 0.78 | AN53: AM-Peak | AO53: 1.45 | AP53: 1.11 | AQ53: 1.21 | AR53: 1.45 | AS53: 1.45 | AT53: 1.13 | AU53: 1.41 | AV53: 0.81 | AW53: 0.81 | AX53: 1.01
B54: AM-Shoulder | C54: 9168.22 | D54: 7072.49 | E54: 19710.89 | F54: 15579.04 | G54: 23008.79 | H54: 21531.81 | I54: 19180.1 | J54: 6103.52 | K54: 1297.76 | L54: 1394.43 | N54: AM-Shoulder | O54: 0.58 | P54: 0.46 | Q54: 0.58 | R54: 0.47 | S54: 0.54 | T54: 0.54 | U54: 0.41 | V54: 0.38 | W54: 0.24 | X54: 0.26 | AA54: AM-Shoulder | AB54: 0.89 | AC54: 0.87 | AD54: 0.98 | AE54: 0.97 | AF54: 0.95 | AG54: 0.96 | AH54: 0.92 | AI54: 0.68 | AJ54: 0.74 | AK54: 0.75 | AN54: AM-Shoulder | AO54: 1.15 | AP54: 1.15 | AQ54: 1.15 | AR54: 1.15 | AS54: 1.15 | AT54: 1.15 | AU54: 1.05 | AV54: 0.78 | AW54: 0.87 | AX54: 0.91
B55: MD | C55: 36263.97 | D55: 58284.46 | E55: 50225.56 | F55: 49657.59 | G55: 66259.28 | H55: 111937.85 | I55: 40826.18 | J55: 26999.24 | K55: 11466.1 | L55: 13149.1 | N55: MD | O55: 0.44 | P55: 0.35 | Q55: 0.59 | R55: 0.57 | S55: 0.62 | T55: 0.51 | U55: 0.33 | V55: 0.38 | W55: 0.42 | X55: 0.47 | AA55: MD | AB55: 0.86 | AC55: 0.95 | AD55: 0.9 | AE55: 0.89 | AF55: 0.88 | AG55: 0.95 | AH55: 0.75 | AI55: 0.64 | AJ55: 0.82 | AK55: 0.85 | AN55: MD | AO55: 1.15 | AP55: 1.15 | AQ55: 1.15 | AR55: 1.15 | AS55: 1.15 | AT55: 1.15 | AU55: 0.88 | AV55: 0.75 | AW55: 1.01 | AX55: 1.08
B56: PM-Shoulder | C56: 9787.53 | D56: 13604.59 | E56: 19802.73 | F56: 23655.26 | G56: 25716.63 | H56: 28256.85 | I56: 15641.74 | J56: 35915.6 | K56: 3096.94 | L56: 2947.71 | N56: PM-Shoulder | O56: 0.56 | P56: 0.38 | Q56: 0.52 | R56: 0.59 | S56: 0.57 | T56: 0.6 | U56: 0.59 | V56: 0.65 | W56: 0.52 | X56: 0.46 | AA56: PM-Shoulder | AB56: 0.87 | AC56: 0.93 | AD56: 0.96 | AE56: 0.96 | AF56: 0.94 | AG56: 0.95 | AH56: 0.85 | AI56: 0.97 | AJ56: 0.85 | AK56: 0.85 | AN56: PM-Shoulder | AO56: 1.15 | AP56: 1.15 | AQ56: 1.15 | AR56: 1.15 | AS56: 1.15 | AT56: 1.15 | AU56: 1.06 | AV56: 1.15 | AW56: 1.09 | AX56: 1.21
B57: PM-Peak | C57: 156868.43 | D57: 156545.34 | E57: 103850.02 | F57: 104005.95 | G57: 137184.34 | H57: 171730.53 | I57: 47634.9 | J57: 47493.24 | K57: 6157.15 | L57: 6960.95 | N57: PM-Peak | O57: 0.72 | P57: 0.73 | Q57: 0.59 | R57: 0.58 | S57: 0.65 | T57: 0.77 | U57: 0.59 | V57: 0.43 | W57: 0.33 | X57: 0.37 | AA57: PM-Peak | AB57: 1.12 | AC57: 1.12 | AD57: 1.04 | AE57: 1.02 | AF57: 1.02 | AG57: 1.06 | AH57: 0.82 | AI57: 0.76 | AJ57: 0.72 | AK57: 0.73 | AN57: PM-Peak | AO57: 1.45 | AP57: 1.45 | AQ57: 1.3 | AR57: 1.21 | AS57: 1.25 | AT57: 1.34 | AU57: 1.03 | AV57: 0.88 | AW57: 0.97 | AX57: 0.95
B58: PM-Late | C58: 16920.06 | D58: 23167.42 | E58: 18378.01 | F58: 5056.46 | G58: 20934.02 | H58: 24357.38 | I58: 15978.58 | J58: 4381.75 | K58: 3023.38 | L58: 5700.4 | N58: PM-Late | O58: 0.31 | P58: 0.33 | Q58: 0.33 | R58: 0.27 | S58: 0.32 | T58: 0.35 | U58: 0.2 | V58: 0.1 | W58: 0.19 | X58: 0.3 | AA58: PM-Late | AB58: 0.77 | AC58: 0.81 | AD58: 0.79 | AE58: 0.45 | AF58: 0.77 | AG58: 0.76 | AH58: 0.71 | AI58: 0.33 | AJ58: 0.65 | AK58: 0.78 | AN58: PM-Late | AO58: 0.96 | AP58: 0.97 | AQ58: 1 | AR58: 0.53 | AS58: 1.04 | AT58: 1.01 | AU58: 0.89 | AV58: 0.36 | AW58: 0.76 | AX58: 1
B61: Revenue Per Period Medium A | N61: ML Speed | AA61: GP Speed | AN61: Time Saving
B62: Direction | C62: NB | D62: SB | E62: NB | F62: SB | G62: NB | H62: SB | I62: NB | J62: SB | K62: NB | L62: SB | N62: Direction | O62: NB | P62: SB | Q62: NB | R62: SB | S62: NB | T62: SB | U62: NB | V62: SB | W62: NB | X62: SB | AA62: Direction | AB62: NB | AC62: SB | AD62: NB | AE62: SB | AF62: NB | AG62: SB | AH62: NB | AI62: SB | AJ62: NB | AK62: SB | AN62: Direction | AO62: NB | AP62: SB | AQ62: NB | AR62: SB | AS62: NB | AT62: SB | AU62: NB | AV62: SB | AW62: NB | AX62: SB
B63: Segment | C63: 11 | D63: 11 | E63: 12 | F63: 12 | G63: 13 | H63: 13 | I63: 14 | J63: 14 | K63: 18 | L63: 18 | N63: Segment | O63: 11 | P63: 11 | Q63: 12 | R63: 12 | S63: 13 | T63: 13 | U63: 14 | V63: 14 | W63: 18 | X63: 18 | AA63: Segment | AB63: 11 | AC63: 11 | AD63: 12 | AE63: 12 | AF63: 13 | AG63: 13 | AH63: 14 | AI63: 14 | AJ63: 18 | AK63: 18 | AN63: Segment | AO63: 11 | AP63: 11 | AQ63: 12 | AR63: 12 | AS63: 13 | AT63: 13 | AU63: 14 | AV63: 14 | AW63: 18 | AX63: 18
B64: Period | N64: Period | AA64: Period | AN64: Period
B65: Night | C65: 51.21 | D65: 53.61 | E65: 72.55 | F65: 41.32 | G65: 54.27 | H65: 54.25 | I65: 31.37 | J65: 35.06 | K65: 17.56 | L65: 21.52 | N65: Night | O65: 60 | P65: 60 | Q65: 60 | R65: 60 | S65: 60 | T65: 60 | U65: 60 | V65: 60 | W65: 60 | X65: 60 | AA65: Night | AB65: 59.73 | AC65: 59.74 | AD65: 59.82 | AE65: 59.96 | AF65: 54.99 | AG65: 54.99 | AH65: 59.99 | AI65: 60 | AJ65: 59.19 | AK65: 59.76 | AN65: Night | AO65: -0.01 | AP65: -0.01 | AQ65: -0.01 | AR65: 0 | AS65: -0.26 | AT65: -0.25 | AU65: 0 | AV65: 0 | AW65: -0.01 | AX65: 0
B66: AM-Early | C66: 730.64 | D66: 589.7 | E66: 1243.96 | F66: 690.02 | G66: 800.85 | H66: 981.71 | I66: 792.01 | J66: 202.5 | K66: 409.74 | L66: 188.97 | N66: AM-Early | O66: 58.94 | P66: 59.94 | Q66: 59.53 | R66: 59.9 | S66: 55.12 | T66: 59.54 | U66: 57.95 | V66: 60 | W66: 59.85 | X66: 59.97 | AA66: AM-Early | AB66: 43.48 | AC66: 50.33 | AD66: 40.97 | AE66: 45.59 | AF66: 38.96 | AG66: 42.27 | AH66: 42.85 | AI66: 59.76 | AJ66: 36.99 | AK66: 51.4 | AN66: AM-Early | AO66: -0.8 | AP66: -0.42 | AQ66: -1.14 | AR66: -0.79 | AS66: -1.26 | AT66: -1.15 | AU66: -1.2 | AV66: -0.01 | AW66: -0.5 | AX66: -0.13
B67: AM-Peak | C67: 14070.72 | D67: 3147.87 | E67: 12482.44 | F67: 12502.3 | G67: 20380.36 | H67: 11614.1 | I67: 24304.62 | J67: 4735.93 | K67: 587.02 | L67: 887.35 | N67: AM-Peak | O67: 47.74 | P67: 58.92 | Q67: 55.64 | R67: 58.2 | S67: 39.76 | T67: 58.96 | U67: 46.93 | V67: 59.71 | W67: 59.97 | X67: 59.6 | AA67: AM-Peak | AB67: 20.65 | AC67: 47.01 | AD67: 27.03 | AE67: 21.35 | AF67: 16.61 | AG67: 31.09 | AH67: 18.84 | AI67: 53.72 | AJ67: 55.35 | AK67: 49.09 | AN67: AM-Peak | AO67: -3.63 | AP67: -0.57 | AQ67: -2.85 | AR67: -4.45 | AS67: -5.89 | AT67: -2.55 | AU67: -6.29 | AV67: -0.37 | AW67: -0.07 | AX67: -0.17
B68: AM-Shoulder | C68: 1223.72 | D68: 858.9 | E68: 3095.63 | F68: 2547.17 | G68: 2621.25 | H68: 3172.79 | I68: 3241.68 | J68: 763.24 | K68: 200.39 | L68: 226.37 | N68: AM-Shoulder | O68: 57 | P68: 59.29 | Q68: 56.95 | R68: 59.17 | S68: 58.01 | T68: 58.07 | U68: 59.65 | V68: 59.79 | W68: 59.99 | X68: 59.98 | AA68: AM-Shoulder | AB68: 40.05 | AC68: 42.22 | AD68: 31.51 | AE68: 33.07 | AF68: 31.32 | AG68: 31.24 | AH68: 37.61 | AI68: 54.73 | AJ68: 51.8 | AK68: 50.63 | AN68: AM-Shoulder | AO68: -0.98 | AP68: -0.9 | AQ68: -2.13 | AR68: -2 | AS68: -2.47 | AT68: -2.48 | AU68: -1.94 | AV68: -0.31 | AW68: -0.13 | AX68: -0.15
B69: MD | C69: 3857.28 | D69: 5847.1 | E69: 7236.42 | F69: 6618.65 | G69: 6656.82 | H69: 11097.42 | I69: 4650.94 | J69: 2859.13 | K69: 1634.74 | L69: 1744.91 | N69: MD | O69: 59.44 | P69: 59.87 | Q69: 56.71 | R69: 57.27 | S69: 55.48 | T69: 58.59 | U69: 59.92 | V69: 59.79 | W69: 59.62 | X69: 59.17 | AA69: MD | AB69: 42.57 | AC69: 34.73 | AD69: 39.57 | AE69: 40.23 | AF69: 37.75 | AG69: 31.81 | AH69: 50.99 | AI69: 56.11 | AJ69: 46.05 | AK69: 43.67 | AN69: MD | AO69: -0.88 | AP69: -1.6 | AQ69: -1.15 | AR69: -1.11 | AS69: -1.42 | AT69: -2.41 | AU69: -0.58 | AV69: -0.22 | AW69: -0.24 | AX69: -0.29
B70: PM-Shoulder | C70: 724.41 | D70: 922.05 | E70: 1769.82 | F70: 1323.24 | G70: 2321.2 | H70: 1824.85 | I70: 1380.5 | J70: 1996.4 | K70: 273.58 | L70: 160.03 | N70: PM-Shoulder | O70: 57.51 | P70: 59.79 | Q70: 58.41 | R70: 56.72 | S70: 57.26 | T70: 56.25 | U70: 56.82 | V70: 54.24 | W70: 58.52 | X70: 59.25 | AA70: PM-Shoulder | AB70: 42.1 | AC70: 36.1 | AD70: 33.53 | AE70: 33.23 | AF70: 32.23 | AG70: 31.96 | AH70: 43.48 | AI70: 32.74 | AJ70: 43.95 | AK70: 43.66 | AN70: PM-Shoulder | AO70: -0.84 | AP70: -1.45 | AQ70: -1.91 | AR70: -1.87 | AS70: -2.28 | AT70: -2.27 | AU70: -1.07 | AV70: -2.4 | AW70: -0.27 | AX70: -0.29
B71: PM-Peak | C71: 8929.96 | D71: 10257.05 | E71: 7558.81 | F71: 6412.1 | G71: 6972.66 | H71: 7838.05 | I71: 3584.21 | J71: 1790.55 | K71: 456.26 | L71: 416.46 | N71: PM-Peak | O71: 49.71 | P71: 49.23 | Q71: 56.75 | R71: 56.93 | S71: 54.43 | T71: 45.97 | U71: 56.78 | V71: 59.51 | W71: 59.9 | X71: 59.82 | AA71: PM-Peak | AB71: 19.84 | AC71: 19.89 | AD71: 26.22 | AE71: 28.34 | AF71: 25.99 | AG71: 22.54 | AH71: 46.07 | AI71: 50.46 | AJ71: 52.77 | AK71: 52.33 | AN71: PM-Peak | AO71: -4 | AP71: -3.96 | AQ71: -3.08 | AR71: -2.66 | AS71: -3.38 | AT71: -3.8 | AU71: -0.81 | AV71: -0.6 | AW71: -0.11 | AX71: -0.11
B72: PM-Late | C72: 952.04 | D72: 768.44 | E72: 1208.04 | F72: 187.04 | G72: 1034.42 | H72: 928.36 | I72: 792.67 | J72: 56.75 | K72: 199.16 | L72: 211.04 | N72: PM-Late | O72: 59.93 | P72: 59.91 | Q72: 59.91 | R72: 59.98 | S72: 59.93 | T72: 59.88 | U72: 60 | V72: 60 | W72: 60 | X72: 59.95 | AA72: PM-Late | AB72: 49.9 | AC72: 47.14 | AD72: 48.04 | AE72: 59.49 | AF72: 45.49 | AG72: 45.98 | AH72: 53.14 | AI72: 59.92 | AJ72: 55.91 | AK72: 49.22 | AN72: PM-Late | AO72: -0.44 | AP72: -0.6 | AQ72: -0.62 | AR72: -0.02 | AS72: -0.89 | AT72: -0.85 | AU72: -0.43 | AV72: 0 | AW72: -0.06 | AX72: -0.17
B75: Revenue Per Period Medium B | N75: ML time | AA75: GP Time | AN75: Difference in travel time
B76: Direction | C76: NB | D76: SB | E76: NB | F76: SB | G76: NB | H76: SB | I76: NB | J76: SB | K76: NB | L76: SB | N76: Direction | O76: NB | P76: SB | Q76: NB | R76: SB | S76: NB | T76: SB | U76: NB | V76: SB | W76: NB | X76: SB | AA76: Direction | AB76: NB | AC76: SB | AD76: NB | AE76: SB | AF76: NB | AG76: SB | AH76: NB | AI76: SB | AJ76: NB | AK76: SB | AN76: Direction | AO76: NB | AP76: SB | AQ76: NB | AR76: SB | AS76: NB | AT76: SB | AU76: NB | AV76: SB | AW76: NB | AX76: SB
B77: Segment | C77: 11 | D77: 11 | E77: 12 | F77: 12 | G77: 13 | H77: 13 | I77: 14 | J77: 14 | K77: 18 | L77: 18 | N77: Segment | O77: 11 | P77: 11 | Q77: 12 | R77: 12 | S77: 13 | T77: 13 | U77: 14 | V77: 14 | W77: 18 | X77: 18 | AA77: Segment | AB77: 11 | AC77: 11 | AD77: 12 | AE77: 12 | AF77: 13 | AG77: 13 | AH77: 14 | AI77: 14 | AJ77: 18 | AK77: 18 | AN77: Segment | AO77: 11 | AP77: 11 | AQ77: 12 | AR77: 12 | AS77: 13 | AT77: 13 | AU77: 14 | AV77: 14 | AW77: 18 | AX77: 18
B78: Period | N78: Period | AA78: Period | AN78: Period
B79: Night | C79: 13.78 | D79: 21.97 | E79: 6.31 | F79: 8.33 | G79: 12.6 | H79: 19.84 | I79: 6.49 | J79: 3.25 | K79: 1.65 | L79: 3.3 | N79: Night | O79: 2.2 | P79: 2.2 | Q79: 2.5 | R79: 2.5 | S79: 2.8 | T79: 2.8 | U79: 3.3 | V79: 3.3 | W79: 0.8 | X79: 0.8 | AA79: Night | AB79: 2.21 | AC79: 2.21 | AD79: 2.51 | AE79: 2.5 | AF79: 3.06 | AG79: 3.05 | AH79: 3.3 | AI79: 3.3 | AJ79: 0.81 | AK79: 0.8 | AN79: Night | AO79: 0 | AP79: 0 | AQ79: 0 | AR79: 0 | AS79: -0.08 | AT79: -0.08 | AU79: 0 | AV79: 0 | AW79: -0.01 | AX79: 0
B80: AM-Early | C80: 382.34 | D80: 262.53 | E80: 509.34 | F80: 649.78 | G80: 618.59 | H80: 545.84 | I80: 638.23 | J80: 110.26 | K80: 168.06 | L80: 179.7 | N80: AM-Early | O80: 2.24 | P80: 2.2 | Q80: 2.52 | R80: 2.5 | S80: 3.05 | T80: 2.82 | U80: 3.42 | V80: 3.3 | W80: 0.8 | X80: 0.8 | AA80: AM-Early | AB80: 3.04 | AC80: 2.62 | AD80: 3.66 | AE80: 3.29 | AF80: 4.31 | AG80: 3.97 | AH80: 4.62 | AI80: 3.31 | AJ80: 1.3 | AK80: 0.93 | AN80: AM-Early | AO80: -0.26 | AP80: -0.16 | AQ80: -0.31 | AR80: -0.24 | AS80: -0.29 | AT80: -0.29 | AU80: -0.26 | AV80: 0 | AW80: -0.38 | AX80: -0.14
B81: AM-Peak | C81: 3488.21 | D81: 1095.38 | E81: 3841.45 | F81: 7503.58 | G81: 8925.87 | H81: 4425.29 | I81: 8518.2 | J81: 1486.58 | K81: 179.72 | L81: 522.01 | N81: AM-Peak | O81: 2.77 | P81: 2.24 | Q81: 2.7 | R81: 2.58 | S81: 4.23 | T81: 2.85 | U81: 4.22 | V81: 3.32 | W81: 0.8 | X81: 0.81 | AA81: AM-Peak | AB81: 6.39 | AC81: 2.81 | AD81: 5.55 | AE81: 7.02 | AF81: 10.11 | AG81: 5.4 | AH81: 10.51 | AI81: 3.69 | AJ81: 0.87 | AK81: 0.98 | AN81: AM-Peak | AO81: -0.57 | AP81: -0.2 | AQ81: -0.51 | AR81: -0.63 | AS81: -0.58 | AT81: -0.47 | AU81: -0.6 | AV81: -0.1 | AW81: -0.08 | AX81: -0.18
B82: AM-Shoulder | C82: 339.83 | D82: 334.78 | E82: 1022.9 | F82: 1336.42 | G82: 1143.04 | H82: 1483.17 | I82: 1021.57 | J82: 365.27 | K82: 65.54 | L82: 118.3 | N82: AM-Shoulder | O82: 2.32 | P82: 2.23 | Q82: 2.63 | R82: 2.54 | S82: 2.9 | T82: 2.89 | U82: 3.32 | V82: 3.31 | W82: 0.8 | X82: 0.8 | AA82: AM-Shoulder | AB82: 3.3 | AC82: 3.13 | AD82: 4.76 | AE82: 4.54 | AF82: 5.36 | AG82: 5.38 | AH82: 5.26 | AI82: 3.62 | AJ82: 0.93 | AK82: 0.95 | AN82: AM-Shoulder | AO82: -0.3 | AP82: -0.29 | AQ82: -0.45 | AR82: -0.44 | AS82: -0.46 | AT82: -0.46 | AU82: -0.37 | AV82: -0.08 | AW82: -0.14 | AX82: -0.16
B83: MD | C83: 1051.88 | D83: 1823.31 | E83: 2352.79 | F83: 2334.13 | G83: 3017.43 | H83: 4751.16 | I83: 2019.64 | J83: 1089.47 | K83: 530.27 | L83: 614.49 | N83: MD | O83: 2.22 | P83: 2.2 | Q83: 2.64 | R83: 2.62 | S83: 3.03 | T83: 2.87 | U83: 3.3 | V83: 3.31 | W83: 0.81 | X83: 0.81 | AA83: MD | AB83: 3.1 | AC83: 3.8 | AD83: 3.79 | AE83: 3.73 | AF83: 4.45 | AG83: 5.28 | AH83: 3.88 | AI83: 3.53 | AJ83: 1.04 | AK83: 1.1 | AN83: MD | AO83: -0.28 | AP83: -0.42 | AQ83: -0.3 | AR83: -0.3 | AS83: -0.32 | AT83: -0.46 | AU83: -0.15 | AV83: -0.06 | AW83: -0.23 | AX83: -0.26
B84: PM-Shoulder | C84: 243.45 | D84: 124.59 | E84: 620.78 | F84: 736.44 | G84: 704.17 | H84: 389.78 | I84: 360.75 | J84: 902.58 | K84: 94.16 | L84: 89.16 | N84: PM-Shoulder | O84: 2.3 | P84: 2.21 | Q84: 2.57 | R84: 2.64 | S84: 2.93 | T84: 2.99 | U84: 3.48 | V84: 3.65 | W84: 0.82 | X84: 0.81 | AA84: PM-Shoulder | AB84: 3.14 | AC84: 3.66 | AD84: 4.47 | AE84: 4.51 | AF84: 5.21 | AG84: 5.26 | AH84: 4.55 | AI84: 6.05 | AJ84: 1.09 | AK84: 1.1 | AN84: PM-Shoulder | AO84: -0.27 | AP84: -0.4 | AQ84: -0.43 | AR84: -0.41 | AS84: -0.44 | AT84: -0.43 | AU84: -0.23 | AV84: -0.4 | AW84: -0.25 | AX84: -0.26
B85: PM-Peak | C85: 1956.21 | D85: 1953.57 | E85: 1145.85 | F85: 1523.56 | G85: 1627.58 | H85: 1676.85 | I85: 705.98 | J85: 598.12 | K85: 62.22 | L85: 100.97 | N85: PM-Peak | O85: 2.66 | P85: 2.68 | Q85: 2.64 | R85: 2.63 | S85: 3.09 | T85: 3.65 | U85: 3.49 | V85: 3.33 | W85: 0.8 | X85: 0.8 | AA85: PM-Peak | AB85: 6.65 | AC85: 6.64 | AD85: 5.72 | AE85: 5.29 | AF85: 6.46 | AG85: 7.45 | AH85: 4.3 | AI85: 3.92 | AJ85: 0.91 | AK85: 0.92 | AN85: PM-Peak | AO85: -0.6 | AP85: -0.6 | AQ85: -0.54 | AR85: -0.5 | AS85: -0.52 | AT85: -0.51 | AU85: -0.19 | AV85: -0.15 | AW85: -0.12 | AX85: -0.13
B86: PM-Late | C86: 93.74 | D86: 177.18 | E86: 126.31 | F86: 50.88 | G86: 206.12 | H86: 337.95 | I86: 27.4 | J86: 5.5 | K86: 20.96 | L86: 54.12 | N86: PM-Late | O86: 2.2 | P86: 2.2 | Q86: 2.5 | R86: 2.5 | S86: 2.8 | T86: 2.81 | U86: 3.3 | V86: 3.3 | W86: 0.8 | X86: 0.8 | AA86: PM-Late | AB86: 2.65 | AC86: 2.8 | AD86: 3.12 | AE86: 2.52 | AF86: 3.69 | AG86: 3.65 | AH86: 3.73 | AI86: 3.3 | AJ86: 0.86 | AK86: 0.98 | AN86: PM-Late | AO86: -0.17 | AP86: -0.21 | AQ86: -0.2 | AR86: -0.01 | AS86: -0.24 | AT86: -0.23 | AU86: -0.11 | AV86: 0 | AW86: -0.07 | AX86: -0.18
B89: Revenue Per Period Heavy A | N89: ML light veh.Miles | AA89: GP light veh.Miles | AN89: LVr Toll
B90: Direction | C90: NB | D90: SB | E90: NB | F90: SB | G90: NB | H90: SB | I90: NB | J90: SB | K90: NB | L90: SB | N90: Direction | O90: NB | T90: SB | AA90: Direction | AB90: NB | AG90: SB | AN90: Direction | AO90: NB | AP90: SB | AQ90: NB | AR90: SB | AS90: NB | AT90: SB | AU90: NB | AV90: SB | AW90: NB | AX90: SB
B91: Segment | C91: 11 | D91: 11 | E91: 12 | F91: 12 | G91: 13 | H91: 13 | I91: 14 | J91: 14 | K91: 18 | L91: 18 | N91: Segment | O91: 11 | P91: 12 | Q91: 13 | R91: 14 | S91: 18 | T91: 11 | U91: 12 | V91: 13 | W91: 14 | X91: 18 | AA91: Segment | AB91: 11 | AC91: 12 | AD91: 13 | AE91: 14 | AF91: 18 | AG91: 11 | AH91: 12 | AI91: 13 | AJ91: 14 | AK91: 18 | AN91: Segment | AO91: 11 | AP91: 11 | AQ91: 12 | AR91: 12 | AS91: 13 | AT91: 13 | AU91: 14 | AV91: 14 | AW91: 18 | AX91: 18
B92: Period | N92: Period | AA92: Period | AN92: Period
B93: Night | C93: 344.42 | D93: 347.35 | E93: 593.71 | F93: 491.53 | G93: 231.53 | H93: 226.14 | I93: 169.83 | J93: 157.68 | K93: 148.47 | L93: 140.17 | N93: Night | O93: 3240.57 | P93: 3962.13 | Q93: 3700.29 | R93: 2312.36 | S93: 962.05 | T93: 3140.11 | U93: 1732.08 | V93: 3086.78 | W93: 1388.8 | X93: 621.98 | AA93: Night | AB93: 29331.97 | AC93: 35860.87 | AD93: 33618.11 | AE93: 35694.07 | AF93: 8692.35 | AG93: 28500.73 | AH93: 22220.17 | AI93: 28038.02 | AJ93: 25846.1 | AK93: 5655.62 | AN93: Night | AO93: 0.44 | AP93: 0.44 | AQ93: 0.5 | AR93: 0.5 | AS93: 0.56 | AT93: 0.56 | AU93: 0.66 | AV93: 0.66 | AW93: 0.16 | AX93: 0.16
B94: AM-Early | C94: 414.77 | D94: 395.87 | E94: 891.5 | F94: 784.42 | G94: 399.19 | H94: 507.88 | I94: 387.13 | J94: 133.54 | K94: 267.51 | L94: 175 | N94: AM-Early | O94: 3290.56 | P94: 3232.86 | Q94: 5661.84 | R94: 5782.28 | S94: 871.95 | T94: 1941.99 | U94: 2196.85 | V94: 3526.58 | W94: 1952.5 | X94: 604.7 | AA94: AM-Early | AB94: 10509.86 | AC94: 19443.89 | AD94: 20103.21 | AE94: 20126.59 | AF94: 4198.98 | AG94: 8183.95 | AH94: 5423.12 | AI94: 9406.64 | AJ94: 12025.31 | AK94: 2623.3 | AN94: AM-Early | AO94: 5.66 | AP94: 5.66 | AQ94: 10.31 | AR94: 6.44 | AS94: 7.21 | AT94: 7.21 | AU94: 8.5 | AV94: 2.97 | AW94: 4.12 | AX94: 2.06
B95: AM-Peak | C95: 9869.93 | D95: 2768.63 | E95: 8654.72 | F95: 15448.55 | G95: 10725.9 | H95: 4348.59 | I95: 10608.12 | J95: 2213.98 | K95: 448.38 | L95: 998.63 | N95: AM-Peak | O95: 14426.56 | P95: 13491.53 | Q95: 21326.66 | R95: 22679.93 | S95: 1959.44 | T95: 8964.53 | U95: 10320.14 | V95: 11822.62 | W95: 10893.13 | X95: 2683.68 | AA95: AM-Peak | AB95: 40721.75 | AC95: 67869.97 | AD95: 73946.64 | AE95: 86005.64 | AF95: 7148.56 | AG95: 19431.18 | AH95: 24933.09 | AI95: 56943.24 | AJ95: 59633.67 | AK95: 6858.72 | AN95: AM-Peak | AO95: 18.03 | AP95: 5.66 | AQ95: 19.31 | AR95: 21.54 | AS95: 28.84 | AT95: 19.25 | AU95: 33.16 | AV95: 8.5 | AW95: 2.06 | AX95: 2.06
B96: AM-Shoulder | C96: 1132.62 | D96: 1113.14 | E96: 3200.75 | F96: 2397.09 | G96: 1425.24 | H96: 1879.77 | I96: 1367.14 | J96: 553.85 | K96: 214.07 | L96: 219.45 | N96: AM-Shoulder | O96: 3560.47 | P96: 3827.36 | Q96: 4467.73 | R96: 3773.99 | S96: 503.99 | T96: 2746.6 | U96: 3025.06 | V96: 4180.93 | W96: 3525.46 | X96: 541.53 | AA96: AM-Shoulder | AB96: 9767.05 | AC96: 16741.26 | AD96: 19012.11 | AE96: 23302.18 | AF96: 1969.61 | AG96: 6397.95 | AH96: 12062.01 | AI96: 17108.44 | AJ96: 19168.97 | AK96: 1946.79 | AN96: AM-Shoulder | AO96: 5.66 | AP96: 5.66 | AQ96: 12.88 | AR96: 12.88 | AS96: 14.42 | AT96: 14.42 | AU96: 16.77 | AV96: 5.71 | AW96: 2.06 | AX96: 2.06
B97: MD | C97: 4017.85 | D97: 5409.37 | E97: 8613.1 | F97: 7712.77 | G97: 4981.09 | H97: 5600.81 | I97: 2258.13 | J97: 1536.62 | K97: 1775.98 | L97: 1957.6 | N97: MD | O97: 14083.09 | P97: 19505.07 | Q97: 25731.76 | R97: 15854.84 | S97: 4452.85 | T97: 11317.37 | U97: 19284.5 | V97: 21735.5 | W97: 18694.21 | X97: 5106.45 | AA97: MD | AB97: 34235.4 | AC97: 51654.52 | AD97: 70915.65 | AE97: 81590.86 | AF97: 14259.15 | AG97: 43507.63 | AH97: 49938.89 | AI97: 91129.31 | AJ97: 101323.49 | AK97: 14181.55 | AN97: MD | AO97: 5.66 | AP97: 11.33 | AQ97: 6.44 | AR97: 6.44 | AS97: 7.21 | AT97: 14.42 | AU97: 8.5 | AV97: 4.77 | AW97: 2.06 | AX97: 2.06
B98: PM-Shoulder | C98: 742.12 | D98: 755.98 | E98: 2088.51 | F98: 1646.36 | G98: 994.32 | H98: 872.21 | I98: 583 | J98: 963.86 | K98: 374.81 | L98: 244.15 | N98: PM-Shoulder | O98: 3800.98 | P98: 3845.19 | Q98: 4993.52 | R98: 6074.48 | S98: 1202.7 | T98: 2641.67 | U98: 4593.26 | V98: 5486.77 | W98: 6973.9 | X98: 1144.74 | AA98: PM-Shoulder | AB98: 9404.05 | AC98: 14421.94 | AD98: 20128.61 | AE98: 21533.32 | AF98: 2987.7 | AG98: 9454.61 | AH98: 19620.06 | AI98: 23193.33 | AJ98: 35242.58 | AK98: 2143.88 | AN98: PM-Shoulder | AO98: 5.66 | AP98: 11.33 | AQ98: 12.87 | AR98: 12.87 | AS98: 14.42 | AT98: 14.42 | AU98: 8.5 | AV98: 17 | AW98: 2.06 | AX98: 2.06
B99: PM-Peak | C99: 9150.71 | D99: 9705.71 | E99: 10418.23 | F99: 9830.65 | G99: 5218.59 | H99: 5072.7 | I99: 2083.9 | J99: 1846.57 | K99: 747.74 | L99: 751.02 | N99: PM-Peak | O99: 15230.1 | P99: 13443.37 | Q99: 17758.49 | R99: 18499.01 | S99: 2391.13 | T99: 15198.68 | U99: 13463.55 | V99: 21425.49 | W99: 14196.95 | X99: 2703.29 | AA99: PM-Peak | AB99: 43932.8 | AC99: 40711.28 | AD99: 67495.51 | AE99: 61529.65 | AF99: 4989.11 | AG99: 43094.47 | AH99: 53726.7 | AI99: 74037.65 | AJ99: 82511.86 | AK99: 6440.59 | AN99: PM-Peak | AO99: 22.66 | AP99: 22.66 | AQ99: 19.31 | AR99: 19.31 | AS99: 21.63 | AT99: 22.44 | AU99: 8.5 | AV99: 11.04 | AW99: 2.06 | AX99: 2.06
B100: PM-Late | C100: 1251.16 | D100: 1339.6 | E100: 3325.75 | F100: 593.65 | G100: 2485 | H100: 1325.63 | I100: 1138.04 | J100: 433.84 | K100: 452.15 | L100: 775.04 | N100: PM-Late | O100: 6570.9 | P100: 7137.09 | Q100: 8129.72 | R100: 6205.27 | S100: 1352.84 | T100: 7097.15 | U100: 6237.95 | V100: 9459.18 | W100: 3245.74 | X100: 2213.75 | AA100: PM-Late | AB100: 20679.18 | AC100: 17810.91 | AD100: 19511.32 | AE100: 19853.51 | AF100: 4882.36 | AG100: 28476.85 | AH100: 24285.55 | AI100: 24454.98 | AJ100: 34423.76 | AK100: 5377.45 | AN100: PM-Late | AO100: 5.66 | AP100: 7.18 | AQ100: 6.44 | AR100: 2.03 | AS100: 7.21 | AT100: 7.21 | AU100: 8.5 | AV100: 4.46 | AW100: 1.79 | AX100: 2.06
B103: % Workday Revenue | N103: ML light veh/period | AA103: GP light veh/period | AN103: Medium A Toll
B104: Direction | C104: NB | D104: SB | E104: NB | F104: SB | G104: NB | H104: SB | I104: NB | J104: SB | K104: NB | L104: SB | N104: Direction | O104: NB | P104: SB | Q104: NB | R104: SB | S104: NB | T104: SB | U104: NB | V104: SB | W104: NB | X104: SB | AA104: Direction | AB104: NB | AC104: SB | AD104: NB | AE104: SB | AF104: NB | AG104: SB | AH104: NB | AI104: SB | AJ104: NB | AK104: SB | AN104: Direction | AO104: NB | AP104: SB | AQ104: NB | AR104: SB | AS104: NB | AT104: SB | AU104: NB | AV104: SB | AW104: NB | AX104: SB
B105: Segment | C105: 11 | D105: 11 | E105: 12 | F105: 12 | G105: 13 | H105: 13 | I105: 14 | J105: 14 | K105: 18 | L105: 18 | N105: Segment | O105: 11 | P105: 11 | Q105: 12 | R105: 12 | S105: 13 | T105: 13 | U105: 14 | V105: 14 | W105: 18 | X105: 18 | AA105: Segment | AB105: 11 | AC105: 11 | AD105: 12 | AE105: 12 | AF105: 13 | AG105: 13 | AH105: 14 | AI105: 14 | AJ105: 18 | AK105: 18 | AN105: Segment | AO105: 11 | AP105: 11 | AQ105: 12 | AR105: 12 | AS105: 13 | AT105: 13 | AU105: 14 | AV105: 14 | AW105: 18 | AX105: 18
B106: Period | N106: Period | AA106: Period | AN106: Period
B107: Night | C107: 0.0025095311 | D107: 0.0031142928 | E107: 0.0035524093 | F107: 0.0023591602 | G107: 0.0017552085 | H107: 0.0017654116 | I107: 0.0014788381 | J107: 0.0026945377 | K107: 0.0081653006 | L107: 0.0058408334 | N107: Night | O107: 1472.98 | P107: 1427.32 | Q107: 1584.85 | R107: 692.83 | S107: 1321.53 | T107: 1102.42 | U107: 700.72 | V107: 420.85 | W107: 1202.57 | X107: 777.48 | AA107: Night | AB107: 13332.72 | AC107: 12954.88 | AD107: 14344.35 | AE107: 8888.07 | AF107: 12006.47 | AG107: 10013.58 | AH107: 10816.38 | AI107: 7832.15 | AJ107: 10865.43 | AK107: 7069.52 | AN107: Night | AO107: 1.32 | AP107: 1.32 | AQ107: 1.5 | AR107: 1.5 | AS107: 1.68 | AT107: 1.68 | AU107: 1.98 | AV107: 1.98 | AW107: 0.48 | AX107: 0.48
B108: AM-Early | C108: 0.023732325 | D108: 0.018516878 | E108: 0.038741628 | F108: 0.02068151 | G108: 0.027715734 | H108: 0.021387746 | I108: 0.03686607 | J108: 0.012533084 | K108: 0.1209947 | L108: 0.042401649 | N108: AM-Early | O108: 1495.71 | P108: 882.72 | Q108: 1293.14 | R108: 878.74 | S108: 2022.09 | T108: 1259.49 | U108: 1752.21 | V108: 591.67 | W108: 1089.94 | X108: 755.87 | AA108: AM-Early | AB108: 4777.21 | AC108: 3719.98 | AD108: 7777.56 | AE108: 2169.25 | AF108: 7179.72 | AG108: 3359.51 | AH108: 6098.97 | AI108: 3644.03 | AJ108: 5248.73 | AK108: 3279.13 | AN108: AM-Early | AO108: 16.99 | AP108: 16.99 | AQ108: 30.93 | AR108: 19.31 | AS108: 21.63 | AT108: 21.63 | AU108: 25.49 | AV108: 8.91 | AW108: 12.36 | AX108: 6.18
B109: AM-Peak | C109: 0.3456808 | D109: 0.089182417 | E109: 0.31329476 | F109: 0.33054399 | G109: 0.43893984 | H109: 0.19558145 | I109: 0.59870996 | J109: 0.20752223 | K109: 0.14196566 | L109: 0.18808339 | N109: AM-Peak | O109: 6557.53 | P109: 4074.78 | Q109: 5396.61 | R109: 4128.05 | S109: 7616.66 | T109: 4222.37 | U109: 6872.71 | V109: 3300.95 | W109: 2449.3 | X109: 3354.6 | AA109: AM-Peak | AB109: 18509.88 | AC109: 8832.36 | AD109: 27147.99 | AE109: 9973.24 | AF109: 26409.51 | AG109: 20336.87 | AH109: 26062.31 | AI109: 18070.81 | AJ109: 8935.7 | AK109: 8573.4 | AN109: AM-Peak | AO109: 54.09 | AP109: 16.99 | AQ109: 57.94 | AR109: 64.61 | AS109: 86.52 | AT109: 57.74 | AU109: 99.48 | AV109: 25.49 | AW109: 6.18 | AX109: 6.18
B110: AM-Shoulder | C110: 0.028154337 | D110: 0.027793822 | E110: 0.06554463 | F110: 0.05810115 | G110: 0.047660893 | H110: 0.05400157 | I110: 0.054748322 | J110: 0.044283525 | K110: 0.040312217 | L110: 0.039531288 | N110: AM-Shoulder | O110: 1618.4 | P110: 1248.45 | Q110: 1530.94 | R110: 1210.02 | S110: 1595.62 | T110: 1493.19 | U110: 1143.63 | V110: 1068.32 | W110: 629.98 | X110: 676.91 | AA110: AM-Shoulder | AB110: 4439.57 | AC110: 2908.16 | AD110: 6696.51 | AE110: 4824.8 | AF110: 6790.04 | AG110: 6110.16 | AH110: 7061.27 | AI110: 5808.78 | AJ110: 2462.02 | AK110: 2433.48 | AN110: AM-Shoulder | AO110: 16.99 | AP110: 16.99 | AQ110: 38.63 | AR110: 38.63 | AS110: 43.26 | AT110: 43.26 | AU110: 50.31 | AV110: 17.14 | AW110: 6.18 | AX110: 6.18
B111: MD | C111: 0.10723873 | D111: 0.21147451 | E111: 0.16592864 | F111: 0.17628088 | G111: 0.13676216 | H111: 0.25663526 | I111: 0.10979218 | J111: 0.18476116 | K111: 0.34936688 | L111: 0.352535 | N111: MD | O111: 6401.41 | P111: 5144.26 | Q111: 7802.03 | R111: 7713.8 | S111: 9189.91 | T111: 7762.68 | U111: 4804.5 | V111: 5664.91 | W111: 5566.07 | X111: 6383.06 | AA111: MD | AB111: 15561.54 | AC111: 19776.19 | AD111: 20661.81 | AE111: 19975.56 | AF111: 25327.02 | AG111: 32546.18 | AH111: 24724.5 | AI111: 30704.09 | AJ111: 17823.93 | AK111: 17726.94 | AN111: MD | AO111: 16.99 | AP111: 33.99 | AQ111: 19.31 | AR111: 19.31 | AS111: 21.63 | AT111: 43.26 | AU111: 25.49 | AV111: 14.3 | AW111: 6.18 | AX111: 6.18
B112: PM-Shoulder | C112: 0.027283727 | D112: 0.045656371 | E112: 0.058880288 | F112: 0.07272385 | G112: 0.050260426 | H112: 0.060304838 | I112: 0.039644874 | J112: 0.22624698 | K112: 0.087063206 | L112: 0.069454004 | N112: PM-Shoulder | O112: 1727.72 | P112: 1200.76 | Q112: 1538.08 | R112: 1837.3 | S112: 1783.4 | T112: 1959.56 | U112: 1840.75 | V112: 2113.3 | W112: 1503.37 | X112: 1430.93 | AA112: PM-Shoulder | AB112: 4274.57 | AC112: 4297.55 | AD112: 5768.78 | AE112: 7848.02 | AF112: 7188.79 | AG112: 8283.33 | AH112: 6525.25 | AI112: 10679.57 | AJ112: 3734.63 | AK112: 2679.85 | AN112: PM-Shoulder | AO112: 16.99 | AP112: 33.99 | AQ112: 38.62 | AR112: 38.62 | AS112: 43.26 | AT112: 43.26 | AU112: 25.49 | AV112: 50.99 | AW112: 6.18 | AX112: 6.18
B113: PM-Peak | C113: 0.41979841 | D113: 0.52883762 | E113: 0.29819323 | F113: 0.32365958 | G113: 0.25522605 | H113: 0.3584736 | I113: 0.11917956 | J113: 0.29421496 | K113: 0.1683305 | L113: 0.16610185 | N113: PM-Peak | O113: 6922.77 | P113: 6908.49 | Q113: 5377.35 | R113: 5385.42 | S113: 6342.32 | T113: 7651.96 | U113: 5605.76 | V113: 4302.11 | W113: 2988.91 | X113: 3379.11 | AA113: PM-Peak | AB113: 19969.45 | AC113: 19588.39 | AD113: 16284.51 | AE113: 21490.68 | AF113: 24105.54 | AG113: 26442.02 | AH113: 18645.35 | AI113: 25003.6 | AJ113: 6236.39 | AK113: 8050.74 | AN113: PM-Peak | AO113: 67.98 | AP113: 67.98 | AQ113: 57.94 | AR113: 57.94 | AS113: 64.89 | AT113: 67.33 | AU113: 25.49 | AV113: 33.12 | AW113: 6.18 | AX113: 6.18
B114: PM-Late | C114: 0.045602144 | D114: 0.075424086 | E114: 0.055864406 | F114: 0.015649876 | G114: 0.041679686 | H114: 0.05185013 | I114: 0.039580197 | J114: 0.027743528 | K114: 0.08380153 | L114: 0.13605198 | N114: PM-Late | O114: 2986.77 | P114: 3225.98 | Q114: 2854.84 | R114: 2495.18 | S114: 2903.47 | T114: 3378.28 | U114: 1880.39 | V114: 983.56 | W114: 1691.05 | X114: 2767.19 | AA114: PM-Late | AB114: 9399.63 | AC114: 12944.02 | AD114: 7124.36 | AE114: 9714.22 | AF114: 6968.33 | AG114: 8733.92 | AH114: 6016.21 | AI114: 10431.44 | AJ114: 6102.95 | AK114: 6721.81 | AN114: PM-Late | AO114: 16.99 | AP114: 21.54 | AQ114: 19.31 | AR114: 6.08 | AS114: 21.63 | AT114: 21.63 | AU114: 25.49 | AV114: 13.37 | AW114: 5.36 | AX114: 6.18
N117: ML medium A veh.Miles | AA117: GP medium A veh.Miles | AN117: Implied VOT
...

Sheet Sheet1
