Workbook

Sheet Year_2025
B1: Lenght
C2: 11 | D2: 12 | E2: 13 | F2: 14 | G2: 15 | H2: 16 | I2: 17 | J2: 18
B3: Length | C3: 2.4 | D3: 2.5 | E3: 2 | F3: 4 | G3: 2.6 | H3: 2.6 | I3: 2.1 | J3: 0.3
B5: TollLights | T5: ML PCE.Miles | AM5: GP PCE.Miles | BF5: Highway PCE.Miles
B6: Direction | C6: NB | D6: SB | E6: NB | F6: SB | G6: NB | H6: SB | I6: NB | J6: SB | K6: NB | L6: SB | M6: NB | N6: SB | O6: NB | P6: SB | Q6: NB | R6: SB | T6: Direction | U6: NB | V6: SB | W6: NB | X6: SB | Y6: NB | Z6: SB | AA6: NB | AB6: SB | AC6: NB | AD6: SB | AE6: NB | AF6: SB | AG6: NB | AH6: SB | AI6: NB | AJ6: SB | AM6: Direction | AN6: NB | AO6: SB | AP6: NB | AQ6: SB | AR6: NB | AS6: SB | AT6: NB | AU6: SB | AV6: NB | AW6: SB | AX6: NB | AY6: SB | AZ6: NB | BA6: SB | BB6: NB | BC6: SB | BF6: Direction | BG6: NB | BH6: SB | BI6: NB | BJ6: SB | BK6: NB | BL6: SB | BM6: NB | BN6: SB | BO6: NB | BP6: SB | BQ6: NB | BR6: SB | BS6: NB | BT6: SB | BU6: NB | BV6: SB
B7: Segment | C7: 11 | D7: 11 | E7: 12 | F7: 12 | G7: 13 | H7: 13 | I7: 14 | J7: 14 | K7: 15 | L7: 15 | M7: 16 | N7: 16 | O7: 17 | P7: 17 | Q7: 18 | R7: 18 | T7: Segment | U7: 11 | V7: 11 | W7: 12 | X7: 12 | Y7: 13 | Z7: 13 | AA7: 14 | AB7: 14 | AC7: 15 | AD7: 15 | AE7: 16 | AF7: 16 | AG7: 17 | AH7: 17 | AI7: 18 | AJ7: 18 | AM7: Segment | AN7: 11 | AO7: 11 | AP7: 12 | AQ7: 12 | AR7: 13 | AS7: 13 | AT7: 14 | AU7: 14 | AV7: 15 | AW7: 15 | AX7: 16 | AY7: 16 | AZ7: 17 | BA7: 17 | BB7: 18 | BC7: 18 | BF7: Segment | BG7: 11 | BH7: 11 | BI7: 12 | BJ7: 12 | BK7: 13 | BL7: 13 | BM7: 14 | BN7: 14 | BO7: 15 | BP7: 15 | BQ7: 16 | BR7: 16 | BS7: 17 | BT7: 17 | BU7: 18 | BV7: 18
B8: Period | T8: Period | AM8: Period | BF8: Period
B9: Night | C9: 0.2 | D9: 0.2 | E9: 0.2 | F9: 0.2 | G9: 0.2 | H9: 0.2 | I9: 0.2 | J9: 0.2 | K9: 0.2 | L9: 0.2 | M9: 0.2 | N9: 0.2 | O9: 0.2 | P9: 0.2 | Q9: 0.2 | R9: 0.2 | T9: Night | U9: 2308.31 | V9: 2294.2 | W9: 2930.96 | X9: 2221.03 | Y9: 1205.92 | Z9: 1122.3 | AA9: 2597.08 | AB9: 1828.32 | AC9: 1552.86 | AD9: 1914.02 | AE9: 1552.65 | AF9: 1850.67 | AG9: 512.24 | AH9: 471.81 | AI9: 671.64 | AJ9: 535.09 | AM9: Night | AN9: 37146.49 | AO9: 36824.6 | AP9: 45561.54 | AQ9: 34861.47 | AR9: 23301.08 | AS9: 20626.7 | AT9: 40424.92 | AU9: 34613.68 | AV9: 28003.94 | AW9: 34422.28 | AX9: 28004.15 | AY9: 33266.23 | AZ9: 9211.81 | BA9: 8487.84 | BB9: 6100.86 | BC9: 4946.96 | BF9: Night | BG9: 39454.8 | BH9: 39118.8 | BI9: 48492.5 | BJ9: 37082.5 | BK9: 24507 | BL9: 21749 | BM9: 43022 | BN9: 36442 | BO9: 29556.8 | BP9: 36336.3 | BQ9: 29556.8 | BR9: 35116.9 | BS9: 9724.05 | BT9: 8959.65 | BU9: 6772.5 | BV9: 5482.05
B10: AM-Early | C10: 0.8 | D10: 0.6 | E10: 0.71 | F10: 0.8 | G10: 0.8 | H10: 0.79 | I10: 0.8 | J10: 0.65 | K10: 0.62 | L10: 0.67 | M10: 0.62 | N10: 0.66 | O10: 0.6 | P10: 0.55 | Q10: 0.96 | R10: 0.8 | T10: AM-Early | U10: 2723.35 | V10: 1242.78 | W10: 1896.24 | X10: 2531.11 | Y10: 2233.23 | Z10: 1124.06 | AA10: 4299.36 | AB10: 2011.84 | AC10: 1444.6 | AD10: 1582.27 | AE10: 1444.61 | AF10: 1574.93 | AG10: 1030.18 | AH10: 919.69 | AI10: 423.27 | AJ10: 299.57 | AM10: AM-Early | AN10: 13260.65 | AO10: 9115.62 | AP10: 17870.01 | AQ10: 8884 | AR10: 13646.77 | AS10: 6777.94 | AT10: 24338.64 | AU10: 12986.16 | AV10: 9953.8 | AW10: 13488.63 | AX10: 9953.79 | AY10: 13313.97 | AZ10: 6103.52 | BA10: 4927.76 | BB10: 1916.73 | BC10: 1629.13 | BF10: AM-Early | BG10: 15984 | BH10: 10358.4 | BI10: 19766.25 | BJ10: 11415.12 | BK10: 15880 | BL10: 7902 | BM10: 28638 | BN10: 14998 | BO10: 11398.4 | BP10: 15070.9 | BQ10: 11398.4 | BR10: 14888.9 | BS10: 7133.7 | BT10: 5847.45 | BU10: 2340 | BV10: 1928.7
B11: AM-Peak | C11: 1.6 | D11: 0.8 | E11: 0.8 | F11: 1.26 | G11: 0.98 | H11: 0.8 | I11: 1.04 | J11: 0.8 | K11: 0.71 | L11: 0.8 | M11: 0.68 | N11: 0.77 | O11: 0.73 | P11: 0.2 | Q11: 0.8 | R11: 0.92 | T11: AM-Peak | U11: 10616.05 | V11: 6022.75 | W11: 10239.63 | X11: 10515.46 | Y11: 8448.16 | Z11: 6580.65 | AA11: 16894.87 | AB11: 10585.05 | AC11: 3532.48 | AD11: 4032.03 | AE11: 3296.65 | AF11: 3684.87 | AG11: 2635.26 | AH11: 1341.27 | AI11: 917.41 | AJ11: 1262.03 | AM11: AM-Peak | AN11: 49660.35 | AO11: 24344.15 | AP11: 66012.87 | AQ11: 36025.04 | AR11: 43196.69 | AS11: 36293.12 | AT11: 90510.42 | AU11: 68911.44 | AV11: 30010.06 | AW11: 34050.22 | AX11: 24397.25 | AY11: 27203.13 | AZ11: 15935.4 | BA11: 12128.13 | BB11: 3934.49 | BC11: 4452.07 | BF11: AM-Peak | BG11: 60276.4 | BH11: 30366.9 | BI11: 76252.5 | BJ11: 46540.5 | BK11: 51644.85 | BL11: 42873.77 | BM11: 107405.3 | BN11: 79496.49 | BO11: 33542.54 | BP11: 38082.25 | BQ11: 27693.9 | BR11: 30888 | BS11: 18570.66 | BT11: 13469.4 | BU11: 4851.9 | BV11: 5714.1
B12: AM-Shoulder | C12: 0.8 | D12: 0.8 | E12: 0.8 | F12: 1.04 | G12: 0.84 | H12: 0.8 | I12: 0.74 | J12: 0.72 | K12: 0.59 | L12: 0.2 | M12: 0.56 | N12: 0.49 | O12: 0.53 | P12: 0.53 | Q12: 0.8 | R12: 0.8 | T12: AM-Shoulder | U12: 3270.84 | V12: 1521.41 | W12: 2361.77 | X12: 3502.19 | Y12: 2837.16 | Z12: 2080.36 | AA12: 2853.22 | AB12: 2557 | AC12: 1490.48 | AD12: 865.41 | AE12: 1370.29 | AF12: 620.1 | AG12: 304.62 | AH12: 304.83 | AI12: 260.26 | AJ12: 281.01 | AM12: AM-Shoulder | AN12: 15209.16 | AO12: 9304.69 | AP12: 21304.48 | AQ12: 19276.43 | AR12: 15084.84 | AS12: 13535.64 | AT12: 26612.78 | AU12: 23145 | AV12: 12543.64 | AW12: 7866.69 | AX12: 9857.81 | AY12: 8112 | AZ12: 3780 | BA12: 3781.77 | BB12: 1341.29 | BC12: 1324.52 | BF12: AM-Shoulder | BG12: 18480 | BH12: 10826.1 | BI12: 23666.25 | BJ12: 22778.62 | BK12: 17922 | BL12: 15616 | BM12: 29466 | BN12: 25702 | BO12: 14034.12 | BP12: 8732.1 | BQ12: 11228.1 | BR12: 8732.1 | BS12: 4084.62 | BT12: 4086.6 | BU12: 1601.55 | BV12: 1605.54
B13: MD | C13: 0.8 | D13: 0.8 | E13: 0.8 | F13: 0.8 | G13: 0.8 | H13: 0.8 | I13: 0.59 | J13: 0.67 | K13: 0.64 | L13: 0.57 | M13: 0.66 | N13: 0.56 | O13: 0.45 | P13: 0.44 | Q13: 0.86 | R13: 0.94 | T13: MD | U13: 12809.38 | V13: 13554.52 | W13: 11909.5 | X13: 13981.81 | Y13: 8088.66 | Z13: 9082.46 | AA13: 10692.4 | AB13: 12539.03 | AC13: 8169.08 | AD13: 7211.54 | AE13: 8102.78 | AF13: 7158.83 | AG13: 4014.55 | AH13: 3899.23 | AI13: 2141 | AJ13: 3167.86 | AM13: MD | AN13: 51114.62 | AO13: 57359.48 | AP13: 74721.75 | AQ13: 73586.94 | AR13: 52721.34 | AS13: 59702.54 | AT13: 90617.6 | AU13: 110370.97 | AV13: 71891.42 | AW13: 61382.96 | AX13: 70566.72 | AY13: 59999.17 | AZ13: 21038.45 | BA13: 20245.52 | BB13: 9470.5 | BC13: 7983.88 | BF13: MD | BG13: 63924 | BH13: 70914 | BI13: 86631.25 | BJ13: 87568.75 | BK13: 60810 | BL13: 68785 | BM13: 101310 | BN13: 122910 | BO13: 80060.5 | BP13: 68594.5 | BQ13: 78669.5 | BR13: 67158 | BS13: 25053 | BT13: 24144.75 | BU13: 11611.5 | BV13: 11151.74
B14: PM-Shoulder | C14: 0.96 | D14: 0.82 | E14: 0.8 | F14: 0.8 | G14: 0.81 | H14: 1.6 | I14: 0.67 | J14: 0.8 | K14: 0.54 | L14: 0.47 | M14: 0.58 | N14: 0.47 | O14: 0.5 | P14: 0.44 | Q14: 0.78 | R14: 0.8 | T14: PM-Shoulder | U14: 3383.49 | V14: 3380.04 | W14: 2293.37 | X14: 3405.21 | Y14: 2820.67 | Z14: 2998.23 | AA14: 3176.81 | AB14: 5529.54 | AC14: 1763.03 | AD14: 1458.26 | AE14: 1512.51 | AF14: 1280.97 | AG14: 997.09 | AH14: 896.09 | AI14: 211.05 | AJ14: 77.85 | AM14: PM-Shoulder | AN14: 14184 | AO14: 12004.32 | AP14: 19314.66 | AQ14: 21381.04 | AR14: 14643.54 | AS14: 18834.07 | AT14: 23859.19 | AU14: 29932.46 | AV14: 12584.07 | AW14: 10728.31 | AX14: 10560.59 | AY14: 8468.03 | AZ14: 5472.04 | BA14: 4857.01 | BB14: 1497.83 | BC14: 1482.75 | BF14: PM-Shoulder | BG14: 17567.49 | BH14: 15384.36 | BI14: 21608.02 | BJ14: 24786.25 | BK14: 17464.2 | BL14: 21832.31 | BM14: 27036 | BN14: 35462 | BO14: 14347.1 | BP14: 12186.58 | BQ14: 12073.1 | BR14: 9749 | BS14: 6469.13 | BT14: 5753.11 | BU14: 1708.87 | BV14: 1560.6
B15: PM-Peak | C15: 1.36 | D15: 1.3 | E15: 0.8 | F15: 0.8 | G15: 0.8 | H15: 1.04 | I15: 0.8 | J15: 0.8 | K15: 0.8 | L15: 0.8 | M15: 0.8 | N15: 0.8 | O15: 0.2 | P15: 0.68 | Q15: 1 | R15: 0.8 | T15: PM-Peak | U15: 10159.85 | V15: 10080.55 | W15: 2427.43 | X15: 9882.91 | Y15: 2295.75 | Z15: 8485.74 | AA15: 10753.88 | AB15: 4274.78 | AC15: 5697.03 | AD15: 5051.96 | AE15: 5116.43 | AF15: 4514.77 | AG15: 1059.03 | AH15: 2637.13 | AI15: 1264.45 | AJ15: 1198.37 | AM15: PM-Peak | AN15: 46010.27 | AO15: 45417.05 | AP15: 50003.94 | AQ15: 54939.59 | AR15: 45762.44 | AS15: 42993.6 | AT15: 68187.98 | AU15: 83510.88 | AV15: 39127.74 | AW15: 37330.61 | AX15: 30742.49 | AY15: 29389.86 | AZ15: 9587.97 | BA15: 14696.12 | BB15: 3063.65 | BC15: 3818.28 | BF15: PM-Peak | BG15: 56170.12 | BH15: 55497.6 | BI15: 52431.37 | BJ15: 64822.5 | BK15: 48058.19 | BL15: 51479.34 | BM15: 78941.86 | BN15: 87785.66 | BO15: 44824.77 | BP15: 42382.56 | BQ15: 35858.92 | BR15: 33904.64 | BS15: 10647 | BT15: 17333.25 | BU15: 4328.1 | BV15: 5016.64
B16: PM-Late | C16: 0.59 | D16: 0.64 | E16: 0.59 | F16: 0.31 | G16: 0.65 | H16: 0.66 | I16: 0.49 | J16: 0.5 | K16: 0.59 | L16: 0.6 | M16: 0.59 | N16: 0.6 | O16: 0.44 | P16: 0.33 | Q16: 0.77 | R16: 0.8 | T16: PM-Late | U16: 3855.92 | V16: 4264.24 | W16: 4173.61 | X16: 3264.29 | Y16: 3063.84 | Z16: 3273.01 | AA16: 4824.86 | AB16: 5348.96 | AC16: 4186.46 | AD16: 3787.53 | AE16: 4186.53 | AF16: 3787.61 | AG16: 790.65 | AH16: 1415.12 | AI16: 575.67 | AJ16: 892.56 | AM16: PM-Late | AN16: 23136.88 | AO16: 28862.96 | AP16: 24255.14 | AQ16: 27785.71 | AR16: 14072.16 | AS16: 16403.99 | AT16: 22481.14 | AU16: 29673.04 | AV16: 21885.04 | AW16: 17369.97 | AX16: 21884.97 | AY16: 17369.89 | AZ16: 4536 | BA16: 4563.58 | BB16: 3459.48 | BC16: 3312.61 | BF16: PM-Late | BG16: 26992.8 | BH16: 33127.2 | BI16: 28428.75 | BJ16: 31050 | BK16: 17136 | BL16: 19677 | BM16: 27306 | BN16: 35022 | BO16: 26071.5 | BP16: 21157.5 | BQ16: 26071.5 | BR16: 21157.5 | BS16: 5326.65 | BT16: 5978.7 | BU16: 4035.15 | BV16: 4205.17
B19: CaptureRateLights | T19: ML Volume (PCE/Period) | AM19: GP Volume (PCE/Period) | BF19: Highway Volume
B20: Direction | C20: NB | D20: SB | E20: NB | F20: SB | G20: NB | H20: SB | I20: NB | J20: SB | K20: NB | L20: SB | M20: NB | N20: SB | O20: NB | P20: SB | Q20: NB | R20: SB | T20: Direction | U20: NB | V20: SB | W20: NB | X20: SB | Y20: NB | Z20: SB | AA20: NB | AB20: SB | AC20: NB | AD20: SB | AE20: NB | AF20: SB | AG20: NB | AH20: SB | AI20: NB | AJ20: SB | AM20: Direction | AN20: NB | AO20: SB | AP20: NB | AQ20: SB | AR20: NB | AS20: SB | AT20: NB | AU20: SB | AV20: NB | AW20: SB | AX20: NB | AY20: SB | AZ20: NB | BA20: SB | BB20: NB | BC20: SB | BF20: Direction | BG20: NB | BH20: SB | BI20: NB | BJ20: SB | BK20: NB | BL20: SB | BM20: NB | BN20: SB | BO20: NB | BP20: SB | BQ20: NB | BR20: SB | BS20: NB | BT20: SB | BU20: NB | BV20: SB
B21: Segment | C21: 11 | D21: 11 | E21: 12 | F21: 12 | G21: 13 | H21: 13 | I21: 14 | J21: 14 | K21: 15 | L21: 15 | M21: 16 | N21: 16 | O21: 17 | P21: 17 | Q21: 18 | R21: 18 | T21: Segment | U21: 11 | V21: 11 | W21: 12 | X21: 12 | Y21: 13 | Z21: 13 | AA21: 14 | AB21: 14 | AC21: 15 | AD21: 15 | AE21: 16 | AF21: 16 | AG21: 17 | AH21: 17 | AI21: 18 | AJ21: 18 | AM21: Segment | AN21: 11 | AO21: 11 | AP21: 12 | AQ21: 12 | AR21: 13 | AS21: 13 | AT21: 14 | AU21: 14 | AV21: 15 | AW21: 15 | AX21: 16 | AY21: 16 | AZ21: 17 | BA21: 17 | BB21: 18 | BC21: 18 | BF21: Segment | BG21: 11 | BH21: 11 | BI21: 12 | BJ21: 12 | BK21: 13 | BL21: 13 | BM21: 14 | BN21: 14 | BO21: 15 | BP21: 15 | BQ21: 16 | BR21: 16 | BS21: 17 | BT21: 17 | BU21: 18 | BV21: 18
B22: Period | T22: Period | AM22: Period | BF22: Period
B23: Night | C23: 0.06 | D23: 0.06 | E23: 0.06 | F23: 0.06 | G23: 0.05 | H23: 0.05 | I23: 0.06 | J23: 0.05 | K23: 0.05 | L23: 0.05 | M23: 0.05 | N23: 0.05 | O23: 0.05 | P23: 0.05 | Q23: 0.1 | R23: 0.1 | T23: Night | U23: 961.8 | V23: 955.92 | W23: 1172.38 | X23: 888.41 | Y23: 602.96 | Z23: 561.15 | AA23: 649.27 | AB23: 457.08 | AC23: 597.26 | AD23: 736.16 | AE23: 597.17 | AF23: 711.79 | AG23: 243.92 | AH23: 224.67 | AI23: 2238.79 | AJ23: 1783.62 | AM23: Night | AN23: 15477.7 | AO23: 15343.58 | AP23: 18224.62 | AQ23: 13944.59 | AR23: 11650.54 | AS23: 10313.35 | AT23: 10106.23 | AU23: 8653.42 | AV23: 10770.74 | AW23: 13239.34 | AX23: 10770.83 | AY23: 12794.71 | AZ23: 4386.58 | BA23: 4041.83 | BB23: 20336.21 | BC23: 16489.88 | BF23: Night | BG23: 16439.5 | BH23: 16299.5 | BI23: 19397 | BJ23: 14833 | BK23: 12253.5 | BL23: 10874.5 | BM23: 10755.5 | BN23: 9110.5 | BO23: 11368 | BP23: 13975.5 | BQ23: 11368 | BR23: 13506.5 | BS23: 4630.5 | BT23: 4266.5 | BU23: 22575 | BV23: 18273.5
B24: AM-Early | C24: 0.19 | D24: 0.14 | E24: 0.11 | F24: 0.27 | G24: 0.15 | H24: 0.16 | I24: 0.16 | J24: 0.16 | K24: 0.15 | L24: 0.12 | M24: 0.15 | N24: 0.12 | O24: 0.17 | P24: 0.18 | Q24: 0.21 | R24: 0.19 | T24: AM-Early | U24: 1134.73 | V24: 517.83 | W24: 758.5 | X24: 1012.45 | Y24: 1116.61 | Z24: 562.03 | AA24: 1074.84 | AB24: 502.96 | AC24: 555.61 | AD24: 608.57 | AE24: 555.62 | AF24: 605.74 | AG24: 490.56 | AH24: 437.95 | AI24: 1410.9 | AJ24: 998.55 | AM24: AM-Early | AN24: 5525.27 | AO24: 3798.17 | AP24: 7148 | AQ24: 3553.6 | AR24: 6823.39 | AS24: 3388.97 | AT24: 6084.66 | AU24: 3246.54 | AV24: 3828.39 | AW24: 5187.93 | AX24: 3828.38 | AY24: 5120.76 | AZ24: 2906.44 | BA24: 2346.55 | BB24: 6389.1 | BC24: 5430.45 | BF24: AM-Early | BG24: 6660 | BH24: 4316 | BI24: 7906.5 | BJ24: 4566.05 | BK24: 7940 | BL24: 3951 | BM24: 7159.5 | BN24: 3749.5 | BO24: 4384 | BP24: 5796.5 | BQ24: 4384 | BR24: 5726.5 | BS24: 3397 | BT24: 2784.5 | BU24: 7800 | BV24: 6429
B25: AM-Peak | C25: 0.2 | D25: 0.24 | E25: 0.16 | F25: 0.28 | G25: 0.18 | H25: 0.18 | I25: 0.18 | J25: 0.16 | K25: 0.13 | L25: 0.13 | M25: 0.15 | N25: 0.15 | O25: 0.17 | P25: 0.1 | Q25: 0.22 | R25: 0.27 | T25: AM-Peak | U25: 4423.35 | V25: 2509.48 | W25: 4095.85 | X25: 4206.18 | Y25: 4224.08 | Z25: 3290.32 | AA25: 4223.72 | AB25: 2646.26 | AC25: 1358.65 | AD25: 1550.78 | AE25: 1267.94 | AF25: 1417.26 | AG25: 1254.88 | AH25: 638.7 | AI25: 3058.05 | AJ25: 4206.78 | AM25: AM-Peak | AN25: 20691.81 | AO25: 10143.4 | AP25: 26405.15 | AQ25: 14410.02 | AR25: 21598.35 | AS25: 18146.56 | AT25: 22627.61 | AU25: 17227.86 | AV25: 11542.33 | AW25: 13096.24 | AX25: 9383.56 | AY25: 10462.74 | AZ25: 7588.29 | BA25: 5775.3 | BB25: 13114.95 | BC25: 14840.22 | BF25: AM-Peak | BG25: 25115.17 | BH25: 12652.88 | BI25: 30501 | BJ25: 18616.2 | BK25: 25822.42 | BL25: 21436.88 | BM25: 26851.32 | BN25: 19874.12 | BO25: 12900.98 | BP25: 14647.02 | BQ25: 10651.5 | BR25: 11880 | BS25: 8843.17 | BT25: 6414 | BU25: 16173 | BV25: 19047
B26: AM-Shoulder | C26: 0.21 | D26: 0.17 | E26: 0.13 | F26: 0.2 | G26: 0.18 | H26: 0.16 | I26: 0.11 | J26: 0.12 | K26: 0.13 | L26: 0.1 | M26: 0.15 | N26: 0.08 | O26: 0.09 | P26: 0.09 | Q26: 0.21 | R26: 0.22 | T26: AM-Shoulder | U26: 1362.85 | V26: 633.92 | W26: 944.71 | X26: 1400.88 | Y26: 1418.58 | Z26: 1040.18 | AA26: 713.31 | AB26: 639.25 | AC26: 573.26 | AD26: 332.85 | AE26: 527.03 | AF26: 238.5 | AG26: 145.05 | AH26: 145.16 | AI26: 867.52 | AJ26: 936.71 | AM26: AM-Shoulder | AN26: 6337.15 | AO26: 3876.96 | AP26: 8521.79 | AQ26: 7710.57 | AR26: 7542.42 | AS26: 6767.82 | AT26: 6653.19 | AU26: 5786.25 | AV26: 4824.48 | AW26: 3025.65 | AX26: 3791.47 | AY26: 3120 | AZ26: 1800 | BA26: 1800.84 | BB26: 4470.98 | BC26: 4415.07 | BF26: AM-Shoulder | BG26: 7700 | BH26: 4510.88 | BI26: 9466.5 | BJ26: 9111.45 | BK26: 8961 | BL26: 7808 | BM26: 7366.5 | BN26: 6425.5 | BO26: 5397.74 | BP26: 3358.5 | BQ26: 4318.5 | BR26: 3358.5 | BS26: 1945.05 | BT26: 1946 | BU26: 5338.5 | BV26: 5351.79
B27: MD | C27: 0.24 | D27: 0.22 | E27: 0.17 | F27: 0.2 | G27: 0.15 | H27: 0.15 | I27: 0.12 | J27: 0.12 | K27: 0.12 | L27: 0.13 | M27: 0.12 | N27: 0.13 | O27: 0.19 | P27: 0.19 | Q27: 0.23 | R27: 0.42 | T27: MD | U27: 5337.24 | V27: 5647.72 | W27: 4763.8 | X27: 5592.72 | Y27: 4044.33 | Z27: 4541.23 | AA27: 2673.1 | AB27: 3134.76 | AC27: 3141.95 | AD27: 2773.67 | AE27: 3116.45 | AF27: 2753.4 | AG27: 1911.69 | AH27: 1856.77 | AI27: 7136.66 | AJ27: 10559.53 | AM27: MD | AN27: 21297.76 | AO27: 23899.78 | AP27: 29888.7 | AQ27: 29434.78 | AR27: 26360.67 | AS27: 29851.27 | AT27: 22654.4 | AU27: 27592.74 | AV27: 27650.55 | AW27: 23608.83 | AX27: 27141.05 | AY27: 23076.6 | AZ27: 10018.31 | BA27: 9640.73 | BB27: 31568.34 | BC27: 26612.94 | BF27: MD | BG27: 26635 | BH27: 29547.5 | BI27: 34652.5 | BJ27: 35027.5 | BK27: 30405 | BL27: 34392.5 | BM27: 25327.5 | BN27: 30727.5 | BO27: 30792.5 | BP27: 26382.5 | BQ27: 30257.5 | BR27: 25830 | BS27: 11930 | BT27: 11497.5 | BU27: 38705 | BV27: 37172.46
B28: PM-Shoulder | C28: 0.23 | D28: 0.25 | E28: 0.14 | F28: 0.16 | G28: 0.19 | H28: 0.15 | I28: 0.13 | J28: 0.17 | K28: 0.14 | L28: 0.14 | M28: 0.14 | N28: 0.15 | O28: 0.18 | P28: 0.18 | Q28: 0.16 | R28: 0.05 | T28: PM-Shoulder | U28: 1409.79 | V28: 1408.35 | W28: 917.35 | X28: 1362.08 | Y28: 1410.33 | Z28: 1499.12 | AA28: 794.2 | AB28: 1382.38 | AC28: 678.09 | AD28: 560.87 | AE28: 581.74 | AF28: 492.68 | AG28: 474.81 | AH28: 426.71 | AI28: 703.5 | AJ28: 259.5 | AM28: PM-Shoulder | AN28: 5910 | AO28: 5001.8 | AP28: 7725.86 | AQ28: 8552.42 | AR28: 7321.77 | AS28: 9417.04 | AT28: 5964.8 | AU28: 7483.12 | AV28: 4840.03 | AW28: 4126.27 | AX28: 4061.76 | AY28: 3256.93 | AZ28: 2605.73 | BA28: 2312.86 | BB28: 4992.75 | BC28: 4942.5 | BF28: PM-Shoulder | BG28: 7319.79 | BH28: 6410.15 | BI28: 8643.21 | BJ28: 9914.5 | BK28: 8732.1 | BL28: 10916.15 | BM28: 6759 | BN28: 8865.5 | BO28: 5518.12 | BP28: 4687.15 | BQ28: 4643.5 | BR28: 3749.62 | BS28: 3080.54 | BT28: 2739.58 | BU28: 5696.25 | BV28: 5202
B29: PM-Peak | C29: 0.21 | D29: 0.21 | E29: 0.05 | F29: 0.19 | G29: 0.05 | H29: 0.18 | I29: 0.16 | J29: 0.05 | K29: 0.14 | L29: 0.14 | M29: 0.16 | N29: 0.16 | O29: 0.1 | P29: 0.17 | Q29: 0.35 | R29: 0.29 | T29: PM-Peak | U29: 4233.27 | V29: 4200.23 | W29: 970.97 | X29: 3953.16 | Y29: 1147.87 | Z29: 4242.87 | AA29: 2688.47 | AB29: 1068.7 | AC29: 2191.17 | AD29: 1943.06 | AE29: 1967.86 | AF29: 1736.45 | AG29: 504.3 | AH29: 1255.78 | AI29: 4214.83 | AJ29: 3994.56 | AM29: PM-Peak | AN29: 19170.95 | AO29: 18923.77 | AP29: 20001.58 | AQ29: 21975.84 | AR29: 22881.22 | AS29: 21496.8 | AT29: 17047 | AU29: 20877.72 | AV29: 15049.13 | AW29: 14357.93 | AX29: 11824.03 | AY29: 11303.79 | AZ29: 4565.7 | BA29: 6998.15 | BB29: 10212.17 | BC29: 12727.59 | BF29: PM-Peak | BG29: 23404.22 | BH29: 23124 | BI29: 20972.55 | BJ29: 25929 | BK29: 24029.1 | BL29: 25739.67 | BM29: 19735.47 | BN29: 21946.41 | BO29: 17240.3 | BP29: 16300.99 | BQ29: 13791.89 | BR29: 13040.24 | BS29: 5070 | BT29: 8253.93 | BU29: 14427 | BV29: 16722.15
B30: PM-Late | C30: 0.17 | D30: 0.15 | E30: 0.2 | F30: 0.14 | G30: 0.21 | H30: 0.19 | I30: 0.21 | J30: 0.17 | K30: 0.19 | L30: 0.21 | M30: 0.19 | N30: 0.21 | O30: 0.17 | P30: 0.27 | Q30: 0.19 | R30: 0.26 | T30: PM-Late | U30: 1606.63 | V30: 1776.77 | W30: 1669.44 | X30: 1305.72 | Y30: 1531.92 | Z30: 1636.51 | AA30: 1206.22 | AB30: 1337.24 | AC30: 1610.18 | AD30: 1456.74 | AE30: 1610.2 | AF30: 1456.77 | AG30: 376.5 | AH30: 673.87 | AI30: 1918.89 | AJ30: 2975.2 | AM30: PM-Late | AN30: 9640.37 | AO30: 12026.23 | AP30: 9702.06 | AQ30: 11114.28 | AR30: 7036.08 | AS30: 8201.99 | AT30: 5620.28 | AU30: 7418.26 | AV30: 8417.32 | AW30: 6680.76 | AX30: 8417.3 | AY30: 6680.73 | AZ30: 2160 | BA30: 2173.13 | BB30: 11531.61 | BC30: 11042.04 | BF30: PM-Late | BG30: 11247 | BH30: 13803 | BI30: 11371.5 | BJ30: 12420 | BK30: 8568 | BL30: 9838.5 | BM30: 6826.5 | BN30: 8755.5 | BO30: 10027.5 | BP30: 8137.5 | BQ30: 10027.5 | BR30: 8137.5 | BS30: 2536.5 | BT30: 2847 | BU30: 13450.5 | BV30: 14017.24
B33: Revenue Per Period | T33: ML Flow (PCE/hr) | AM33: GP Flow (PCE/hr) | BF33: Highway Flow
B34: Direction | C34: NB | D34: SB | E34: NB | F34: SB | G34: NB | H34: SB | I34: NB | J34: SB | K34: NB | L34: SB | M34: NB | N34: SB | O34: NB | P34: SB | Q34: NB | R34: SB | T34: Direction | U34: NB | V34: SB | W34: NB | X34: SB | Y34: NB | Z34: SB | AA34: NB | AB34: SB | AC34: NB | AD34: SB | AE34: NB | AF34: SB | AG34: NB | AH34: SB | AI34: NB | AJ34: SB | AM34: Direction | AN34: NB | AO34: SB | AP34: NB | AQ34: SB | AR34: NB | AS34: SB | AT34: NB | AU34: SB | AV34: NB | AW34: SB | AX34: NB | AY34: SB | AZ34: NB | BA34: SB | BB34: NB | BC34: SB | BF34: Direction | BG34: NB | BH34: SB | BI34: NB | BJ34: SB | BK34: NB | BL34: SB | BM34: NB | BN34: SB | BO34: NB | BP34: SB | BQ34: NB | BR34: SB | BS34: NB | BT34: SB | BU34: NB | BV34: SB
B35: Segment | C35: 11 | D35: 11 | E35: 12 | F35: 12 | G35: 13 | H35: 13 | I35: 14 | J35: 14 | K35: 15 | L35: 15 | M35: 16 | N35: 16 | O35: 17 | P35: 17 | Q35: 18 | R35: 18 | T35: Segment | U35: 11 | V35: 11 | W35: 12 | X35: 12 | Y35: 13 | Z35: 13 | AA35: 14 | AB35: 14 | AC35: 15 | AD35: 15 | AE35: 16 | AF35: 16 | AG35: 17 | AH35: 17 | AI35: 18 | AJ35: 18 | AM35: Segment | AN35: 11 | AO35: 11 | AP35: 12 | AQ35: 12 | AR35: 13 | AS35: 13 | AT35: 14 | AU35: 14 | AV35: 15 | AW35: 15 | AX35: 16 | AY35: 16 | AZ35: 17 | BA35: 17 | BB35: 18 | BC35: 18 | BF35: Segment | BG35: 11 | BH35: 11 | BI35: 12 | BJ35: 12 | BK35: 13 | BL35: 13 | BM35: 14 | BN35: 14 | BO35: 15 | BP35: 15 | BQ35: 16 | BR35: 16 | BS35: 17 | BT35: 17 | BU35: 18 | BV35: 18
B36: Period | T36: Period | AM36: Period | BF36: Period
B37: Night | C37: 577.46 | D37: 577.92 | E37: 761.86 | F37: 609.88 | G37: 286.13 | H37: 271.49 | I37: 622.82 | J37: 462.9 | K37: 407.26 | L37: 479.6 | M37: 407.24 | N37: 464.65 | O37: 129.65 | P37: 120.47 | Q37: 175.31 | R37: 146.71 | T37: Night | U37: 137.4 | V37: 136.56 | W37: 167.48 | X37: 126.92 | Y37: 86.14 | Z37: 80.16 | AA37: 92.75 | AB37: 65.3 | AC37: 85.32 | AD37: 105.17 | AE37: 85.31 | AF37: 101.68 | AG37: 34.85 | AH37: 32.1 | AI37: 319.83 | AJ37: 254.8 | AM37: Night | AN37: 2211.1 | AO37: 2191.94 | AP37: 2603.52 | AQ37: 1992.08 | AR37: 1664.36 | AS37: 1473.34 | AT37: 1443.75 | AU37: 1236.2 | AV37: 1538.68 | AW37: 1891.33 | AX37: 1538.69 | AY37: 1827.82 | AZ37: 626.65 | BA37: 577.4 | BB37: 2905.17 | BC37: 2355.7 | BF37: Night | BG37: 2348.5 | BH37: 2328.5 | BI37: 2771 | BJ37: 2119 | BK37: 1750.5 | BL37: 1553.5 | BM37: 1536.5 | BN37: 1301.5 | BO37: 1624 | BP37: 1996.5 | BQ37: 1624 | BR37: 1929.5 | BS37: 661.5 | BT37: 609.5 | BU37: 3225 | BV37: 2610.5
B38: AM-Early | C38: 2336.07 | D38: 817.54 | E38: 1453.1 | F38: 2336.77 | G38: 1869.13 | H38: 953.88 | I38: 3594.9 | J38: 1430.22 | K38: 1001.49 | L38: 1132.98 | M38: 1001.49 | N38: 1124.88 | O38: 676.3 | P38: 561.56 | Q38: 441.39 | R38: 273.81 | T38: AM-Early | U38: 1134.73 | V38: 517.83 | W38: 758.5 | X38: 1012.45 | Y38: 1116.61 | Z38: 562.03 | AA38: 1074.84 | AB38: 502.96 | AC38: 555.61 | AD38: 608.57 | AE38: 555.62 | AF38: 605.74 | AG38: 490.56 | AH38: 437.95 | AI38: 1410.9 | AJ38: 998.55 | AM38: AM-Early | AN38: 5525.27 | AO38: 3798.17 | AP38: 7148 | AQ38: 3553.6 | AR38: 6823.39 | AS38: 3388.97 | AT38: 6084.66 | AU38: 3246.54 | AV38: 3828.39 | AW38: 5187.93 | AX38: 3828.38 | AY38: 5120.76 | AZ38: 2906.44 | BA38: 2346.55 | BB38: 6389.1 | BC38: 5430.45 | BF38: AM-Early | BG38: 6660 | BH38: 4316 | BI38: 7906.5 | BJ38: 4566.05 | BK38: 7940 | BL38: 3951 | BM38: 7159.5 | BN38: 3749.5 | BO38: 4384 | BP38: 5796.5 | BQ38: 4384 | BR38: 5726.5 | BS38: 3397 | BT38: 2784.5 | BU38: 7800 | BV38: 6429
B39: AM-Peak | C39: 18664.48 | D39: 5429.74 | E39: 9054.77 | F39: 15527.09 | G39: 8865.51 | H39: 5746.46 | I39: 18825.03 | J39: 9382.41 | K39: 2805.3 | L39: 3605.79 | M39: 2511.21 | N39: 3179.89 | O39: 2167.94 | P39: 328.23 | Q39: 815.88 | R39: 1339.05 | T39: AM-Peak | U39: 1474.45 | V39: 836.49 | W39: 1365.28 | X39: 1402.06 | Y39: 1408.03 | Z39: 1096.77 | AA39: 1407.91 | AB39: 882.09 | AC39: 452.88 | AD39: 516.93 | AE39: 422.65 | AF39: 472.42 | AG39: 418.29 | AH39: 212.9 | AI39: 1019.35 | AJ39: 1402.26 | AM39: AM-Peak | AN39: 6897.27 | AO39: 3381.13 | AP39: 8801.72 | AQ39: 4803.34 | AR39: 7199.45 | AS39: 6048.85 | AT39: 7542.54 | AU39: 5742.62 | AV39: 3847.44 | AW39: 4365.41 | AX39: 3127.85 | AY39: 3487.58 | AZ39: 2529.43 | BA39: 1925.1 | BB39: 4371.65 | BC39: 4946.74 | BF39: AM-Peak | BG39: 8371.72 | BH39: 4217.62 | BI39: 10167 | BJ39: 6205.4 | BK39: 8607.47 | BL39: 7145.63 | BM39: 8950.44 | BN39: 6624.71 | BO39: 4300.33 | BP39: 4882.34 | BQ39: 3550.5 | BR39: 3960 | BS39: 2947.72 | BT39: 2138 | BU39: 5391 | BV39: 6349
B40: AM-Shoulder | C40: 2955.03 | D40: 1385.79 | E40: 2189.74 | F40: 4253.76 | G40: 2611.07 | H40: 1856.3 | I40: 2313.78 | J40: 2041.68 | K40: 984.73 | L40: 210.6 | M40: 862.31 | N40: 352.35 | O40: 188.92 | P40: 189.07 | Q40: 243.52 | R40: 263.22 | T40: AM-Shoulder | U40: 1362.85 | V40: 633.92 | W40: 944.71 | X40: 1400.88 | Y40: 1418.58 | Z40: 1040.18 | AA40: 713.31 | AB40: 639.25 | AC40: 573.26 | AD40: 332.85 | AE40: 527.03 | AF40: 238.5 | AG40: 145.05 | AH40: 145.16 | AI40: 867.52 | AJ40: 936.71 | AM40: AM-Shoulder | AN40: 6337.15 | AO40: 3876.96 | AP40: 8521.79 | AQ40: 7710.57 | AR40: 7542.42 | AS40: 6767.82 | AT40: 6653.19 | AU40: 5786.25 | AV40: 4824.48 | AW40: 3025.65 | AX40: 3791.47 | AY40: 3120 | AZ40: 1800 | BA40: 1800.84 | BB40: 4470.98 | BC40: 4415.07 | BF40: AM-Shoulder | BG40: 7700 | BH40: 4510.88 | BI40: 9466.5 | BJ40: 9111.45 | BK40: 8961 | BL40: 7808 | BM40: 7366.5 | BN40: 6425.5 | BO40: 5397.74 | BP40: 3358.5 | BQ40: 4318.5 | BR40: 3358.5 | BS40: 1945.05 | BT40: 1946 | BU40: 5338.5 | BV40: 5351.79
B41: MD | C41: 11427.13 | D41: 12057.35 | E41: 10981.71 | F41: 12819.14 | G41: 7037.03 | H41: 7815.22 | I41: 6761.41 | J41: 9047.53 | K41: 5649.4 | L41: 4501.87 | M41: 5823.87 | N41: 4447.9 | O41: 2020.14 | P41: 1906.82 | Q41: 2133.7 | R41: 3151.34 | T41: MD | U41: 1067.45 | V41: 1129.54 | W41: 952.76 | X41: 1118.54 | Y41: 808.87 | Z41: 908.25 | AA41: 534.62 | AB41: 626.95 | AC41: 628.39 | AD41: 554.73 | AE41: 623.29 | AF41: 550.68 | AG41: 382.34 | AH41: 371.35 | AI41: 1427.33 | AJ41: 2111.91 | AM41: MD | AN41: 4259.55 | AO41: 4779.96 | AP41: 5977.74 | AQ41: 5886.96 | AR41: 5272.13 | AS41: 5970.25 | AT41: 4530.88 | AU41: 5518.55 | AV41: 5530.11 | AW41: 4721.77 | AX41: 5428.21 | AY41: 4615.32 | AZ41: 2003.66 | BA41: 1928.15 | BB41: 6313.67 | BC41: 5322.59 | BF41: MD | BG41: 5327 | BH41: 5909.5 | BI41: 6930.5 | BJ41: 7005.5 | BK41: 6081 | BL41: 6878.5 | BM41: 5065.5 | BN41: 6145.5 | BO41: 6158.5 | BP41: 5276.5 | BQ41: 6051.5 | BR41: 5166 | BS41: 2386 | BT41: 2299.5 | BU41: 7741 | BV41: 7434.49
B42: PM-Shoulder | C42: 3530.02 | D42: 2984.35 | E42: 2035.3 | F42: 2933.54 | G42: 2388.21 | H42: 5003.7 | I42: 2248.02 | J42: 4588.72 | K42: 1008.36 | L42: 729.5 | M42: 922.55 | N42: 647.36 | O42: 528.03 | P42: 419.78 | Q42: 183.74 | R42: 72.71 | T42: PM-Shoulder | U42: 1409.79 | V42: 1408.35 | W42: 917.35 | X42: 1362.08 | Y42: 1410.33 | Z42: 1499.12 | AA42: 794.2 | AB42: 1382.38 | AC42: 678.09 | AD42: 560.87 | AE42: 581.74 | AF42: 492.68 | AG42: 474.81 | AH42: 426.71 | AI42: 703.5 | AJ42: 259.5 | AM42: PM-Shoulder | AN42: 5910 | AO42: 5001.8 | AP42: 7725.86 | AQ42: 8552.42 | AR42: 7321.77 | AS42: 9417.04 | AT42: 5964.8 | AU42: 7483.12 | AV42: 4840.03 | AW42: 4126.27 | AX42: 4061.76 | AY42: 3256.93 | AZ42: 2605.73 | BA42: 2312.86 | BB42: 4992.75 | BC42: 4942.5 | BF42: PM-Shoulder | BG42: 7319.79 | BH42: 6410.15 | BI42: 8643.21 | BJ42: 9914.5 | BK42: 8732.1 | BL42: 10916.15 | BM42: 6759 | BN42: 8865.5 | BO42: 5518.12 | BP42: 4687.15 | BQ42: 4643.5 | BR42: 3749.62 | BS42: 3080.54 | BT42: 2739.58 | BU42: 5696.25 | BV42: 5202
B43: PM-Peak | C43: 14758.79 | D43: 14061.24 | E43: 2342.48 | F43: 8708.32 | G43: 2048.6 | H43: 9137.52 | I43: 9101.57 | J43: 3720.58 | K43: 4822.77 | L43: 4385.89 | M43: 4314.28 | N43: 3893.39 | O43: 238.65 | P43: 1891.09 | Q43: 1426.91 | R43: 1067.88 | T43: PM-Peak | U43: 1411.09 | V43: 1400.08 | W43: 323.66 | X43: 1317.72 | Y43: 382.62 | Z43: 1414.29 | AA43: 896.16 | AB43: 356.23 | AC43: 730.39 | AD43: 647.69 | AE43: 655.95 | AF43: 578.82 | AG43: 168.1 | AH43: 418.59 | AI43: 1404.94 | AJ43: 1331.52 | AM43: PM-Peak | AN43: 6390.32 | AO43: 6307.92 | AP43: 6667.19 | AQ43: 7325.28 | AR43: 7627.07 | AS43: 7165.6 | AT43: 5682.33 | AU43: 6959.24 | AV43: 5016.38 | AW43: 4785.98 | AX43: 3941.34 | AY43: 3767.93 | AZ43: 1521.9 | BA43: 2332.72 | BB43: 3404.06 | BC43: 4242.53 | BF43: PM-Peak | BG43: 7801.41 | BH43: 7708 | BI43: 6990.85 | BJ43: 8643 | BK43: 8009.7 | BL43: 8579.89 | BM43: 6578.49 | BN43: 7315.47 | BO43: 5746.77 | BP43: 5433.66 | BQ43: 4597.3 | BR43: 4346.75 | BS43: 1690 | BT43: 2751.31 | BU43: 4809 | BV43: 5574.05
B44: PM-Late | C44: 2439.31 | D44: 2892.7 | E44: 2817.95 | F44: 1109.49 | G44: 2136.66 | H44: 2276.43 | I44: 2547.69 | J44: 2812.66 | K44: 2669.5 | L44: 2426.63 | M44: 2669.5 | N44: 2426.63 | O44: 371.63 | P44: 503.58 | Q44: 509.27 | R44: 804.98 | T44: PM-Late | U44: 535.54 | V44: 592.26 | W44: 556.48 | X44: 435.24 | Y44: 510.64 | Z44: 545.5 | AA44: 402.07 | AB44: 445.75 | AC44: 536.73 | AD44: 485.58 | AE44: 536.73 | AF44: 485.59 | AG44: 125.5 | AH44: 224.62 | AI44: 639.63 | AJ44: 991.73 | AM44: PM-Late | AN44: 3213.46 | AO44: 4008.74 | AP44: 3234.02 | AQ44: 3704.76 | AR44: 2345.36 | AS44: 2734 | AT44: 1873.43 | AU44: 2472.75 | AV44: 2805.77 | AW44: 2226.92 | AX44: 2805.77 | AY44: 2226.91 | AZ44: 720 | BA44: 724.38 | BB44: 3843.87 | BC44: 3680.68 | BF44: PM-Late | BG44: 3749 | BH44: 4601 | BI44: 3790.5 | BJ44: 4140 | BK44: 2856 | BL44: 3279.5 | BM44: 2275.5 | BN44: 2918.5 | BO44: 3342.5 | BP44: 2712.5 | BQ44: 3342.5 | BR44: 2712.5 | BS44: 845.5 | BT44: 949 | BU44: 4483.5 | BV44: 4672.41
B47: Revenue Per Period Lights | T47: ML V/C | AM47: GP V/C real | BF47: Highway Vol / GP Capacity
B48: Direction | C48: NB | D48: SB | E48: NB | F48: SB | G48: NB | H48: SB | I48: NB | J48: SB | K48: NB | L48: SB | M48: NB | N48: SB | O48: NB | P48: SB | Q48: NB | R48: SB | T48: Direction | U48: NB | V48: SB | W48: NB | X48: SB | Y48: NB | Z48: SB | AA48: NB | AB48: SB | AC48: NB | AD48: SB | AE48: NB | AF48: SB | AG48: NB | AH48: SB | AI48: NB | AJ48: SB | AM48: Direction | AN48: NB | AO48: SB | AP48: NB | AQ48: SB | AR48: NB | AS48: SB | AT48: NB | AU48: SB | AV48: NB | AW48: SB | AX48: NB | AY48: SB | AZ48: NB | BA48: SB | BB48: NB | BC48: SB | BF48: Direction | BG48: NB | BH48: SB | BI48: NB | BJ48: SB | BK48: NB | BL48: SB | BM48: NB | BN48: SB | BO48: NB | BP48: SB | BQ48: NB | BR48: SB | BS48: NB | BT48: SB | BU48: NB | BV48: SB
B49: Segment | C49: 11 | D49: 11 | E49: 12 | F49: 12 | G49: 13 | H49: 13 | I49: 14 | J49: 14 | K49: 15 | L49: 15 | M49: 16 | N49: 16 | O49: 17 | P49: 17 | Q49: 18 | R49: 18 | T49: Segment | U49: 11 | V49: 11 | W49: 12 | X49: 12 | Y49: 13 | Z49: 13 | AA49: 14 | AB49: 14 | AC49: 15 | AD49: 15 | AE49: 16 | AF49: 16 | AG49: 17 | AH49: 17 | AI49: 18 | AJ49: 18 | AM49: Segment | AN49: 11 | AO49: 11 | AP49: 12 | AQ49: 12 | AR49: 13 | AS49: 13 | AT49: 14 | AU49: 14 | AV49: 15 | AW49: 15 | AX49: 16 | AY49: 16 | AZ49: 17 | BA49: 17 | BB49: 18 | BC49: 18 | BF49: Segment | BG49: 11 | BH49: 11 | BI49: 12 | BJ49: 12 | BK49: 13 | BL49: 13 | BM49: 14 | BN49: 14 | BO49: 15 | BP49: 15 | BQ49: 16 | BR49: 16 | BS49: 17 | BT49: 17 | BU49: 18 | BV49: 18
B50: Period | T50: Period | AM50: Period | BF50: Period
B51: Night | C51: 285.56 | D51: 277.41 | E51: 320.03 | F51: 192.5 | G51: 172.45 | H51: 152.39 | I51: 361.84 | J51: 217.31 | K51: 163.51 | L51: 235.83 | M51: 163.44 | N51: 226.67 | O51: 60.91 | P51: 54.54 | Q51: 72.25 | R51: 46.71 | T51: Night | U51: 0.04 | V51: 0.04 | W51: 0.05 | X51: 0.04 | Y51: 0.02 | Z51: 0.02 | AA51: 0.03 | AB51: 0.02 | AC51: 0.02 | AD51: 0.03 | AE51: 0.02 | AF51: 0.03 | AG51: 0.01 | AH51: 0.01 | AI51: 0.09 | AJ51: 0.07 | AM51: Night | AN51: 0.28 | AO51: 0.27 | AP51: 0.26 | AQ51: 0.2 | AR51: 0.17 | AS51: 0.15 | AT51: 0.14 | AU51: 0.12 | AV51: 0.15 | AW51: 0.19 | AX51: 0.19 | AY51: 0.23 | AZ51: 0.1 | BA51: 0.1 | BB51: 0.48 | BC51: 0.39 | BF51: Night | BG51: 0.29 | BH51: 0.29 | BI51: 0.28 | BJ51: 0.21 | BK51: 0.18 | BL51: 0.16 | BM51: 0.15 | BN51: 0.13 | BO51: 0.16 | BP51: 0.2 | BQ51: 0.2 | BR51: 0.24 | BS51: 0.11 | BT51: 0.1 | BU51: 0.54 | BV51: 0.44
B52: AM-Early | C52: 1931.29 | D52: 625.67 | E52: 1186.91 | F52: 1539.53 | G52: 1656.01 | H52: 772.07 | I52: 3193.37 | J52: 1116.93 | K52: 741.47 | L52: 927.22 | M52: 741.47 | N52: 920.4 | O52: 519.35 | P52: 429.48 | Q52: 351.75 | R52: 186.48 | T52: AM-Early | U52: 0.32 | V52: 0.14 | W52: 0.21 | X52: 0.28 | Y52: 0.31 | Z52: 0.16 | AA52: 0.3 | AB52: 0.14 | AC52: 0.15 | AD52: 0.17 | AE52: 0.15 | AF52: 0.17 | AG52: 0.14 | AH52: 0.12 | AI52: 0.39 | AJ52: 0.28 | AM52: AM-Early | AN52: 0.75 | AO52: 0.52 | AP52: 0.59 | AQ52: 0.78 | AR52: 0.68 | AS52: 0.6 | AT52: 0.72 | AU52: 0.55 | AV52: 0.52 | AW52: 0.52 | AX52: 0.52 | AY52: 0.52 | AZ52: 0.51 | BA52: 0.48 | BB52: 0.82 | BC52: 0.72 | BF52: AM-Early | BG52: 0.9 | BH52: 0.59 | BI52: 0.66 | BJ52: 1 | BK52: 0.79 | BL52: 0.7 | BM52: 0.84 | BN52: 0.64 | BO52: 0.6 | BP52: 0.58 | BQ52: 0.6 | BR52: 0.58 | BS52: 0.59 | BT52: 0.57 | BU52: 1 | BV52: 0.86
B53: AM-Peak | C53: 14371.61 | D53: 3867.78 | E53: 6852.51 | F53: 9727 | G53: 7358.08 | H53: 4503.88 | I53: 15595.19 | J53: 7031.59 | K53: 2024.42 | L53: 2632.68 | M53: 1795.46 | N53: 2344.47 | O53: 1514.42 | P53: 174.01 | Q53: 606.81 | R53: 885.46 | T53: AM-Peak | U53: 0.41 | V53: 0.23 | W53: 0.38 | X53: 0.39 | Y53: 0.39 | Z53: 0.3 | AA53: 0.39 | AB53: 0.25 | AC53: 0.13 | AD53: 0.14 | AE53: 0.12 | AF53: 0.13 | AG53: 0.12 | AH53: 0.06 | AI53: 0.28 | AJ53: 0.39 | AM53: AM-Peak | AN53: 0.86 | AO53: 0.57 | AP53: 0.68 | AQ53: 0.86 | AR53: 0.72 | AS53: 0.6 | AT53: 0.75 | AU53: 0.57 | AV53: 0.38 | AW53: 0.44 | AX53: 0.38 | AY53: 0.43 | AZ53: 0.42 | BA53: 0.25 | BB53: 0.65 | BC53: 0.77 | BF53: AM-Peak | BG53: 1.05 | BH53: 0.72 | BI53: 0.78 | BJ53: 1.12 | BK53: 0.86 | BL53: 0.71 | BM53: 0.9 | BN53: 0.66 | BO53: 0.43 | BP53: 0.49 | BQ53: 0.43 | BR53: 0.49 | BS53: 0.49 | BT53: 0.27 | BU53: 0.8 | BV53: 0.99
B54: AM-Shoulder | C54: 2092.82 | D54: 957.11 | E54: 1426.77 | F54: 2695.43 | G54: 2052.98 | H54: 1363.93 | I54: 1806.66 | J54: 1548.11 | K54: 712.84 | L54: 114.92 | M54: 618.73 | N54: 234.29 | O54: 118.87 | P54: 118.77 | Q54: 153.82 | R54: 165.33 | T54: AM-Shoulder | U54: 0.38 | V54: 0.18 | W54: 0.26 | X54: 0.39 | Y54: 0.39 | Z54: 0.29 | AA54: 0.2 | AB54: 0.18 | AC54: 0.16 | AD54: 0.09 | AE54: 0.15 | AF54: 0.07 | AG54: 0.04 | AH54: 0.04 | AI54: 0.24 | AJ54: 0.26 | AM54: AM-Shoulder | AN54: 0.79 | AO54: 0.67 | AP54: 0.68 | AQ54: 0.83 | AR54: 0.75 | AS54: 0.68 | AT54: 0.6 | AU54: 0.58 | AV54: 0.48 | AW54: 0.23 | AX54: 0.47 | AY54: 0.3 | AZ54: 0.3 | BA54: 0.3 | BB54: 0.72 | BC54: 0.74 | BF54: AM-Shoulder | BG54: 0.95 | BH54: 0.77 | BI54: 0.75 | BJ54: 0.99 | BK54: 0.9 | BL54: 0.78 | BM54: 0.66 | BN54: 0.64 | BO54: 0.54 | BP54: 0.26 | BQ54: 0.54 | BR54: 0.32 | BS54: 0.32 | BT54: 0.32 | BU54: 0.86 | BV54: 0.89
B55: MD | C55: 8424.9 | D55: 8969.4 | E55: 7286.2 | F55: 8665.74 | G55: 5587.69 | H55: 6404.46 | I55: 5477.63 | J55: 7436.54 | K55: 4490.53 | L55: 3419.88 | M55: 4632.04 | N55: 3378.58 | O55: 1475.88 | P55: 1388.57 | Q55: 1390.61 | R55: 2712.45 | T55: MD | U55: 0.3 | V55: 0.31 | W55: 0.26 | X55: 0.31 | Y55: 0.22 | Z55: 0.25 | AA55: 0.15 | AB55: 0.17 | AC55: 0.17 | AD55: 0.15 | AE55: 0.17 | AF55: 0.15 | AG55: 0.11 | AH55: 0.1 | AI55: 0.4 | AJ55: 0.59 | AM55: MD | AN55: 0.77 | AO55: 0.76 | AP55: 0.72 | AQ55: 0.75 | AR55: 0.64 | AS55: 0.65 | AT55: 0.5 | AU55: 0.55 | AV55: 0.51 | AW55: 0.46 | AX55: 0.52 | AY55: 0.46 | AZ55: 0.4 | BA55: 0.39 | BB55: 0.81 | BC55: 0.73 | BF55: MD | BG55: 0.96 | BH55: 0.95 | BI55: 0.83 | BJ55: 0.89 | BK55: 0.74 | BL55: 0.75 | BM55: 0.56 | BN55: 0.61 | BO55: 0.57 | BP55: 0.52 | BQ55: 0.58 | BR55: 0.52 | BS55: 0.48 | BT55: 0.47 | BU55: 0.99 | BV55: 1.02
B56: PM-Shoulder | C56: 2814.06 | D56: 2444.8 | E56: 1527.32 | F56: 2402.67 | G56: 2093.43 | H56: 4475.12 | I56: 1947.36 | J56: 4164.38 | K56: 876.2 | L56: 616.03 | M56: 800.96 | N56: 544.56 | O56: 443.09 | P56: 352 | Q56: 136.61 | R56: 46.32 | T56: PM-Shoulder | U56: 0.39 | V56: 0.39 | W56: 0.25 | X56: 0.38 | Y56: 0.39 | Z56: 0.42 | AA56: 0.22 | AB56: 0.38 | AC56: 0.19 | AD56: 0.16 | AE56: 0.16 | AF56: 0.14 | AG56: 0.13 | AH56: 0.12 | AI56: 0.2 | AJ56: 0.07 | AM56: PM-Shoulder | AN56: 0.82 | AO56: 0.8 | AP56: 0.67 | AQ56: 0.74 | AR56: 0.73 | AS56: 0.88 | AT56: 0.6 | AU56: 0.75 | AV56: 0.48 | AW56: 0.41 | AX56: 0.48 | AY56: 0.41 | AZ56: 0.43 | BA56: 0.39 | BB56: 0.64 | BC56: 0.97 | BF56: PM-Shoulder | BG56: 1.02 | BH56: 1.02 | BI56: 0.75 | BJ56: 0.86 | BK56: 0.87 | BL56: 1.02 | BM56: 0.68 | BN56: 0.89 | BO56: 0.55 | BP56: 0.47 | BQ56: 0.55 | BR56: 0.47 | BS56: 0.51 | BT56: 0.46 | BU56: 0.73 | BV56: 1.02
B57: PM-Peak | C57: 12371.93 | D57: 11634.88 | E57: 1332 | F57: 6684.47 | G57: 1510.93 | H57: 8272.55 | I57: 7830.09 | J57: 2956.95 | K57: 4148.11 | L57: 3512.88 | M57: 3751.97 | N57: 3179.48 | O57: 170.1 | P57: 1628.67 | Q57: 1016.85 | R57: 792.4 | T57: PM-Peak | U57: 0.39 | V57: 0.39 | W57: 0.09 | X57: 0.37 | Y57: 0.11 | Z57: 0.39 | AA57: 0.25 | AB57: 0.1 | AC57: 0.2 | AD57: 0.18 | AE57: 0.18 | AF57: 0.16 | AG57: 0.05 | AH57: 0.12 | AI57: 0.39 | AJ57: 0.37 | AM57: PM-Peak | AN57: 0.8 | AO57: 0.78 | AP57: 0.81 | AQ57: 0.67 | AR57: 0.76 | AS57: 0.72 | AT57: 0.57 | AU57: 0.7 | AV57: 0.5 | AW57: 0.48 | AX57: 0.49 | AY57: 0.47 | AZ57: 0.2 | BA57: 0.39 | BB57: 0.81 | BC57: 0.72 | BF57: PM-Peak | BG57: 0.98 | BH57: 0.96 | BI57: 0.85 | BJ57: 0.79 | BK57: 0.8 | BL57: 0.86 | BM57: 0.66 | BN57: 0.73 | BO57: 0.57 | BP57: 0.54 | BQ57: 0.57 | BR57: 0.54 | BS57: 0.23 | BT57: 0.46 | BU57: 1.14 | BV57: 0.94
B58: PM-Late | C58: 1991.03 | D58: 2473.19 | E58: 1902.43 | F58: 839.94 | G58: 1744.91 | H58: 1955.04 | I58: 2075.49 | J58: 2515.29 | K58: 2148.8 | L58: 2037.99 | M58: 2148.79 | N58: 2037.99 | O58: 319.66 | P58: 425.25 | Q58: 347.09 | R58: 576.53 | T58: PM-Late | U58: 0.15 | V58: 0.16 | W58: 0.15 | X58: 0.12 | Y58: 0.14 | Z58: 0.15 | AA58: 0.11 | AB58: 0.12 | AC58: 0.15 | AD58: 0.13 | AE58: 0.15 | AF58: 0.13 | AG58: 0.03 | AH58: 0.06 | AI58: 0.18 | AJ58: 0.28 | AM58: PM-Late | AN58: 0.54 | AO58: 0.55 | AP58: 0.56 | AQ58: 0.31 | AR58: 0.54 | AS58: 0.54 | AT58: 0.47 | AU58: 0.46 | AV58: 0.52 | AW58: 0.52 | AX58: 0.52 | AY58: 0.52 | AZ58: 0.3 | BA58: 0.3 | BB58: 0.65 | BC58: 0.75 | BF58: PM-Late | BG58: 0.63 | BH58: 0.64 | BI58: 0.66 | BJ58: 0.35 | BK58: 0.66 | BL58: 0.65 | BM58: 0.57 | BN58: 0.54 | BO58: 0.61 | BP58: 0.64 | BQ58: 0.61 | BR58: 0.64 | BS58: 0.35 | BT58: 0.4 | BU58: 0.76 | BV58: 0.95
B61: Revenue Per Period Medium A | T61: ML Speed | AM61: GP Speed | BF61: Time Saving
B62: Direction | C62: NB | D62: SB | E62: NB | F62: SB | G62: NB | H62: SB | I62: NB | J62: SB | K62: NB | L62: SB | M62: NB | N62: SB | O62: NB | P62: SB | Q62: NB | R62: SB | T62: Direction | U62: NB | V62: SB | W62: NB | X62: SB | Y62: NB | Z62: SB | AA62: NB | AB62: SB | AC62: NB | AD62: SB | AE62: NB | AF62: SB | AG62: NB | AH62: SB | AI62: NB | AJ62: SB | AM62: Direction | AN62: NB | AO62: SB | AP62: NB | AQ62: SB | AR62: NB | AS62: SB | AT62: NB | AU62: SB | AV62: NB | AW62: SB | AX62: NB | AY62: SB | AZ62: NB | BA62: SB | BB62: NB | BC62: SB | BF62: Direction | BG62: NB | BH62: SB | BI62: NB | BJ62: SB | BK62: NB | BL62: SB | BM62: NB | BN62: SB | BO62: NB | BP62: SB | BQ62: NB | BR62: SB | BS62: NB | BT62: SB | BU62: NB | BV62: SB
B63: Segment | C63: 11 | D63: 11 | E63: 12 | F63: 12 | G63: 13 | H63: 13 | I63: 14 | J63: 14 | K63: 15 | L63: 15 | M63: 16 | N63: 16 | O63: 17 | P63: 17 | Q63: 18 | R63: 18 | T63: Segment | U63: 11 | V63: 11 | W63: 12 | X63: 12 | Y63: 13 | Z63: 13 | AA63: 14 | AB63: 14 | AC63: 15 | AD63: 15 | AE63: 16 | AF63: 16 | AG63: 17 | AH63: 17 | AI63: 18 | AJ63: 18 | AM63: Segment | AN63: 11 | AO63: 11 | AP63: 12 | AQ63: 12 | AR63: 13 | AS63: 13 | AT63: 14 | AU63: 14 | AV63: 15 | AW63: 15 | AX63: 16 | AY63: 16 | AZ63: 17 | BA63: 17 | BB63: 18 | BC63: 18 | BF63: Segment | BG63: 11 | BH63: 11 | BI63: 12 | BJ63: 12 | BK63: 13 | BL63: 13 | BM63: 14 | BN63: 14 | BO63: 15 | BP63: 15 | BQ63: 16 | BR63: 16 | BS63: 17 | BT63: 17 | BU63: 18 | BV63: 18
B64: Period | T64: Period | AM64: Period | BF64: Period
B65: Night | C65: 30.25 | D65: 31.89 | E65: 39.18 | F65: 44.29 | G65: 17.11 | H65: 17.88 | I65: 32.71 | J65: 36.55 | K65: 30.85 | L65: 26.22 | M65: 30.86 | N65: 25.44 | O65: 8.72 | P65: 8.1 | Q65: 8.87 | R65: 10.65 | T65: Night | U65: 60 | V65: 60 | W65: 60 | X65: 60 | Y65: 60 | Z65: 60 | AA65: 60 | AB65: 60 | AC65: 75 | AD65: 75 | AE65: 75 | AF65: 75 | AG65: 75 | AH65: 75 | AI65: 60 | AJ65: 60 | AM65: Night | AN65: 59.97 | AO65: 59.97 | AP65: 59.98 | AQ65: 60 | AR65: 55 | AS65: 55 | AT65: 60 | AU65: 60 | AV65: 70 | AW65: 70 | AX65: 70 | AY65: 69.99 | AZ65: 70 | BA65: 70 | BB65: 59.24 | BC65: 59.78 | BF65: Night | BG65: 0 | BH65: 0 | BI65: 0 | BJ65: 0 | BK65: -0.18 | BL65: -0.18 | BM65: 0 | BN65: 0 | BO65: -0.15 | BP65: -0.15 | BQ65: -0.15 | BR65: -0.15 | BS65: -0.12 | BT65: -0.12 | BU65: 0 | BV65: 0
B66: AM-Early | C66: 118.61 | D66: 49.02 | E66: 68.76 | F66: 144.6 | G66: 60.88 | H66: 56.87 | I66: 115.09 | J66: 85.67 | K66: 52.92 | L66: 55.07 | M66: 52.92 | N66: 54.6 | O66: 42.48 | P66: 35.52 | Q66: 22.87 | R66: 15.95 | T66: AM-Early | U66: 59.93 | V66: 60 | W66: 59.99 | X66: 59.97 | Y66: 59.94 | Z66: 60 | AA66: 59.95 | AB66: 60 | AC66: 75 | AD66: 75 | AE66: 75 | AF66: 75 | AG66: 75 | AH66: 75 | AI66: 59.74 | AJ66: 59.97 | AM66: AM-Early | AN66: 51.06 | AO66: 58.85 | AP66: 57.51 | AQ66: 49.09 | AR66: 49.96 | AS66: 52.63 | AT66: 52.84 | AU66: 58.3 | AV66: 68.65 | AW66: 68.66 | AX66: 68.65 | AY66: 68.67 | AZ66: 68.85 | BA66: 69.14 | BB66: 46.08 | BC66: 52.45 | BF66: AM-Early | BG66: -0.42 | BH66: -0.05 | BI66: -0.11 | BJ66: -0.55 | BK66: -0.4 | BL66: -0.28 | BM66: -0.54 | BN66: -0.12 | BO66: -0.19 | BP66: -0.19 | BQ66: -0.19 | BR66: -0.19 | BS66: -0.15 | BT66: -0.14 | BU66: -0.09 | BV66: -0.04
B67: AM-Peak | C67: 1229.24 | D67: 392.94 | E67: 546.09 | F67: 1060.54 | G67: 463.17 | H67: 437.34 | I67: 1113.6 | J67: 790.81 | K67: 207.29 | L67: 282.3 | M67: 188.88 | N67: 245.87 | O67: 190.59 | P67: 42.34 | Q67: 51.44 | R67: 86.86 | T67: AM-Peak | U67: 59.66 | V67: 59.99 | W67: 59.79 | X67: 59.75 | Y67: 59.74 | Z67: 59.95 | AA67: 59.74 | AB67: 59.99 | AC67: 75 | AD67: 75 | AE67: 75 | AF67: 75 | AG67: 75 | AH67: 75 | AI67: 59.97 | AJ67: 59.75 | AM67: AM-Peak | AN67: 42.53 | AO67: 57.91 | AP67: 54.73 | AQ67: 42.41 | AR67: 48.28 | AS67: 52.43 | AT67: 50.67 | AU67: 57.92 | AV67: 69.77 | AW67: 69.52 | AX67: 69.79 | AY67: 69.56 | AZ67: 69.61 | BA67: 69.98 | BB67: 55.92 | BC67: 49.41 | BF67: AM-Peak | BG67: -0.97 | BH67: -0.09 | BI67: -0.23 | BJ67: -1.03 | BK67: -0.48 | BL67: -0.29 | BM67: -0.72 | BN67: -0.14 | BO67: -0.16 | BP67: -0.16 | BQ67: -0.16 | BR67: -0.16 | BS67: -0.13 | BT67: -0.12 | BU67: -0.02 | BV67: -0.06
B68: AM-Shoulder | C68: 204.3 | D68: 80.7 | E68: 146.19 | F68: 311.03 | G68: 161.21 | H68: 134.54 | I68: 187.88 | J68: 122.49 | K68: 67.89 | L68: 22.26 | M68: 60.67 | N68: 27.46 | O68: 17.61 | P68: 17.6 | Q68: 17.03 | R68: 19.55 | T68: AM-Shoulder | U68: 59.79 | V68: 60 | W68: 59.98 | X68: 59.75 | Y68: 59.73 | Z68: 59.96 | AA68: 60 | AB68: 60 | AC68: 75 | AD68: 75 | AE68: 75 | AF68: 75 | AG68: 75 | AH68: 75 | AI68: 59.99 | AJ68: 59.98 | AM68: AM-Shoulder | AN68: 48.57 | AO68: 55.2 | AP68: 54.76 | AQ68: 44.88 | AR68: 46.45 | AS68: 50.18 | AT68: 57.41 | AU68: 57.83 | AV68: 69.13 | AW68: 69.99 | AX68: 69.22 | AY68: 69.95 | AZ68: 69.95 | BA68: 69.95 | BB68: 52.78 | BC68: 51.78 | BF68: AM-Shoulder | BG68: -0.56 | BH68: -0.21 | BI68: -0.24 | BJ68: -0.83 | BK68: -0.57 | BL68: -0.39 | BM68: -0.18 | BN68: -0.15 | BO68: -0.18 | BP68: -0.15 | BQ68: -0.17 | BR68: -0.15 | BS68: -0.12 | BT68: -0.12 | BU68: -0.04 | BV68: -0.05
B69: MD | C69: 668.16 | D69: 654.19 | E69: 727.38 | F69: 818.32 | G69: 375.26 | H69: 421.44 | I69: 395.66 | J69: 492.11 | K69: 281.71 | L69: 289.09 | M69: 289.9 | N69: 284.99 | O69: 144.48 | P69: 138.04 | Q69: 144.75 | R69: 59.42 | T69: MD | U69: 59.95 | V69: 59.94 | W69: 59.98 | X69: 59.94 | Y69: 59.99 | Z69: 59.98 | AA69: 60 | AB69: 60 | AC69: 75 | AD69: 75 | AE69: 75 | AF69: 75 | AG69: 75 | AH69: 75 | AI69: 59.72 | AJ69: 56.84 | AM69: MD | AN69: 49.68 | AO69: 49.99 | AP69: 52.92 | AQ69: 51.08 | AR69: 51.47 | AS69: 51.16 | AT69: 59.11 | AU69: 58.35 | AV69: 68.8 | AW69: 69.33 | AX69: 68.61 | AY69: 69.34 | AZ69: 69.7 | BA69: 69.74 | BB69: 46.83 | BC69: 52.1 | BF69: MD | BG69: -0.5 | BH69: -0.48 | BI69: -0.33 | BJ69: -0.43 | BK69: -0.33 | BL69: -0.35 | BM69: -0.06 | BN69: -0.11 | BO69: -0.19 | BP69: -0.17 | BQ69: -0.19 | BR69: -0.17 | BS69: -0.13 | BT69: -0.13 | BU69: -0.08 | BV69: -0.03
B70: PM-Shoulder | C70: 134.93 | D70: 109.09 | E70: 76.74 | F70: 76.39 | G70: 112.46 | H70: 161.62 | I70: 95.29 | J70: 128.05 | K70: 42.64 | L70: 31.75 | M70: 39.25 | N70: 28.72 | O70: 26.29 | P70: 20.88 | Q70: 6.95 | R70: 3.35 | T70: PM-Shoulder | U70: 59.74 | V70: 59.74 | W70: 59.98 | X70: 59.79 | Y70: 59.74 | Z70: 59.62 | AA70: 59.99 | AB70: 59.77 | AC70: 75 | AD70: 75 | AE70: 75 | AF70: 75 | AG70: 75 | AH70: 75 | AI70: 60 | AJ70: 60 | AM70: PM-Shoulder | AN70: 45.73 | AO70: 47.84 | AP70: 54.95 | AQ70: 51.32 | AR70: 47.66 | AS70: 37.56 | AT70: 57.41 | AU70: 51.04 | AV70: 69.11 | AW70: 69.66 | AX70: 69.13 | AY70: 69.68 | AZ70: 69.53 | BA70: 69.77 | BB70: 56.14 | BC70: 32.81 | BF70: PM-Shoulder | BG70: -0.74 | BH70: -0.6 | BI70: -0.23 | BJ70: -0.41 | BK70: -0.51 | BL70: -1.18 | BM70: -0.18 | BN70: -0.69 | BO70: -0.18 | BP70: -0.16 | BQ70: -0.18 | BR70: -0.16 | BS70: -0.13 | BT70: -0.13 | BU70: -0.02 | BV70: -0.25
B71: PM-Peak | C71: 437.86 | D71: 471.02 | E71: 127.19 | F71: 244.07 | G71: 99.31 | H71: 207.8 | I71: 338.39 | J71: 140.89 | K71: 155.7 | L71: 141.54 | M71: 125.27 | N71: 116.59 | O71: 20.66 | P71: 88.92 | Q71: 55.13 | R71: 32.47 | T71: PM-Peak | U71: 59.74 | V71: 59.75 | W71: 60 | X71: 59.83 | Y71: 60 | Z71: 59.73 | AA71: 59.98 | AB71: 60 | AC71: 74.99 | AD71: 75 | AE71: 75 | AF71: 75 | AG71: 75 | AH71: 75 | AI71: 59.75 | AJ71: 59.82 | AM71: PM-Peak | AN71: 47.63 | AO71: 48.74 | AP71: 46.61 | AQ71: 54.92 | AR71: 45.95 | AS71: 48.44 | AT71: 58.05 | AU71: 53.88 | AV71: 68.9 | AW71: 69.17 | AX71: 69.01 | AY71: 69.24 | AZ71: 70 | BA71: 69.76 | BB71: 46.75 | BC71: 52.76 | BF71: PM-Peak | BG71: -0.61 | BH71: -0.54 | BI71: -0.72 | BJ71: -0.22 | BK71: -0.61 | BL71: -0.47 | BM71: -0.13 | BN71: -0.45 | BO71: -0.18 | BP71: -0.18 | BQ71: -0.18 | BR71: -0.17 | BS71: -0.12 | BT71: -0.13 | BU71: -0.08 | BV71: -0.04
B72: PM-Late | C72: 67.29 | D72: 46.8 | E72: 77.83 | F72: 17.32 | G72: 54.51 | H72: 45.33 | I72: 64.53 | J72: 18.17 | K72: 54.55 | L72: 43.06 | M72: 54.55 | N72: 43.06 | O72: 9.19 | P72: 13.46 | Q72: 13.88 | R72: 14.23 | T72: PM-Late | U72: 60 | V72: 60 | W72: 60 | X72: 60 | Y72: 60 | Z72: 60 | AA72: 60 | AB72: 60 | AC72: 75 | AD72: 75 | AE72: 75 | AF72: 75 | AG72: 75 | AH72: 75 | AI72: 60 | AJ72: 59.97 | AM72: PM-Late | AN72: 58.6 | AO72: 58.3 | AP72: 58.22 | AQ72: 59.94 | AR72: 53.6 | AS72: 53.69 | AT72: 59.37 | AU72: 59.44 | AV72: 68.7 | AW72: 68.61 | AX72: 68.7 | AY72: 68.61 | AZ72: 69.95 | BA72: 69.95 | BB72: 55.8 | BC72: 51.04 | BF72: PM-Late | BG72: -0.06 | BH72: -0.07 | BI72: -0.08 | BJ72: 0 | BK72: -0.24 | BL72: -0.24 | BM72: -0.04 | BN72: -0.04 | BO72: -0.19 | BP72: -0.19 | BQ72: -0.19 | BR72: -0.19 | BS72: -0.12 | BT72: -0.12 | BU72: -0.02 | BV72: -0.05
B75: Revenue Per Period Medium B | T75: ML time | AM75: GP Time | BF75: Difference in travel time
B76: Direction | C76: NB | D76: SB | E76: NB | F76: SB | G76: NB | H76: SB | I76: NB | J76: SB | K76: NB | L76: SB | M76: NB | N76: SB | O76: NB | P76: SB | Q76: NB | R76: SB | T76: Direction | U76: NB | V76: SB | W76: NB | X76: SB | Y76: NB | Z76: SB | AA76: NB | AB76: SB | AC76: NB | AD76: SB | AE76: NB | AF76: SB | AG76: NB | AH76: SB | AI76: NB | AJ76: SB | AM76: Direction | AN76: NB | AO76: SB | AP76: NB | AQ76: SB | AR76: NB | AS76: SB | AT76: NB | AU76: SB | AV76: NB | AW76: SB | AX76: NB | AY76: SB | AZ76: NB | BA76: SB | BB76: NB | BC76: SB | BF76: Direction | BG76: NB | BH76: SB | BI76: NB | BJ76: SB | BK76: NB | BL76: SB | BM76: NB | BN76: SB | BO76: NB | BP76: SB | BQ76: NB | BR76: SB | BS76: NB | BT76: SB | BU76: NB | BV76: SB
B77: Segment | C77: 11 | D77: 11 | E77: 12 | F77: 12 | G77: 13 | H77: 13 | I77: 14 | J77: 14 | K77: 15 | L77: 15 | M77: 16 | N77: 16 | O77: 17 | P77: 17 | Q77: 18 | R77: 18 | T77: Segment | U77: 11 | V77: 11 | W77: 12 | X77: 12 | Y77: 13 | Z77: 13 | AA77: 14 | AB77: 14 | AC77: 15 | AD77: 15 | AE77: 16 | AF77: 16 | AG77: 17 | AH77: 17 | AI77: 18 | AJ77: 18 | AM77: Segment | AN77: 11 | AO77: 11 | AP77: 12 | AQ77: 12 | AR77: 13 | AS77: 13 | AT77: 14 | AU77: 14 | AV77: 15 | AW77: 15 | AX77: 16 | AY77: 16 | AZ77: 17 | BA77: 17 | BB77: 18 | BC77: 18 | BF77: Segment | BG77: 11 | BH77: 11 | BI77: 12 | BJ77: 12 | BK77: 13 | BL77: 13 | BM77: 14 | BN77: 14 | BO77: 15 | BP77: 15 | BQ77: 16 | BR77: 16 | BS77: 17 | BT77: 17 | BU77: 18 | BV77: 18
B78: Period | T78: Period | AM78: Period | BF78: Period
B79: Night | C79: 8.18 | D79: 13.08 | E79: 3.41 | F79: 6.81 | G79: 3.99 | H79: 6.56 | I79: 6.81 | J79: 3.43 | K79: 1.54 | L79: 2.31 | M79: 1.54 | N79: 1.54 | O79: 3.11 | P79: 2.49 | Q79: 0.83 | R79: 1.63 | T79: Night | U79: 2.4 | V79: 2.4 | W79: 2.5 | X79: 2.5 | Y79: 2 | Z79: 2 | AA79: 4 | AB79: 4 | AC79: 2.08 | AD79: 2.08 | AE79: 2.08 | AF79: 2.08 | AG79: 1.68 | AH79: 1.68 | AI79: 0.3 | AJ79: 0.3 | AM79: Night | AN79: 2.4 | AO79: 2.4 | AP79: 2.5 | AQ79: 2.5 | AR79: 2.18 | AS79: 2.18 | AT79: 4 | AU79: 4 | AV79: 2.23 | AW79: 2.23 | AX79: 2.23 | AY79: 2.23 | AZ79: 1.8 | BA79: 1.8 | BB79: 0.3 | BC79: 0.3 | BF79: Night | BG79: 0 | BH79: 0 | BI79: 0 | BJ79: 0 | BK79: -0.08 | BL79: -0.08 | BM79: 0 | BN79: 0 | BO79: -0.07 | BP79: -0.07 | BQ79: -0.07 | BR79: -0.07 | BS79: -0.07 | BT79: -0.07 | BU79: -0.01 | BV79: 0
B80: AM-Early | C80: 62.06 | D80: 21.84 | E80: 28.12 | F80: 136.16 | G80: 47.03 | H80: 31.59 | I80: 92.71 | J80: 46.58 | K80: 25.71 | L80: 19.85 | M80: 25.71 | N80: 19.97 | O80: 31.97 | P80: 26.98 | Q80: 9.38 | R80: 15.16 | T80: AM-Early | U80: 2.4 | V80: 2.4 | W80: 2.5 | X80: 2.5 | Y80: 2 | Z80: 2 | AA80: 4 | AB80: 4 | AC80: 2.08 | AD80: 2.08 | AE80: 2.08 | AF80: 2.08 | AG80: 1.68 | AH80: 1.68 | AI80: 0.3 | AJ80: 0.3 | AM80: AM-Early | AN80: 2.82 | AO80: 2.45 | AP80: 2.61 | AQ80: 3.06 | AR80: 2.4 | AS80: 2.28 | AT80: 4.54 | AU80: 4.12 | AV80: 2.27 | AW80: 2.27 | AX80: 2.27 | AY80: 2.27 | AZ80: 1.83 | BA80: 1.82 | BB80: 0.39 | BC80: 0.34 | BF80: AM-Early | BG80: -0.15 | BH80: -0.02 | BI80: -0.04 | BJ80: -0.18 | BK80: -0.17 | BL80: -0.12 | BM80: -0.12 | BN80: -0.03 | BO80: -0.08 | BP80: -0.08 | BQ80: -0.08 | BR80: -0.08 | BS80: -0.08 | BT80: -0.08 | BU80: -0.23 | BV80: -0.13
B81: AM-Peak | C81: 304.62 | D81: 136.83 | E81: 167.56 | F81: 636.33 | G81: 202.5 | H81: 166.26 | I81: 389.27 | J81: 247.57 | K81: 57.25 | L81: 80.82 | M81: 53.08 | N81: 70.27 | O81: 117.3 | P81: 26.21 | Q81: 15.74 | R81: 51.09 | T81: AM-Peak | U81: 2.41 | V81: 2.4 | W81: 2.51 | X81: 2.51 | Y81: 2.01 | Z81: 2 | AA81: 4.02 | AB81: 4 | AC81: 2.08 | AD81: 2.08 | AE81: 2.08 | AF81: 2.08 | AG81: 1.68 | AH81: 1.68 | AI81: 0.3 | AJ81: 0.3 | AM81: AM-Peak | AN81: 3.39 | AO81: 2.49 | AP81: 2.74 | AQ81: 3.54 | AR81: 2.49 | AS81: 2.29 | AT81: 4.74 | AU81: 4.14 | AV81: 2.24 | AW81: 2.24 | AX81: 2.24 | AY81: 2.24 | AZ81: 1.81 | BA81: 1.8 | BB81: 0.32 | BC81: 0.36 | BF81: AM-Peak | BG81: -0.29 | BH81: -0.03 | BI81: -0.08 | BJ81: -0.29 | BK81: -0.19 | BL81: -0.13 | BM81: -0.15 | BN81: -0.03 | BO81: -0.07 | BP81: -0.07 | BQ81: -0.07 | BR81: -0.07 | BS81: -0.07 | BT81: -0.07 | BU81: -0.07 | BV81: -0.17
B82: AM-Shoulder | C82: 56.7 | D82: 31.47 | E82: 48.18 | F82: 163.04 | G82: 70.21 | H82: 62.78 | I82: 58.97 | J82: 58.58 | K82: 19.06 | L82: 7.9 | M82: 16.83 | N82: 9.75 | O82: 13.15 | P82: 13.15 | Q82: 5.57 | R82: 10.22 | T82: AM-Shoulder | U82: 2.41 | V82: 2.4 | W82: 2.5 | X82: 2.51 | Y82: 2.01 | Z82: 2 | AA82: 4 | AB82: 4 | AC82: 2.08 | AD82: 2.08 | AE82: 2.08 | AF82: 2.08 | AG82: 1.68 | AH82: 1.68 | AI82: 0.3 | AJ82: 0.3 | AM82: AM-Shoulder | AN82: 2.96 | AO82: 2.61 | AP82: 2.74 | AQ82: 3.34 | AR82: 2.58 | AS82: 2.39 | AT82: 4.18 | AU82: 4.15 | AV82: 2.26 | AW82: 2.23 | AX82: 2.25 | AY82: 2.23 | AZ82: 1.8 | BA82: 1.8 | BB82: 0.34 | BC82: 0.35 | BF82: AM-Shoulder | BG82: -0.19 | BH82: -0.08 | BI82: -0.09 | BJ82: -0.25 | BK82: -0.22 | BL82: -0.16 | BM82: -0.04 | BN82: -0.04 | BO82: -0.08 | BP82: -0.07 | BQ82: -0.08 | BR82: -0.07 | BS82: -0.07 | BT82: -0.07 | BU82: -0.12 | BV82: -0.14
B83: MD | C83: 182.25 | D83: 203.84 | E83: 236.4 | F83: 288.32 | G83: 170.13 | H83: 180.66 | I83: 171.59 | J83: 187.26 | K83: 112.33 | L83: 81.33 | M83: 115.98 | N83: 80.4 | O83: 95.05 | P83: 91.41 | Q83: 46.95 | R83: 20.34 | T83: MD | U83: 2.4 | V83: 2.4 | W83: 2.5 | X83: 2.5 | Y83: 2 | Z83: 2 | AA83: 4 | AB83: 4 | AC83: 2.08 | AD83: 2.08 | AE83: 2.08 | AF83: 2.08 | AG83: 1.68 | AH83: 1.68 | AI83: 0.3 | AJ83: 0.32 | AM83: MD | AN83: 2.9 | AO83: 2.88 | AP83: 2.83 | AQ83: 2.94 | AR83: 2.33 | AS83: 2.35 | AT83: 4.06 | AU83: 4.11 | AV83: 2.27 | AW83: 2.25 | AX83: 2.27 | AY83: 2.25 | AZ83: 1.81 | BA83: 1.81 | BB83: 0.38 | BC83: 0.35 | BF83: MD | BG83: -0.17 | BH83: -0.17 | BI83: -0.12 | BJ83: -0.15 | BK83: -0.14 | BL83: -0.15 | BM83: -0.01 | BN83: -0.03 | BO83: -0.08 | BP83: -0.08 | BQ83: -0.09 | BR83: -0.08 | BS83: -0.07 | BT83: -0.07 | BU83: -0.22 | BV83: -0.08
B84: PM-Shoulder | C84: 45.37 | D84: 14.74 | E84: 26.71 | F84: 42.51 | G84: 34.03 | H84: 34.49 | I84: 24.9 | J84: 57.77 | K84: 13.66 | L84: 7.51 | M84: 12.72 | N84: 6.86 | O84: 10.98 | P84: 8.95 | Q84: 2.39 | R84: 1.87 | T84: PM-Shoulder | U84: 2.41 | V84: 2.41 | W84: 2.5 | X84: 2.51 | Y84: 2.01 | Z84: 2.01 | AA84: 4 | AB84: 4.02 | AC84: 2.08 | AD84: 2.08 | AE84: 2.08 | AF84: 2.08 | AG84: 1.68 | AH84: 1.68 | AI84: 0.3 | AJ84: 0.3 | AM84: PM-Shoulder | AN84: 3.15 | AO84: 3.01 | AP84: 2.73 | AQ84: 2.92 | AR84: 2.52 | AS84: 3.19 | AT84: 4.18 | AU84: 4.7 | AV84: 2.26 | AW84: 2.24 | AX84: 2.26 | AY84: 2.24 | AZ84: 1.81 | BA84: 1.81 | BB84: 0.32 | BC84: 0.55 | BF84: PM-Shoulder | BG84: -0.23 | BH84: -0.2 | BI84: -0.08 | BJ84: -0.14 | BK84: -0.2 | BL84: -0.37 | BM84: -0.04 | BN84: -0.15 | BO84: -0.08 | BP84: -0.07 | BQ84: -0.08 | BR84: -0.07 | BS84: -0.07 | BT84: -0.07 | BU84: -0.06 | BV84: -0.45
B85: PM-Peak | C85: 95.92 | D85: 89.71 | E85: 19.27 | F85: 57.92 | G85: 23.17 | H85: 31.86 | I85: 66.58 | J85: 46.96 | K85: 33.09 | L85: 53.71 | M85: 26.36 | N85: 43.06 | O85: 2.52 | P85: 11.66 | Q85: 7.52 | R85: 7.87 | T85: PM-Peak | U85: 2.41 | V85: 2.41 | W85: 2.5 | X85: 2.51 | Y85: 2 | Z85: 2.01 | AA85: 4 | AB85: 4 | AC85: 2.08 | AD85: 2.08 | AE85: 2.08 | AF85: 2.08 | AG85: 1.68 | AH85: 1.68 | AI85: 0.3 | AJ85: 0.3 | AM85: PM-Peak | AN85: 3.02 | AO85: 2.95 | AP85: 3.22 | AQ85: 2.73 | AR85: 2.61 | AS85: 2.48 | AT85: 4.13 | AU85: 4.45 | AV85: 2.26 | AW85: 2.26 | AX85: 2.26 | AY85: 2.25 | AZ85: 1.8 | BA85: 1.81 | BB85: 0.39 | BC85: 0.34 | BF85: PM-Peak | BG85: -0.2 | BH85: -0.18 | BI85: -0.22 | BJ85: -0.08 | BK85: -0.23 | BL85: -0.19 | BM85: -0.03 | BN85: -0.1 | BO85: -0.08 | BP85: -0.08 | BQ85: -0.08 | BR85: -0.08 | BS85: -0.07 | BT85: -0.07 | BU85: -0.22 | BV85: -0.12
B86: PM-Late | C86: 6.6 | D86: 10.8 | E86: 8.11 | F86: 4.72 | G86: 10.9 | H86: 16.49 | I86: 2.3 | J86: 1.82 | K86: 1.6 | L86: 1.79 | M86: 1.6 | N86: 1.79 | O86: 0 | P86: 0 | Q86: 1.46 | R86: 3.65 | T86: PM-Late | U86: 2.4 | V86: 2.4 | W86: 2.5 | X86: 2.5 | Y86: 2 | Z86: 2 | AA86: 4 | AB86: 4 | AC86: 2.08 | AD86: 2.08 | AE86: 2.08 | AF86: 2.08 | AG86: 1.68 | AH86: 1.68 | AI86: 0.3 | AJ86: 0.3 | AM86: PM-Late | AN86: 2.46 | AO86: 2.47 | AP86: 2.58 | AQ86: 2.5 | AR86: 2.24 | AS86: 2.24 | AT86: 4.04 | AU86: 4.04 | AV86: 2.27 | AW86: 2.27 | AX86: 2.27 | AY86: 2.27 | AZ86: 1.8 | BA86: 1.8 | BB86: 0.32 | BC86: 0.35 | BF86: PM-Late | BG86: -0.02 | BH86: -0.03 | BI86: -0.03 | BJ86: 0 | BK86: -0.11 | BL86: -0.11 | BM86: -0.01 | BN86: -0.01 | BO86: -0.08 | BP86: -0.09 | BQ86: -0.08 | BR86: -0.09 | BS86: -0.07 | BT86: -0.07 | BU86: -0.07 | BV86: -0.15
B89: Revenue Per Period Heavy A | T89: ML light veh.Miles | AM89: GP light veh.Miles | BF89: LVr Toll
B90: Direction | C90: NB | D90: SB | E90: NB | F90: SB | G90: NB | H90: SB | I90: NB | J90: SB | K90: NB | L90: SB | M90: NB | N90: SB | O90: NB | P90: SB | Q90: NB | R90: SB | T90: Direction | U90: NB | AC90: SB | AM90: Direction | AN90: NB | AV90: SB | BF90: Direction | BG90: NB | BH90: SB | BI90: NB | BJ90: SB | BK90: NB | BL90: SB | BM90: NB | BN90: SB | BO90: NB | BP90: SB | BQ90: NB | BR90: SB | BS90: NB | BT90: SB | BU90: NB | BV90: SB
B91: Segment | C91: 11 | D91: 11 | E91: 12 | F91: 12 | G91: 13 | H91: 13 | I91: 14 | J91: 14 | K91: 15 | L91: 15 | M91: 16 | N91: 16 | O91: 17 | P91: 17 | Q91: 18 | R91: 18 | T91: Segment | U91: 11 | V91: 12 | W91: 13 | X91: 14 | Y91: 15 | Z91: 16 | AA91: 17 | AB91: 18 | AC91: 11 | AD91: 12 | AE91: 13 | AF91: 14 | AG91: 15 | AH91: 16 | AI91: 17 | AJ91: 18 | AM91: Segment | AN91: 11 | AO91: 12 | AP91: 13 | AQ91: 14 | AR91: 15 | AS91: 16 | AT91: 17 | AU91: 18 | AV91: 11 | AW91: 12 | AX91: 13 | AY91: 14 | AZ91: 15 | BA91: 16 | BB91: 17 | BC91: 18 | BF91: Segment | BG91: 11 | BH91: 11 | BI91: 12 | BJ91: 12 | BK91: 13 | BL91: 13 | BM91: 14 | BN91: 14 | BO91: 15 | BP91: 15 | BQ91: 16 | BR91: 16 | BS91: 17 | BT91: 17 | BU91: 18 | BV91: 18
B92: Period | T92: Period | AM92: Period | BF92: Period
B93: Night | C93: 253.47 | D93: 255.54 | E93: 399.24 | F93: 366.27 | G93: 92.57 | H93: 94.66 | I93: 221.46 | J93: 205.61 | K93: 211.36 | L93: 215.24 | M93: 211.4 | N93: 211 | O93: 56.9 | P93: 55.35 | Q93: 93.36 | R93: 87.72 | T93: Night | U93: 1427.81 | V93: 1600.16 | W93: 862.26 | X93: 1809.18 | Y93: 817.57 | Z93: 817.19 | AA93: 304.54 | AB93: 361.24 | AC93: 1387.05 | AD93: 962.52 | AE93: 761.96 | AF93: 1086.57 | AG93: 1179.13 | AH93: 1133.35 | AI93: 272.69 | AJ93: 233.57 | AM93: Night | AN93: 22041.79 | AO93: 24702.34 | AP93: 16343.74 | AQ93: 27926.82 | AR93: 14652.43 | AS93: 14652.81 | AT93: 5457.86 | AU93: 3259.16 | AV93: 21410.55 | AW93: 14857.48 | AX93: 13588.04 | AY93: 20221.43 | AZ93: 21134.07 | BA93: 20269.85 | BB93: 4887.01 | BC93: 2120.53 | BF93: Night | BG93: 0.48 | BH93: 0.48 | BI93: 0.5 | BJ93: 0.5 | BK93: 0.4 | BL93: 0.4 | BM93: 0.8 | BN93: 0.8 | BO93: 0.52 | BP93: 0.52 | BQ93: 0.52 | BR93: 0.52 | BS93: 0.42 | BT93: 0.42 | BU93: 0.06 | BV93: 0.06
B94: AM-Early | C94: 224.11 | D94: 121.02 | E94: 169.31 | F94: 516.49 | G94: 105.22 | H94: 93.35 | I94: 193.73 | J94: 181.04 | K94: 181.4 | L94: 130.84 | M94: 181.4 | N94: 129.91 | O94: 82.51 | P94: 69.58 | Q94: 57.4 | R94: 56.22 | T94: AM-Early | U94: 2414.12 | V94: 1668.34 | W94: 2070.01 | X94: 3991.72 | Y94: 1190.87 | Z94: 1190.88 | AA94: 869.42 | AB94: 366.4 | AC94: 1047.14 | AD94: 1924.41 | AE94: 982.43 | AF94: 1717.67 | AG94: 1393.87 | AH94: 1387.21 | AI94: 774.05 | AJ94: 233.09 | AM94: AM-Early | AN94: 10253.08 | AO94: 13309.16 | AP94: 11519.99 | AQ94: 20632.28 | AR94: 6525.93 | AS94: 6525.92 | AT94: 4256.68 | AU94: 1406.34 | AV94: 6248.86 | AW94: 5239.25 | AX94: 5035.57 | AY94: 9218.33 | AZ94: 10048.73 | BA94: 9917.59 | BB94: 3430.15 | BC94: 977.41 | BF94: AM-Early | BG94: 1.92 | BH94: 1.43 | BI94: 1.78 | BJ94: 2 | BK94: 1.6 | BL94: 1.57 | BM94: 3.2 | BN94: 2.6 | BO94: 1.62 | BP94: 1.73 | BQ94: 1.62 | BR94: 1.73 | BS94: 1.25 | BT94: 1.17 | BU94: 0.29 | BV94: 0.24
B95: AM-Peak | C95: 2759.01 | D95: 1032.19 | E95: 1488.61 | F95: 4103.22 | G95: 841.75 | H95: 638.99 | I95: 1726.97 | J95: 1312.44 | K95: 516.32 | L95: 609.98 | M95: 473.78 | N95: 519.29 | O95: 345.62 | P95: 85.68 | Q95: 141.88 | R95: 315.64 | T95: AM-Peak | U95: 8982.26 | V95: 8565.63 | W95: 7508.26 | X95: 14995.37 | Y95: 2861 | Z95: 2653.12 | AA95: 2084.86 | AB95: 758.51 | AC95: 4834.72 | AD95: 7719.84 | AE95: 5629.84 | AF95: 8789.49 | AG95: 3290.85 | AH95: 3027.39 | AI95: 870.03 | AJ95: 962.46 | AM95: AM-Peak | AN95: 35211.56 | AO95: 45171.87 | AP95: 33577.34 | AQ95: 70039.1 | AR95: 18887.35 | AS95: 15279.08 | AT95: 9878.39 | AU95: 2656.99 | AV95: 15625.16 | AW95: 20009.53 | AX95: 26074.82 | AY95: 46389.77 | AZ95: 22421.72 | BA95: 17728.41 | BB95: 7830.27 | BC95: 2615.94 | BF95: AM-Peak | BG95: 3.84 | BH95: 1.92 | BI95: 2 | BJ95: 3.15 | BK95: 1.96 | BL95: 1.6 | BM95: 4.16 | BN95: 3.2 | BO95: 1.84 | BP95: 2.08 | BQ95: 1.76 | BR95: 2.01 | BS95: 1.53 | BT95: 0.42 | BU95: 0.24 | BV95: 0.28
B96: AM-Shoulder | C96: 601.22 | D96: 316.51 | E96: 568.6 | F96: 1084.27 | G96: 326.67 | H96: 295.04 | I96: 260.27 | J96: 312.49 | K96: 184.94 | L96: 65.52 | M96: 166.08 | N96: 80.85 | O96: 39.29 | P96: 39.55 | Q96: 67.1 | R96: 68.13 | T96: AM-Shoulder | U96: 2616.02 | V96: 1783.47 | W96: 2433.41 | X96: 2434.83 | Y96: 1209.9 | Z96: 1105.66 | AA96: 223.97 | AB96: 192.28 | AC96: 1196.39 | AD96: 2591.76 | AE96: 1704.92 | AF96: 2141.15 | AG96: 574.6 | AH96: 474.69 | AI96: 223.87 | AJ96: 206.67 | AM96: AM-Shoulder | AN96: 9681.58 | AO96: 11919.03 | AP96: 10894.59 | AQ96: 18749.17 | AR96: 7913.9 | AS96: 6192.54 | AT96: 2235.2 | AU96: 735.32 | AV96: 5640.13 | AW96: 10647.61 | AX96: 8867.08 | AY96: 15614.85 | AZ96: 5171.4 | BA96: 5271.31 | BB96: 2231.03 | BC96: 726.45 | BF96: AM-Shoulder | BG96: 1.92 | BH96: 1.92 | BI96: 2 | BJ96: 2.6 | BK96: 1.69 | BL96: 1.6 | BM96: 2.97 | BN96: 2.89 | BO96: 1.53 | BP96: 0.52 | BQ96: 1.45 | BR96: 1.28 | BS96: 1.11 | BT96: 1.11 | BU96: 0.24 | BV96: 0.24
B97: MD | C97: 2151.81 | D97: 2229.91 | E97: 2731.73 | F97: 3046.75 | G97: 903.94 | H97: 808.66 | I97: 716.54 | J97: 931.62 | K97: 764.84 | L97: 711.57 | M97: 785.96 | N97: 703.93 | O97: 304.73 | P97: 288.81 | Q97: 551.39 | R97: 359.14 | T97: MD | U97: 10531.13 | V97: 9107.75 | W97: 6984.61 | X97: 9352.96 | Y97: 7060.35 | Z97: 7005.85 | AA97: 3276.32 | AB97: 1616.99 | AC97: 11211.75 | AD97: 10832.18 | AE97: 8005.58 | AF97: 11074.31 | AG97: 6047.23 | AH97: 6002.69 | AI97: 3175.09 | AJ97: 2885.59 | AM97: MD | AN97: 34276.87 | AO97: 43179.75 | AP97: 38115.39 | AQ97: 66887.04 | AR97: 51335.65 | AS97: 50441.15 | AT97: 13838.68 | AU97: 5400.01 | AV97: 38720.25 | AW97: 43717.82 | AX97: 45394.42 | AY97: 82825.69 | AZ97: 41298.77 | BA97: 40381.31 | BB97: 13267.91 | BC97: 4063.71 | BF97: MD | BG97: 1.92 | BH97: 1.92 | BI97: 2 | BJ97: 2 | BK97: 1.6 | BL97: 1.6 | BM97: 2.34 | BN97: 2.69 | BO97: 1.65 | BP97: 1.47 | BQ97: 1.72 | BR97: 1.46 | BS97: 0.95 | BT97: 0.92 | BU97: 0.26 | BV97: 0.28
B98: PM-Shoulder | C98: 535.65 | D98: 415.73 | E98: 404.53 | F98: 411.97 | G98: 148.29 | H98: 332.47 | I98: 180.48 | J98: 238.53 | K98: 75.86 | L98: 74.21 | M98: 69.61 | N98: 67.23 | O98: 47.67 | P98: 37.96 | Q98: 37.78 | R98: 21.17 | T98: PM-Shoulder | U98: 2931.32 | V98: 1909.15 | W98: 2596.73 | X98: 2903.37 | Y98: 1614.34 | Z98: 1384.19 | AA98: 892.56 | AB98: 174.61 | AC98: 2981.47 | AD98: 3003.34 | AE98: 2796.95 | AF98: 5205.47 | AG98: 1311.26 | AH98: 1148.96 | AI98: 801.76 | AJ98: 57.9 | AM98: PM-Shoulder | AN98: 10000.17 | AO98: 11995.28 | AP98: 11235.08 | AQ98: 18696.63 | AR98: 9878.94 | AS98: 8285.21 | AT98: 4106.32 | AU98: 925.37 | AV98: 8837.27 | AW98: 15396.66 | AX98: 15565.49 | AY98: 25470.53 | AZ98: 8010.03 | BA98: 6308.08 | BB98: 3643.92 | BC98: 1100.03 | BF98: PM-Shoulder | BG98: 2.3 | BH98: 1.97 | BI98: 2 | BJ98: 2 | BK98: 1.61 | BL98: 3.2 | BM98: 2.68 | BN98: 3.2 | BO98: 1.41 | BP98: 1.22 | BQ98: 1.5 | BR98: 1.23 | BS98: 1.04 | BT98: 0.92 | BU98: 0.23 | BV98: 0.24
B99: PM-Peak | C99: 1853.08 | D99: 1865.63 | E99: 864.01 | F99: 1721.85 | G99: 415.18 | H99: 625.31 | I99: 866.51 | J99: 575.77 | K99: 485.86 | L99: 677.75 | M99: 410.69 | N99: 554.26 | O99: 45.36 | P99: 161.85 | Q99: 347.41 | R99: 235.14 | T99: PM-Peak | U99: 9097.01 | V99: 1664.99 | W99: 1888.67 | X99: 9787.61 | Y99: 5185.14 | Z99: 4689.96 | AA99: 850.5 | AB99: 1016.85 | AC99: 8949.91 | AD99: 8355.59 | AE99: 7979.37 | AF99: 3696.19 | AG99: 4391.1 | AH99: 3974.35 | AI99: 2401.27 | AJ99: 990.5 | AM99: PM-Peak | AN99: 34693.48 | AO99: 34102.88 | AP99: 37417.64 | AQ99: 52826.28 | AR99: 31196.42 | AS99: 24422.22 | AT99: 7654.5 | AU99: 1871.07 | AV99: 33436.49 | AW99: 36021.91 | AX99: 36033.89 | AY99: 71967.95 | AZ99: 27006.38 | BA99: 21128.62 | BB99: 11458.33 | BC99: 2438.46 | BF99: PM-Peak | BG99: 3.26 | BH99: 3.12 | BI99: 2 | BJ99: 2 | BK99: 1.6 | BL99: 2.07 | BM99: 3.2 | BN99: 3.2 | BO99: 2.08 | BP99: 2.08 | BQ99: 2.08 | BR99: 2.08 | BS99: 0.42 | BT99: 1.42 | BU99: 0.3 | BV99: 0.24
B100: PM-Late | C100: 374.39 | D100: 361.91 | E100: 829.58 | F100: 247.51 | G100: 326.35 | H100: 259.57 | I100: 405.37 | J100: 277.38 | K100: 464.55 | L100: 343.79 | M100: 464.56 | N100: 343.79 | O100: 42.78 | P100: 64.87 | Q100: 146.84 | R100: 210.57 | T100: PM-Late | U100: 3394.25 | V100: 3235.68 | W100: 2697.88 | X100: 4242.33 | Y100: 3652.95 | Z100: 3653.01 | AA100: 719.91 | AB100: 449.23 | AC100: 3868.3 | AD100: 2735.74 | AE100: 2977.03 | AF100: 4993.74 | AG100: 3396.98 | AH100: 3397.05 | AI100: 1273.38 | AJ100: 720.67 | AM100: PM-Late | AN100: 16240.15 | AO100: 13241.82 | AP100: 10046.12 | AQ100: 16145.67 | AR100: 15394.65 | AS100: 15394.59 | AT100: 3526.29 | AU100: 1888.97 | AV100: 21763.7 | AW100: 17424.26 | AX100: 12658.97 | AY100: 24478.26 | AZ100: 13084.42 | BA100: 13084.35 | BB100: 3514.62 | BC100: 2002.43 | BF100: PM-Late | BG100: 1.41 | BH100: 1.53 | BI100: 1.47 | BJ100: 0.77 | BK100: 1.29 | BL100: 1.31 | BM100: 1.96 | BN100: 2.01 | BO100: 1.53 | BP100: 1.56 | BQ100: 1.53 | BR100: 1.56 | BS100: 0.93 | BT100: 0.7 | BU100: 0.23 | BV100: 0.24
B103: % Workday Revenue | T103: ML light veh/period | AM103: GP light veh/period | BF103: Medium A Toll
B104: Direction | C104: NB | D104: SB | E104: NB | F104: SB | G104: NB | H104: SB | I104: NB | J104: SB | K104: NB | L104: SB | M104: NB | N104: SB | O104: NB | P104: SB | Q104: NB | R104: SB | T104: Direction | U104: NB | V104: SB | W104: NB | X104: SB | Y104: NB | Z104: SB | AA104: NB | AB104: SB | AC104: NB | AD104: SB | AE104: NB | AF104: SB | AG104: NB | AH104: SB | AI104: NB | AJ104: SB | AM104: Direction | AN104: NB | AO104: SB | AP104: NB | AQ104: SB | AR104: NB | AS104: SB | AT104: NB | AU104: SB | AV104: NB | AW104: SB | AX104: NB | AY104: SB | AZ104: NB | BA104: SB | BB104: NB | BC104: SB | BF104: Direction | BG104: NB | BH104: SB | BI104: NB | BJ104: SB | BK104: NB | BL104: SB | BM104: NB | BN104: SB | BO104: NB | BP104: SB | BQ104: NB | BR104: SB | BS104: NB | BT104: SB | BU104: NB | BV104: SB
B105: Segment | C105: 11 | D105: 11 | E105: 12 | F105: 12 | G105: 13 | H105: 13 | I105: 14 | J105: 14 | K105: 15 | L105: 15 | M105: 16 | N105: 16 | O105: 17 | P105: 17 | Q105: 18 | R105: 18 | T105: Segment | U105: 11 | V105: 11 | W105: 12 | X105: 12 | Y105: 13 | Z105: 13 | AA105: 14 | AB105: 14 | AC105: 15 | AD105: 15 | AE105: 16 | AF105: 16 | AG105: 17 | AH105: 17 | AI105: 18 | AJ105: 18 | AM105: Segment | AN105: 11 | AO105: 11 | AP105: 12 | AQ105: 12 | AR105: 13 | AS105: 13 | AT105: 14 | AU105: 14 | AV105: 15 | AW105: 15 | AX105: 16 | AY105: 16 | AZ105: 17 | BA105: 17 | BB105: 18 | BC105: 18 | BF105: Segment | BG105: 11 | BH105: 11 | BI105: 12 | BJ105: 12 | BK105: 13 | BL105: 13 | BM105: 14 | BN105: 14 | BO105: 15 | BP105: 15 | BQ105: 16 | BR105: 16 | BS105: 17 | BT105: 17 | BU105: 18 | BV105: 18
B106: Period | T106: Period | AM106: Period | BF106: Period
B107: Night | C107: 0.010186584 | D107: 0.014373749 | E107: 0.024081366 | F107: 0.012627441 | G107: 0.010503136 | H107: 0.0082117903 | I107: 0.013535087 | J107: 0.013823399 | K107: 0.021048323 | L107: 0.027448283 | M107: 0.021998169 | N107: 0.028097514 | O107: 0.020510151 | P107: 0.0203476 | Q107: 0.029564634 | R107: 0.020606205 | T107: Night | U107: 594.92 | V107: 577.94 | W107: 640.06 | X107: 385.01 | Y107: 431.13 | Z107: 380.98 | AA107: 452.3 | AB107: 271.64 | AC107: 314.45 | AD107: 453.51 | AE107: 314.31 | AF107: 435.9 | AG107: 145.02 | AH107: 129.85 | AI107: 1204.14 | AJ107: 778.55 | AM107: Night | AN107: 9184.08 | AO107: 8921.06 | AP107: 9880.94 | AQ107: 5942.99 | AR107: 8171.87 | AS107: 6794.02 | AT107: 6981.7 | AU107: 5055.36 | AV107: 5635.55 | AW107: 8128.49 | AX107: 5635.69 | AY107: 7796.1 | AZ107: 2598.98 | BA107: 2327.15 | BB107: 10863.86 | BC107: 7068.45 | BF107: Night | BG107: 1.92 | BH107: 1.92 | BI107: 2 | BJ107: 2 | BK107: 1.6 | BL107: 1.6 | BM107: 3.2 | BN107: 3.2 | BO107: 2.08 | BP107: 2.08 | BQ107: 2.08 | BR107: 2.08 | BS107: 1.68 | BT107: 1.68 | BU107: 0.24 | BV107: 0.24
B108: AM-Early | C108: 0.04120904 | D108: 0.020333462 | E108: 0.045930529 | F108: 0.048382345 | G108: 0.068611213 | H108: 0.028852122 | I108: 0.078124151 | J108: 0.042710091 | K108: 0.051759772 | L108: 0.064842275 | M108: 0.054098188 | N108: 0.068021806 | O108: 0.10698816 | P108: 0.094848495 | Q108: 0.074436904 | R108: 0.038458081 | T108: AM-Early | U108: 1005.88 | V108: 436.31 | W108: 667.34 | X108: 769.76 | Y108: 1035.01 | Z108: 491.22 | AA108: 997.93 | AB108: 429.42 | AC108: 458.03 | AD108: 536.1 | AE108: 458.03 | AF108: 533.54 | AG108: 414.01 | AH108: 368.59 | AI108: 1221.35 | AJ108: 776.98 | AM108: AM-Early | AN108: 4272.12 | AO108: 2603.69 | AP108: 5323.66 | AQ108: 2095.7 | AR108: 5759.99 | AS108: 2517.78 | AT108: 5158.07 | AU108: 2304.58 | AV108: 2509.97 | AW108: 3864.9 | AX108: 2509.97 | AY108: 3814.46 | AZ108: 2026.99 | BA108: 1633.41 | BB108: 4687.8 | BC108: 3258.02 | BF108: AM-Early | BG108: 7.68 | BH108: 5.74 | BI108: 7.11 | BJ108: 8 | BK108: 6.4 | BL108: 6.29 | BM108: 12.8 | BN108: 10.4 | BO108: 6.48 | BP108: 6.92 | BQ108: 6.48 | BR108: 6.9 | BS108: 5.02 | BT108: 4.66 | BU108: 1.15 | BV108: 0.96
B109: AM-Peak | C109: 0.32924754 | D109: 0.13504589 | E109: 0.28620905 | F109: 0.32148522 | G109: 0.3254313 | H109: 0.17381386 | I109: 0.40910442 | J109: 0.28018318 | K109: 0.14498566 | L109: 0.20636519 | M109: 0.13564979 | N109: 0.19228883 | O109: 0.34296011 | P109: 0.055438638 | Q109: 0.13759166 | R109: 0.18807674 | T109: AM-Peak | U109: 3742.61 | V109: 2014.47 | W109: 3426.25 | X109: 3087.94 | Y109: 3754.13 | Z109: 2814.92 | AA109: 3748.84 | AB109: 2197.37 | AC109: 1100.38 | AD109: 1265.71 | AE109: 1020.43 | AF109: 1164.38 | AG109: 992.79 | AH109: 414.3 | AI109: 2528.38 | AJ109: 3208.21 | AM109: AM-Peak | AN109: 14671.48 | AO109: 6510.48 | AP109: 18068.75 | AQ109: 8003.81 | AR109: 16788.67 | AS109: 13037.41 | AT109: 17509.77 | AU109: 11597.44 | AV109: 7264.36 | AW109: 8623.74 | AX109: 5876.57 | AY109: 6818.62 | AZ109: 4704 | BA109: 3728.7 | BB109: 8856.62 | BC109: 8719.79 | BF109: AM-Peak | BG109: 15.36 | BH109: 7.68 | BI109: 8 | BJ109: 12.6 | BK109: 7.84 | BL109: 6.4 | BM109: 16.64 | BN109: 12.8 | BO109: 7.36 | BP109: 8.32 | BQ109: 7.04 | BR109: 8.05 | BS109: 6.1 | BT109: 1.68 | BU109: 0.96 | BV109: 1.1
B110: AM-Shoulder | C110: 0.052127697 | D110: 0.034466704 | E110: 0.069214724 | F110: 0.08807323 | G110: 0.095846025 | H110: 0.056147727 | I110: 0.050282928 | J110: 0.060969878 | K110: 0.050893569 | L110: 0.012052978 | M110: 0.046580004 | N110: 0.021306702 | O110: 0.029886447 | P110: 0.031934263 | Q110: 0.041067706 | R110: 0.036970659 | T110: AM-Shoulder | U110: 1090.01 | V110: 498.5 | W110: 713.39 | X110: 1036.7 | Y110: 1216.7 | Z110: 852.46 | AA110: 608.71 | AB110: 535.29 | AC110: 465.35 | AD110: 221 | AE110: 425.25 | AF110: 182.57 | AG110: 106.65 | AH110: 106.61 | AI110: 640.92 | AJ110: 688.89 | AM110: AM-Shoulder | AN110: 4033.99 | AO110: 2350.05 | AP110: 4767.61 | AQ110: 4259.05 | AR110: 5447.3 | AS110: 4433.54 | AT110: 4687.29 | AU110: 3903.71 | AV110: 3043.81 | AW110: 1989 | AX110: 2381.75 | AY110: 2027.43 | AZ110: 1064.38 | BA110: 1062.39 | BB110: 2451.08 | BC110: 2421.5 | BF110: AM-Shoulder | BG110: 7.68 | BH110: 7.68 | BI110: 8 | BJ110: 10.4 | BK110: 6.75 | BL110: 6.4 | BM110: 11.87 | BN110: 11.57 | BO110: 6.13 | BP110: 2.08 | BQ110: 5.82 | BR110: 5.13 | BS110: 4.46 | BT110: 4.46 | BU110: 0.96 | BV110: 0.96
B111: MD | C111: 0.20157832 | D111: 0.29988462 | E111: 0.34711702 | F111: 0.26541767 | G111: 0.25831224 | H111: 0.23638789 | I111: 0.14693856 | J111: 0.27018279 | K111: 0.29197661 | L111: 0.25764929 | M111: 0.31459207 | N111: 0.26896575 | O111: 0.31957869 | P111: 0.32206533 | Q111: 0.35983149 | R111: 0.44262258 | T111: MD | U111: 4387.97 | V111: 4671.56 | W111: 3643.1 | X111: 4332.87 | Y111: 3492.3 | Z111: 4002.79 | AA111: 2338.24 | AB111: 2768.58 | AC111: 2715.52 | AD111: 2325.86 | AE111: 2694.56 | AF111: 2308.73 | AG111: 1560.15 | AH111: 1511.95 | AI111: 5389.98 | AJ111: 9618.63 | AM111: MD | AN111: 14282.03 | AO111: 16133.44 | AP111: 17271.9 | AQ111: 17487.13 | AR111: 19057.7 | AS111: 22697.21 | AT111: 16721.76 | AU111: 20706.42 | AV111: 19744.48 | AW111: 15884.14 | AX111: 19400.44 | AY111: 15531.27 | AZ111: 6589.85 | BA111: 6318.05 | BB111: 18000.02 | BC111: 13545.7 | BF111: MD | BG111: 7.68 | BH111: 7.68 | BI111: 8 | BJ111: 8 | BK111: 6.4 | BL111: 6.4 | BM111: 9.37 | BN111: 10.74 | BO111: 6.61 | BP111: 5.88 | BQ111: 6.88 | BR111: 5.85 | BS111: 3.78 | BT111: 3.67 | BU111: 1.03 | BV111: 1.13
B112: PM-Shoulder | C112: 0.062270709 | D112: 0.074225321 | E112: 0.064333084 | F112: 0.060738345 | G112: 0.087665377 | H112: 0.15134751 | I112: 0.048853836 | J112: 0.13703112 | K112: 0.052114833 | L112: 0.041750463 | M112: 0.049834031 | N112: 0.039146039 | O112: 0.083532397 | P112: 0.070901598 | Q112: 0.030986286 | R112: 0.010212509 | T112: PM-Shoulder | U112: 1221.38 | V112: 1242.28 | W112: 763.66 | X112: 1201.33 | Y112: 1298.37 | Z112: 1398.48 | AA112: 725.84 | AB112: 1301.37 | AC112: 620.9 | AD112: 504.33 | AE112: 532.38 | AF112: 441.91 | AG112: 425.03 | AH112: 381.79 | AI112: 582.02 | AJ112: 192.99 | AM112: PM-Shoulder | AN112: 4166.74 | AO112: 3682.19 | AP112: 4798.11 | AQ112: 6158.67 | AR112: 5617.54 | AS112: 7782.74 | AT112: 4674.16 | AU112: 6367.63 | AV112: 3799.59 | AW112: 3080.78 | AX112: 3186.62 | AY112: 2426.18 | AZ112: 1955.39 | BA112: 1735.2 | BB112: 3084.58 | BC112: 3666.77 | BF112: PM-Shoulder | BG112: 9.22 | BH112: 7.87 | BI112: 8 | BJ112: 8 | BK112: 6.45 | BL112: 12.8 | BM112: 10.73 | BN112: 12.8 | BO112: 5.64 | BP112: 4.89 | BQ112: 6.02 | BR112: 4.93 | BS112: 4.17 | BT112: 3.69 | BU112: 0.94 | BV112: 0.96
B113: PM-Peak | C113: 0.26034989 | D113: 0.34972441 | E113: 0.074042629 | F113: 0.18030398 | G113: 0.07519912 | H113: 0.27638365 | I113: 0.19779477 | J113: 0.1111062 | K113: 0.24925409 | L113: 0.25101157 | M113: 0.23304749 | N113: 0.23543437 | O113: 0.037753549 | P113: 0.31940851 | Q113: 0.24063699 | R113: 0.14998947 | T113: PM-Peak | U113: 3790.42 | V113: 3729.13 | W113: 666 | X113: 3342.23 | Y113: 944.33 | Z113: 3989.68 | AA113: 2446.9 | AB113: 924.05 | AC113: 1994.28 | AD113: 1688.88 | AE113: 1803.83 | AF113: 1528.6 | AG113: 405 | AH113: 1143.46 | AI113: 3389.5 | AJ113: 3301.66 | AM113: PM-Peak | AN113: 14455.62 | AO113: 13931.87 | AP113: 13641.15 | AQ113: 14408.77 | AR113: 18708.82 | AS113: 18016.94 | AT113: 13206.57 | AU113: 17991.99 | AV113: 11998.62 | AW113: 10387.07 | AX113: 9393.16 | AY113: 8126.39 | AZ113: 3645 | BA113: 5456.35 | BB113: 6236.9 | BC113: 8128.19 | BF113: PM-Peak | BG113: 13.06 | BH113: 12.48 | BI113: 8 | BJ113: 8 | BK113: 6.4 | BL113: 8.29 | BM113: 12.8 | BN113: 12.8 | BO113: 8.32 | BP113: 8.32 | BQ113: 8.32 | BR113: 8.32 | BS113: 1.68 | BT113: 5.7 | BU113: 1.2 | BV113: 0.96
B114: PM-Late | C114: 0.043030227 | D114: 0.071945846 | E114: 0.089071594 | F114: 0.022971763 | G114: 0.078431588 | H114: 0.068855449 | I114: 0.055366246 | J114: 0.083993347 | K114: 0.13796714 | L114: 0.13887995 | M114: 0.14420025 | N114: 0.14673899 | O114: 0.058790494 | P114: 0.085055569 | Q114: 0.085884325 | R114: 0.11306375 | T114: PM-Late | U114: 1414.27 | V114: 1611.79 | W114: 1294.27 | X114: 1094.3 | Y114: 1348.94 | Z114: 1488.51 | AA114: 1060.58 | AB114: 1248.43 | AC114: 1404.98 | AD114: 1306.53 | AE114: 1405 | AF114: 1306.56 | AG114: 342.81 | AH114: 606.37 | AI114: 1497.42 | AJ114: 2402.22 | AM114: PM-Late | AN114: 6766.73 | AO114: 9068.21 | AP114: 5296.73 | AQ114: 6969.7 | AR114: 5023.06 | AS114: 6329.49 | AT114: 4036.42 | AU114: 6119.57 | AV114: 5921.02 | AW114: 5032.47 | AX114: 5921 | AY114: 5032.44 | AZ114: 1679.19 | BA114: 1673.63 | BB114: 6296.58 | BC114: 6674.76 | BF114: PM-Late | BG114: 5.63 | BH114: 6.14 | BI114: 5.88 | BJ114: 3.07 | BK114: 5.17 | BL114: 5.25 | BM114: 7.83 | BN114: 8.06 | BO114: 6.12 | BP114: 6.24 | BQ114: 6.12 | BR114: 6.24 | BS114: 3.73 | BT114: 2.81 | BU114: 0.93 | BV114: 0.96
T117: ML medium A veh.Miles | AM117: GP medium A veh.Miles | BF117: Implied VOT
...

Sheet Year_2032
B1: Lenght
C2: 11 | D2: 12 | E2: 13 | F2: 14 | G2: 15 | H2: 16 | I2: 17 | J2: 18
B3: Length | C3: 2.4 | D3: 2.5 | E3: 2 | F3: 4 | G3: 2.6 | H3: 2.6 | I3: 2.1 | J3: 0.3
B5: TollLights | T5: ML PCE.Miles | AM5: GP PCE.Miles | BF5: Highway PCE.Miles
B6: Direction | C6: NB | D6: SB | E6: NB | F6: SB | G6: NB | H6: SB | I6: NB | J6: SB | K6: NB | L6: SB | M6: NB | N6: SB | O6: NB | P6: SB | Q6: NB | R6: SB | T6: Direction | U6: NB | V6: SB | W6: NB | X6: SB | Y6: NB | Z6: SB | AA6: NB | AB6: SB | AC6: NB | AD6: SB | AE6: NB | AF6: SB | AG6: NB | AH6: SB | AI6: NB | AJ6: SB | AM6: Direction | AN6: NB | AO6: SB | AP6: NB | AQ6: SB | AR6: NB | AS6: SB | AT6: NB | AU6: SB | AV6: NB | AW6: SB | AX6: NB | AY6: SB | AZ6: NB | BA6: SB | BB6: NB | BC6: SB | BF6: Direction | BG6: NB | BH6: SB | BI6: NB | BJ6: SB | BK6: NB | BL6: SB | BM6: NB | BN6: SB | BO6: NB | BP6: SB | BQ6: NB | BR6: SB | BS6: NB | BT6: SB | BU6: NB | BV6: SB
B7: Segment | C7: 11 | D7: 11 | E7: 12 | F7: 12 | G7: 13 | H7: 13 | I7: 14 | J7: 14 | K7: 15 | L7: 15 | M7: 16 | N7: 16 | O7: 17 | P7: 17 | Q7: 18 | R7: 18 | T7: Segment | U7: 11 | V7: 11 | W7: 12 | X7: 12 | Y7: 13 | Z7: 13 | AA7: 14 | AB7: 14 | AC7: 15 | AD7: 15 | AE7: 16 | AF7: 16 | AG7: 17 | AH7: 17 | AI7: 18 | AJ7: 18 | AM7: Segment | AN7: 11 | AO7: 11 | AP7: 12 | AQ7: 12 | AR7: 13 | AS7: 13 | AT7: 14 | AU7: 14 | AV7: 15 | AW7: 15 | AX7: 16 | AY7: 16 | AZ7: 17 | BA7: 17 | BB7: 18 | BC7: 18 | BF7: Segment | BG7: 11 | BH7: 11 | BI7: 12 | BJ7: 12 | BK7: 13 | BL7: 13 | BM7: 14 | BN7: 14 | BO7: 15 | BP7: 15 | BQ7: 16 | BR7: 16 | BS7: 17 | BT7: 17 | BU7: 18 | BV7: 18
B8: Period | T8: Period | AM8: Period | BF8: Period
B9: Night | C9: 0.2 | D9: 0.2 | E9: 0.2 | F9: 0.2 | G9: 0.2 | H9: 0.2 | I9: 0.2 | J9: 0.2 | K9: 0.2 | L9: 0.2 | M9: 0.2 | N9: 0.2 | O9: 0.2 | P9: 0.2 | Q9: 0.2 | R9: 0.2 | T9: Night | U9: 7874.4 | V9: 6714.12 | W9: 5803.88 | X9: 2240.84 | Y9: 1746.44 | Z9: 1472.95 | AA9: 2642.03 | AB9: 2218.16 | AC9: 1855.15 | AD9: 2288.03 | AE9: 1853.98 | AF9: 2209.38 | AG9: 612.24 | AH9: 564.16 | AI9: 2205.02 | AJ9: 1767.34 | AM9: Night | AN9: 39564.6 | AO9: 40320 | AP9: 52500 | AQ9: 42341.28 | AR9: 27941.96 | AS9: 24876.45 | AT9: 49479.97 | AU9: 41937.84 | AV9: 34885.19 | AW9: 42877.09 | AX9: 34886.36 | AY9: 41438.77 | AZ9: 11471.16 | BA9: 10575.5 | BB9: 6157.6 | BC9: 5002.64 | BF9: Night | BG9: 47439 | BH9: 47034.12 | BI9: 58303.88 | BJ9: 44582.12 | BK9: 29688.4 | BL9: 26349.4 | BM9: 52122 | BN9: 44156 | BO9: 36740.34 | BP9: 45165.12 | BQ9: 36740.34 | BR9: 43648.15 | BS9: 12083.4 | BT9: 11139.66 | BU9: 8362.62 | BV9: 6769.98
B10: AM-Early | C10: 1.4 | D10: 0.8 | E10: 0.8 | F10: 0.8 | G10: 1.68 | H10: 0.8 | I10: 1.66 | J10: 0.8 | K10: 0.8 | L10: 0.8 | M10: 0.8 | N10: 0.8 | O10: 0.8 | P10: 0.8 | Q10: 1.54 | R10: 1.42 | T10: AM-Early | U10: 3374.88 | V10: 1903.43 | W10: 3313.75 | X10: 3079.9 | Y10: 2800.01 | Z10: 2126.73 | AA10: 5635.5 | AB10: 3373.22 | AC10: 2382.44 | AD10: 2739.37 | AE10: 2382.44 | AF10: 2721.22 | AG10: 1637.41 | AH10: 1366.35 | AI10: 422.44 | AJ10: 420.4 | AM10: AM-Early | AN10: 14886.34 | AO10: 10550.17 | AP10: 20450.75 | AQ10: 8677.67 | AR10: 16439.09 | AS10: 7446.57 | AT10: 29060.1 | AU10: 14797.18 | AV10: 11785.87 | AW10: 15994.41 | AX10: 11785.87 | AY10: 15785.97 | AZ10: 7230.36 | BA10: 5901.96 | BB10: 1987.76 | BC10: 1897.6 | BF10: AM-Early | BG10: 18261.22 | BH10: 12453.6 | BI10: 23764.5 | BJ10: 11757.57 | BK10: 19239.1 | BL10: 9573.3 | BM10: 34695.6 | BN10: 18170.4 | BO10: 14168.31 | BP10: 18733.78 | BQ10: 14168.31 | BR10: 18507.19 | BS10: 8867.78 | BT10: 7268.31 | BU10: 2410.2 | BV10: 2317.99
B11: AM-Peak | C11: 3.6 | D11: 0.8 | E11: 1.8 | F11: 1.8 | G11: 3 | H11: 1.38 | I11: 3.34 | J11: 0.8 | K11: 0.8 | L11: 0.8 | M11: 0.8 | N11: 0.8 | O11: 0.8 | P11: 0.73 | Q11: 1.34 | R11: 1.8 | T11: AM-Peak | U11: 13462.11 | V11: 9518.09 | W11: 11823.96 | X11: 13995.39 | Y11: 8431.08 | Z11: 8412.44 | AA11: 16808.46 | AB11: 17635.15 | AC11: 6069.6 | AD11: 7490.75 | AE11: 5500.01 | AF11: 6743.24 | AG11: 4637.13 | AH11: 2000.25 | AI11: 1267.16 | AJ11: 1738.58 | AM11: AM-Peak | AN11: 59008.33 | AO11: 26992.57 | AP11: 79854.54 | AQ11: 38980.77 | AR11: 54139.53 | AS11: 43530.29 | AT11: 113313.99 | AU11: 78678.03 | AV11: 35627.08 | AW11: 39846.06 | AX11: 28924.9 | AY11: 31651.09 | AZ11: 18449.29 | BA11: 14742 | BB11: 4724.28 | BC11: 5317.6 | BF11: AM-Peak | BG11: 72470.44 | BH11: 36510.66 | BI11: 91678.5 | BJ11: 52976.16 | BK11: 62570.61 | BL11: 51942.73 | BM11: 130122.45 | BN11: 96313.17 | BO11: 41696.68 | BP11: 47336.81 | BQ11: 34424.91 | BR11: 38394.33 | BS11: 23086.42 | BT11: 16742.25 | BU11: 5991.44 | BV11: 7056.18
B12: AM-Shoulder | C12: 1.68 | D12: 0.8 | E12: 1.28 | F12: 1.8 | G12: 1.8 | H12: 1.48 | I12: 0.8 | J12: 0.8 | K12: 0.8 | L12: 0.2 | M12: 0.8 | N12: 0.6 | O12: 0.53 | P12: 0.53 | Q12: 1.18 | R12: 1.1 | T12: AM-Shoulder | U12: 3362.96 | V12: 2914 | W12: 3523.53 | X12: 3696.4 | Y12: 3415.91 | Z12: 2811.72 | AA12: 5278.05 | AB12: 4678.39 | AC12: 2328.38 | AD12: 1075.67 | AE12: 2047.74 | AF12: 1147.17 | AG12: 745.05 | AH12: 745.22 | AI12: 420.59 | AJ12: 423.2 | AM12: AM-Shoulder | AN12: 16961.52 | AO12: 10101.74 | AP12: 24930.59 | AQ12: 20569.25 | AR12: 17584.09 | AS12: 16107.58 | AT12: 30420.15 | AU12: 26459.81 | AV12: 15117.23 | AW12: 9777.77 | AX12: 11908.67 | AY12: 9706.27 | AZ12: 4332.36 | BA12: 4334.37 | BB12: 1541.38 | BC12: 1466.8 | BF12: AM-Shoulder | BG12: 20324.48 | BH12: 13015.75 | BI12: 28454.12 | BJ12: 24265.65 | BK12: 21000 | BL12: 18919.3 | BM12: 35698.2 | BN12: 31138.2 | BO12: 17445.61 | BP12: 10853.44 | BQ12: 13956.41 | BR12: 10853.44 | BS12: 5077.42 | BT12: 5079.59 | BU12: 1961.97 | BV12: 1890
B13: MD | C13: 0.96 | D13: 1.2 | E13: 1.32 | F13: 1.62 | G13: 0.88 | H13: 1.14 | I13: 0.8 | J13: 0.8 | K13: 0.8 | L13: 0.8 | M13: 0.8 | N13: 0.8 | O13: 0.79 | P13: 0.77 | Q13: 1.62 | R13: 1.5 | T13: MD | U13: 16898.74 | V13: 16869.41 | W13: 17529.59 | X13: 17584.93 | Y13: 14443.25 | Z13: 14104.7 | AA13: 16300.54 | AB13: 21472.64 | AC13: 13597.74 | AD13: 10829.69 | AE13: 13988.54 | AF13: 10705.9 | AG13: 4867.03 | AH13: 4732.82 | AI13: 2110.01 | AJ13: 2101.89 | AM13: MD | AN13: 52844.65 | AO13: 61870.55 | AP13: 86631.03 | AQ13: 85766.6 | AR13: 59228.25 | AS13: 69230.8 | AT13: 106434.46 | AU13: 127435.36 | AV13: 85919.21 | AW13: 74434.71 | AX13: 83800.71 | AY13: 72771 | AZ13: 26275.45 | BA13: 25279.85 | BB13: 10174.99 | BC13: 9377.84 | BF13: MD | BG13: 69743.39 | BH13: 78739.96 | BI13: 104160.62 | BJ13: 103351.54 | BK13: 73671.5 | BL13: 83335.5 | BM13: 122735 | BN13: 148908 | BO13: 99516.95 | BP13: 85264.4 | BQ13: 97789.25 | BR13: 83476.9 | BS13: 31142.48 | BT13: 30012.68 | BU13: 12285 | BV13: 11479.73
B14: PM-Shoulder | C14: 1.56 | D14: 1.28 | E14: 1.26 | F14: 2.49 | G14: 2.59 | H14: 1.8 | I14: 0.8 | J14: 1.8 | K14: 0.8 | L14: 0.8 | M14: 0.8 | N14: 0.8 | O14: 0.8 | P14: 0.78 | Q14: 0.8 | R14: 0.96 | T14: PM-Shoulder | U14: 3378 | V14: 3444.98 | W14: 3501.14 | X14: 3514.39 | Y14: 2810.38 | Z14: 3606.96 | AA14: 5430.49 | AB14: 5807.09 | AC14: 2578.32 | AD14: 1856.7 | AE14: 2354.54 | AF14: 1641.61 | AG14: 1345.45 | AH14: 1090.86 | AI14: 105.24 | AJ14: 422.96 | AM14: PM-Shoulder | AN14: 14706.18 | AO14: 12391.85 | AP14: 22478.79 | AQ14: 26286.73 | AR14: 18189.62 | AS14: 18867.48 | AT14: 27324.51 | AU14: 34192.91 | AV14: 15254.86 | AW14: 13291.63 | AX14: 12652.01 | AY14: 10476.46 | AZ14: 6696.23 | BA14: 6060.17 | BB14: 2004.91 | BC14: 1183.54 | BF14: PM-Shoulder | BG14: 18084.19 | BH14: 15836.84 | BI14: 25979.94 | BJ14: 29801.13 | BK14: 21000 | BL14: 22474.43 | BM14: 32755 | BN14: 40000 | BO14: 17833.18 | BP14: 15148.33 | BQ14: 15006.55 | BR14: 12118.07 | BS14: 8041.67 | BT14: 7151.03 | BU14: 2110.14 | BV14: 1606.5
B15: PM-Peak | C15: 1.8 | D15: 1.8 | E15: 2.08 | F15: 2.07 | G15: 2.31 | H15: 3.13 | I15: 0.8 | J15: 1.48 | K15: 0.8 | L15: 0.8 | M15: 0.8 | N15: 0.8 | O15: 0.2 | P15: 0.8 | Q15: 1.8 | R15: 1.8 | T15: PM-Peak | U15: 15576.59 | V15: 15095.08 | W15: 10544.16 | X15: 10519 | Y15: 8413.78 | Z15: 8435.44 | AA15: 4564.48 | AB15: 16913.95 | AC15: 2769.8 | AD15: 2618.97 | AE15: 2216.97 | AF15: 2095.21 | AG15: 1316.45 | AH15: 4444.73 | AI15: 1425.76 | AJ15: 1521.11 | AM15: PM-Peak | AN15: 51955.23 | AO15: 51630.92 | AP15: 52491.66 | AQ15: 67418.75 | AR15: 49808.65 | AS15: 53932.86 | AT15: 91078.88 | AU15: 89439.93 | AV15: 52947.18 | AW15: 50060.6 | AX15: 42354.51 | AY15: 40047.01 | AZ15: 11917.96 | BA15: 17100.62 | BB15: 3374.84 | BC15: 4673.63 | BF15: PM-Peak | BG15: 67531.82 | BH15: 66726 | BI15: 63035.81 | BJ15: 77937.75 | BK15: 58222.43 | BL15: 62368.3 | BM15: 95643.36 | BN15: 106353.88 | BO15: 55716.98 | BP15: 52679.57 | BQ15: 44571.48 | BR15: 42142.23 | BS15: 13234.41 | BT15: 21545.35 | BU15: 4800.6 | BV15: 6194.73
B16: PM-Late | C16: 0.8 | D16: 0.81 | E16: 0.8 | F16: 0.52 | G16: 0.8 | H16: 0.8 | I16: 0.8 | J16: 0.8 | K16: 0.8 | L16: 0.8 | M16: 0.8 | N16: 0.8 | O16: 0.52 | P16: 0.58 | Q16: 0.8 | R16: 0.8 | T16: PM-Late | U16: 5910.23 | V16: 11569.16 | W16: 6452.86 | X16: 3922.63 | Y16: 4997.77 | Z16: 5393.89 | AA16: 6303.41 | AB16: 7161.93 | AC16: 6646.55 | AD16: 6101.68 | AE16: 6646.59 | AF16: 6101.65 | AG16: 1553.87 | AH16: 1724.46 | AI16: 1160.76 | AJ16: 1139.33 | AM16: PM-Late | AN16: 26543.41 | AO16: 28261.6 | AP16: 27726.52 | AQ16: 33408.24 | AR16: 15763.13 | AS16: 18443.81 | AT16: 26779.99 | AU16: 35264.67 | AV16: 25758.94 | AW16: 20196.02 | AX16: 25758.9 | AY16: 20196.05 | AZ16: 5068.38 | BA16: 5707.33 | BB16: 3822.09 | BC16: 3198.64 | BF16: PM-Late | BG16: 32453.64 | BH16: 39830.76 | BI16: 34179.38 | BJ16: 37330.88 | BK16: 20760.9 | BL16: 23837.7 | BM16: 33083.4 | BN16: 42426.6 | BO16: 32405.49 | BP16: 26297.7 | BQ16: 32405.49 | BR16: 26297.7 | BS16: 6622.24 | BT16: 7431.8 | BU16: 4982.85 | BV16: 4337.97
B19: CaptureRateLights | T19: ML Volume (PCE/Period) | AM19: GP Volume (PCE/Period) | BF19: Highway Volume
B20: Direction | C20: NB | D20: SB | E20: NB | F20: SB | G20: NB | H20: SB | I20: NB | J20: SB | K20: NB | L20: SB | M20: NB | N20: SB | O20: NB | P20: SB | Q20: NB | R20: SB | T20: Direction | U20: NB | V20: SB | W20: NB | X20: SB | Y20: NB | Z20: SB | AA20: NB | AB20: SB | AC20: NB | AD20: SB | AE20: NB | AF20: SB | AG20: NB | AH20: SB | AI20: NB | AJ20: SB | AM20: Direction | AN20: NB | AO20: SB | AP20: NB | AQ20: SB | AR20: NB | AS20: SB | AT20: NB | AU20: SB | AV20: NB | AW20: SB | AX20: NB | AY20: SB | AZ20: NB | BA20: SB | BB20: NB | BC20: SB | BF20: Direction | BG20: NB | BH20: SB | BI20: NB | BJ20: SB | BK20: NB | BL20: SB | BM20: NB | BN20: SB | BO20: NB | BP20: SB | BQ20: NB | BR20: SB | BS20: NB | BT20: SB | BU20: NB | BV20: SB
B21: Segment | C21: 11 | D21: 11 | E21: 12 | F21: 12 | G21: 13 | H21: 13 | I21: 14 | J21: 14 | K21: 15 | L21: 15 | M21: 16 | N21: 16 | O21: 17 | P21: 17 | Q21: 18 | R21: 18 | T21: Segment | U21: 11 | V21: 11 | W21: 12 | X21: 12 | Y21: 13 | Z21: 13 | AA21: 14 | AB21: 14 | AC21: 15 | AD21: 15 | AE21: 16 | AF21: 16 | AG21: 17 | AH21: 17 | AI21: 18 | AJ21: 18 | AM21: Segment | AN21: 11 | AO21: 11 | AP21: 12 | AQ21: 12 | AR21: 13 | AS21: 13 | AT21: 14 | AU21: 14 | AV21: 15 | AW21: 15 | AX21: 16 | AY21: 16 | AZ21: 17 | BA21: 17 | BB21: 18 | BC21: 18 | BF21: Segment | BG21: 11 | BH21: 11 | BI21: 12 | BJ21: 12 | BK21: 13 | BL21: 13 | BM21: 14 | BN21: 14 | BO21: 15 | BP21: 15 | BQ21: 16 | BR21: 16 | BS21: 17 | BT21: 17 | BU21: 18 | BV21: 18
B22: Period | T22: Period | AM22: Period | BF22: Period
B23: Night | C23: 0.17 | D23: 0.15 | E23: 0.11 | F23: 0.05 | G23: 0.06 | H23: 0.06 | I23: 0.05 | J23: 0.05 | K23: 0.05 | L23: 0.05 | M23: 0.05 | N23: 0.05 | O23: 0.05 | P23: 0.05 | Q23: 0.27 | R23: 0.27 | T23: Night | U23: 3281 | V23: 2797.55 | W23: 2321.55 | X23: 896.34 | Y23: 873.22 | Z23: 736.47 | AA23: 660.51 | AB23: 554.54 | AC23: 713.52 | AD23: 880.01 | AE23: 713.07 | AF23: 849.76 | AG23: 291.54 | AH23: 268.65 | AI23: 7350.07 | AJ23: 5891.12 | AM23: Night | AN23: 16485.25 | AO23: 16800 | AP23: 21000 | AQ23: 16936.51 | AR23: 13970.98 | AS23: 12438.23 | AT23: 12369.99 | AU23: 10484.46 | AV23: 13417.38 | AW23: 16491.19 | AX23: 13417.83 | AY23: 15937.99 | AZ23: 5462.46 | BA23: 5035.95 | BB23: 20525.33 | BC23: 16675.48 | BF23: Night | BG23: 19766.25 | BH23: 19597.55 | BI23: 23321.55 | BJ23: 17832.85 | BK23: 14844.2 | BL23: 13174.7 | BM23: 13030.5 | BN23: 11039 | BO23: 14130.9 | BP23: 17371.2 | BQ23: 14130.9 | BR23: 16787.75 | BS23: 5754 | BT23: 5304.6 | BU23: 27875.4 | BV23: 22566.6
B24: AM-Early | C24: 0.21 | D24: 0.18 | E24: 0.16 | F24: 0.29 | G24: 0.16 | H24: 0.25 | I24: 0.18 | J24: 0.21 | K24: 0.2 | L24: 0.17 | M24: 0.2 | N24: 0.17 | O24: 0.21 | P24: 0.22 | Q24: 0.2 | R24: 0.22 | T24: AM-Early | U24: 1406.2 | V24: 793.1 | W24: 1325.5 | X24: 1231.96 | Y24: 1400 | Z24: 1063.37 | AA24: 1408.87 | AB24: 843.3 | AC24: 916.32 | AD24: 1053.6 | AE24: 916.32 | AF24: 1046.62 | AG24: 779.72 | AH24: 650.64 | AI24: 1408.13 | AJ24: 1401.33 | AM24: AM-Early | AN24: 6202.64 | AO24: 4395.9 | AP24: 8180.3 | AQ24: 3471.07 | AR24: 8219.55 | AS24: 3723.28 | AT24: 7265.03 | AU24: 3699.3 | AV24: 4533.03 | AW24: 6151.7 | AX24: 4533.03 | AY24: 6071.53 | AZ24: 3443.03 | BA24: 2810.46 | BB24: 6625.87 | BC24: 6325.32 | BF24: AM-Early | BG24: 7608.84 | BH24: 5189 | BI24: 9505.8 | BJ24: 4703.03 | BK24: 9619.55 | BL24: 4786.65 | BM24: 8673.9 | BN24: 4542.6 | BO24: 5449.35 | BP24: 7205.3 | BQ24: 5449.35 | BR24: 7118.15 | BS24: 4222.75 | BT24: 3461.1 | BU24: 8034 | BV24: 7726.64
B25: AM-Peak | C25: 0.21 | D25: 0.31 | E25: 0.15 | F25: 0.32 | G25: 0.15 | H25: 0.19 | I25: 0.15 | J25: 0.22 | K25: 0.18 | L25: 0.19 | M25: 0.2 | N25: 0.21 | O25: 0.24 | P25: 0.13 | Q25: 0.25 | R25: 0.3 | T25: AM-Peak | U25: 5609.21 | V25: 3965.87 | W25: 4729.58 | X25: 5598.16 | Y25: 4215.54 | Z25: 4206.22 | AA25: 4202.11 | AB25: 4408.79 | AC25: 2334.46 | AD25: 2881.06 | AE25: 2115.39 | AF25: 2593.56 | AG25: 2208.16 | AH25: 952.5 | AI25: 4223.85 | AJ25: 5795.26 | AM25: AM-Peak | AN25: 24586.8 | AO25: 11246.91 | AP25: 31941.82 | AQ25: 15592.31 | AR25: 27069.76 | AS25: 21765.14 | AT25: 28328.5 | AU25: 19669.51 | AV25: 13702.72 | AW25: 15325.41 | AX25: 11124.96 | AY25: 12173.49 | AZ25: 8785.38 | BA25: 7020 | BB25: 15747.6 | BC25: 17725.34 | BF25: AM-Peak | BG25: 30196.02 | BH25: 15212.77 | BI25: 36671.4 | BJ25: 21190.46 | BK25: 31285.31 | BL25: 25971.36 | BM25: 32530.61 | BN25: 24078.29 | BO25: 16037.19 | BP25: 18206.47 | BQ25: 13240.35 | BR25: 14767.05 | BS25: 10993.53 | BT25: 7972.5 | BU25: 19971.45 | BV25: 23520.6
B26: AM-Shoulder | C26: 0.2 | D26: 0.27 | E26: 0.16 | F26: 0.19 | G26: 0.19 | H26: 0.18 | I26: 0.17 | J26: 0.18 | K26: 0.17 | L26: 0.1 | M26: 0.18 | N26: 0.13 | O26: 0.18 | P26: 0.18 | Q26: 0.27 | R26: 0.28 | T26: AM-Shoulder | U26: 1401.23 | V26: 1214.17 | W26: 1409.41 | X26: 1478.56 | Y26: 1707.95 | Z26: 1405.86 | AA26: 1319.51 | AB26: 1169.6 | AC26: 895.53 | AD26: 413.72 | AE26: 787.59 | AF26: 441.22 | AG26: 354.79 | AH26: 354.87 | AI26: 1401.97 | AJ26: 1410.65 | AM26: AM-Shoulder | AN26: 7067.3 | AO26: 4209.06 | AP26: 9972.24 | AQ26: 8227.7 | AR26: 8792.05 | AS26: 8053.79 | AT26: 7605.04 | AU26: 6614.95 | AV26: 5814.32 | AW26: 3760.68 | AX26: 4580.26 | AY26: 3733.18 | AZ26: 2063.03 | BA26: 2063.98 | BB26: 5137.93 | BC26: 4889.35 | BF26: AM-Shoulder | BG26: 8468.53 | BH26: 5423.23 | BI26: 11381.65 | BJ26: 9706.26 | BK26: 10500 | BL26: 9459.65 | BM26: 8924.55 | BN26: 7784.55 | BO26: 6709.85 | BP26: 4174.4 | BQ26: 5367.85 | BR26: 4174.4 | BS26: 2417.82 | BT26: 2418.85 | BU26: 6539.9 | BV26: 6300
B27: MD | C27: 0.28 | D27: 0.25 | E27: 0.21 | F27: 0.21 | G27: 0.23 | H27: 0.19 | I27: 0.15 | J27: 0.17 | K27: 0.16 | L27: 0.15 | M27: 0.17 | N27: 0.15 | O27: 0.19 | P27: 0.19 | Q27: 0.22 | R27: 0.23 | T27: MD | U27: 7041.14 | V27: 7028.92 | W27: 7011.84 | X27: 7033.97 | Y27: 7221.63 | Z27: 7052.35 | AA27: 4075.13 | AB27: 5368.16 | AC27: 5229.9 | AD27: 4165.27 | AE27: 5380.21 | AF27: 4117.65 | AG27: 2317.63 | AH27: 2253.72 | AI27: 7033.35 | AJ27: 7006.32 | AM27: MD | AN27: 22018.6 | AO27: 25779.4 | AP27: 34652.41 | AQ27: 34306.64 | AR27: 29614.12 | AS27: 34615.4 | AT27: 26608.62 | AU27: 31858.84 | AV27: 33045.85 | AW27: 28628.73 | AX27: 32231.04 | AY27: 27988.85 | AZ27: 12512.12 | BA27: 12038.03 | BB27: 33916.65 | BC27: 31259.46 | BF27: MD | BG27: 29059.75 | BH27: 32808.32 | BI27: 41664.25 | BJ27: 41340.61 | BK27: 36835.75 | BL27: 41667.75 | BM27: 30683.75 | BN27: 37227 | BO27: 38275.75 | BP27: 32794 | BQ27: 37611.25 | BR27: 32106.5 | BS27: 14829.75 | BT27: 14291.75 | BU27: 40950 | BV27: 38265.77
B28: PM-Shoulder | C28: 0.22 | D28: 0.25 | E28: 0.17 | F28: 0.14 | G28: 0.15 | H28: 0.17 | I28: 0.19 | J28: 0.16 | K28: 0.16 | L28: 0.14 | M28: 0.18 | N28: 0.16 | O28: 0.19 | P28: 0.18 | Q28: 0.05 | R28: 0.31 | T28: PM-Shoulder | U28: 1407.5 | V28: 1435.41 | W28: 1400.46 | X28: 1405.76 | Y28: 1405.19 | Z28: 1803.48 | AA28: 1357.62 | AB28: 1451.77 | AC28: 991.66 | AD28: 714.11 | AE28: 905.59 | AF28: 631.39 | AG28: 640.69 | AH28: 519.46 | AI28: 350.79 | AJ28: 1409.86 | AM28: PM-Shoulder | AN28: 6127.58 | AO28: 5163.27 | AP28: 8991.52 | AQ28: 10514.69 | AR28: 9094.81 | AS28: 9433.74 | AT28: 6831.13 | AU28: 8548.23 | AV28: 5867.25 | AW28: 5112.17 | AX28: 4866.16 | AY28: 4029.41 | AZ28: 3188.68 | BA28: 2885.8 | BB28: 6683.02 | BC28: 3945.14 | BF28: PM-Shoulder | BG28: 7535.08 | BH28: 6598.68 | BI28: 10391.97 | BJ28: 11920.45 | BK28: 10500 | BL28: 11237.22 | BM28: 8188.75 | BN28: 10000 | BO28: 6858.92 | BP28: 5826.28 | BQ28: 5771.75 | BR28: 4660.79 | BS28: 3829.37 | BT28: 3405.25 | BU28: 7033.81 | BV28: 5355
B29: PM-Peak | C29: 0.26 | D29: 0.26 | E29: 0.21 | F29: 0.17 | G29: 0.16 | H29: 0.15 | I29: 0.05 | J29: 0.17 | K29: 0.05 | L29: 0.05 | M29: 0.05 | N29: 0.05 | O29: 0.1 | P29: 0.23 | Q29: 0.36 | R29: 0.3 | T29: PM-Peak | U29: 6490.25 | V29: 6289.62 | W29: 4217.66 | X29: 4207.6 | Y29: 4206.89 | Z29: 4217.72 | AA29: 1141.12 | AB29: 4228.49 | AC29: 1065.31 | AD29: 1007.29 | AE29: 852.68 | AF29: 805.85 | AG29: 626.88 | AH29: 2116.54 | AI29: 4752.55 | AJ29: 5070.35 | AM29: PM-Peak | AN29: 21648.01 | AO29: 21512.88 | AP29: 20996.66 | AQ29: 26967.5 | AR29: 24904.32 | AS29: 26966.43 | AT29: 22769.72 | AU29: 22359.98 | AV29: 20364.3 | AW29: 19254.08 | AX29: 16290.2 | AY29: 15402.7 | AZ29: 5675.22 | BA29: 8143.15 | BB29: 11249.45 | BC29: 15578.76 | BF29: PM-Peak | BG29: 28138.26 | BH29: 27802.5 | BI29: 25214.32 | BJ29: 31175.1 | BK29: 29111.21 | BL29: 31184.15 | BM29: 23910.84 | BN29: 26588.47 | BO29: 21429.61 | BP29: 20261.37 | BQ29: 17142.88 | BR29: 16208.55 | BS29: 6302.1 | BT29: 10259.69 | BU29: 16002 | BV29: 20649.11
B30: PM-Late | C30: 0.22 | D30: 0.34 | E30: 0.25 | F30: 0.14 | G30: 0.28 | H30: 0.26 | I30: 0.22 | J30: 0.19 | K30: 0.24 | L30: 0.26 | M30: 0.24 | N30: 0.26 | O30: 0.26 | P30: 0.26 | Q30: 0.3 | R30: 0.32 | T30: PM-Late | U30: 2462.6 | V30: 4820.48 | W30: 2581.14 | X30: 1569.05 | Y30: 2498.88 | Z30: 2696.94 | AA30: 1575.85 | AB30: 1790.48 | AC30: 2556.36 | AD30: 2346.8 | AE30: 2556.38 | AF30: 2346.79 | AG30: 739.94 | AH30: 821.17 | AI30: 3869.19 | AJ30: 3797.76 | AM30: PM-Late | AN30: 11059.75 | AO30: 11775.67 | AP30: 11090.61 | AQ30: 13363.3 | AR30: 7881.57 | AS30: 9221.91 | AT30: 6695 | AU30: 8816.17 | AV30: 9907.29 | AW30: 7767.7 | AX30: 9907.27 | AY30: 7767.71 | AZ30: 2413.51 | BA30: 2717.78 | BB30: 12740.31 | BC30: 10662.13 | BF30: PM-Late | BG30: 13522.35 | BH30: 16596.15 | BI30: 13671.75 | BJ30: 14932.35 | BK30: 10380.45 | BL30: 11918.85 | BM30: 8270.85 | BN30: 10606.65 | BO30: 12463.65 | BP30: 10114.5 | BQ30: 12463.65 | BR30: 10114.5 | BS30: 3153.45 | BT30: 3538.95 | BU30: 16609.5 | BV30: 14459.89
B33: Revenue Per Period | T33: ML Flow (PCE/hr) | AM33: GP Flow (PCE/hr) | BF33: Highway Flow
B34: Direction | C34: NB | D34: SB | E34: NB | F34: SB | G34: NB | H34: SB | I34: NB | J34: SB | K34: NB | L34: SB | M34: NB | N34: SB | O34: NB | P34: SB | Q34: NB | R34: SB | T34: Direction | U34: NB | V34: SB | W34: NB | X34: SB | Y34: NB | Z34: SB | AA34: NB | AB34: SB | AC34: NB | AD34: SB | AE34: NB | AF34: SB | AG34: NB | AH34: SB | AI34: NB | AJ34: SB | AM34: Direction | AN34: NB | AO34: SB | AP34: NB | AQ34: SB | AR34: NB | AS34: SB | AT34: NB | AU34: SB | AV34: NB | AW34: SB | AX34: NB | AY34: SB | AZ34: NB | BA34: SB | BB34: NB | BC34: SB | BF34: Direction | BG34: NB | BH34: SB | BI34: NB | BJ34: SB | BK34: NB | BL34: SB | BM34: NB | BN34: SB | BO34: NB | BP34: SB | BQ34: NB | BR34: SB | BS34: NB | BT34: SB | BU34: NB | BV34: SB
B35: Segment | C35: 11 | D35: 11 | E35: 12 | F35: 12 | G35: 13 | H35: 13 | I35: 14 | J35: 14 | K35: 15 | L35: 15 | M35: 16 | N35: 16 | O35: 17 | P35: 17 | Q35: 18 | R35: 18 | T35: Segment | U35: 11 | V35: 11 | W35: 12 | X35: 12 | Y35: 13 | Z35: 13 | AA35: 14 | AB35: 14 | AC35: 15 | AD35: 15 | AE35: 16 | AF35: 16 | AG35: 17 | AH35: 17 | AI35: 18 | AJ35: 18 | AM35: Segment | AN35: 11 | AO35: 11 | AP35: 12 | AQ35: 12 | AR35: 13 | AS35: 13 | AT35: 14 | AU35: 14 | AV35: 15 | AW35: 15 | AX35: 16 | AY35: 16 | AZ35: 17 | BA35: 17 | BB35: 18 | BC35: 18 | BF35: Segment | BG35: 11 | BH35: 11 | BI35: 12 | BJ35: 12 | BK35: 13 | BL35: 13 | BM35: 14 | BN35: 14 | BO35: 15 | BP35: 15 | BQ35: 16 | BR35: 16 | BS35: 17 | BT35: 17 | BU35: 18 | BV35: 18
B36: Period | T36: Period | AM36: Period | BF36: Period
B37: Night | C37: 2000.84 | D37: 1667.8 | E37: 1478.78 | F37: 615.32 | G37: 405.3 | H37: 348.56 | I37: 633.62 | J37: 561.61 | K37: 485.9 | L37: 572.42 | M37: 485.45 | N37: 553.82 | O37: 154.75 | P37: 143.89 | Q37: 575.46 | R37: 484.63 | T37: Night | U37: 468.71 | V37: 399.65 | W37: 331.65 | X37: 128.05 | Y37: 124.75 | Z37: 105.21 | AA37: 94.36 | AB37: 79.22 | AC37: 101.93 | AD37: 125.72 | AE37: 101.87 | AF37: 121.39 | AG37: 41.65 | AH37: 38.38 | AI37: 1050.01 | AJ37: 841.59 | AM37: Night | AN37: 2355.04 | AO37: 2400 | AP37: 3000 | AQ37: 2419.5 | AR37: 1995.85 | AS37: 1776.89 | AT37: 1767.14 | AU37: 1497.78 | AV37: 1916.77 | AW37: 2355.88 | AX37: 1916.83 | AY37: 2276.86 | AZ37: 780.35 | BA37: 719.42 | BB37: 2932.19 | BC37: 2382.21 | BF37: Night | BG37: 2823.75 | BH37: 2799.65 | BI37: 3331.65 | BJ37: 2547.55 | BK37: 2120.6 | BL37: 1882.1 | BM37: 1861.5 | BN37: 1577 | BO37: 2018.7 | BP37: 2481.6 | BQ37: 2018.7 | BR37: 2398.25 | BS37: 822 | BT37: 757.8 | BU37: 3982.2 | BV37: 3223.8
B38: AM-Early | C38: 5072.38 | D38: 1683.95 | E38: 2870.54 | F38: 2940.86 | G38: 4922.37 | H38: 1850.77 | I38: 9785.06 | J38: 2967.38 | K38: 2134.44 | L38: 2370.23 | M38: 2134.43 | N38: 2354.64 | O38: 1446.17 | P38: 1206.95 | Q38: 706.29 | R38: 684.6 | T38: AM-Early | U38: 1406.2 | V38: 793.1 | W38: 1325.5 | X38: 1231.96 | Y38: 1400 | Z38: 1063.37 | AA38: 1408.87 | AB38: 843.3 | AC38: 916.32 | AD38: 1053.6 | AE38: 916.32 | AF38: 1046.62 | AG38: 779.72 | AH38: 650.64 | AI38: 1408.13 | AJ38: 1401.33 | AM38: AM-Early | AN38: 6202.64 | AO38: 4395.9 | AP38: 8180.3 | AQ38: 3471.07 | AR38: 8219.55 | AS38: 3723.28 | AT38: 7265.03 | AU38: 3699.3 | AV38: 4533.03 | AW38: 6151.7 | AX38: 4533.03 | AY38: 6071.53 | AZ38: 3443.03 | BA38: 2810.46 | BB38: 6625.87 | BC38: 6325.32 | BF38: AM-Early | BG38: 7608.84 | BH38: 5189 | BI38: 9505.8 | BJ38: 4703.03 | BK38: 9619.55 | BL38: 4786.65 | BM38: 8673.9 | BN38: 4542.6 | BO38: 5449.35 | BP38: 7205.3 | BQ38: 5449.35 | BR38: 7118.15 | BS38: 4222.75 | BT38: 3461.1 | BU38: 8034 | BV38: 7726.64
B39: AM-Peak | C39: 53334.66 | D39: 8640.35 | E39: 23520.86 | F39: 29668.6 | G39: 27012.5 | H39: 12683.82 | I39: 59985.82 | J39: 15731.11 | K39: 5485.95 | L39: 6706.79 | M39: 4983.98 | N39: 6058.72 | O39: 4234.99 | P39: 1728.4 | Q39: 1892.19 | R39: 3620.33 | T39: AM-Peak | U39: 1869.74 | V39: 1321.96 | W39: 1576.53 | X39: 1866.05 | Y39: 1405.18 | Z39: 1402.07 | AA39: 1400.7 | AB39: 1469.6 | AC39: 778.15 | AD39: 960.35 | AE39: 705.13 | AF39: 864.52 | AG39: 736.05 | AH39: 317.5 | AI39: 1407.95 | AJ39: 1931.75 | AM39: AM-Peak | AN39: 8195.6 | AO39: 3748.97 | AP39: 10647.27 | AQ39: 5197.44 | AR39: 9023.25 | AS39: 7255.05 | AT39: 9442.83 | AU39: 6556.5 | AV39: 4567.57 | AW39: 5108.47 | AX39: 3708.32 | AY39: 4057.83 | AZ39: 2928.46 | BA39: 2340 | BB39: 5249.2 | BC39: 5908.45 | BF39: AM-Peak | BG39: 10065.34 | BH39: 5070.92 | BI39: 12223.8 | BJ39: 7063.49 | BK39: 10428.44 | BL39: 8657.12 | BM39: 10843.54 | BN39: 8026.1 | BO39: 5345.73 | BP39: 6068.82 | BQ39: 4413.45 | BR39: 4922.35 | BS39: 3664.51 | BT39: 2657.5 | BU39: 6657.15 | BV39: 7840.2
B40: AM-Shoulder | C40: 6370.3 | D40: 2685.77 | E40: 5248.47 | F40: 7770.62 | G40: 6712.96 | H40: 4651.71 | I40: 4645.85 | J40: 4164.29 | K40: 2098.43 | L40: 261.76 | M40: 1849.33 | N40: 774.12 | O40: 456.53 | P40: 456.71 | Q40: 585 | R40: 548.85 | T40: AM-Shoulder | U40: 1401.23 | V40: 1214.17 | W40: 1409.41 | X40: 1478.56 | Y40: 1707.95 | Z40: 1405.86 | AA40: 1319.51 | AB40: 1169.6 | AC40: 895.53 | AD40: 413.72 | AE40: 787.59 | AF40: 441.22 | AG40: 354.79 | AH40: 354.87 | AI40: 1401.97 | AJ40: 1410.65 | AM40: AM-Shoulder | AN40: 7067.3 | AO40: 4209.06 | AP40: 9972.24 | AQ40: 8227.7 | AR40: 8792.05 | AS40: 8053.79 | AT40: 7605.04 | AU40: 6614.95 | AV40: 5814.32 | AW40: 3760.68 | AX40: 4580.26 | AY40: 3733.18 | AZ40: 2063.03 | BA40: 2063.98 | BB40: 5137.93 | BC40: 4889.35 | BF40: AM-Shoulder | BG40: 8468.53 | BH40: 5423.23 | BI40: 11381.65 | BJ40: 9706.26 | BK40: 10500 | BL40: 9459.65 | BM40: 8924.55 | BN40: 7784.55 | BO40: 6709.85 | BP40: 4174.4 | BQ40: 5367.85 | BR40: 4174.4 | BS40: 2417.82 | BT40: 2418.85 | BU40: 6539.9 | BV40: 6300
B41: MD | C41: 18173.09 | D41: 22567.46 | E41: 26809.83 | F41: 32700.74 | G41: 13917.96 | H41: 17331.88 | I41: 14126.8 | J41: 18546.35 | K41: 11882.83 | L41: 9595.8 | M41: 12229.76 | N41: 9486.55 | O41: 4312.03 | P41: 4055.49 | Q41: 3953.7 | R41: 3622.35 | T41: MD | U41: 1408.23 | V41: 1405.78 | W41: 1402.37 | X41: 1406.79 | Y41: 1444.33 | Z41: 1410.47 | AA41: 815.03 | AB41: 1073.63 | AC41: 1045.98 | AD41: 833.05 | AE41: 1076.04 | AF41: 823.53 | AG41: 463.53 | AH41: 450.74 | AI41: 1406.67 | AJ41: 1401.26 | AM41: MD | AN41: 4403.72 | AO41: 5155.88 | AP41: 6930.48 | AQ41: 6861.33 | AR41: 5922.82 | AS41: 6923.08 | AT41: 5321.72 | AU41: 6371.77 | AV41: 6609.17 | AW41: 5725.75 | AX41: 6446.21 | AY41: 5597.77 | AZ41: 2502.42 | BA41: 2407.61 | BB41: 6783.33 | BC41: 6251.89 | BF41: MD | BG41: 5811.95 | BH41: 6561.66 | BI41: 8332.85 | BJ41: 8268.12 | BK41: 7367.15 | BL41: 8333.55 | BM41: 6136.75 | BN41: 7445.4 | BO41: 7655.15 | BP41: 6558.8 | BQ41: 7522.25 | BR41: 6421.3 | BS41: 2965.95 | BT41: 2858.35 | BU41: 8190 | BV41: 7653.15
B42: PM-Shoulder | C42: 5723.08 | D42: 4747.02 | E42: 4928.63 | F42: 9397.09 | G42: 7709.2 | H42: 6896.18 | I42: 4604.36 | J42: 10841.34 | K42: 2177.98 | L42: 1583.44 | M42: 1991.49 | N42: 1404.52 | O42: 1149.75 | P42: 904.15 | Q42: 103.74 | R42: 443.14 | T42: PM-Shoulder | U42: 1407.5 | V42: 1435.41 | W42: 1400.46 | X42: 1405.76 | Y42: 1405.19 | Z42: 1803.48 | AA42: 1357.62 | AB42: 1451.77 | AC42: 991.66 | AD42: 714.11 | AE42: 905.59 | AF42: 631.39 | AG42: 640.69 | AH42: 519.46 | AI42: 350.79 | AJ42: 1409.86 | AM42: PM-Shoulder | AN42: 6127.58 | AO42: 5163.27 | AP42: 8991.52 | AQ42: 10514.69 | AR42: 9094.81 | AS42: 9433.74 | AT42: 6831.13 | AU42: 8548.23 | AV42: 5867.25 | AW42: 5112.17 | AX42: 4866.16 | AY42: 4029.41 | AZ42: 3188.68 | BA42: 2885.8 | BB42: 6683.02 | BC42: 3945.14 | BF42: PM-Shoulder | BG42: 7535.08 | BH42: 6598.68 | BI42: 10391.97 | BJ42: 11920.45 | BK42: 10500 | BL42: 11237.22 | BM42: 8188.75 | BN42: 10000 | BO42: 6858.92 | BP42: 5826.28 | BQ42: 5771.75 | BR42: 4660.79 | BS42: 3829.37 | BT42: 3405.25 | BU42: 7033.81 | BV42: 5355
B43: PM-Peak | C43: 30099.45 | D43: 29293.74 | E43: 24247.62 | F43: 23906.88 | G43: 20426.27 | H43: 27451.25 | I43: 4127.55 | J43: 25983.2 | K43: 2480.26 | L43: 2443.87 | M43: 1985.47 | N43: 1955.61 | O43: 296.66 | P43: 3777.2 | Q43: 2897.78 | R43: 3052.37 | T43: PM-Peak | U43: 2163.42 | V43: 2096.54 | W43: 1405.89 | X43: 1402.53 | Y43: 1402.3 | Z43: 1405.91 | AA43: 380.37 | AB43: 1409.5 | AC43: 355.1 | AD43: 335.76 | AE43: 284.23 | AF43: 268.62 | AG43: 208.96 | AH43: 705.51 | AI43: 1584.18 | AJ43: 1690.12 | AM43: PM-Peak | AN43: 7216 | AO43: 7170.96 | AP43: 6998.89 | AQ43: 8989.17 | AR43: 8301.44 | AS43: 8988.81 | AT43: 7589.91 | AU43: 7453.33 | AV43: 6788.1 | AW43: 6418.03 | AX43: 5430.07 | AY43: 5134.23 | AZ43: 1891.74 | BA43: 2714.38 | BB43: 3749.82 | BC43: 5192.92 | BF43: PM-Peak | BG43: 9379.42 | BH43: 9267.5 | BI43: 8404.78 | BJ43: 10391.7 | BK43: 9703.74 | BL43: 10394.72 | BM43: 7970.28 | BN43: 8862.82 | BO43: 7143.2 | BP43: 6753.79 | BQ43: 5714.29 | BR43: 5402.85 | BS43: 2100.7 | BT43: 3419.9 | BU43: 5334 | BV43: 6883.04
B44: PM-Late | C44: 5124.66 | D44: 9912.47 | E44: 5976.94 | F44: 2260.78 | G44: 4339.47 | H44: 4594.05 | I44: 5451.17 | J44: 5988.7 | K44: 5795.12 | L44: 5239.04 | M44: 5795.12 | N44: 5239.03 | O44: 855.11 | P44: 1066.65 | Q44: 1080.55 | R44: 1034.6 | T44: PM-Late | U44: 820.87 | V44: 1606.83 | W44: 860.38 | X44: 523.02 | Y44: 832.96 | Z44: 898.98 | AA44: 525.28 | AB44: 596.83 | AC44: 852.12 | AD44: 782.27 | AE44: 852.13 | AF44: 782.26 | AG44: 246.65 | AH44: 273.72 | AI44: 1289.73 | AJ44: 1265.92 | AM44: PM-Late | AN44: 3686.58 | AO44: 3925.22 | AP44: 3696.87 | AQ44: 4454.43 | AR44: 2627.19 | AS44: 3073.97 | AT44: 2231.67 | AU44: 2938.72 | AV44: 3302.43 | AW44: 2589.23 | AX44: 3302.42 | AY44: 2589.24 | AZ44: 804.5 | BA44: 905.93 | BB44: 4246.77 | BC44: 3554.04 | BF44: PM-Late | BG44: 4507.45 | BH44: 5532.05 | BI44: 4557.25 | BJ44: 4977.45 | BK44: 3460.15 | BL44: 3972.95 | BM44: 2756.95 | BN44: 3535.55 | BO44: 4154.55 | BP44: 3371.5 | BQ44: 4154.55 | BR44: 3371.5 | BS44: 1051.15 | BT44: 1179.65 | BU44: 5536.5 | BV44: 4819.96
B47: Revenue Per Period Lights | T47: ML V/C | AM47: GP V/C real | BF47: Highway Vol / GP Capacity
B48: Direction | C48: NB | D48: SB | E48: NB | F48: SB | G48: NB | H48: SB | I48: NB | J48: SB | K48: NB | L48: SB | M48: NB | N48: SB | O48: NB | P48: SB | Q48: NB | R48: SB | T48: Direction | U48: NB | V48: SB | W48: NB | X48: SB | Y48: NB | Z48: SB | AA48: NB | AB48: SB | AC48: NB | AD48: SB | AE48: NB | AF48: SB | AG48: NB | AH48: SB | AI48: NB | AJ48: SB | AM48: Direction | AN48: NB | AO48: SB | AP48: NB | AQ48: SB | AR48: NB | AS48: SB | AT48: NB | AU48: SB | AV48: NB | AW48: SB | AX48: NB | AY48: SB | AZ48: NB | BA48: SB | BB48: NB | BC48: SB | BF48: Direction | BG48: NB | BH48: SB | BI48: NB | BJ48: SB | BK48: NB | BL48: SB | BM48: NB | BN48: SB | BO48: NB | BP48: SB | BQ48: NB | BR48: SB | BS48: NB | BT48: SB | BU48: NB | BV48: SB
B49: Segment | C49: 11 | D49: 11 | E49: 12 | F49: 12 | G49: 13 | H49: 13 | I49: 14 | J49: 14 | K49: 15 | L49: 15 | M49: 16 | N49: 16 | O49: 17 | P49: 17 | Q49: 18 | R49: 18 | T49: Segment | U49: 11 | V49: 11 | W49: 12 | X49: 12 | Y49: 13 | Z49: 13 | AA49: 14 | AB49: 14 | AC49: 15 | AD49: 15 | AE49: 16 | AF49: 16 | AG49: 17 | AH49: 17 | AI49: 18 | AJ49: 18 | AM49: Segment | AN49: 11 | AO49: 11 | AP49: 12 | AQ49: 12 | AR49: 13 | AS49: 13 | AT49: 14 | AU49: 14 | AV49: 15 | AW49: 15 | AX49: 16 | AY49: 16 | AZ49: 17 | BA49: 17 | BB49: 18 | BC49: 18 | BF49: Segment | BG49: 11 | BH49: 11 | BI49: 12 | BJ49: 12 | BK49: 13 | BL49: 13 | BM49: 14 | BN49: 14 | BO49: 15 | BP49: 15 | BQ49: 16 | BR49: 16 | BS49: 17 | BT49: 17 | BU49: 18 | BV49: 18
B50: Period | T50: Period | AM50: Period | BF50: Period
B51: Night | C51: 932.6 | D51: 848.4 | E51: 679.74 | F51: 194.23 | G51: 263.62 | H51: 211.87 | I51: 368.06 | J51: 263.63 | K51: 196.33 | L51: 283.27 | M51: 196.41 | N51: 271.95 | O51: 73.12 | P51: 65.46 | Q51: 237.33 | R51: 154.14 | T51: Night | U51: 0.13 | V51: 0.11 | W51: 0.09 | X51: 0.04 | Y51: 0.03 | Z51: 0.03 | AA51: 0.03 | AB51: 0.02 | AC51: 0.03 | AD51: 0.03 | AE51: 0.03 | AF51: 0.03 | AG51: 0.01 | AH51: 0.01 | AI51: 0.29 | AJ51: 0.23 | AM51: Night | AN51: 0.29 | AO51: 0.3 | AP51: 0.3 | AQ51: 0.24 | AR51: 0.2 | AS51: 0.18 | AT51: 0.18 | AU51: 0.15 | AV51: 0.19 | AW51: 0.24 | AX51: 0.24 | AY51: 0.28 | AZ51: 0.13 | BA51: 0.12 | BB51: 0.49 | BC51: 0.4 | BF51: Night | BG51: 0.35 | BH51: 0.35 | BI51: 0.33 | BJ51: 0.25 | BK51: 0.21 | BL51: 0.19 | BM51: 0.19 | BN51: 0.16 | BO51: 0.2 | BP51: 0.25 | BQ51: 0.25 | BR51: 0.3 | BS51: 0.14 | BT51: 0.13 | BU51: 0.66 | BV51: 0.54
B52: AM-Early | C52: 4178.61 | D52: 1271.48 | E52: 2309.01 | F52: 1723.21 | G52: 4358.63 | H52: 1465.7 | I52: 8673.84 | J52: 2277.29 | K52: 1552.29 | L52: 1913.08 | M52: 1552.32 | N52: 1900.2 | O52: 1095.23 | P52: 913.63 | Q52: 563.75 | R52: 460.54 | T52: AM-Early | U52: 0.39 | V52: 0.22 | W52: 0.37 | X52: 0.34 | Y52: 0.39 | Z52: 0.3 | AA52: 0.39 | AB52: 0.23 | AC52: 0.25 | AD52: 0.29 | AE52: 0.25 | AF52: 0.29 | AG52: 0.22 | AH52: 0.18 | AI52: 0.39 | AJ52: 0.39 | AM52: AM-Early | AN52: 0.84 | AO52: 0.6 | AP52: 0.68 | AQ52: 0.76 | AR52: 0.82 | AS52: 0.66 | AT52: 0.86 | AU52: 0.63 | AV52: 0.62 | AW52: 0.62 | AX52: 0.62 | AY52: 0.61 | AZ52: 0.6 | BA52: 0.58 | BB52: 0.85 | BC52: 0.84 | BF52: AM-Early | BG52: 1.03 | BH52: 0.71 | BI52: 0.79 | BJ52: 1.03 | BK52: 0.96 | BL52: 0.84 | BM52: 1.02 | BN52: 0.78 | BO52: 0.74 | BP52: 0.72 | BQ52: 0.74 | BR52: 0.72 | BS52: 0.73 | BT52: 0.71 | BU52: 1.03 | BV52: 1.03
B53: AM-Peak | C53: 40878.88 | D53: 6020.53 | E53: 17810.39 | F53: 18268.65 | G53: 22591.86 | H53: 9913.14 | I53: 50082.77 | J53: 11559.25 | K53: 3876.48 | L53: 4878.5 | M53: 3492.77 | N53: 4358.58 | O53: 2882.22 | P53: 1030.21 | Q53: 1396.76 | R53: 2369.4 | T53: AM-Peak | U53: 0.52 | V53: 0.37 | W53: 0.44 | X53: 0.52 | Y53: 0.39 | Z53: 0.39 | AA53: 0.39 | AB53: 0.41 | AC53: 0.22 | AD53: 0.27 | AE53: 0.2 | AF53: 0.24 | AG53: 0.2 | AH53: 0.09 | AI53: 0.39 | AJ53: 0.54 | AM53: AM-Peak | AN53: 1.02 | AO53: 0.64 | AP53: 0.82 | AQ53: 0.93 | AR53: 0.9 | AS53: 0.73 | AT53: 0.94 | AU53: 0.66 | AV53: 0.46 | AW53: 0.51 | AX53: 0.45 | AY53: 0.5 | AZ53: 0.49 | BA53: 0.3 | BB53: 0.78 | BC53: 0.92 | BF53: AM-Peak | BG53: 1.26 | BH53: 0.86 | BI53: 0.94 | BJ53: 1.27 | BK53: 1.04 | BL53: 0.87 | BM53: 1.08 | BN53: 0.8 | BO53: 0.53 | BP53: 0.61 | BQ53: 0.53 | BR53: 0.61 | BS53: 0.61 | BT53: 0.34 | BU53: 0.98 | BV53: 1.23
B54: AM-Shoulder | C54: 4534.19 | D54: 1784.82 | E54: 3372.82 | F54: 4923.53 | G54: 5264.6 | H54: 3394.37 | I54: 3554.37 | J54: 3085.88 | K54: 1497.17 | L54: 142.85 | M54: 1310.84 | N54: 564.96 | O54: 299.15 | P54: 298.7 | Q54: 359.73 | R54: 336.5 | T54: AM-Shoulder | U54: 0.39 | V54: 0.34 | W54: 0.39 | X54: 0.41 | Y54: 0.47 | Z54: 0.39 | AA54: 0.37 | AB54: 0.32 | AC54: 0.25 | AD54: 0.11 | AE54: 0.22 | AF54: 0.12 | AG54: 0.1 | AH54: 0.1 | AI54: 0.39 | AJ54: 0.39 | AM54: AM-Shoulder | AN54: 0.88 | AO54: 0.72 | AP54: 0.79 | AQ54: 0.89 | AR54: 0.88 | AS54: 0.81 | AT54: 0.68 | AU54: 0.66 | AV54: 0.58 | AW54: 0.29 | AX54: 0.57 | AY54: 0.36 | AZ54: 0.34 | BA54: 0.34 | BB54: 0.82 | BC54: 0.81 | BF54: AM-Shoulder | BG54: 1.05 | BH54: 0.93 | BI54: 0.9 | BJ54: 1.05 | BK54: 1.05 | BL54: 0.95 | BM54: 0.8 | BN54: 0.78 | BO54: 0.67 | BP54: 0.32 | BQ54: 0.67 | BR54: 0.4 | BS54: 0.4 | BT54: 0.4 | BU54: 1.05 | BV54: 1.05
B55: MD | C55: 13209.99 | D55: 16654.69 | E55: 17481.71 | F55: 21989.82 | G55: 10826.14 | H55: 14114.38 | I55: 11334.14 | J55: 15033.85 | K55: 9317.11 | L55: 7215 | M55: 9576.44 | N55: 7131.94 | O55: 3155.07 | P55: 2957.72 | Q55: 2592.99 | R55: 2428.76 | T55: MD | U55: 0.39 | V55: 0.39 | W55: 0.39 | X55: 0.39 | Y55: 0.4 | Z55: 0.39 | AA55: 0.23 | AB55: 0.3 | AC55: 0.29 | AD55: 0.23 | AE55: 0.3 | AF55: 0.23 | AG55: 0.13 | AH55: 0.13 | AI55: 0.39 | AJ55: 0.39 | AM55: MD | AN55: 0.8 | AO55: 0.83 | AP55: 0.83 | AQ55: 0.87 | AR55: 0.72 | AS55: 0.75 | AT55: 0.58 | AU55: 0.64 | AV55: 0.61 | AW55: 0.56 | AX55: 0.62 | AY55: 0.56 | AZ55: 0.5 | BA55: 0.49 | BB55: 0.87 | BC55: 0.86 | BF55: MD | BG55: 1.05 | BH55: 1.05 | BI55: 1 | BJ55: 1.05 | BK55: 0.89 | BL55: 0.91 | BM55: 0.67 | BN55: 0.74 | BO55: 0.7 | BP55: 0.64 | BQ55: 0.72 | BR55: 0.64 | BS55: 0.6 | BT55: 0.58 | BU55: 1.05 | BV55: 1.05
B56: PM-Shoulder | C56: 4571.42 | D56: 3891.13 | E56: 3619.49 | F56: 7792.65 | G56: 6579.51 | H56: 5864.66 | I56: 3937.91 | J56: 9842.48 | K56: 1881.81 | L56: 1332.89 | M56: 1714.49 | N56: 1171.5 | O56: 961.11 | P56: 758.84 | Q56: 54.33 | R56: 349.1 | T56: PM-Shoulder | U56: 0.39 | V56: 0.4 | W56: 0.39 | X56: 0.39 | Y56: 0.39 | Z56: 0.5 | AA56: 0.38 | AB56: 0.4 | AC56: 0.28 | AD56: 0.2 | AE56: 0.25 | AF56: 0.18 | AG56: 0.18 | AH56: 0.14 | AI56: 0.1 | AJ56: 0.39 | AM56: PM-Shoulder | AN56: 0.85 | AO56: 0.82 | AP56: 0.78 | AQ56: 0.91 | AR56: 0.91 | AS56: 0.88 | AT56: 0.68 | AU56: 0.85 | AV56: 0.59 | AW56: 0.51 | AX56: 0.58 | AY56: 0.5 | AZ56: 0.53 | BA56: 0.48 | BB56: 0.86 | BC56: 0.77 | BF56: PM-Shoulder | BG56: 1.05 | BH56: 1.05 | BI56: 0.9 | BJ56: 1.04 | BK56: 1.05 | BL56: 1.05 | BM56: 0.82 | BN56: 1 | BO56: 0.69 | BP56: 0.58 | BQ56: 0.69 | BR56: 0.58 | BS56: 0.64 | BT56: 0.57 | BU56: 0.9 | BV56: 1.05
B57: PM-Peak | C57: 24873.01 | D57: 23909.81 | E57: 18398.26 | F57: 18438.43 | G57: 17934.24 | H57: 24869.1 | I57: 2915.99 | J57: 23565.06 | K57: 1808.92 | L57: 1561.09 | M57: 1447.48 | N57: 1248.15 | O57: 211.45 | P57: 3210.22 | Q57: 2061.29 | R57: 2259.12 | T57: PM-Peak | U57: 0.6 | V57: 0.58 | W57: 0.39 | X57: 0.39 | Y57: 0.39 | Z57: 0.39 | AA57: 0.11 | AB57: 0.39 | AC57: 0.1 | AD57: 0.09 | AE57: 0.08 | AF57: 0.07 | AG57: 0.06 | AH57: 0.2 | AI57: 0.44 | AJ57: 0.47 | AM57: PM-Peak | AN57: 0.9 | AO57: 0.89 | AP57: 0.85 | AQ57: 0.83 | AR57: 0.83 | AS57: 0.9 | AT57: 0.76 | AU57: 0.75 | AV57: 0.68 | AW57: 0.64 | AX57: 0.68 | AY57: 0.64 | AZ57: 0.25 | BA57: 0.45 | BB57: 0.89 | BC57: 0.88 | BF57: PM-Peak | BG57: 1.17 | BH57: 1.15 | BI57: 1.02 | BJ57: 0.95 | BK57: 0.97 | BL57: 1.04 | BM57: 0.8 | BN57: 0.89 | BO57: 0.71 | BP57: 0.68 | BQ57: 0.71 | BR57: 0.68 | BS57: 0.28 | BT57: 0.57 | BU57: 1.27 | BV57: 1.17
B58: PM-Late | C58: 4123.27 | D58: 8510.23 | E58: 3928.43 | F58: 1711.29 | G58: 3477.44 | H58: 3888.33 | I58: 4420.99 | J58: 5338.08 | K58: 4592.4 | L58: 4338.38 | M58: 4592.49 | N58: 4338.35 | O58: 719.63 | P58: 901.67 | Q58: 698.49 | R58: 725.26 | T58: PM-Late | U58: 0.23 | V58: 0.45 | W58: 0.24 | X58: 0.15 | Y58: 0.23 | Z58: 0.25 | AA58: 0.15 | AB58: 0.17 | AC58: 0.24 | AD58: 0.22 | AE58: 0.24 | AF58: 0.22 | AG58: 0.07 | AH58: 0.08 | AI58: 0.36 | AJ58: 0.35 | AM58: PM-Late | AN58: 0.62 | AO58: 0.54 | AP58: 0.64 | AQ58: 0.38 | AR58: 0.61 | AS58: 0.61 | AT58: 0.56 | AU58: 0.55 | AV58: 0.61 | AW58: 0.61 | AX58: 0.61 | AY58: 0.61 | AZ58: 0.34 | BA58: 0.38 | BB58: 0.72 | BC58: 0.72 | BF58: PM-Late | BG58: 0.75 | BH58: 0.77 | BI58: 0.79 | BJ58: 0.42 | BK58: 0.8 | BL58: 0.78 | BM58: 0.69 | BN58: 0.66 | BO58: 0.76 | BP58: 0.79 | BQ58: 0.76 | BR58: 0.79 | BS58: 0.44 | BT58: 0.49 | BU58: 0.94 | BV58: 0.98
B61: Revenue Per Period Medium A | T61: ML Speed | AM61: GP Speed | BF61: Time Saving
B62: Direction | C62: NB | D62: SB | E62: NB | F62: SB | G62: NB | H62: SB | I62: NB | J62: SB | K62: NB | L62: SB | M62: NB | N62: SB | O62: NB | P62: SB | Q62: NB | R62: SB | T62: Direction | U62: NB | V62: SB | W62: NB | X62: SB | Y62: NB | Z62: SB | AA62: NB | AB62: SB | AC62: NB | AD62: SB | AE62: NB | AF62: SB | AG62: NB | AH62: SB | AI62: NB | AJ62: SB | AM62: Direction | AN62: NB | AO62: SB | AP62: NB | AQ62: SB | AR62: NB | AS62: SB | AT62: NB | AU62: SB | AV62: NB | AW62: SB | AX62: NB | AY62: SB | AZ62: NB | BA62: SB | BB62: NB | BC62: SB | BF62: Direction | BG62: NB | BH62: SB | BI62: NB | BJ62: SB | BK62: NB | BL62: SB | BM62: NB | BN62: SB | BO62: NB | BP62: SB | BQ62: NB | BR62: SB | BS62: NB | BT62: SB | BU62: NB | BV62: SB
B63: Segment | C63: 11 | D63: 11 | E63: 12 | F63: 12 | G63: 13 | H63: 13 | I63: 14 | J63: 14 | K63: 15 | L63: 15 | M63: 16 | N63: 16 | O63: 17 | P63: 17 | Q63: 18 | R63: 18 | T63: Segment | U63: 11 | V63: 11 | W63: 12 | X63: 12 | Y63: 13 | Z63: 13 | AA63: 14 | AB63: 14 | AC63: 15 | AD63: 15 | AE63: 16 | AF63: 16 | AG63: 17 | AH63: 17 | AI63: 18 | AJ63: 18 | AM63: Segment | AN63: 11 | AO63: 11 | AP63: 12 | AQ63: 12 | AR63: 13 | AS63: 13 | AT63: 14 | AU63: 14 | AV63: 15 | AW63: 15 | AX63: 16 | AY63: 16 | AZ63: 17 | BA63: 17 | BB63: 18 | BC63: 18 | BF63: Segment | BG63: 11 | BH63: 11 | BI63: 12 | BJ63: 12 | BK63: 13 | BL63: 13 | BM63: 14 | BN63: 14 | BO63: 15 | BP63: 15 | BQ63: 16 | BR63: 16 | BS63: 17 | BT63: 17 | BU63: 18 | BV63: 18
B64: Period | T64: Period | AM64: Period | BF64: Period
B65: Night | C65: 41.74 | D65: 79.18 | E65: 59.46 | F65: 44.67 | G65: 21.37 | H65: 20.57 | I65: 33.3 | J65: 44.38 | K65: 36.57 | L65: 31.15 | M65: 36.6 | N65: 30.25 | O65: 10.34 | P65: 9.63 | Q65: 29.12 | R65: 35.74 | T65: Night | U65: 60 | V65: 60 | W65: 60 | X65: 60 | Y65: 60 | Z65: 60 | AA65: 60 | AB65: 60 | AC65: 75 | AD65: 75 | AE65: 75 | AF65: 75 | AG65: 75 | AH65: 75 | AI65: 59.96 | AJ65: 59.99 | AM65: Night | AN65: 59.96 | AO65: 59.96 | AP65: 59.96 | AQ65: 59.99 | AR65: 55 | AS65: 55 | AT65: 60 | AU65: 60 | AV65: 70 | AW65: 69.99 | AX65: 69.99 | AY65: 69.96 | AZ65: 70 | BA65: 70 | BB65: 59.19 | BC65: 59.77 | BF65: Night | BG65: 0 | BH65: 0 | BI65: 0 | BJ65: 0 | BK65: -0.18 | BL65: -0.18 | BM65: 0 | BN65: 0 | BO65: -0.15 | BP65: -0.15 | BQ65: -0.15 | BR65: -0.15 | BS65: -0.12 | BT65: -0.12 | BU65: 0 | BV65: 0
B66: AM-Early | C66: 261.37 | D66: 104.78 | E66: 143.96 | F66: 208.74 | G66: 161.1 | H66: 119.3 | I66: 317.96 | J66: 187.34 | K66: 117.55 | L66: 121.41 | M66: 117.55 | N66: 120.41 | O66: 94.51 | P66: 78.59 | Q66: 36.39 | R66: 40.75 | T66: AM-Early | U66: 59.74 | V66: 59.99 | W66: 59.82 | X66: 59.89 | Y66: 59.75 | Z66: 59.96 | AA66: 59.74 | AB66: 59.99 | AC66: 74.98 | AD66: 74.95 | AE66: 74.98 | AF66: 74.95 | AG66: 74.99 | AH66: 75 | AI66: 59.74 | AJ66: 59.75 | AM66: AM-Early | AN66: 44.43 | AO66: 57.31 | AP66: 54.68 | AQ66: 50.29 | AR66: 42.04 | AS66: 50.97 | AT66: 43.09 | AU66: 56.39 | AV66: 66.39 | AW66: 66.4 | AX66: 66.39 | AY66: 66.43 | AZ66: 66.91 | BA66: 67.53 | BB66: 43.61 | BC66: 44.14 | BF66: AM-Early | BG66: -0.83 | BH66: -0.11 | BI66: -0.24 | BJ66: -0.48 | BK66: -0.85 | BL66: -0.35 | BM66: -1.55 | BN66: -0.26 | BO66: -0.27 | BP66: -0.27 | BQ66: -0.27 | BR66: -0.27 | BS66: -0.2 | BT66: -0.19 | BU66: -0.11 | BV66: -0.11
B67: AM-Peak | C67: 3565.9 | D67: 654.11 | E67: 1421.01 | F67: 2076.65 | G67: 1363.88 | H67: 974.09 | I67: 3428.42 | J67: 1393.8 | K67: 423.79 | L67: 534.22 | M67: 390.59 | N67: 495.74 | O67: 391.66 | P67: 191.64 | Q67: 121.51 | R67: 238.77 | T67: AM-Peak | U67: 58.49 | V67: 59.83 | W67: 59.48 | X67: 58.51 | Y67: 59.75 | Z67: 59.75 | AA67: 59.75 | AB67: 59.66 | AC67: 74.99 | AD67: 74.97 | AE67: 75 | AF67: 74.99 | AG67: 74.99 | AH67: 75 | AI67: 59.74 | AJ67: 58.16 | AM67: AM-Peak | AN67: 27.83 | AO67: 56.22 | AP67: 46.09 | AQ67: 36.02 | AR67: 35.72 | AS67: 48 | AT67: 35.11 | AU67: 55.58 | AV67: 69.37 | AW67: 68.78 | AX67: 69.43 | AY67: 68.92 | AZ67: 69.07 | BA67: 69.95 | BB67: 49.22 | BC67: 36.98 | BF67: AM-Peak | BG67: -2.71 | BH67: -0.15 | BI67: -0.73 | BJ67: -1.6 | BK67: -1.35 | BL67: -0.49 | BM67: -2.82 | BN67: -0.3 | BO67: -0.17 | BP67: -0.19 | BQ67: -0.17 | BR67: -0.18 | BS67: -0.14 | BT67: -0.12 | BU67: -0.06 | BV67: -0.18
B68: AM-Shoulder | C68: 435.84 | D68: 167.24 | E68: 358.02 | F68: 570.17 | G68: 418.51 | H68: 342.67 | I68: 401.53 | J68: 264.86 | K68: 149.22 | L68: 27.66 | M68: 133.47 | N68: 53.31 | O68: 42.31 | P68: 42.32 | Q68: 42.41 | R68: 42.11 | T68: AM-Shoulder | U68: 59.75 | V68: 59.9 | W68: 59.74 | X68: 59.65 | Y68: 59.14 | Z68: 59.74 | AA68: 59.83 | AB68: 59.92 | AC68: 74.98 | AD68: 75 | AE68: 74.99 | AF68: 75 | AG68: 75 | AH68: 75 | AI68: 59.75 | AJ68: 59.74 | AM68: AM-Shoulder | AN68: 41.3 | AO68: 52.52 | AP68: 48.17 | AQ68: 40.08 | AR68: 37.62 | AS68: 43.21 | AT68: 54.51 | AU68: 55.36 | AV68: 67.4 | AW68: 69.96 | AX68: 67.62 | AY68: 69.85 | AZ68: 69.88 | BA68: 69.88 | BB68: 45.62 | BC68: 46.41 | BF68: AM-Shoulder | BG68: -1.08 | BH68: -0.34 | BI68: -0.6 | BJ68: -1.23 | BK68: -1.16 | BL68: -0.77 | BM68: -0.39 | BN68: -0.33 | BO68: -0.23 | BP68: -0.15 | BQ68: -0.23 | BR68: -0.15 | BS68: -0.12 | BT68: -0.12 | BU68: -0.09 | BV68: -0.09
B69: MD | C69: 1098.03 | D69: 1248.08 | E69: 1825.65 | F69: 2106.14 | G69: 792.92 | H69: 964.98 | I69: 856.34 | J69: 1065.43 | K69: 619.35 | L69: 633.08 | M69: 639.88 | N69: 624.25 | O69: 307.37 | P69: 292.63 | Q69: 265.6 | R69: 234.29 | T69: MD | U69: 59.74 | V69: 59.74 | W69: 59.75 | X69: 59.74 | Y69: 59.7 | Z69: 59.74 | AA69: 59.99 | AB69: 59.95 | AC69: 74.95 | AD69: 74.99 | AE69: 74.94 | AF69: 74.99 | AG69: 75 | AH69: 75 | AI69: 59.74 | AJ69: 59.75 | AM69: MD | AN69: 47.86 | AO69: 45.61 | AP69: 45.28 | AQ69: 41.73 | AR69: 48.33 | AS69: 46.51 | AT69: 57.73 | AU69: 56.24 | AV69: 66.62 | AW69: 67.92 | AX69: 66.24 | AY69: 67.94 | AZ69: 68.86 | BA69: 69.03 | BB69: 41.88 | BC69: 42.91 | BF69: MD | BG69: -0.6 | BH69: -0.75 | BI69: -0.8 | BJ69: -1.08 | BK69: -0.47 | BL69: -0.57 | BM69: -0.16 | BN69: -0.26 | BO69: -0.26 | BP69: -0.22 | BQ69: -0.27 | BR69: -0.22 | BS69: -0.15 | BT69: -0.15 | BU69: -0.13 | BV69: -0.12
B70: PM-Shoulder | C70: 217.32 | D70: 173.17 | E70: 191.56 | F70: 235.45 | G70: 345.62 | H70: 297.21 | I70: 209.79 | J70: 302.13 | K70: 95.24 | L70: 69.25 | M70: 88.87 | N70: 63.96 | O70: 58.25 | P70: 44.77 | Q70: 6.39 | R70: 13.21 | T70: PM-Shoulder | U70: 59.74 | V70: 59.71 | W70: 59.75 | X70: 59.74 | Y70: 59.75 | Z70: 58.79 | AA70: 59.79 | AB70: 59.69 | AC70: 74.96 | AD70: 75 | AE70: 74.98 | AF70: 75 | AG70: 75 | AH70: 75 | AI70: 60 | AJ70: 59.74 | AM70: PM-Shoulder | AN70: 43.24 | AO70: 45.89 | AP70: 48.84 | AQ70: 37.87 | AR70: 35.12 | AS70: 37.44 | AT70: 54.47 | AU70: 43.16 | AV70: 67.26 | AW70: 68.77 | AX70: 67.48 | AY70: 68.88 | AZ70: 68.46 | BA70: 69.14 | BB70: 42.99 | BC70: 49.41 | BF70: PM-Shoulder | BG70: -0.92 | BH70: -0.73 | BI70: -0.56 | BJ70: -1.45 | BK70: -1.41 | BL70: -1.16 | BM70: -0.39 | BN70: -1.54 | BO70: -0.24 | BP70: -0.19 | BQ70: -0.23 | BR70: -0.18 | BS70: -0.16 | BT70: -0.14 | BU70: -0.12 | BV70: -0.06
B71: PM-Peak | C71: 950.59 | D71: 1037.87 | E71: 832.67 | F71: 658.92 | G71: 518.95 | H71: 626.54 | I71: 289.22 | J71: 500.86 | K71: 135.09 | L71: 128.37 | M71: 108.76 | N71: 103.58 | O71: 25.7 | P71: 190.32 | Q71: 112.39 | R71: 93.4 | T71: PM-Peak | U71: 56.35 | V71: 56.98 | W71: 59.74 | X71: 59.75 | Y71: 59.75 | Z71: 59.74 | AA71: 60 | AB71: 59.74 | AC71: 75 | AD71: 75 | AE71: 75 | AF71: 75 | AG71: 75 | AH71: 75 | AI71: 59.46 | AJ71: 59.19 | AM71: PM-Peak | AN71: 39 | AO71: 40.04 | AP71: 43.34 | AQ71: 45.59 | AR71: 41.44 | AS71: 36.01 | AT71: 50.37 | AU71: 51.22 | AV71: 63.76 | AW71: 65.43 | AX71: 63.76 | AY71: 65.43 | AZ71: 69.98 | BA71: 69.41 | BB71: 39.83 | BC71: 41.06 | BF71: PM-Peak | BG71: -1.14 | BH71: -1.07 | BI71: -0.95 | BJ71: -0.78 | BK71: -0.89 | BL71: -1.32 | BM71: -0.76 | BN71: -0.67 | BO71: -0.37 | BP71: -0.3 | BQ71: -0.37 | BR71: -0.3 | BS71: -0.12 | BT71: -0.14 | BU71: -0.15 | BV71: -0.13
B72: PM-Late | C72: 148.76 | D72: 135.98 | E72: 172.07 | F72: 35.33 | G72: 118.39 | H72: 98.37 | I72: 140.2 | J72: 39.53 | K72: 124.73 | L72: 98.52 | M72: 124.73 | N72: 98.52 | O72: 23.55 | P72: 28.34 | Q72: 32 | R72: 19.09 | T72: PM-Late | U72: 59.99 | V72: 59.41 | W72: 59.99 | X72: 60 | Y72: 59.99 | Z72: 59.98 | AA72: 60 | AB72: 60 | AC72: 74.99 | AD72: 74.99 | AE72: 74.99 | AF72: 74.99 | AG72: 75 | AH72: 75 | AI72: 59.85 | AJ72: 59.87 | AM72: PM-Late | AN72: 56.9 | AO72: 58.5 | AP72: 56.17 | AQ72: 59.83 | AR72: 52.3 | AS72: 52.42 | AT72: 58.24 | AU72: 58.46 | AV72: 66.65 | AW72: 66.66 | AX72: 66.65 | AY72: 66.66 | AZ72: 69.9 | BA72: 69.8 | BB72: 52.78 | BC72: 52.52 | BF72: PM-Late | BG72: -0.13 | BH72: -0.04 | BI72: -0.17 | BJ72: -0.01 | BK72: -0.29 | BL72: -0.29 | BM72: -0.12 | BN72: -0.11 | BO72: -0.26 | BP72: -0.26 | BQ72: -0.26 | BR72: -0.26 | BS72: -0.12 | BT72: -0.13 | BU72: -0.04 | BV72: -0.04
B75: Revenue Per Period Medium B | T75: ML time | AM75: GP Time | BF75: Difference in travel time
B76: Direction | C76: NB | D76: SB | E76: NB | F76: SB | G76: NB | H76: SB | I76: NB | J76: SB | K76: NB | L76: SB | M76: NB | N76: SB | O76: NB | P76: SB | Q76: NB | R76: SB | T76: Direction | U76: NB | V76: SB | W76: NB | X76: SB | Y76: NB | Z76: SB | AA76: NB | AB76: SB | AC76: NB | AD76: SB | AE76: NB | AF76: SB | AG76: NB | AH76: SB | AI76: NB | AJ76: SB | AM76: Direction | AN76: NB | AO76: SB | AP76: NB | AQ76: SB | AR76: NB | AS76: SB | AT76: NB | AU76: SB | AV76: NB | AW76: SB | AX76: NB | AY76: SB | AZ76: NB | BA76: SB | BB76: NB | BC76: SB | BF76: Direction | BG76: NB | BH76: SB | BI76: NB | BJ76: SB | BK76: NB | BL76: SB | BM76: NB | BN76: SB | BO76: NB | BP76: SB | BQ76: NB | BR76: SB | BS76: NB | BT76: SB | BU76: NB | BV76: SB
B77: Segment | C77: 11 | D77: 11 | E77: 12 | F77: 12 | G77: 13 | H77: 13 | I77: 14 | J77: 14 | K77: 15 | L77: 15 | M77: 16 | N77: 16 | O77: 17 | P77: 17 | Q77: 18 | R77: 18 | T77: Segment | U77: 11 | V77: 11 | W77: 12 | X77: 12 | Y77: 13 | Z77: 13 | AA77: 14 | AB77: 14 | AC77: 15 | AD77: 15 | AE77: 16 | AF77: 16 | AG77: 17 | AH77: 17 | AI77: 18 | AJ77: 18 | AM77: Segment | AN77: 11 | AO77: 11 | AP77: 12 | AQ77: 12 | AR77: 13 | AS77: 13 | AT77: 14 | AU77: 14 | AV77: 15 | AW77: 15 | AX77: 16 | AY77: 16 | AZ77: 17 | BA77: 17 | BB77: 18 | BC77: 18 | BF77: Segment | BG77: 11 | BH77: 11 | BI77: 12 | BJ77: 12 | BK77: 13 | BL77: 13 | BM77: 14 | BN77: 14 | BO77: 15 | BP77: 15 | BQ77: 16 | BR77: 16 | BS77: 17 | BT77: 17 | BU77: 18 | BV77: 18
B78: Period | T78: Period | AM78: Period | BF78: Period
B79: Night | C79: 11.83 | D79: 32.04 | E79: 4.91 | F79: 6.86 | G79: 5 | H79: 7.54 | I79: 6.98 | J79: 4.12 | K79: 1.84 | L79: 2.72 | M79: 1.84 | N79: 1.84 | O79: 3.68 | P79: 2.97 | Q79: 2.76 | R79: 5.43 | T79: Night | U79: 2.4 | V79: 2.4 | W79: 2.5 | X79: 2.5 | Y79: 2 | Z79: 2 | AA79: 4 | AB79: 4 | AC79: 2.08 | AD79: 2.08 | AE79: 2.08 | AF79: 2.08 | AG79: 1.68 | AH79: 1.68 | AI79: 0.3 | AJ79: 0.3 | AM79: Night | AN79: 2.4 | AO79: 2.4 | AP79: 2.5 | AQ79: 2.5 | AR79: 2.18 | AS79: 2.18 | AT79: 4 | AU79: 4 | AV79: 2.23 | AW79: 2.23 | AX79: 2.23 | AY79: 2.23 | AZ79: 1.8 | BA79: 1.8 | BB79: 0.3 | BC79: 0.3 | BF79: Night | BG79: 0 | BH79: 0 | BI79: 0 | BJ79: 0 | BK79: -0.08 | BL79: -0.08 | BM79: 0 | BN79: 0 | BO79: -0.07 | BP79: -0.07 | BQ79: -0.07 | BR79: -0.07 | BS79: -0.07 | BT79: -0.07 | BU79: -0.01 | BV79: 0
B80: AM-Early | C80: 136.81 | D80: 46.65 | E80: 58.88 | F80: 196.17 | G80: 124.44 | H80: 66.31 | I80: 256.23 | J80: 101.77 | K80: 57.11 | L80: 43.72 | M80: 57.11 | N80: 44.01 | O80: 71.08 | P80: 59.71 | Q80: 14.93 | R80: 38.75 | T80: AM-Early | U80: 2.41 | V80: 2.4 | W80: 2.51 | X80: 2.5 | Y80: 2.01 | Z80: 2 | AA80: 4.02 | AB80: 4 | AC80: 2.08 | AD80: 2.08 | AE80: 2.08 | AF80: 2.08 | AG80: 1.68 | AH80: 1.68 | AI80: 0.3 | AJ80: 0.3 | AM80: AM-Early | AN80: 3.24 | AO80: 2.51 | AP80: 2.74 | AQ80: 2.98 | AR80: 2.85 | AS80: 2.35 | AT80: 5.57 | AU80: 4.26 | AV80: 2.35 | AW80: 2.35 | AX80: 2.35 | AY80: 2.35 | AZ80: 1.88 | BA80: 1.87 | BB80: 0.41 | BC80: 0.41 | BF80: AM-Early | BG80: -0.26 | BH80: -0.04 | BI80: -0.09 | BJ80: -0.16 | BK80: -0.3 | BL80: -0.15 | BM80: -0.28 | BN80: -0.06 | BO80: -0.11 | BP80: -0.11 | BQ80: -0.11 | BR80: -0.11 | BS80: -0.11 | BT80: -0.1 | BU80: -0.27 | BV80: -0.26
B81: AM-Peak | C81: 884.15 | D81: 227.75 | E81: 436.68 | F81: 1246.5 | G81: 596.32 | H81: 370.44 | I81: 1197.84 | J81: 436.39 | K81: 117.01 | L81: 150.83 | M81: 109.84 | N81: 141.61 | O81: 241.1 | P81: 118.57 | Q81: 37.22 | R81: 140.49 | T81: AM-Peak | U81: 2.46 | V81: 2.41 | W81: 2.52 | X81: 2.56 | Y81: 2.01 | Z81: 2.01 | AA81: 4.02 | AB81: 4.02 | AC81: 2.08 | AD81: 2.08 | AE81: 2.08 | AF81: 2.08 | AG81: 1.68 | AH81: 1.68 | AI81: 0.3 | AJ81: 0.31 | AM81: AM-Peak | AN81: 5.17 | AO81: 2.56 | AP81: 3.25 | AQ81: 4.16 | AR81: 3.36 | AS81: 2.5 | AT81: 6.84 | AU81: 4.32 | AV81: 2.25 | AW81: 2.27 | AX81: 2.25 | AY81: 2.26 | AZ81: 1.82 | BA81: 1.8 | BB81: 0.37 | BC81: 0.49 | BF81: AM-Peak | BG81: -0.52 | BH81: -0.06 | BI81: -0.23 | BJ81: -0.38 | BK81: -0.4 | BL81: -0.2 | BM81: -0.41 | BN81: -0.07 | BO81: -0.07 | BP81: -0.08 | BQ81: -0.07 | BR81: -0.08 | BS81: -0.08 | BT81: -0.07 | BU81: -0.18 | BV81: -0.36
B82: AM-Shoulder | C82: 120.9 | D82: 65.25 | E82: 118.04 | F82: 299.06 | G82: 182.27 | H82: 159.95 | I82: 125.88 | J82: 126.63 | K82: 41.9 | L82: 9.82 | M82: 36.99 | N82: 18.92 | O82: 31.58 | P82: 31.59 | Q82: 13.87 | R82: 22 | T82: AM-Shoulder | U82: 2.41 | V82: 2.4 | W82: 2.51 | X82: 2.51 | Y82: 2.03 | Z82: 2.01 | AA82: 4.01 | AB82: 4.01 | AC82: 2.08 | AD82: 2.08 | AE82: 2.08 | AF82: 2.08 | AG82: 1.68 | AH82: 1.68 | AI82: 0.3 | AJ82: 0.3 | AM82: AM-Shoulder | AN82: 3.49 | AO82: 2.74 | AP82: 3.11 | AQ82: 3.74 | AR82: 3.19 | AS82: 2.78 | AT82: 4.4 | AU82: 4.34 | AV82: 2.31 | AW82: 2.23 | AX82: 2.31 | AY82: 2.23 | AZ82: 1.8 | BA82: 1.8 | BB82: 0.39 | BC82: 0.39 | BF82: AM-Shoulder | BG82: -0.31 | BH82: -0.12 | BI82: -0.19 | BJ82: -0.33 | BK82: -0.36 | BL82: -0.28 | BM82: -0.09 | BN82: -0.08 | BO82: -0.1 | BP82: -0.07 | BQ82: -0.1 | BR82: -0.07 | BS82: -0.07 | BT82: -0.07 | BU82: -0.24 | BV82: -0.22
B83: MD | C83: 299.58 | D83: 389.02 | E83: 593.59 | F83: 742.57 | G83: 359.58 | H83: 412.97 | I83: 371.35 | J83: 405.03 | K83: 246.73 | L83: 177.92 | M83: 256.02 | N83: 176.11 | O83: 202.32 | P83: 193.71 | Q83: 86.14 | R83: 82.49 | T83: MD | U83: 2.41 | V83: 2.41 | W83: 2.51 | X83: 2.51 | Y83: 2.01 | Z83: 2.01 | AA83: 4 | AB83: 4 | AC83: 2.08 | AD83: 2.08 | AE83: 2.08 | AF83: 2.08 | AG83: 1.68 | AH83: 1.68 | AI83: 0.3 | AJ83: 0.3 | AM83: MD | AN83: 3.01 | AO83: 3.16 | AP83: 3.31 | AQ83: 3.59 | AR83: 2.48 | AS83: 2.58 | AT83: 4.16 | AU83: 4.27 | AV83: 2.34 | AW83: 2.3 | AX83: 2.35 | AY83: 2.3 | AZ83: 1.83 | BA83: 1.83 | BB83: 0.43 | BC83: 0.42 | BF83: MD | BG83: -0.2 | BH83: -0.24 | BI83: -0.24 | BJ83: -0.3 | BK83: -0.19 | BL83: -0.22 | BM83: -0.04 | BN83: -0.06 | BO83: -0.11 | BP83: -0.09 | BQ83: -0.12 | BR83: -0.09 | BS83: -0.08 | BT83: -0.08 | BU83: -0.3 | BV83: -0.28
B84: PM-Shoulder | C84: 73.07 | D84: 23.35 | E84: 67.06 | F84: 131.11 | G84: 102.95 | H84: 60.94 | I84: 54.82 | J84: 136.45 | K84: 30.53 | L84: 16.42 | M84: 28.81 | N84: 14.96 | O84: 24.32 | P84: 19.2 | Q84: 2.2 | R84: 7.37 | T84: PM-Shoulder | U84: 2.41 | V84: 2.41 | W84: 2.51 | X84: 2.51 | Y84: 2.01 | Z84: 2.04 | AA84: 4.01 | AB84: 4.02 | AC84: 2.08 | AD84: 2.08 | AE84: 2.08 | AF84: 2.08 | AG84: 1.68 | AH84: 1.68 | AI84: 0.3 | AJ84: 0.3 | AM84: PM-Shoulder | AN84: 3.33 | AO84: 3.14 | AP84: 3.07 | AQ84: 3.96 | AR84: 3.42 | AS84: 3.21 | AT84: 4.41 | AU84: 5.56 | AV84: 2.32 | AW84: 2.27 | AX84: 2.31 | AY84: 2.26 | AZ84: 1.84 | BA84: 1.82 | BB84: 0.42 | BC84: 0.36 | BF84: PM-Shoulder | BG84: -0.28 | BH84: -0.23 | BI84: -0.18 | BJ84: -0.37 | BK84: -0.41 | BL84: -0.36 | BM84: -0.09 | BN84: -0.28 | BO84: -0.1 | BP84: -0.08 | BQ84: -0.1 | BR84: -0.08 | BS84: -0.09 | BT84: -0.08 | BU84: -0.28 | BV84: -0.17
B85: PM-Peak | C85: 208.72 | D85: 198.07 | E85: 125.96 | F85: 156.37 | G85: 120.93 | H85: 133.61 | I85: 56.94 | J85: 166.98 | K85: 29.49 | L85: 48.17 | M85: 23.25 | N85: 38.2 | O85: 3.12 | P85: 24.86 | Q85: 15.31 | R85: 22.69 | T85: PM-Peak | U85: 2.56 | V85: 2.53 | W85: 2.51 | X85: 2.51 | Y85: 2.01 | Z85: 2.01 | AA85: 4 | AB85: 4.02 | AC85: 2.08 | AD85: 2.08 | AE85: 2.08 | AF85: 2.08 | AG85: 1.68 | AH85: 1.68 | AI85: 0.3 | AJ85: 0.3 | AM85: PM-Peak | AN85: 3.69 | AO85: 3.6 | AP85: 3.46 | AQ85: 3.29 | AR85: 2.9 | AS85: 3.33 | AT85: 4.76 | AU85: 4.69 | AV85: 2.45 | AW85: 2.38 | AX85: 2.45 | AY85: 2.38 | AZ85: 1.8 | BA85: 1.82 | BB85: 0.45 | BC85: 0.44 | BF85: PM-Peak | BG85: -0.31 | BH85: -0.3 | BI85: -0.27 | BJ85: -0.24 | BK85: -0.31 | BL85: -0.4 | BM85: -0.16 | BN85: -0.14 | BO85: -0.15 | BP85: -0.13 | BQ85: -0.15 | BR85: -0.13 | BS85: -0.07 | BT85: -0.07 | BU85: -0.33 | BV85: -0.31
B86: PM-Late | C86: 14.56 | D86: 31.45 | E86: 17.89 | F86: 9.61 | G86: 23.73 | H86: 35.66 | I86: 4.96 | J86: 3.92 | K86: 3.54 | L86: 3.97 | M86: 3.54 | N86: 3.97 | O86: 0 | P86: 0 | Q86: 3.36 | R86: 4.87 | T86: PM-Late | U86: 2.4 | V86: 2.42 | W86: 2.5 | X86: 2.5 | Y86: 2 | Z86: 2 | AA86: 4 | AB86: 4 | AC86: 2.08 | AD86: 2.08 | AE86: 2.08 | AF86: 2.08 | AG86: 1.68 | AH86: 1.68 | AI86: 0.3 | AJ86: 0.3 | AM86: PM-Late | AN86: 2.53 | AO86: 2.46 | AP86: 2.67 | AQ86: 2.51 | AR86: 2.29 | AS86: 2.29 | AT86: 4.12 | AU86: 4.11 | AV86: 2.34 | AW86: 2.34 | AX86: 2.34 | AY86: 2.34 | AZ86: 1.8 | BA86: 1.81 | BB86: 0.34 | BC86: 0.34 | BF86: PM-Late | BG86: -0.05 | BH86: -0.02 | BI86: -0.06 | BJ86: 0 | BK86: -0.13 | BL86: -0.13 | BM86: -0.03 | BN86: -0.03 | BO86: -0.11 | BP86: -0.11 | BQ86: -0.11 | BR86: -0.11 | BS86: -0.07 | BT86: -0.07 | BU86: -0.12 | BV86: -0.12
B89: Revenue Per Period Heavy A | T89: ML light veh.Miles | AM89: GP light veh.Miles | BF89: LVr Toll
B90: Direction | C90: NB | D90: SB | E90: NB | F90: SB | G90: NB | H90: SB | I90: NB | J90: SB | K90: NB | L90: SB | M90: NB | N90: SB | O90: NB | P90: SB | Q90: NB | R90: SB | T90: Direction | U90: NB | AC90: SB | AM90: Direction | AN90: NB | AV90: SB | BF90: Direction | BG90: NB | BH90: SB | BI90: NB | BJ90: SB | BK90: NB | BL90: SB | BM90: NB | BN90: SB | BO90: NB | BP90: SB | BQ90: NB | BR90: SB | BS90: NB | BT90: SB | BU90: NB | BV90: SB
B91: Segment | C91: 11 | D91: 11 | E91: 12 | F91: 12 | G91: 13 | H91: 13 | I91: 14 | J91: 14 | K91: 15 | L91: 15 | M91: 16 | N91: 16 | O91: 17 | P91: 17 | Q91: 18 | R91: 18 | T91: Segment | U91: 11 | V91: 12 | W91: 13 | X91: 14 | Y91: 15 | Z91: 16 | AA91: 17 | AB91: 18 | AC91: 11 | AD91: 12 | AE91: 13 | AF91: 14 | AG91: 15 | AH91: 16 | AI91: 17 | AJ91: 18 | AM91: Segment | AN91: 11 | AO91: 12 | AP91: 13 | AQ91: 14 | AR91: 15 | AS91: 16 | AT91: 17 | AU91: 18 | AV91: 11 | AW91: 12 | AX91: 13 | AY91: 14 | AZ91: 15 | BA91: 16 | BB91: 17 | BC91: 18 | BF91: Segment | BG91: 11 | BH91: 11 | BI91: 12 | BJ91: 12 | BK91: 13 | BL91: 13 | BM91: 14 | BN91: 14 | BO91: 15 | BP91: 15 | BQ91: 16 | BR91: 16 | BS91: 17 | BT91: 17 | BU91: 18 | BV91: 18
B92: Period | T92: Period | AM92: Period | BF92: Period
B93: Night | C93: 1014.67 | D93: 708.19 | E93: 734.66 | F93: 369.55 | G93: 115.31 | H93: 108.59 | I93: 225.28 | J93: 249.48 | K93: 251.16 | L93: 255.28 | M93: 250.6 | N93: 249.77 | O93: 67.61 | P93: 65.83 | Q93: 306.25 | R93: 289.32 | T93: Night | U93: 4662.99 | V93: 3398.71 | W93: 1318.08 | X93: 1840.31 | Y93: 981.65 | Z93: 982.04 | AA93: 365.59 | AB93: 1186.63 | AC93: 4242.01 | AD93: 971.14 | AE93: 1059.35 | AF93: 1318.17 | AG93: 1416.33 | AH93: 1359.77 | AI93: 327.3 | AJ93: 770.72 | AM93: Night | AN93: 23554.29 | AO93: 28225.54 | AP93: 19527.92 | AQ93: 34184.49 | AR93: 18248.47 | AS93: 18248.08 | AT93: 6797.72 | AU93: 3284.06 | AV93: 23167.19 | AW93: 18049.61 | AX93: 16325.85 | AY93: 24497.83 | AZ93: 26318.65 | BA93: 25244.99 | BB93: 6086.31 | BC93: 2136.31 | BF93: Night | BG93: 0.48 | BH93: 0.48 | BI93: 0.5 | BJ93: 0.5 | BK93: 0.4 | BL93: 0.4 | BM93: 0.8 | BN93: 0.8 | BO93: 0.52 | BP93: 0.52 | BQ93: 0.52 | BR93: 0.52 | BS93: 0.42 | BT93: 0.42 | BU93: 0.06 | BV93: 0.06
B94: AM-Early | C94: 495.59 | D94: 261.04 | E94: 358.69 | F94: 812.74 | G94: 278.2 | H94: 199.47 | I94: 537.03 | J94: 400.98 | K94: 407.5 | L94: 292.01 | M94: 407.46 | N94: 290.02 | O94: 185.34 | P94: 155.02 | Q94: 91.22 | R94: 144.55 | T94: AM-Early | U94: 2984.72 | V94: 2886.26 | W94: 2594.43 | X94: 5225.2 | Y94: 1940.36 | Z94: 1940.4 | AA94: 1369.03 | AB94: 366.07 | AC94: 1589.35 | AD94: 2154.02 | AE94: 1832.12 | AF94: 2846.61 | AG94: 2391.36 | AH94: 2375.25 | AI94: 1142.04 | AJ94: 324.33 | AM94: AM-Early | AN94: 11487.42 | AO94: 15121.24 | AP94: 13870.37 | AQ94: 24607.6 | AR94: 7651.82 | AS94: 7651.78 | AT94: 5002.79 | AU94: 1459.83 | AV94: 7182.65 | AW94: 5224.34 | AX94: 5458.88 | AY94: 10402.59 | AZ94: 11831.94 | BA94: 11676.71 | BB94: 4083.81 | BC94: 1130.48 | BF94: AM-Early | BG94: 3.36 | BH94: 1.92 | BI94: 2 | BJ94: 2 | BK94: 3.36 | BL94: 1.6 | BM94: 6.64 | BN94: 3.2 | BO94: 2.08 | BP94: 2.08 | BQ94: 2.08 | BR94: 2.08 | BS94: 1.68 | BT94: 1.68 | BU94: 0.46 | BV94: 0.43
B95: AM-Peak | C95: 8005.73 | D95: 1737.96 | E95: 3852.78 | F95: 8076.8 | G95: 2460.44 | H95: 1426.15 | I95: 5276.78 | J95: 2341.68 | K95: 1068.67 | L95: 1143.25 | M95: 990.77 | N95: 1062.8 | O95: 720.01 | P95: 387.98 | Q95: 336.69 | R95: 871.67 | T95: AM-Peak | U95: 11355.24 | V95: 9894.67 | W95: 7530.62 | X95: 14994.84 | Y95: 4845.59 | Z95: 4365.97 | AA95: 3602.78 | AB95: 1042.36 | AC95: 7525.66 | AD95: 10149.25 | AE95: 7183.44 | AF95: 14449.06 | AG95: 6098.12 | AH95: 5448.22 | AI95: 1414.45 | AJ95: 1316.33 | AM95: AM-Peak | AN95: 41779.79 | AO95: 54714.83 | AP95: 42245.77 | AQ95: 88026.39 | AR95: 22187.78 | AS95: 17924.09 | AT95: 11267.73 | AU95: 3175.22 | AV95: 17073.39 | AW95: 21415.39 | AX95: 31227.56 | AY95: 52401.98 | AZ95: 25862.67 | BA95: 20351.84 | BB95: 9400.13 | BC95: 3102.4 | BF95: AM-Peak | BG95: 8.64 | BH95: 1.92 | BI95: 4.5 | BJ95: 4.5 | BK95: 6 | BL95: 2.76 | BM95: 13.36 | BN95: 3.2 | BO95: 2.08 | BP95: 2.08 | BQ95: 2.08 | BR95: 2.08 | BS95: 1.68 | BT95: 1.53 | BU95: 0.4 | BV95: 0.54
B96: AM-Shoulder | C96: 1279.37 | D96: 668.45 | E96: 1399.59 | F96: 1977.87 | G96: 847.59 | H96: 754.71 | I96: 564.06 | J96: 686.92 | K96: 410.14 | L96: 81.43 | M96: 368.03 | N96: 136.93 | O96: 83.49 | P96: 84.09 | Q96: 168.99 | R96: 148.24 | T96: AM-Shoulder | U96: 2698.93 | V96: 2635.02 | W96: 2924.78 | X96: 4442.97 | Y96: 1871.46 | Z96: 1638.55 | AA96: 563.66 | AB96: 304.86 | AC96: 2231.03 | AD96: 2735.29 | AE96: 2293.5 | AF96: 3857.35 | AG96: 714.25 | AH96: 936.2 | AI96: 563.04 | AJ96: 305.91 | AM96: AM-Shoulder | AN96: 10826.43 | AO96: 13839.73 | AP96: 12692.26 | AQ96: 21222.23 | AR96: 9469.46 | AS96: 7433.11 | AT96: 2493.19 | AU96: 831.49 | AV96: 5988.53 | AW96: 11368.35 | AX96: 10514.9 | AY96: 17654.65 | AZ96: 6428.21 | BA96: 6206.26 | BB96: 2488.47 | BC96: 792.57 | BF96: AM-Shoulder | BG96: 4.03 | BH96: 1.92 | BI96: 3.2 | BJ96: 4.5 | BK96: 3.6 | BL96: 2.96 | BM96: 3.2 | BN96: 3.2 | BO96: 2.08 | BP96: 0.52 | BQ96: 2.08 | BR96: 1.57 | BS96: 1.11 | BT96: 1.11 | BU96: 0.35 | BV96: 0.33
B97: MD | C97: 3565.49 | D97: 4275.66 | E97: 6908.88 | F97: 7862.2 | G97: 1939.32 | H97: 1839.56 | I97: 1564.97 | J97: 2042.04 | K97: 1699.64 | L97: 1569.79 | M97: 1757.42 | N97: 1554.25 | O97: 647.26 | P97: 611.43 | Q97: 1008.96 | R97: 876.81 | T97: MD | U97: 13760.41 | V97: 13243.72 | W97: 12302.45 | X97: 14167.68 | Y97: 11646.39 | Z97: 11970.55 | AA97: 3976.14 | AB97: 1600.61 | AC97: 13878.91 | AD97: 13573.97 | AE97: 12381.06 | AF97: 18792.31 | AG97: 9018.75 | AH97: 8914.93 | AI97: 3857.85 | AJ97: 1619.18 | AM97: MD | AN97: 35126.5 | AO97: 49622.53 | AP97: 42337.55 | AQ97: 78200.32 | AR97: 60940.41 | AS97: 59437.15 | AT97: 17297.91 | AU97: 5823.57 | AV97: 41563.77 | AW97: 50808.62 | AX97: 52314.94 | AY97: 94969.69 | AZ97: 49833.55 | BA97: 48741.37 | BB97: 16581.45 | BC97: 5534.58 | BF97: MD | BG97: 2.3 | BH97: 2.88 | BI97: 3.3 | BJ97: 4.05 | BK97: 1.76 | BL97: 2.28 | BM97: 3.2 | BN97: 3.2 | BO97: 2.08 | BP97: 2.08 | BQ97: 2.08 | BR97: 2.08 | BS97: 1.67 | BT97: 1.61 | BU97: 0.49 | BV97: 0.45
B98: PM-Shoulder | C98: 861.28 | D98: 659.37 | E98: 1050.51 | F98: 1237.87 | G98: 681.12 | H98: 673.35 | I98: 401.84 | J98: 560.28 | K98: 170.4 | L98: 164.89 | M98: 159.32 | N98: 154.11 | O98: 106.08 | P98: 81.33 | Q98: 40.82 | R98: 73.47 | T98: PM-Shoulder | U98: 2930.4 | V98: 2872.61 | W98: 2543.97 | X98: 4922.38 | Y98: 2352.26 | Z98: 2143.11 | AA98: 1201.38 | AB98: 67.92 | AC98: 3039.95 | AD98: 3124.71 | AE98: 3258.15 | AF98: 5468.05 | AG98: 1666.11 | AH98: 1464.37 | AI98: 976.6 | AJ98: 363.64 | AM98: PM-Shoulder | AN98: 10381.27 | AO98: 13844.94 | AP98: 14088.3 | AQ98: 21246.82 | AR98: 11934 | AS98: 9876.17 | AT98: 5012.34 | AU98: 1290.39 | AV98: 9126.42 | AW98: 18997.79 | AX98: 15644.57 | AY98: 29133.15 | AZ98: 9920.37 | BA98: 7804.92 | BB98: 4549.5 | BC98: 828.38 | BF98: PM-Shoulder | BG98: 3.74 | BH98: 3.07 | BI98: 3.15 | BJ98: 6.23 | BK98: 5.17 | BL98: 3.6 | BM98: 3.2 | BN98: 7.2 | BO98: 2.08 | BP98: 2.08 | BQ98: 2.08 | BR98: 2.08 | BS98: 1.68 | BT98: 1.63 | BU98: 0.24 | BV98: 0.29
B99: PM-Peak | C99: 4067.13 | D99: 4147.99 | E99: 4890.73 | F99: 4653.15 | G99: 1852.15 | H99: 1822 | I99: 865.4 | J99: 1750.31 | K99: 506.75 | L99: 706.24 | M99: 405.98 | N99: 565.68 | O99: 56.39 | P99: 351.8 | Q99: 708.8 | R99: 677.15 | T99: PM-Peak | U99: 13818.34 | V99: 8845.32 | W99: 7759.9 | X99: 3644.99 | Y99: 2261.16 | Z99: 1809.35 | AA99: 1057.2 | AB99: 1145.16 | AC99: 13283.27 | AD99: 8921.57 | AE99: 7935.04 | AF99: 15922.34 | AG99: 1951.37 | AH99: 1560.18 | AI99: 4012.78 | AJ99: 1255.08 | AM99: PM-Peak | AN99: 38831.15 | AO99: 34158.93 | AP99: 39861.24 | AQ99: 72213.27 | AR99: 42961.95 | AS99: 34377.72 | AT99: 9514.83 | AU99: 2058.09 | AV99: 37678.33 | AW99: 44434.18 | AX99: 45388.42 | AY99: 75747.06 | AZ99: 37075.95 | BA99: 29643.46 | BB99: 13214.83 | BC99: 2979.11 | BF99: PM-Peak | BG99: 4.32 | BH99: 4.32 | BI99: 5.2 | BJ99: 5.17 | BK99: 4.62 | BL99: 6.27 | BM99: 3.2 | BN99: 5.92 | BO99: 2.08 | BP99: 2.08 | BQ99: 2.08 | BR99: 2.08 | BS99: 0.42 | BT99: 1.68 | BU99: 0.54 | BV99: 0.54
B100: PM-Late | C100: 838.07 | D100: 1234.81 | E100: 1858.55 | F100: 504.56 | G100: 719.91 | H100: 571.7 | I100: 885.02 | J100: 607.18 | K100: 1074.45 | L100: 798.17 | M100: 1074.37 | N100: 798.19 | O100: 111.93 | P100: 136.64 | Q100: 346.7 | R100: 285.38 | T100: PM-Late | U100: 5154.09 | V100: 4910.54 | W100: 4346.8 | X100: 5526.23 | Y100: 5740.5 | Z100: 5740.61 | AA100: 1395.14 | AB100: 873.11 | AC100: 10523.59 | AD100: 3287.17 | AE100: 4860.41 | AF100: 6672.6 | AG100: 5422.98 | AH100: 5422.93 | AI100: 1552.77 | AJ100: 906.58 | AM100: PM-Late | AN100: 18452.55 | AO100: 14900.71 | AP100: 11093 | AQ100: 19174.57 | AR100: 17935.62 | AS100: 17935.51 | AT100: 3883 | AU100: 2014.18 | AV100: 20293.85 | AW100: 20951.33 | AX100: 14082.79 | AY100: 29033.4 | AZ100: 15063.72 | BA100: 15063.77 | BB100: 4398.84 | BC100: 1902.62 | BF100: PM-Late | BG100: 1.92 | BH100: 1.94 | BI100: 2 | BJ100: 1.3 | BK100: 1.6 | BL100: 1.6 | BM100: 3.2 | BN100: 3.2 | BO100: 2.08 | BP100: 2.08 | BQ100: 2.08 | BR100: 2.08 | BS100: 1.08 | BT100: 1.22 | BU100: 0.24 | BV100: 0.24
B103: % Workday Revenue | T103: ML light veh/period | AM103: GP light veh/period | BF103: Medium A Toll
B104: Direction | C104: NB | D104: SB | E104: NB | F104: SB | G104: NB | H104: SB | I104: NB | J104: SB | K104: NB | L104: SB | M104: NB | N104: SB | O104: NB | P104: SB | Q104: NB | R104: SB | T104: Direction | U104: NB | V104: SB | W104: NB | X104: SB | Y104: NB | Z104: SB | AA104: NB | AB104: SB | AC104: NB | AD104: SB | AE104: NB | AF104: SB | AG104: NB | AH104: SB | AI104: NB | AJ104: SB | AM104: Direction | AN104: NB | AO104: SB | AP104: NB | AQ104: SB | AR104: NB | AS104: SB | AT104: NB | AU104: SB | AV104: NB | AW104: SB | AX104: NB | AY104: SB | AZ104: NB | BA104: SB | BB104: NB | BC104: SB | BF104: Direction | BG104: NB | BH104: SB | BI104: NB | BJ104: SB | BK104: NB | BL104: SB | BM104: NB | BN104: SB | BO104: NB | BP104: SB | BQ104: NB | BR104: SB | BS104: NB | BT104: SB | BU104: NB | BV104: SB
B105: Segment | C105: 11 | D105: 11 | E105: 12 | F105: 12 | G105: 13 | H105: 13 | I105: 14 | J105: 14 | K105: 15 | L105: 15 | M105: 16 | N105: 16 | O105: 17 | P105: 17 | Q105: 18 | R105: 18 | T105: Segment | U105: 11 | V105: 11 | W105: 12 | X105: 12 | Y105: 13 | Z105: 13 | AA105: 14 | AB105: 14 | AC105: 15 | AD105: 15 | AE105: 16 | AF105: 16 | AG105: 17 | AH105: 17 | AI105: 18 | AJ105: 18 | AM105: Segment | AN105: 11 | AO105: 11 | AP105: 12 | AQ105: 12 | AR105: 13 | AS105: 13 | AT105: 14 | AU105: 14 | AV105: 15 | AW105: 15 | AX105: 16 | AY105: 16 | AZ105: 17 | BA105: 17 | BB105: 18 | BC105: 18 | BF105: Segment | BG105: 11 | BH105: 11 | BI105: 12 | BJ105: 12 | BK105: 13 | BL105: 13 | BM105: 14 | BN105: 14 | BO105: 15 | BP105: 15 | BQ105: 16 | BR105: 16 | BS105: 17 | BT105: 17 | BU105: 18 | BV105: 18
B106: Period | T106: Period | AM106: Period | BF106: Period
B107: Night | C107: 0.01589249 | D107: 0.020539773 | E107: 0.015552735 | F107: 0.0056316583 | G107: 0.004743345 | H107: 0.0045979183 | I107: 0.0061302108 | J107: 0.0066240108 | K107: 0.014931973 | L107: 0.019894103 | M107: 0.015433144 | N107: 0.019902246 | O107: 0.011990556 | P107: 0.01078681 | Q107: 0.048789669 | R107: 0.035922813 | T107: Night | U107: 1942.91 | V107: 1767.51 | W107: 1359.49 | X107: 388.46 | Y107: 659.04 | Z107: 529.67 | AA107: 460.08 | AB107: 329.54 | AC107: 377.56 | AD107: 544.74 | AE107: 377.71 | AF107: 522.99 | AG107: 174.09 | AH107: 155.86 | AI107: 3955.45 | AJ107: 2569.07 | AM107: Night | AN107: 9814.29 | AO107: 9652.99 | AP107: 11290.21 | AQ107: 7219.84 | AR107: 9763.96 | AS107: 8162.93 | AT107: 8546.12 | AU107: 6124.46 | AV107: 7018.64 | AW107: 10122.56 | AX107: 7018.49 | AY107: 9709.61 | AZ107: 3237.01 | BA107: 2898.24 | BB107: 10946.85 | BC107: 7121.03 | BF107: Night | BG107: 1.92 | BH107: 1.92 | BI107: 2 | BJ107: 2 | BK107: 1.6 | BL107: 1.6 | BM107: 3.2 | BN107: 3.2 | BO107: 2.08 | BP107: 2.08 | BQ107: 2.08 | BR107: 2.08 | BS107: 1.68 | BT107: 1.68 | BU107: 0.24 | BV107: 0.24
B108: AM-Early | C108: 0.040289452 | D108: 0.020738668 | E108: 0.030190256 | F108: 0.026915944 | G108: 0.057607943 | H108: 0.024413843 | I108: 0.094669487 | J108: 0.034999301 | K108: 0.065592511 | L108: 0.082375879 | M108: 0.067856556 | N108: 0.084617068 | O108: 0.11205417 | P108: 0.09047981 | Q108: 0.05988193 | R108: 0.05074543 | T108: AM-Early | U108: 1243.64 | V108: 662.23 | W108: 1154.5 | X108: 861.61 | Y108: 1297.21 | Z108: 916.06 | AA108: 1306.3 | AB108: 711.65 | AC108: 746.29 | AD108: 919.75 | AE108: 746.31 | AF108: 913.56 | AG108: 651.92 | AH108: 543.83 | AI108: 1220.24 | AJ108: 1081.09 | AM108: AM-Early | AN108: 4786.42 | AO108: 2992.77 | AP108: 6048.5 | AQ108: 2089.74 | AR108: 6935.19 | AS108: 2729.44 | AT108: 6151.9 | AU108: 2600.65 | AV108: 2943.01 | AW108: 4550.75 | AX108: 2942.99 | AY108: 4491.04 | AZ108: 2382.28 | BA108: 1944.67 | BB108: 4866.09 | BC108: 3768.26 | BF108: AM-Early | BG108: 13.44 | BH108: 7.68 | BI108: 8 | BJ108: 8 | BK108: 13.44 | BL108: 6.4 | BM108: 26.56 | BN108: 12.8 | BO108: 8.32 | BP108: 8.32 | BQ108: 8.32 | BR108: 8.32 | BS108: 6.72 | BT108: 6.72 | BU108: 1.85 | BV108: 1.7
B109: AM-Peak | C109: 0.42363235 | D109: 0.10641014 | E109: 0.24737534 | F109: 0.27153907 | G109: 0.31613523 | H109: 0.16731457 | I109: 0.58035687 | J109: 0.18554342 | K109: 0.16858625 | L109: 0.23309034 | M109: 0.15844779 | N109: 0.21772803 | O109: 0.32814143 | P109: 0.12957066 | Q109: 0.160427 | R109: 0.26835408 | T109: AM-Peak | U109: 4731.35 | V109: 3135.69 | W109: 3957.87 | X109: 4059.7 | Y109: 3765.31 | Z109: 3591.72 | AA109: 3748.71 | AB109: 3612.26 | AC109: 1863.69 | AD109: 2345.43 | AE109: 1679.22 | AF109: 2095.47 | AG109: 1715.61 | AH109: 673.55 | AI109: 3474.54 | AJ109: 4387.77 | AM109: AM-Peak | AN109: 17408.25 | AO109: 7113.91 | AP109: 21885.93 | AQ109: 8566.16 | AR109: 21122.89 | AS109: 15613.78 | AT109: 22006.6 | AU109: 13100.49 | AV109: 8533.76 | AW109: 9947.18 | AX109: 6893.88 | AY109: 7827.63 | AZ109: 5365.59 | BA109: 4476.25 | BB109: 10584.06 | BC109: 10341.33 | BF109: AM-Peak | BG109: 34.56 | BH109: 7.68 | BI109: 18 | BJ109: 18 | BK109: 24 | BL109: 11.04 | BM109: 53.44 | BN109: 12.8 | BO109: 8.32 | BP109: 8.32 | BQ109: 8.32 | BR109: 8.32 | BS109: 6.72 | BT109: 6.12 | BU109: 1.61 | BV109: 2.16
B110: AM-Shoulder | C110: 0.050598713 | D110: 0.033076572 | E110: 0.055199598 | F110: 0.071119867 | G110: 0.078563744 | H110: 0.061361552 | I110: 0.044948139 | J110: 0.049116472 | K110: 0.064485904 | L110: 0.0090973071 | M110: 0.058792823 | N110: 0.027819015 | O110: 0.035373497 | P110: 0.034237569 | Q110: 0.049598506 | R110: 0.040683069 | T110: AM-Shoulder | U110: 1124.55 | V110: 929.6 | W110: 1054.01 | X110: 1094.12 | Y110: 1462.39 | Z110: 1146.75 | AA110: 1110.74 | AB110: 964.34 | AC110: 719.79 | AD110: 274.71 | AE110: 630.21 | AF110: 360.08 | AG110: 268.41 | AH110: 268.11 | AI110: 1016.19 | AJ110: 1019.7 | AM110: AM-Shoulder | AN110: 4511.01 | AO110: 2495.22 | AP110: 5535.89 | AQ110: 4547.34 | AR110: 6346.13 | AS110: 5257.45 | AT110: 5305.56 | AU110: 4413.66 | AV110: 3642.1 | AW110: 2472.39 | AX110: 2858.89 | AY110: 2387.02 | AZ110: 1187.23 | BA110: 1184.99 | BB110: 2771.65 | BC110: 2641.9 | BF110: AM-Shoulder | BG110: 16.13 | BH110: 7.68 | BI110: 12.8 | BJ110: 18 | BK110: 14.4 | BL110: 11.84 | BM110: 12.8 | BN110: 12.8 | BO110: 8.32 | BP110: 2.08 | BQ110: 8.32 | BR110: 6.28 | BS110: 4.46 | BT110: 4.46 | BU110: 1.42 | BV110: 1.32
B111: MD | C111: 0.1443472 | D111: 0.27792931 | E111: 0.28196633 | F111: 0.29929044 | G111: 0.16288598 | H111: 0.22862798 | I111: 0.13667539 | J111: 0.21874828 | K111: 0.36516588 | L111: 0.3334961 | M111: 0.38880141 | N111: 0.34091158 | O111: 0.33411075 | P111: 0.30402251 | Q111: 0.3352096 | R111: 0.26850381 | T111: MD | U111: 5733.5 | V111: 5782.88 | W111: 5297.49 | X111: 5429.59 | Y111: 6151.22 | Z111: 6190.53 | AA111: 3541.92 | AB111: 4698.08 | AC111: 4479.38 | AD111: 3468.75 | AE111: 4604.06 | AF111: 3428.82 | AG111: 1893.4 | AH111: 1837.07 | AI111: 5335.37 | AJ111: 5397.27 | AM111: MD | AN111: 14636.04 | AO111: 17318.24 | AP111: 19849.01 | AQ111: 20323.45 | AR111: 21168.78 | AS111: 26157.47 | AT111: 19550.08 | AU111: 23742.42 | AV111: 23438.62 | AW111: 19166.75 | AX111: 22860.44 | AY111: 18746.68 | AZ111: 8237.1 | BA111: 7895.93 | BB111: 19411.9 | BC111: 18448.61 | BF111: MD | BG111: 9.22 | BH111: 11.52 | BI111: 13.2 | BJ111: 16.2 | BK111: 7.04 | BL111: 9.12 | BM111: 12.8 | BN111: 12.8 | BO111: 8.32 | BP111: 8.32 | BQ111: 8.32 | BR111: 8.32 | BS111: 6.67 | BT111: 6.44 | BU111: 1.94 | BV111: 1.8
B112: PM-Shoulder | C112: 0.045457903 | D112: 0.058461874 | E112: 0.051835753 | F112: 0.086005981 | G112: 0.090223033 | H112: 0.090968763 | I112: 0.044546727 | J112: 0.12787015 | K112: 0.066930519 | L112: 0.055031479 | M112: 0.063312291 | N112: 0.050473263 | O112: 0.08908654 | P112: 0.067780207 | Q112: 0.0087954685 | R112: 0.0328474 | T112: PM-Shoulder | U112: 1221 | V112: 1266.65 | W112: 1149.05 | X112: 1249.88 | Y112: 1271.98 | Z112: 1629.07 | AA112: 1230.6 | AB112: 1367.01 | AC112: 904.71 | AD112: 640.81 | AE112: 824.27 | AF112: 563.22 | AG112: 572.09 | AH112: 465.05 | AI112: 226.38 | AJ112: 1212.15 | AM112: PM-Shoulder | AN112: 4325.53 | AO112: 3802.68 | AP112: 5537.98 | AQ112: 7599.12 | AR112: 7044.15 | AS112: 7822.28 | AT112: 5311.7 | AU112: 7283.29 | AV112: 4590 | AW112: 3815.53 | AX112: 3798.53 | AY112: 3001.89 | AZ112: 2386.83 | BA112: 2166.43 | BB112: 4301.29 | BC112: 2761.26 | BF112: PM-Shoulder | BG112: 14.98 | BH112: 12.29 | BI112: 12.6 | BJ112: 24.94 | BK112: 20.69 | BL112: 14.4 | BM112: 12.8 | BN112: 28.8 | BO112: 8.32 | BP112: 8.32 | BQ112: 8.32 | BR112: 8.32 | BS112: 6.72 | BT112: 6.53 | BU112: 0.96 | BV112: 1.15
B113: PM-Peak | C113: 0.23907719 | D113: 0.36076674 | E113: 0.25501887 | F113: 0.21880547 | G113: 0.23905464 | H113: 0.36211443 | I113: 0.039933638 | J113: 0.30646356 | K113: 0.076219749 | L113: 0.084935192 | M113: 0.063120906 | N113: 0.070277403 | O113: 0.022986226 | P113: 0.28316031 | Q113: 0.24568472 | R113: 0.2262545 | T113: PM-Peak | U113: 5757.64 | V113: 5534.69 | W113: 3538.13 | X113: 3568.63 | Y113: 3879.95 | Z113: 3967.52 | AA113: 911.25 | AB113: 3980.59 | AC113: 869.68 | AD113: 750.53 | AE113: 695.91 | AF113: 600.07 | AG113: 503.43 | AH113: 1910.85 | AI113: 3817.2 | AJ113: 4183.59 | AM113: PM-Peak | AN113: 16179.65 | AO113: 15699.31 | AP113: 13663.57 | AQ113: 17773.67 | AR113: 19930.62 | AS113: 22694.21 | AT113: 18053.32 | AU113: 18936.76 | AV113: 16523.83 | AW113: 14259.98 | AX113: 13222.2 | AY113: 11401.33 | AZ113: 4530.87 | BA113: 6292.77 | BB113: 6860.29 | BC113: 9930.36 | BF113: PM-Peak | BG113: 17.28 | BH113: 17.28 | BI113: 20.8 | BJ113: 20.67 | BK113: 18.49 | BL113: 25.07 | BM113: 12.8 | BN113: 23.68 | BO113: 8.32 | BP113: 8.32 | BQ113: 8.32 | BR113: 8.32 | BS113: 1.68 | BT113: 6.72 | BU113: 2.16 | BV113: 2.16
B114: PM-Late | C114: 0.040704708 | D114: 0.12207692 | E114: 0.062861117 | F114: 0.020691576 | G114: 0.050786093 | H114: 0.060600948 | I114: 0.05273953 | J114: 0.070634806 | K114: 0.17808721 | L114: 0.1820796 | M114: 0.18423508 | N114: 0.1882714 | O114: 0.066256831 | P114: 0.079962127 | Q114: 0.091613105 | R114: 0.076688901 | T114: PM-Late | U114: 2147.54 | V114: 4384.83 | W114: 1964.21 | X114: 1314.87 | Y114: 2173.4 | Z114: 2430.2 | AA114: 1381.56 | AB114: 1668.15 | AC114: 2207.89 | AD114: 2085.76 | AE114: 2207.93 | AF114: 2085.74 | AG114: 664.35 | AH114: 739.41 | AI114: 2910.36 | AJ114: 3021.92 | AM114: PM-Late | AN114: 7688.56 | AO114: 8455.77 | AP114: 5960.29 | AQ114: 8380.53 | AR114: 5546.5 | AS114: 7041.4 | AT114: 4793.64 | AU114: 7258.35 | AV114: 6898.31 | AW114: 5793.74 | AX114: 6898.27 | AY114: 5793.76 | AZ114: 1849.05 | BA114: 2094.69 | BB114: 6713.94 | BC114: 6342.06 | BF114: PM-Late | BG114: 7.68 | BH114: 7.76 | BI114: 8 | BJ114: 5.21 | BK114: 6.4 | BL114: 6.4 | BM114: 12.8 | BN114: 12.8 | BO114: 8.32 | BP114: 8.32 | BQ114: 8.32 | BR114: 8.32 | BS114: 4.33 | BT114: 4.88 | BU114: 0.96 | BV114: 0.96
T117: ML medium A veh.Miles | AM117: GP medium A veh.Miles | BF117: Implied VOT
...

Sheet Year_2040
B1: Lenght
C2: 11 | D2: 12 | E2: 13 | F2: 14 | G2: 15 | H2: 16 | I2: 17 | J2: 18
B3: Length | C3: 2.4 | D3: 2.5 | E3: 2 | F3: 4 | G3: 2.6 | H3: 2.6 | I3: 2.1 | J3: 0.3
B5: TollLights | T5: ML PCE.Miles | AM5: GP PCE.Miles | BF5: Highway PCE.Miles
B6: Direction | C6: NB | D6: SB | E6: NB | F6: SB | G6: NB | H6: SB | I6: NB | J6: SB | K6: NB | L6: SB | M6: NB | N6: SB | O6: NB | P6: SB | Q6: NB | R6: SB | T6: Direction | U6: NB | V6: SB | W6: NB | X6: SB | Y6: NB | Z6: SB | AA6: NB | AB6: SB | AC6: NB | AD6: SB | AE6: NB | AF6: SB | AG6: NB | AH6: SB | AI6: NB | AJ6: SB | AM6: Direction | AN6: NB | AO6: SB | AP6: NB | AQ6: SB | AR6: NB | AS6: SB | AT6: NB | AU6: SB | AV6: NB | AW6: SB | AX6: NB | AY6: SB | AZ6: NB | BA6: SB | BB6: NB | BC6: SB | BF6: Direction | BG6: NB | BH6: SB | BI6: NB | BJ6: SB | BK6: NB | BL6: SB | BM6: NB | BN6: SB | BO6: NB | BP6: SB | BQ6: NB | BR6: SB | BS6: NB | BT6: SB | BU6: NB | BV6: SB
B7: Segment | C7: 11 | D7: 11 | E7: 12 | F7: 12 | G7: 13 | H7: 13 | I7: 14 | J7: 14 | K7: 15 | L7: 15 | M7: 16 | N7: 16 | O7: 17 | P7: 17 | Q7: 18 | R7: 18 | T7: Segment | U7: 11 | V7: 11 | W7: 12 | X7: 12 | Y7: 13 | Z7: 13 | AA7: 14 | AB7: 14 | AC7: 15 | AD7: 15 | AE7: 16 | AF7: 16 | AG7: 17 | AH7: 17 | AI7: 18 | AJ7: 18 | AM7: Segment | AN7: 11 | AO7: 11 | AP7: 12 | AQ7: 12 | AR7: 13 | AS7: 13 | AT7: 14 | AU7: 14 | AV7: 15 | AW7: 15 | AX7: 16 | AY7: 16 | AZ7: 17 | BA7: 17 | BB7: 18 | BC7: 18 | BF7: Segment | BG7: 11 | BH7: 11 | BI7: 12 | BJ7: 12 | BK7: 13 | BL7: 13 | BM7: 14 | BN7: 14 | BO7: 15 | BP7: 15 | BQ7: 16 | BR7: 16 | BS7: 17 | BT7: 17 | BU7: 18 | BV7: 18
B8: Period | T8: Period | AM8: Period | BF8: Period
B9: Night | C9: 0.2 | D9: 0.2 | E9: 0.2 | F9: 0.2 | G9: 0.2 | H9: 0.2 | I9: 0.2 | J9: 0.2 | K9: 0.2 | L9: 0.2 | M9: 0.2 | N9: 0.2 | O9: 0.2 | P9: 0.2 | Q9: 0.2 | R9: 0.2 | T9: Night | U9: 11965.57 | V9: 11578.56 | W9: 11918.19 | X9: 2609.12 | Y9: 4236.93 | Z9: 3653.55 | AA9: 2965.54 | AB9: 2570.3 | AC9: 2191.54 | AD9: 2720.27 | AE9: 2197.4 | AF9: 6610.24 | AG9: 790.95 | AH9: 727.04 | AI9: 3194.03 | AJ9: 2470.85 | AM9: Night | AN9: 40699.91 | AO9: 40643.4 | AP9: 52811.69 | AQ9: 46892.25 | AR9: 28956.37 | AS9: 25801.75 | AT9: 55309.46 | AU9: 46788.1 | AV9: 40134.38 | AW9: 49311.71 | AX9: 40128.52 | AY9: 43680 | AZ9: 13129.95 | BA9: 12100.91 | BB9: 6410.42 | BC9: 5303.14 | BF9: Night | BG9: 52665.48 | BH9: 52221.96 | BI9: 64729.88 | BJ9: 49501.38 | BK9: 33193.3 | BL9: 29455.3 | BM9: 58275 | BN9: 49358.4 | BO9: 42325.92 | BP9: 52031.98 | BQ9: 42325.92 | BR9: 50290.24 | BS9: 13920.9 | BT9: 12827.96 | BU9: 9604.46 | BV9: 7773.99
B10: AM-Early | C10: 2.1 | D10: 0.8 | E10: 1.64 | F10: 1.02 | G10: 4.18 | H10: 1.02 | I10: 2.1 | J10: 0.8 | K10: 0.86 | L10: 0.98 | M10: 0.86 | N10: 1.12 | O10: 0.8 | P10: 0.8 | Q10: 2.1 | R10: 2.1 | T10: AM-Early | U10: 3777.9 | V10: 2899.63 | W10: 3515.52 | X10: 3513.07 | Y10: 2808.48 | Z10: 2802.44 | AA10: 7068.78 | AB10: 5087.67 | AC10: 3650.87 | AD10: 3927.88 | AE10: 3650.89 | AF10: 3706.41 | AG10: 2609.8 | AH10: 2220.63 | AI10: 498.11 | AJ10: 475.32 | AM10: AM-Early | AN10: 15369.78 | AO10: 10927.49 | AP10: 22870.48 | AQ10: 8815.25 | AR10: 18700.62 | AS10: 7900.96 | AT10: 29612.24 | AU10: 15226.73 | AV10: 12671.15 | AW10: 17652.77 | AX10: 12671.13 | AY10: 17614.24 | AZ10: 7605.44 | BA10: 6152.91 | BB10: 2029.09 | BC10: 1955.2 | BF10: AM-Early | BG10: 19147.69 | BH10: 13827.12 | BI10: 26386 | BJ10: 12328.32 | BK10: 21509.1 | BL10: 10703.4 | BM10: 36681.02 | BN10: 20314.4 | BO10: 16322.02 | BP10: 21580.65 | BQ10: 16322.02 | BR10: 21320.65 | BS10: 10215.24 | BT10: 8373.54 | BU10: 2527.2 | BV10: 2430.52
B11: AM-Peak | C11: 6.3 | D11: 1.58 | E11: 4.2 | F11: 2.1 | G11: 4.37 | H11: 3.14 | I11: 5.43 | J11: 2.08 | K11: 0.8 | L11: 0.8 | M11: 0.8 | N11: 0.8 | O11: 0.8 | P11: 0.8 | Q11: 2.1 | R11: 6.3 | T11: AM-Peak | U11: 16694.29 | V11: 10099.94 | W11: 11859.06 | X11: 18275.58 | Y11: 11785.41 | Z11: 8423.09 | AA11: 22504.66 | AB11: 16822.98 | AC11: 2377.86 | AD11: 10845.97 | AE11: 8308.12 | AF11: 9890.46 | AG11: 6922.87 | AH11: 3347.1 | AI11: 1651.18 | AJ11: 1718.89 | AM11: AM-Peak | AN11: 63767.01 | AO11: 30436.45 | AP11: 89931.31 | AQ11: 40123.33 | AR11: 58165.27 | AS11: 49647.72 | AT11: 122969.76 | AU11: 90852.67 | AV11: 45654.64 | AW11: 43688.16 | AX11: 31351.76 | AY11: 34340.22 | AZ11: 19668.62 | BA11: 15940.35 | BB11: 5229.36 | BC11: 6337.81 | BF11: AM-Peak | BG11: 80461.31 | BH11: 40536.4 | BI11: 101790.38 | BJ11: 58398.91 | BK11: 69950.69 | BL11: 58070.81 | BM11: 145474.41 | BN11: 107675.65 | BO11: 48032.5 | BP11: 54534.13 | BQ11: 39659.88 | BR11: 44230.68 | BS11: 26591.49 | BT11: 19287.45 | BU11: 6880.54 | BV11: 8056.7
B12: AM-Shoulder | C12: 2.1 | D12: 1.42 | E12: 2.1 | F12: 2.1 | G12: 4.2 | H12: 3.68 | I12: 1.68 | J12: 1.32 | K12: 0.8 | L12: 0.29 | M12: 0.8 | N12: 0.8 | O12: 0.8 | P12: 0.8 | Q12: 2.1 | R12: 2.08 | T12: AM-Shoulder | U12: 4130.55 | V12: 3360.16 | W12: 4447.34 | X12: 4716.98 | Y12: 2964.99 | Z12: 2805.29 | AA12: 5632.25 | AB12: 5614.81 | AC12: 993.63 | AD12: 2139.59 | AE12: 794.96 | AF12: 1603.91 | AG12: 936.79 | AH12: 936.75 | AI12: 430.6 | AJ12: 420.64 | AM12: AM-Shoulder | AN12: 17161.77 | AO12: 11092.03 | AP12: 27144.28 | AQ12: 20704.18 | AR12: 19035.01 | AS12: 18346.11 | AT12: 34278.55 | AU12: 29197.79 | AV12: 19102.14 | AW12: 10364.33 | AX12: 15282.92 | AY12: 10900.01 | AZ12: 4912.29 | BA12: 4915.11 | BB12: 1624.8 | BC12: 1559.36 | BF12: AM-Shoulder | BG12: 21292.32 | BH12: 14452.19 | BI12: 31591.63 | BJ12: 25421.16 | BK12: 22000 | BL12: 21151.4 | BM12: 39910.8 | BN12: 34812.6 | BO12: 20095.77 | BP12: 12503.92 | BQ12: 16077.88 | BR12: 12503.92 | BS12: 5849.09 | BT12: 5851.86 | BU12: 2055.4 | BV12: 1980
B13: MD | C13: 1.82 | D13: 2.1 | E13: 2.1 | F13: 2.1 | G13: 2.26 | H13: 2.8 | I13: 0.8 | J13: 0.8 | K13: 1.14 | L13: 0.8 | M13: 1.2 | N13: 0.8 | O13: 0.8 | P13: 0.8 | Q13: 2.1 | R13: 2.1 | T13: MD | U13: 16802.05 | V13: 17403.73 | W13: 22004.44 | X13: 21281.89 | Y13: 14000.52 | Z13: 14003.04 | AA13: 6558.58 | AB13: 8085.07 | AC13: 18227.32 | AD13: 4877.7 | AE13: 18295.5 | AF13: 17261.7 | AG13: 8373.52 | AH13: 7957.99 | AI13: 2555.79 | AJ13: 2440.18 | AM13: MD | AN13: 56262.45 | AO13: 65085.76 | AP13: 92924.74 | AQ13: 86991.15 | AR13: 68364.98 | AS13: 79162.46 | AT13: 130668.42 | AU13: 158400.93 | AV13: 96414.48 | AW13: 93347.05 | AX13: 94356.65 | AY13: 78905.8 | AZ13: 27500.78 | BA13: 26620.61 | BB13: 10314.21 | BC13: 9586.21 | BF13: MD | BG13: 73064.5 | BH13: 82489.49 | BI13: 114929.18 | BJ13: 108273.04 | BK13: 82365.5 | BL13: 93165.5 | BM13: 137227 | BN13: 166486 | BO13: 114641.8 | BP13: 98224.75 | BQ13: 112652.15 | BR13: 96167.5 | BS13: 35874.3 | BT13: 34578.6 | BU13: 12870 | BV13: 12026.39
B14: PM-Shoulder | C14: 2.1 | D14: 2.1 | E14: 2.1 | F14: 4.2 | G14: 4.2 | H14: 4.2 | I14: 1.82 | J14: 4.2 | K14: 0.9 | L14: 0.8 | M14: 0.8 | N14: 0.8 | O14: 0.8 | P14: 0.8 | Q14: 2.08 | R14: 1.84 | T14: PM-Shoulder | U14: 4018.77 | V14: 3697.21 | W14: 4405.13 | X14: 4004.97 | Y14: 3120.97 | Z14: 3325.91 | AA14: 5618.68 | AB14: 5911.01 | AC14: 3873.42 | AD14: 866.39 | AE14: 3733.02 | AF14: 692.99 | AG14: 2238.57 | AH14: 1850.15 | AI14: 457.69 | AJ14: 421.41 | AM14: PM-Shoulder | AN14: 14926.56 | AO14: 12893.76 | AP14: 24438.5 | AQ14: 27620.03 | AR14: 18879.03 | AS14: 20218.73 | AT14: 31001.32 | AU14: 38088.99 | AV14: 16671.21 | AW14: 16584.7 | AX14: 13555.94 | AY14: 13267.49 | AZ14: 7025.31 | BA14: 6388.34 | BB14: 1965.73 | BC14: 1261.59 | BF14: PM-Shoulder | BG14: 18945.34 | BH14: 16590.97 | BI14: 28843.63 | BJ14: 31625 | BK14: 22000 | BL14: 23544.65 | BM14: 36620 | BN14: 44000 | BO14: 20544.63 | BP14: 17451.09 | BQ14: 17288.96 | BR14: 13960.48 | BS14: 9263.88 | BT14: 8238.48 | BU14: 2423.42 | BV14: 1683
B15: PM-Peak | C15: 6.3 | D15: 6.3 | E15: 2.1 | F15: 4.2 | G15: 5.56 | H15: 4.78 | I15: 2.08 | J15: 3.5 | K15: 1.62 | L15: 1.28 | M15: 1.9 | N15: 0.98 | O15: 0.2 | P15: 0.8 | Q15: 2.1 | R15: 6.3 | T15: PM-Peak | U15: 14252.14 | V15: 13600.24 | W15: 15993.47 | X15: 11563.19 | Y15: 8410.46 | Z15: 11716.38 | AA15: 17371.17 | AB15: 16836.96 | AC15: 11175.31 | AD15: 11158.66 | AE15: 14866.85 | AF15: 11146.16 | AG15: 1516.57 | AH15: 6660.06 | AI15: 1860.35 | AJ15: 1475.15 | AM15: PM-Peak | AN15: 60728.41 | AO15: 60482 | AP15: 53998.41 | AQ15: 74966.18 | AR15: 56682.5 | AS15: 58011.48 | AT15: 89552.87 | AU15: 102063.67 | AV15: 53012.61 | AW15: 49533.73 | AX15: 36483.02 | AY15: 37406.42 | AZ15: 13730.38 | BA15: 18159.19 | BB15: 3431.65 | BC15: 5638.97 | BF15: PM-Peak | BG15: 74980.55 | BH15: 74082.24 | BI15: 69991.88 | BJ15: 86529.37 | BK15: 65092.96 | BL15: 69727.86 | BM15: 106924.04 | BN15: 118900.63 | BO15: 64187.92 | BP15: 60692.38 | BQ15: 51349.87 | BR15: 48552.58 | BS15: 15246.95 | BT15: 24819.25 | BU15: 5292 | BV15: 7114.12
B16: PM-Late | C16: 0.8 | D16: 0.86 | E16: 0.8 | F16: 0.8 | G16: 0.8 | H16: 0.8 | I16: 0.8 | J16: 0.8 | K16: 0.8 | L16: 0.8 | M16: 0.8 | N16: 0.8 | O16: 0.8 | P16: 0.8 | Q16: 1.49 | R16: 1.12 | T16: PM-Late | U16: 8949.79 | V16: 10111.52 | W16: 9626.74 | X16: 4649.39 | Y16: 6429.19 | Z16: 7547.24 | AA16: 9849.48 | AB16: 11477.89 | AC16: 10194.9 | AD16: 8509.66 | AE16: 10473.84 | AF16: 9454.33 | AG16: 1934.78 | AH16: 2378.05 | AI16: 1264.06 | AJ16: 1264.61 | AM16: PM-Late | AN16: 27081.89 | AO16: 34109.8 | AP16: 28323.26 | AQ16: 36800.48 | AR16: 16781.51 | AS16: 19105.96 | AT16: 27138.72 | AU16: 35958.71 | AV16: 27137.07 | AW16: 21786.32 | AX16: 26858.13 | AY16: 20841.65 | AZ16: 5692.63 | BA16: 6183.65 | BB16: 4166.68 | BC16: 3250.41 | BF16: PM-Late | BG16: 36031.68 | BH16: 44221.32 | BI16: 37950 | BJ16: 41449.88 | BK16: 23210.7 | BL16: 26653.2 | BM16: 36988.2 | BN16: 47436.6 | BO16: 37331.97 | BP16: 30295.98 | BQ16: 37331.97 | BR16: 30295.98 | BS16: 7627.41 | BT16: 8561.7 | BU16: 5430.74 | BV16: 4515.03
B19: CaptureRateLights | T19: ML Volume (PCE/Period) | AM19: GP Volume (PCE/Period) | BF19: Highway Volume
B20: Direction | C20: NB | D20: SB | E20: NB | F20: SB | G20: NB | H20: SB | I20: NB | J20: SB | K20: NB | L20: SB | M20: NB | N20: SB | O20: NB | P20: SB | Q20: NB | R20: SB | T20: Direction | U20: NB | V20: SB | W20: NB | X20: SB | Y20: NB | Z20: SB | AA20: NB | AB20: SB | AC20: NB | AD20: SB | AE20: NB | AF20: SB | AG20: NB | AH20: SB | AI20: NB | AJ20: SB | AM20: Direction | AN20: NB | AO20: SB | AP20: NB | AQ20: SB | AR20: NB | AS20: SB | AT20: NB | AU20: SB | AV20: NB | AW20: SB | AX20: NB | AY20: SB | AZ20: NB | BA20: SB | BB20: NB | BC20: SB | BF20: Direction | BG20: NB | BH20: SB | BI20: NB | BJ20: SB | BK20: NB | BL20: SB | BM20: NB | BN20: SB | BO20: NB | BP20: SB | BQ20: NB | BR20: SB | BS20: NB | BT20: SB | BU20: NB | BV20: SB
B21: Segment | C21: 11 | D21: 11 | E21: 12 | F21: 12 | G21: 13 | H21: 13 | I21: 14 | J21: 14 | K21: 15 | L21: 15 | M21: 16 | N21: 16 | O21: 17 | P21: 17 | Q21: 18 | R21: 18 | T21: Segment | U21: 11 | V21: 11 | W21: 12 | X21: 12 | Y21: 13 | Z21: 13 | AA21: 14 | AB21: 14 | AC21: 15 | AD21: 15 | AE21: 16 | AF21: 16 | AG21: 17 | AH21: 17 | AI21: 18 | AJ21: 18 | AM21: Segment | AN21: 11 | AO21: 11 | AP21: 12 | AQ21: 12 | AR21: 13 | AS21: 13 | AT21: 14 | AU21: 14 | AV21: 15 | AW21: 15 | AX21: 16 | AY21: 16 | AZ21: 17 | BA21: 17 | BB21: 18 | BC21: 18 | BF21: Segment | BG21: 11 | BH21: 11 | BI21: 12 | BJ21: 12 | BK21: 13 | BL21: 13 | BM21: 14 | BN21: 14 | BO21: 15 | BP21: 15 | BQ21: 16 | BR21: 16 | BS21: 17 | BT21: 17 | BU21: 18 | BV21: 18
B22: Period | T22: Period | AM22: Period | BF22: Period
B23: Night | C23: 0.24 | D23: 0.23 | E23: 0.19 | F23: 0.05 | G23: 0.15 | H23: 0.15 | I23: 0.05 | J23: 0.05 | K23: 0.05 | L23: 0.05 | M23: 0.05 | N23: 0.17 | O23: 0.06 | P23: 0.06 | Q23: 0.35 | R23: 0.35 | T23: Night | U23: 4985.65 | V23: 4824.4 | W23: 4767.27 | X23: 1043.65 | Y23: 2118.46 | Z23: 1826.78 | AA23: 741.38 | AB23: 642.58 | AC23: 842.9 | AD23: 1046.26 | AE23: 845.15 | AF23: 2542.4 | AG23: 376.64 | AH23: 346.21 | AI23: 10646.78 | AJ23: 8236.18 | AM23: Night | AN23: 16958.3 | AO23: 16934.75 | AP23: 21124.68 | AQ23: 18756.9 | AR23: 14478.19 | AS23: 12900.87 | AT23: 13827.37 | AU23: 11697.02 | AV23: 15436.3 | AW23: 18966.04 | AX23: 15434.05 | AY23: 16800 | AZ23: 6252.36 | BA23: 5762.34 | BB23: 21368.07 | BC23: 17677.12 | BF23: Night | BG23: 21943.95 | BH23: 21759.15 | BI23: 25891.95 | BJ23: 19800.55 | BK23: 16596.65 | BL23: 14727.65 | BM23: 14568.75 | BN23: 12339.6 | BO23: 16279.2 | BP23: 20012.3 | BQ23: 16279.2 | BR23: 19342.4 | BS23: 6629 | BT23: 6108.55 | BU23: 32014.85 | BV23: 25913.3
B24: AM-Early | C24: 0.22 | D24: 0.25 | E24: 0.15 | F24: 0.29 | G24: 0.14 | H24: 0.29 | I24: 0.21 | J24: 0.29 | K24: 0.27 | L24: 0.21 | M24: 0.27 | N24: 0.21 | O24: 0.29 | P24: 0.3 | Q24: 0.22 | R24: 0.24 | T24: AM-Early | U24: 1574.13 | V24: 1208.18 | W24: 1406.21 | X24: 1405.23 | Y24: 1404.24 | Z24: 1401.22 | AA24: 1767.2 | AB24: 1271.92 | AC24: 1404.18 | AD24: 1510.72 | AE24: 1404.19 | AF24: 1425.54 | AG24: 1242.76 | AH24: 1057.44 | AI24: 1660.36 | AJ24: 1584.4 | AM24: AM-Early | AN24: 6404.08 | AO24: 4553.12 | AP24: 9148.19 | AQ24: 3526.1 | AR24: 9350.31 | AS24: 3950.48 | AT24: 7403.06 | AU24: 3806.68 | AV24: 4873.52 | AW24: 6789.53 | AX24: 4873.51 | AY24: 6774.71 | AZ24: 3621.64 | BA24: 2929.96 | BB24: 6763.64 | BC24: 6517.32 | BF24: AM-Early | BG24: 7978.2 | BH24: 5761.3 | BI24: 10554.4 | BJ24: 4931.33 | BK24: 10754.55 | BL24: 5351.7 | BM24: 9170.26 | BN24: 5078.6 | BO24: 6277.7 | BP24: 8300.25 | BQ24: 6277.7 | BR24: 8200.25 | BS24: 4864.4 | BT24: 3987.4 | BU24: 8424 | BV24: 8101.72
B25: AM-Peak | C25: 0.24 | D25: 0.29 | E25: 0.14 | F25: 0.37 | G25: 0.19 | H25: 0.17 | I25: 0.17 | J25: 0.19 | K25: 0.05 | L25: 0.24 | M25: 0.25 | N25: 0.27 | O25: 0.31 | P25: 0.21 | Q25: 0.28 | R25: 0.26 | T25: AM-Peak | U25: 6955.96 | V25: 4208.31 | W25: 4743.63 | X25: 7310.23 | Y25: 5892.71 | Z25: 4211.55 | AA25: 5626.16 | AB25: 4205.74 | AC25: 914.56 | AD25: 4171.53 | AE25: 3195.43 | AF25: 3804.02 | AG25: 3296.6 | AH25: 1593.85 | AI25: 5503.95 | AJ25: 5729.62 | AM25: AM-Peak | AN25: 26569.59 | AO25: 12681.86 | AP25: 35972.52 | AQ25: 16049.33 | AR25: 29082.64 | AS25: 24823.86 | AT25: 30742.44 | AU25: 22713.17 | AV25: 17559.48 | AW25: 16803.14 | AX25: 12058.37 | AY25: 13207.78 | AZ25: 9366.01 | BA25: 7590.65 | BB25: 17431.2 | BC25: 21126.03 | BF25: AM-Peak | BG25: 33525.54 | BH25: 16890.16 | BI25: 40716.15 | BJ25: 23359.57 | BK25: 34975.34 | BL25: 29035.41 | BM25: 36368.6 | BN25: 26918.91 | BO25: 18474.04 | BP25: 20974.66 | BQ25: 15253.8 | BR25: 17011.8 | BS25: 12662.61 | BT25: 9184.5 | BU25: 22935.15 | BV25: 26855.65
B26: AM-Shoulder | C26: 0.23 | D26: 0.28 | E26: 0.18 | F26: 0.22 | G26: 0.16 | H26: 0.16 | I26: 0.17 | J26: 0.19 | K26: 0.05 | L26: 0.21 | M26: 0.05 | N26: 0.16 | O26: 0.2 | P26: 0.2 | Q26: 0.26 | R26: 0.27 | T26: AM-Shoulder | U26: 1721.06 | V26: 1400.07 | W26: 1778.94 | X26: 1886.79 | Y26: 1482.5 | Z26: 1402.64 | AA26: 1408.06 | AB26: 1403.7 | AC26: 382.17 | AD26: 822.92 | AE26: 305.76 | AF26: 616.89 | AG26: 446.09 | AH26: 446.07 | AI26: 1435.34 | AJ26: 1402.13 | AM26: AM-Shoulder | AN26: 7150.74 | AO26: 4621.68 | AP26: 10857.71 | AQ26: 8281.67 | AR26: 9517.5 | AS26: 9173.06 | AT26: 8569.64 | AU26: 7299.45 | AV26: 7346.98 | AW26: 3986.28 | AX26: 5878.04 | AY26: 4192.31 | AZ26: 2339.19 | BA26: 2340.53 | BB26: 5415.99 | BC26: 5197.87 | BF26: AM-Shoulder | BG26: 8871.8 | BH26: 6021.74 | BI26: 12636.65 | BJ26: 10168.46 | BK26: 11000 | BL26: 10575.7 | BM26: 9977.7 | BN26: 8703.15 | BO26: 7729.14 | BP26: 4809.2 | BQ26: 6183.8 | BR26: 4809.2 | BS26: 2785.28 | BT26: 2786.6 | BU26: 6851.33 | BV26: 6600
B27: MD | C27: 0.27 | D27: 0.25 | E27: 0.24 | F27: 0.24 | G27: 0.2 | H27: 0.17 | I27: 0.05 | J27: 0.05 | K27: 0.19 | L27: 0.05 | M27: 0.19 | N27: 0.21 | O27: 0.27 | P27: 0.27 | Q27: 0.25 | R27: 0.25 | T27: MD | U27: 7000.85 | V27: 7251.55 | W27: 8801.78 | X27: 8512.76 | Y27: 7000.26 | Z27: 7001.52 | AA27: 1639.65 | AB27: 2021.27 | AC27: 7010.51 | AD27: 1876.04 | AE27: 7036.73 | AF27: 6639.12 | AG27: 3987.39 | AH27: 3789.52 | AI27: 8519.29 | AJ27: 8133.93 | AM27: MD | AN27: 23442.69 | AO27: 27119.07 | AP27: 37169.9 | AQ27: 34796.46 | AR27: 34182.49 | AS27: 39581.23 | AT27: 32667.1 | AU27: 39600.23 | AV27: 37082.49 | AW27: 35902.71 | AX27: 36291.02 | AY27: 30348.38 | AZ27: 13095.61 | BA27: 12676.48 | BB27: 34380.71 | BC27: 31954.02 | BF27: MD | BG27: 30443.54 | BH27: 34370.62 | BI27: 45971.67 | BJ27: 43309.21 | BK27: 41182.75 | BL27: 46582.75 | BM27: 34306.75 | BN27: 41621.5 | BO27: 44093 | BP27: 37778.75 | BQ27: 43327.75 | BR27: 36987.5 | BS27: 17083 | BT27: 16466 | BU27: 42900 | BV27: 40087.95
B28: PM-Shoulder | C28: 0.25 | D28: 0.26 | E28: 0.19 | F28: 0.15 | G28: 0.16 | H28: 0.16 | I28: 0.17 | J28: 0.15 | K28: 0.21 | L28: 0.05 | M28: 0.24 | N28: 0.05 | O28: 0.28 | P28: 0.26 | Q28: 0.24 | R28: 0.29 | T28: PM-Shoulder | U28: 1674.49 | V28: 1540.5 | W28: 1762.05 | X28: 1601.99 | Y28: 1560.49 | Z28: 1662.96 | AA28: 1404.67 | AB28: 1477.75 | AC28: 1489.78 | AD28: 333.23 | AE28: 1435.78 | AF28: 266.54 | AG28: 1065.99 | AH28: 881.02 | AI28: 1525.65 | AJ28: 1404.71 | AM28: PM-Shoulder | AN28: 6219.4 | AO28: 5372.4 | AP28: 9775.4 | AQ28: 11048.01 | AR28: 9439.51 | AS28: 10109.37 | AT28: 7750.33 | AU28: 9522.25 | AV28: 6412 | AW28: 6378.73 | AX28: 5213.82 | AY28: 5102.88 | AZ28: 3345.38 | BA28: 3042.07 | BB28: 6552.42 | BC28: 4205.29 | BF28: PM-Shoulder | BG28: 7893.89 | BH28: 6912.91 | BI28: 11537.45 | BJ28: 12650 | BK28: 11000 | BL28: 11772.32 | BM28: 9155 | BN28: 11000 | BO28: 7901.78 | BP28: 6711.96 | BQ28: 6649.6 | BR28: 5369.42 | BS28: 4411.37 | BT28: 3923.09 | BU28: 8078.07 | BV28: 5610
B29: PM-Peak | C29: 0.22 | D29: 0.21 | E29: 0.27 | F29: 0.17 | G29: 0.15 | H29: 0.18 | I29: 0.19 | J29: 0.15 | K29: 0.2 | L29: 0.22 | M29: 0.34 | N29: 0.27 | O29: 0.1 | P29: 0.3 | Q29: 0.41 | R29: 0.25 | T29: PM-Peak | U29: 5938.39 | V29: 5666.77 | W29: 6397.39 | X29: 4625.28 | Y29: 4205.23 | Z29: 5858.19 | AA29: 4342.79 | AB29: 4209.24 | AC29: 4298.19 | AD29: 4291.79 | AE29: 5718.02 | AF29: 4286.98 | AG29: 722.18 | AH29: 3171.46 | AI29: 6201.16 | AJ29: 4917.18 | AM29: PM-Peak | AN29: 25303.5 | AO29: 25200.83 | AP29: 21599.36 | AQ29: 29986.47 | AR29: 28341.25 | AS29: 29005.74 | AT29: 22388.22 | AU29: 25515.92 | AV29: 20389.47 | AW29: 19051.43 | AX29: 14031.93 | AY29: 14387.08 | AZ29: 6538.27 | BA29: 8647.23 | BB29: 11438.84 | BC29: 18796.57 | BF29: PM-Peak | BG29: 31241.9 | BH29: 30867.6 | BI29: 27996.75 | BJ29: 34611.75 | BK29: 32546.48 | BL29: 34863.93 | BM29: 26731.01 | BN29: 29725.16 | BO29: 24687.66 | BP29: 23343.22 | BQ29: 19749.95 | BR29: 18674.07 | BS29: 7260.45 | BT29: 11818.69 | BU29: 17640 | BV29: 23713.75
B30: PM-Late | C30: 0.29 | D30: 0.26 | E30: 0.29 | F30: 0.14 | G30: 0.29 | H30: 0.29 | I30: 0.29 | J30: 0.27 | K30: 0.29 | L30: 0.29 | M30: 0.33 | N30: 0.34 | O30: 0.28 | P30: 0.31 | Q30: 0.3 | R30: 0.34 | T30: PM-Late | U30: 3729.08 | V30: 4213.13 | W30: 3850.7 | X30: 1859.76 | Y30: 3214.6 | Z30: 3773.62 | AA30: 2462.37 | AB30: 2869.47 | AC30: 3921.12 | AD30: 3272.95 | AE30: 4028.4 | AF30: 3636.28 | AG30: 921.32 | AH30: 1132.4 | AI30: 4213.54 | AJ30: 4215.38 | AM30: PM-Late | AN30: 11284.12 | AO30: 14212.42 | AP30: 11329.3 | AQ30: 14720.19 | AR30: 8390.75 | AS30: 9552.98 | AT30: 6784.68 | AU30: 8989.68 | AV30: 10437.33 | AW30: 8379.35 | AX30: 10330.05 | AY30: 8016.02 | AZ30: 2710.78 | BA30: 2944.6 | BB30: 13888.93 | BC30: 10834.71 | BF30: PM-Late | BG30: 15013.2 | BH30: 18425.55 | BI30: 15180 | BJ30: 16579.95 | BK30: 11605.35 | BL30: 13326.6 | BM30: 9247.05 | BN30: 11859.15 | BO30: 14358.45 | BP30: 11652.3 | BQ30: 14358.45 | BR30: 11652.3 | BS30: 3632.1 | BT30: 4077 | BU30: 18102.46 | BV30: 15050.09
B33: Revenue Per Period | T33: ML Flow (PCE/hr) | AM33: GP Flow (PCE/hr) | BF33: Highway Flow
B34: Direction | C34: NB | D34: SB | E34: NB | F34: SB | G34: NB | H34: SB | I34: NB | J34: SB | K34: NB | L34: SB | M34: NB | N34: SB | O34: NB | P34: SB | Q34: NB | R34: SB | T34: Direction | U34: NB | V34: SB | W34: NB | X34: SB | Y34: NB | Z34: SB | AA34: NB | AB34: SB | AC34: NB | AD34: SB | AE34: NB | AF34: SB | AG34: NB | AH34: SB | AI34: NB | AJ34: SB | AM34: Direction | AN34: NB | AO34: SB | AP34: NB | AQ34: SB | AR34: NB | AS34: SB | AT34: NB | AU34: SB | AV34: NB | AW34: SB | AX34: NB | AY34: SB | AZ34: NB | BA34: SB | BB34: NB | BC34: SB | BF34: Direction | BG34: NB | BH34: SB | BI34: NB | BJ34: SB | BK34: NB | BL34: SB | BM34: NB | BN34: SB | BO34: NB | BP34: SB | BQ34: NB | BR34: SB | BS34: NB | BT34: SB | BU34: NB | BV34: SB
B35: Segment | C35: 11 | D35: 11 | E35: 12 | F35: 12 | G35: 13 | H35: 13 | I35: 14 | J35: 14 | K35: 15 | L35: 15 | M35: 16 | N35: 16 | O35: 17 | P35: 17 | Q35: 18 | R35: 18 | T35: Segment | U35: 11 | V35: 11 | W35: 12 | X35: 12 | Y35: 13 | Z35: 13 | AA35: 14 | AB35: 14 | AC35: 15 | AD35: 15 | AE35: 16 | AF35: 16 | AG35: 17 | AH35: 17 | AI35: 18 | AJ35: 18 | AM35: Segment | AN35: 11 | AO35: 11 | AP35: 12 | AQ35: 12 | AR35: 13 | AS35: 13 | AT35: 14 | AU35: 14 | AV35: 15 | AW35: 15 | AX35: 16 | AY35: 16 | AZ35: 17 | BA35: 17 | BB35: 18 | BC35: 18 | BF35: Segment | BG35: 11 | BH35: 11 | BI35: 12 | BJ35: 12 | BK35: 13 | BL35: 13 | BM35: 14 | BN35: 14 | BO35: 15 | BP35: 15 | BQ35: 16 | BR35: 16 | BS35: 17 | BT35: 17 | BU35: 18 | BV35: 18
B36: Period | T36: Period | AM36: Period | BF36: Period
B37: Night | C37: 2993.14 | D37: 2915.99 | E37: 3097.88 | F37: 716.45 | G37: 931.15 | H37: 815.9 | I37: 711.2 | J37: 650.73 | K37: 571.01 | L37: 677 | M37: 572.37 | N37: 1497.54 | O37: 197.2 | P37: 182.85 | Q37: 821.31 | R37: 664.54 | T37: Night | U37: 712.24 | V37: 689.2 | W37: 681.04 | X37: 149.09 | Y37: 302.64 | Z37: 260.97 | AA37: 105.91 | AB37: 91.8 | AC37: 120.41 | AD37: 149.47 | AE37: 120.74 | AF37: 363.2 | AG37: 53.81 | AH37: 49.46 | AI37: 1520.97 | AJ37: 1176.6 | AM37: Night | AN37: 2422.61 | AO37: 2419.25 | AP37: 3017.81 | AQ37: 2679.56 | AR37: 2068.31 | AS37: 1842.98 | AT37: 1975.34 | AU37: 1671 | AV37: 2205.19 | AW37: 2709.43 | AX37: 2204.86 | AY37: 2400 | AZ37: 893.19 | BA37: 823.19 | BB37: 3052.58 | BC37: 2525.3 | BF37: Night | BG37: 3134.85 | BH37: 3108.45 | BI37: 3698.85 | BJ37: 2828.65 | BK37: 2370.95 | BL37: 2103.95 | BM37: 2081.25 | BN37: 1762.8 | BO37: 2325.6 | BP37: 2858.9 | BQ37: 2325.6 | BR37: 2763.2 | BS37: 947 | BT37: 872.65 | BU37: 4573.55 | BV37: 3701.9
B38: AM-Early | C38: 8528.95 | D38: 2582.22 | E38: 6238.43 | F38: 4406.99 | G38: 12271.85 | H38: 3123.05 | I38: 15563.28 | J38: 4503.61 | K38: 3539.42 | L38: 4178.25 | M38: 3539.38 | N38: 4393.42 | O38: 2320.8 | P38: 1976.04 | Q38: 1138.04 | R38: 1146.94 | T38: AM-Early | U38: 1574.13 | V38: 1208.18 | W38: 1406.21 | X38: 1405.23 | Y38: 1404.24 | Z38: 1401.22 | AA38: 1767.2 | AB38: 1271.92 | AC38: 1404.18 | AD38: 1510.72 | AE38: 1404.19 | AF38: 1425.54 | AG38: 1242.76 | AH38: 1057.44 | AI38: 1660.36 | AJ38: 1584.4 | AM38: AM-Early | AN38: 6404.08 | AO38: 4553.12 | AP38: 9148.19 | AQ38: 3526.1 | AR38: 9350.31 | AS38: 3950.48 | AT38: 7403.06 | AU38: 3806.68 | AV38: 4873.52 | AW38: 6789.53 | AX38: 4873.51 | AY38: 6774.71 | AZ38: 3621.64 | BA38: 2929.96 | BB38: 6763.64 | BC38: 6517.32 | BF38: AM-Early | BG38: 7978.2 | BH38: 5761.3 | BI38: 10554.4 | BJ38: 4931.33 | BK38: 10754.55 | BL38: 5351.7 | BM38: 9170.26 | BN38: 5078.6 | BO38: 6277.7 | BP38: 8300.25 | BQ38: 6277.7 | BR38: 8200.25 | BS38: 4864.4 | BT38: 3987.4 | BU38: 8424 | BV38: 8101.72
B39: AM-Peak | C39: 116058.94 | D39: 18086.07 | E39: 54992.4 | F39: 45547.25 | G39: 55253.02 | H39: 28842.29 | I39: 131302.48 | J39: 38890.24 | K39: 2326.09 | L39: 9759.86 | M39: 7577.95 | N39: 8936.8 | O39: 6364.97 | P39: 3046.29 | Q39: 3875.5 | R39: 12478.7 | T39: AM-Peak | U39: 2318.65 | V39: 1402.77 | W39: 1581.21 | X39: 2436.74 | Y39: 1964.24 | Z39: 1403.85 | AA39: 1875.39 | AB39: 1401.91 | AC39: 304.85 | AD39: 1390.51 | AE39: 1065.14 | AF39: 1268.01 | AG39: 1098.87 | AH39: 531.28 | AI39: 1834.65 | AJ39: 1909.87 | AM39: AM-Peak | AN39: 8856.53 | AO39: 4227.29 | AP39: 11990.84 | AQ39: 5349.78 | AR39: 9694.21 | AS39: 8274.62 | AT39: 10247.48 | AU39: 7571.06 | AV39: 5853.16 | AW39: 5601.05 | AX39: 4019.46 | AY39: 4402.59 | AZ39: 3122 | BA39: 2530.22 | BB39: 5810.4 | BC39: 7042.01 | BF39: AM-Peak | BG39: 11175.18 | BH39: 5630.06 | BI39: 13572.05 | BJ39: 7786.52 | BK39: 11658.45 | BL39: 9678.47 | BM39: 12122.87 | BN39: 8972.97 | BO39: 6158.01 | BP39: 6991.55 | BQ39: 5084.6 | BR39: 5670.6 | BS39: 4220.87 | BT39: 3061.5 | BU39: 7645.05 | BV39: 8951.88
B40: AM-Shoulder | C40: 9893.02 | D40: 5502.99 | E40: 10907.01 | F40: 11809.56 | G40: 13560.84 | H40: 11513.52 | I40: 10402.3 | J40: 8258.32 | K40: 971.01 | L40: 712.36 | M40: 776.92 | N40: 1440.31 | O40: 867.04 | P40: 867.5 | Q40: 1065.16 | R40: 1029.98 | T40: AM-Shoulder | U40: 1721.06 | V40: 1400.07 | W40: 1778.94 | X40: 1886.79 | Y40: 1482.5 | Z40: 1402.64 | AA40: 1408.06 | AB40: 1403.7 | AC40: 382.17 | AD40: 822.92 | AE40: 305.76 | AF40: 616.89 | AG40: 446.09 | AH40: 446.07 | AI40: 1435.34 | AJ40: 1402.13 | AM40: AM-Shoulder | AN40: 7150.74 | AO40: 4621.68 | AP40: 10857.71 | AQ40: 8281.67 | AR40: 9517.5 | AS40: 9173.06 | AT40: 8569.64 | AU40: 7299.45 | AV40: 7346.98 | AW40: 3986.28 | AX40: 5878.04 | AY40: 4192.31 | AZ40: 2339.19 | BA40: 2340.53 | BB40: 5415.99 | BC40: 5197.87 | BF40: AM-Shoulder | BG40: 8871.8 | BH40: 6021.74 | BI40: 12636.65 | BJ40: 10168.46 | BK40: 11000 | BL40: 10575.7 | BM40: 9977.7 | BN40: 8703.15 | BO40: 7729.14 | BP40: 4809.2 | BQ40: 6183.8 | BR40: 4809.2 | BS40: 2785.28 | BT40: 2786.6 | BU40: 6851.33 | BV40: 6600
B41: MD | C41: 34212.13 | D41: 40740.15 | E41: 53743.48 | F41: 51614.89 | G41: 34621.52 | H41: 42185.12 | I41: 6062.83 | J41: 7426.76 | K41: 22758.87 | L41: 4670.22 | M41: 24047.61 | N41: 15398.9 | O41: 7546.38 | P41: 7176.05 | Q41: 6240.53 | R41: 5903.72 | T41: MD | U41: 1400.17 | V41: 1450.31 | W41: 1760.36 | X41: 1702.55 | Y41: 1400.05 | Z41: 1400.3 | AA41: 327.93 | AB41: 404.25 | AC41: 1402.1 | AD41: 375.21 | AE41: 1407.35 | AF41: 1327.82 | AG41: 797.48 | AH41: 757.9 | AI41: 1703.86 | AJ41: 1626.79 | AM41: MD | AN41: 4688.54 | AO41: 5423.81 | AP41: 7433.98 | AQ41: 6959.29 | AR41: 6836.5 | AS41: 7916.25 | AT41: 6533.42 | AU41: 7920.05 | AV41: 7416.5 | AW41: 7180.54 | AX41: 7258.2 | AY41: 6069.68 | AZ41: 2619.12 | BA41: 2535.3 | BB41: 6876.14 | BC41: 6390.8 | BF41: MD | BG41: 6088.71 | BH41: 6874.12 | BI41: 9194.33 | BJ41: 8661.84 | BK41: 8236.55 | BL41: 9316.55 | BM41: 6861.35 | BN41: 8324.3 | BO41: 8818.6 | BP41: 7555.75 | BQ41: 8665.55 | BR41: 7397.5 | BS41: 3416.6 | BT41: 3293.2 | BU41: 8580 | BV41: 8017.59
B42: PM-Shoulder | C42: 9215.07 | D42: 8364.59 | E42: 10372.14 | F42: 18106.67 | G42: 13895.85 | H42: 14582.47 | I42: 10825.19 | J42: 25753.84 | K42: 3686.94 | L42: 795.87 | M42: 3173.31 | N42: 636.53 | O42: 1926.11 | P42: 1589.71 | Q42: 1071.21 | R42: 845.19 | T42: PM-Shoulder | U42: 1674.49 | V42: 1540.5 | W42: 1762.05 | X42: 1601.99 | Y42: 1560.49 | Z42: 1662.96 | AA42: 1404.67 | AB42: 1477.75 | AC42: 1489.78 | AD42: 333.23 | AE42: 1435.78 | AF42: 266.54 | AG42: 1065.99 | AH42: 881.02 | AI42: 1525.65 | AJ42: 1404.71 | AM42: PM-Shoulder | AN42: 6219.4 | AO42: 5372.4 | AP42: 9775.4 | AQ42: 11048.01 | AR42: 9439.51 | AS42: 10109.37 | AT42: 7750.33 | AU42: 9522.25 | AV42: 6412 | AW42: 6378.73 | AX42: 5213.82 | AY42: 5102.88 | AZ42: 3345.38 | BA42: 3042.07 | BB42: 6552.42 | BC42: 4205.29 | BF42: PM-Shoulder | BG42: 7893.89 | BH42: 6912.91 | BI42: 11537.45 | BJ42: 12650 | BK42: 11000 | BL42: 11772.32 | BM42: 9155 | BN42: 11000 | BO42: 7901.78 | BP42: 6711.96 | BQ42: 6649.6 | BR42: 5369.42 | BS42: 4411.37 | BT42: 3923.09 | BU42: 8078.07 | BV42: 5610
B43: PM-Peak | C43: 96084.15 | D43: 92044.38 | E43: 37713.04 | F43: 53361.28 | G43: 49083.95 | H43: 58285.51 | I43: 38320.07 | J43: 61203.05 | K43: 19095.07 | L43: 15453.77 | M43: 28902.35 | N43: 11878.64 | O43: 341.76 | P43: 5686.9 | Q43: 4481.47 | R43: 10311.53 | T43: PM-Peak | U43: 1979.46 | V43: 1888.92 | W43: 2132.46 | X43: 1541.76 | Y43: 1401.74 | Z43: 1952.73 | AA43: 1447.6 | AB43: 1403.08 | AC43: 1432.73 | AD43: 1430.6 | AE43: 1906.01 | AF43: 1428.99 | AG43: 240.73 | AH43: 1057.15 | AI43: 2067.05 | AJ43: 1639.06 | AM43: PM-Peak | AN43: 8434.5 | AO43: 8400.28 | AP43: 7199.79 | AQ43: 9995.49 | AR43: 9447.08 | AS43: 9668.58 | AT43: 7462.74 | AU43: 8505.31 | AV43: 6796.49 | AW43: 6350.48 | AX43: 4677.31 | AY43: 4795.69 | AZ43: 2179.42 | BA43: 2882.41 | BB43: 3812.95 | BC43: 6265.52 | BF43: PM-Peak | BG43: 10413.97 | BH43: 10289.2 | BI43: 9332.25 | BJ43: 11537.25 | BK43: 10848.83 | BL43: 11621.31 | BM43: 8910.34 | BN43: 9908.39 | BO43: 8229.22 | BP43: 7781.07 | BQ43: 6583.32 | BR43: 6224.69 | BS43: 2420.15 | BT43: 3939.56 | BU43: 5880 | BV43: 7904.58
B44: PM-Late | C44: 7818.08 | D44: 9320.77 | E44: 9380.04 | F44: 4159.36 | G44: 5918.94 | H44: 6735.02 | I44: 8798.19 | J44: 9646.58 | K44: 9313.13 | L44: 7739.17 | M44: 9205.9 | N44: 8267.23 | O44: 1653.79 | P44: 2033.69 | Q44: 2197.42 | R44: 1611.27 | T44: PM-Late | U44: 1243.03 | V44: 1404.38 | W44: 1283.57 | X44: 619.92 | Y44: 1071.53 | Z44: 1257.87 | AA44: 820.79 | AB44: 956.49 | AC44: 1307.04 | AD44: 1090.98 | AE44: 1342.8 | AF44: 1212.09 | AG44: 307.11 | AH44: 377.47 | AI44: 1404.51 | AJ44: 1405.13 | AM44: PM-Late | AN44: 3761.37 | AO44: 4737.47 | AP44: 3776.43 | AQ44: 4906.73 | AR44: 2796.92 | AS44: 3184.33 | AT44: 2261.56 | AU44: 2996.56 | AV44: 3479.11 | AW44: 2793.12 | AX44: 3443.35 | AY44: 2672.01 | AZ44: 903.59 | BA44: 981.53 | BB44: 4629.64 | BC44: 3611.57 | BF44: PM-Late | BG44: 5004.4 | BH44: 6141.85 | BI44: 5060 | BJ44: 5526.65 | BK44: 3868.45 | BL44: 4442.2 | BM44: 3082.35 | BN44: 3953.05 | BO44: 4786.15 | BP44: 3884.1 | BQ44: 4786.15 | BR44: 3884.1 | BS44: 1210.7 | BT44: 1359 | BU44: 6034.15 | BV44: 5016.7
B47: Revenue Per Period Lights | T47: ML V/C | AM47: GP V/C real | BF47: Highway Vol / GP Capacity
B48: Direction | C48: NB | D48: SB | E48: NB | F48: SB | G48: NB | H48: SB | I48: NB | J48: SB | K48: NB | L48: SB | M48: NB | N48: SB | O48: NB | P48: SB | Q48: NB | R48: SB | T48: Direction | U48: NB | V48: SB | W48: NB | X48: SB | Y48: NB | Z48: SB | AA48: NB | AB48: SB | AC48: NB | AD48: SB | AE48: NB | AF48: SB | AG48: NB | AH48: SB | AI48: NB | AJ48: SB | AM48: Direction | AN48: NB | AO48: SB | AP48: NB | AQ48: SB | AR48: NB | AS48: SB | AT48: NB | AU48: SB | AV48: NB | AW48: SB | AX48: NB | AY48: SB | AZ48: NB | BA48: SB | BB48: NB | BC48: SB | BF48: Direction | BG48: NB | BH48: SB | BI48: NB | BJ48: SB | BK48: NB | BL48: SB | BM48: NB | BN48: SB | BO48: NB | BP48: SB | BQ48: NB | BR48: SB | BS48: NB | BT48: SB | BU48: NB | BV48: SB
B49: Segment | C49: 11 | D49: 11 | E49: 12 | F49: 12 | G49: 13 | H49: 13 | I49: 14 | J49: 14 | K49: 15 | L49: 15 | M49: 16 | N49: 16 | O49: 17 | P49: 17 | Q49: 18 | R49: 18 | T49: Segment | U49: 11 | V49: 11 | W49: 12 | X49: 12 | Y49: 13 | Z49: 13 | AA49: 14 | AB49: 14 | AC49: 15 | AD49: 15 | AE49: 16 | AF49: 16 | AG49: 17 | AH49: 17 | AI49: 18 | AJ49: 18 | AM49: Segment | AN49: 11 | AO49: 11 | AP49: 12 | AQ49: 12 | AR49: 13 | AS49: 13 | AT49: 14 | AU49: 14 | AV49: 15 | AW49: 15 | AX49: 16 | AY49: 16 | AZ49: 17 | BA49: 17 | BB49: 18 | BC49: 18 | BF49: Segment | BG49: 11 | BH49: 11 | BI49: 12 | BJ49: 12 | BK49: 13 | BL49: 13 | BM49: 14 | BN49: 14 | BO49: 15 | BP49: 15 | BQ49: 16 | BR49: 16 | BS49: 17 | BT49: 17 | BU49: 18 | BV49: 18
B50: Period | T50: Period | AM50: Period | BF50: Period
B51: Night | C51: 1480.66 | D51: 1401.22 | E51: 1301.47 | F51: 226.14 | G51: 719.01 | H51: 599.85 | I51: 413.15 | J51: 305.54 | K51: 236.46 | L51: 342.17 | M51: 237.36 | N51: 1056.1 | O51: 98.61 | P51: 88.29 | Q51: 362.63 | R51: 235.54 | T51: Night | U51: 0.2 | V51: 0.19 | W51: 0.19 | X51: 0.04 | Y51: 0.08 | Z51: 0.07 | AA51: 0.03 | AB51: 0.03 | AC51: 0.03 | AD51: 0.04 | AE51: 0.03 | AF51: 0.1 | AG51: 0.01 | AH51: 0.01 | AI51: 0.42 | AJ51: 0.33 | AM51: Night | AN51: 0.3 | AO51: 0.3 | AP51: 0.3 | AQ51: 0.27 | AR51: 0.21 | AS51: 0.18 | AT51: 0.2 | AU51: 0.17 | AV51: 0.22 | AW51: 0.27 | AX51: 0.28 | AY51: 0.3 | AZ51: 0.15 | BA51: 0.14 | BB51: 0.51 | BC51: 0.42 | BF51: Night | BG51: 0.39 | BH51: 0.39 | BI51: 0.37 | BJ51: 0.28 | BK51: 0.24 | BL51: 0.21 | BM51: 0.21 | BN51: 0.18 | BO51: 0.23 | BP51: 0.29 | BQ51: 0.29 | BR51: 0.35 | BS51: 0.16 | BT51: 0.15 | BU51: 0.76 | BV51: 0.62
B52: AM-Early | C52: 6997.98 | D52: 1910.65 | E52: 5028.63 | F52: 2306.29 | G52: 10897.23 | H52: 2441.21 | I52: 13706.4 | J52: 3390.99 | K52: 2521.31 | L52: 3337.05 | M52: 2521.2 | N52: 3768.28 | O52: 1720.83 | P52: 1462.18 | Q52: 902.74 | R52: 766.6 | T52: AM-Early | U52: 0.44 | V52: 0.34 | W52: 0.39 | X52: 0.39 | Y52: 0.39 | Z52: 0.39 | AA52: 0.49 | AB52: 0.35 | AC52: 0.39 | AD52: 0.42 | AE52: 0.39 | AF52: 0.4 | AG52: 0.35 | AH52: 0.29 | AI52: 0.46 | AJ52: 0.44 | AM52: AM-Early | AN52: 0.87 | AO52: 0.62 | AP52: 0.76 | AQ52: 0.77 | AR52: 0.94 | AS52: 0.7 | AT52: 0.87 | AU52: 0.65 | AV52: 0.66 | AW52: 0.68 | AX52: 0.66 | AY52: 0.69 | AZ52: 0.63 | BA52: 0.6 | BB52: 0.87 | BC52: 0.87 | BF52: AM-Early | BG52: 1.08 | BH52: 0.79 | BI52: 0.88 | BJ52: 1.08 | BK52: 1.08 | BL52: 0.94 | BM52: 1.08 | BN52: 0.87 | BO52: 0.85 | BP52: 0.83 | BQ52: 0.85 | BR52: 0.83 | BS52: 0.85 | BT52: 0.82 | BU52: 1.08 | BV52: 1.08
B53: AM-Peak | C53: 88226.45 | D53: 12651.17 | E53: 41760.46 | F53: 27297.13 | G53: 45670.69 | H53: 22670.26 | I53: 108097.51 | J53: 28868.34 | K53: 1245.71 | L53: 6987.57 | M53: 5199.79 | N53: 6314.65 | O53: 4236.43 | P53: 2096.81 | Q53: 2834.7 | R53: 8274.36 | T53: AM-Peak | U53: 0.64 | V53: 0.39 | W53: 0.44 | X53: 0.68 | Y53: 0.55 | Z53: 0.39 | AA53: 0.52 | AB53: 0.39 | AC53: 0.08 | AD53: 0.39 | AE53: 0.3 | AF53: 0.35 | AG53: 0.31 | AH53: 0.15 | AI53: 0.51 | AJ53: 0.53 | AM53: AM-Peak | AN53: 1.11 | AO53: 0.72 | AP53: 0.92 | AQ53: 0.96 | AR53: 0.97 | AS53: 0.83 | AT53: 1.02 | AU53: 0.76 | AV53: 0.59 | AW53: 0.56 | AX53: 0.49 | AY53: 0.54 | AZ53: 0.52 | BA53: 0.32 | BB53: 0.86 | BC53: 1.1 | BF53: AM-Peak | BG53: 1.4 | BH53: 0.96 | BI53: 1.04 | BJ53: 1.4 | BK53: 1.17 | BL53: 0.97 | BM53: 1.21 | BN53: 0.9 | BO53: 0.62 | BP53: 0.7 | BQ53: 0.62 | BR53: 0.7 | BS53: 0.7 | BT53: 0.39 | BU53: 1.13 | BV53: 1.4
B54: AM-Shoulder | C54: 6788.34 | D54: 3644.13 | E54: 6924.67 | F54: 6961.58 | G54: 10716.98 | H54: 8461.9 | I54: 7978.75 | J54: 6092.34 | K54: 522.6 | L54: 502.95 | M54: 418.03 | N54: 1038.74 | O54: 564.14 | P54: 563.37 | Q54: 656.52 | R54: 634.88 | T54: AM-Shoulder | U54: 0.48 | V54: 0.39 | W54: 0.49 | X54: 0.52 | Y54: 0.41 | Z54: 0.39 | AA54: 0.39 | AB54: 0.39 | AC54: 0.11 | AD54: 0.23 | AE54: 0.08 | AF54: 0.17 | AG54: 0.12 | AH54: 0.12 | AI54: 0.4 | AJ54: 0.39 | AM54: AM-Shoulder | AN54: 0.89 | AO54: 0.79 | AP54: 0.86 | AQ54: 0.9 | AR54: 0.95 | AS54: 0.92 | AT54: 0.77 | AU54: 0.73 | AV54: 0.73 | AW54: 0.31 | AX54: 0.73 | AY54: 0.4 | AZ54: 0.39 | BA54: 0.39 | BB54: 0.87 | BC54: 0.87 | BF54: AM-Shoulder | BG54: 1.1 | BH54: 1.03 | BI54: 1 | BJ54: 1.1 | BK54: 1.1 | BL54: 1.06 | BM54: 0.89 | BN54: 0.87 | BO54: 0.77 | BP54: 0.37 | BQ54: 0.77 | BR54: 0.46 | BS54: 0.46 | BT54: 0.46 | BU54: 1.1 | BV54: 1.1
B55: MD | C55: 24968.16 | D55: 30074.43 | E55: 34598.05 | F55: 34017.39 | G55: 27147.25 | H55: 34538.42 | I55: 3969.55 | J55: 4970.43 | K55: 17703.31 | L55: 2711.9 | M55: 18702.64 | N55: 11339.51 | O55: 5368.07 | P55: 5094.77 | Q55: 4021.52 | R55: 3922.58 | T55: MD | U55: 0.39 | V55: 0.4 | W55: 0.49 | X55: 0.47 | Y55: 0.39 | Z55: 0.39 | AA55: 0.09 | AB55: 0.11 | AC55: 0.39 | AD55: 0.1 | AE55: 0.39 | AF55: 0.37 | AG55: 0.22 | AH55: 0.21 | AI55: 0.47 | AJ55: 0.45 | AM55: MD | AN55: 0.85 | AO55: 0.87 | AP55: 0.89 | AQ55: 0.88 | AR55: 0.83 | AS55: 0.86 | AT55: 0.72 | AU55: 0.79 | AV55: 0.68 | AW55: 0.7 | AX55: 0.7 | AY55: 0.61 | AZ55: 0.53 | BA55: 0.52 | BB55: 0.88 | BC55: 0.88 | BF55: MD | BG55: 1.1 | BH55: 1.1 | BI55: 1.1 | BJ55: 1.1 | BK55: 1 | BL55: 1.01 | BM55: 0.75 | BN55: 0.83 | BO55: 0.81 | BP55: 0.74 | BQ55: 0.83 | BR55: 0.74 | BS55: 0.69 | BT55: 0.67 | BU55: 1.1 | BV55: 1.1
B56: PM-Shoulder | C56: 7245.34 | D56: 6841.61 | E56: 7533.51 | F56: 14845.84 | G56: 11875.5 | H56: 13011.95 | I56: 9289.01 | J56: 23369.17 | K56: 3150.49 | L56: 533.91 | M56: 2693.44 | N56: 427.13 | O56: 1578.57 | P56: 1308.06 | Q56: 769.51 | R56: 668.28 | T56: PM-Shoulder | U56: 0.47 | V56: 0.43 | W56: 0.49 | X56: 0.44 | Y56: 0.43 | Z56: 0.46 | AA56: 0.39 | AB56: 0.41 | AC56: 0.41 | AD56: 0.09 | AE56: 0.4 | AF56: 0.07 | AG56: 0.3 | AH56: 0.24 | AI56: 0.42 | AJ56: 0.39 | AM56: PM-Shoulder | AN56: 0.87 | AO56: 0.85 | AP56: 0.85 | AQ56: 0.96 | AR56: 0.94 | AS56: 0.94 | AT56: 0.78 | AU56: 0.95 | AV56: 0.64 | AW56: 0.64 | AX56: 0.62 | AY56: 0.64 | AZ56: 0.56 | BA56: 0.51 | BB56: 0.84 | BC56: 0.82 | BF56: PM-Shoulder | BG56: 1.1 | BH56: 1.1 | BI56: 1 | BJ56: 1.1 | BK56: 1.1 | BL56: 1.1 | BM56: 0.92 | BN56: 1.1 | BO56: 0.79 | BP56: 0.67 | BQ56: 0.79 | BR56: 0.67 | BS56: 0.74 | BT56: 0.65 | BU56: 1.04 | BV56: 1.1
B57: PM-Peak | C57: 80121.06 | D57: 75902.74 | E57: 27294.13 | F57: 41256.31 | G57: 43284.54 | H57: 52411.52 | I57: 32739.12 | J57: 55421.77 | K57: 16574.15 | L57: 12485.39 | M57: 27229.68 | N57: 9456.36 | O57: 243.59 | P57: 4768.16 | Q57: 3031.46 | R57: 7742.7 | T57: PM-Peak | U57: 0.55 | V57: 0.52 | W57: 0.59 | X57: 0.43 | Y57: 0.39 | Z57: 0.54 | AA57: 0.4 | AB57: 0.39 | AC57: 0.4 | AD57: 0.4 | AE57: 0.53 | AF57: 0.4 | AG57: 0.07 | AH57: 0.29 | AI57: 0.57 | AJ57: 0.46 | AM57: PM-Peak | AN57: 1.05 | AO57: 1.04 | AP57: 0.88 | AQ57: 0.92 | AR57: 0.94 | AS57: 0.97 | AT57: 0.75 | AU57: 0.85 | AV57: 0.68 | AW57: 0.64 | AX57: 0.58 | AY57: 0.6 | AZ57: 0.29 | BA57: 0.48 | BB57: 0.91 | BC57: 1.06 | BF57: PM-Peak | BG57: 1.3 | BH57: 1.28 | BI57: 1.14 | BJ57: 1.06 | BK57: 1.08 | BL57: 1.16 | BM57: 0.89 | BN57: 0.99 | BO57: 0.82 | BP57: 0.78 | BQ57: 0.82 | BR57: 0.78 | BS57: 0.32 | BT57: 0.66 | BU57: 1.4 | BV57: 1.34
B58: PM-Late | C58: 6155.73 | D58: 7745.31 | E58: 5162.86 | F58: 3054.58 | G58: 3963.41 | H58: 4974.66 | I58: 6483.41 | J58: 8481.11 | K58: 6404.02 | L58: 5397.3 | M58: 7125.17 | N58: 6496.12 | O58: 1385.97 | P58: 1702.01 | Q58: 1420.76 | R58: 1121.55 | T58: PM-Late | U58: 0.35 | V58: 0.39 | W58: 0.36 | X58: 0.17 | Y58: 0.3 | Z58: 0.35 | AA58: 0.23 | AB58: 0.27 | AC58: 0.36 | AD58: 0.3 | AE58: 0.37 | AF58: 0.34 | AG58: 0.09 | AH58: 0.1 | AI58: 0.39 | AJ58: 0.39 | AM58: PM-Late | AN58: 0.63 | AO58: 0.66 | AP58: 0.65 | AQ58: 0.42 | AR58: 0.65 | AS58: 0.63 | AT58: 0.57 | AU58: 0.56 | AV58: 0.64 | AW58: 0.66 | AX58: 0.63 | AY58: 0.63 | AZ58: 0.38 | BA58: 0.41 | BB58: 0.78 | BC58: 0.73 | BF58: PM-Late | BG58: 0.84 | BH58: 0.85 | BI58: 0.87 | BJ58: 0.47 | BK58: 0.9 | BL58: 0.87 | BM58: 0.77 | BN58: 0.73 | BO58: 0.88 | BP58: 0.91 | BQ58: 0.88 | BR58: 0.91 | BS58: 0.5 | BT58: 0.57 | BU58: 1.02 | BV58: 1.02
B61: Revenue Per Period Medium A | T61: ML Speed | AM61: GP Speed | BF61: Time Saving
B62: Direction | C62: NB | D62: SB | E62: NB | F62: SB | G62: NB | H62: SB | I62: NB | J62: SB | K62: NB | L62: SB | M62: NB | N62: SB | O62: NB | P62: SB | Q62: NB | R62: SB | T62: Direction | U62: NB | V62: SB | W62: NB | X62: SB | Y62: NB | Z62: SB | AA62: NB | AB62: SB | AC62: NB | AD62: SB | AE62: NB | AF62: SB | AG62: NB | AH62: SB | AI62: NB | AJ62: SB | AM62: Direction | AN62: NB | AO62: SB | AP62: NB | AQ62: SB | AR62: NB | AS62: SB | AT62: NB | AU62: SB | AV62: NB | AW62: SB | AX62: NB | AY62: SB | AZ62: NB | BA62: SB | BB62: NB | BC62: SB | BF62: Direction | BG62: NB | BH62: SB | BI62: NB | BJ62: SB | BK62: NB | BL62: SB | BM62: NB | BN62: SB | BO62: NB | BP62: SB | BQ62: NB | BR62: SB | BS62: NB | BT62: SB | BU62: NB | BV62: SB
B63: Segment | C63: 11 | D63: 11 | E63: 12 | F63: 12 | G63: 13 | H63: 13 | I63: 14 | J63: 14 | K63: 15 | L63: 15 | M63: 16 | N63: 16 | O63: 17 | P63: 17 | Q63: 18 | R63: 18 | T63: Segment | U63: 11 | V63: 11 | W63: 12 | X63: 12 | Y63: 13 | Z63: 13 | AA63: 14 | AB63: 14 | AC63: 15 | AD63: 15 | AE63: 16 | AF63: 16 | AG63: 17 | AH63: 17 | AI63: 18 | AJ63: 18 | AM63: Segment | AN63: 11 | AO63: 11 | AP63: 12 | AQ63: 12 | AR63: 13 | AS63: 13 | AT63: 14 | AU63: 14 | AV63: 15 | AW63: 15 | AX63: 16 | AY63: 16 | AZ63: 17 | BA63: 17 | BB63: 18 | BC63: 18 | BF63: Segment | BG63: 11 | BH63: 11 | BI63: 12 | BJ63: 12 | BK63: 13 | BL63: 13 | BM63: 14 | BN63: 14 | BO63: 15 | BP63: 15 | BQ63: 16 | BR63: 16 | BS63: 17 | BT63: 17 | BU63: 18 | BV63: 18
B64: Period | T64: Period | AM64: Period | BF64: Period
B65: Night | C65: 156.46 | D65: 159.9 | E65: 159.28 | F65: 52.02 | G65: 35.38 | H65: 35.89 | I65: 37.34 | J65: 51.34 | K65: 42.41 | L65: 36.07 | M65: 42.45 | N65: 41.22 | O65: 12.56 | P65: 11.67 | Q65: 35.53 | R65: 42.8 | T65: Night | U65: 60 | V65: 60 | W65: 60 | X65: 60 | Y65: 60 | Z65: 60 | AA65: 60 | AB65: 60 | AC65: 75 | AD65: 75 | AE65: 75 | AF65: 75 | AG65: 75 | AH65: 75 | AI65: 59.58 | AJ65: 59.92 | AM65: Night | AN65: 59.95 | AO65: 59.95 | AP65: 59.95 | AQ65: 59.98 | AR65: 55 | AS65: 55 | AT65: 60 | AU65: 60 | AV65: 69.99 | AW65: 69.97 | AX65: 69.97 | AY65: 69.95 | AZ65: 70 | BA65: 70 | BB65: 58.98 | BC65: 59.67 | BF65: Night | BG65: 0 | BH65: 0 | BI65: 0 | BJ65: 0 | BK65: -0.18 | BL65: -0.18 | BM65: 0 | BN65: 0 | BO65: -0.15 | BP65: -0.15 | BQ65: -0.15 | BR65: -0.15 | BS65: -0.12 | BT65: -0.12 | BU65: 0 | BV65: 0
B66: AM-Early | C66: 447.28 | D66: 169.28 | E66: 310.48 | F66: 343.12 | G66: 393.62 | H66: 210.22 | I66: 529.94 | J66: 299.72 | K66: 203.99 | L66: 222.1 | M66: 204 | N66: 229.13 | O66: 160.4 | P66: 136.6 | Q66: 59.9 | R66: 69.07 | T66: AM-Early | U66: 59.48 | V66: 59.9 | W66: 59.74 | X66: 59.75 | Y66: 59.75 | Z66: 59.75 | AA66: 58.93 | AB66: 59.86 | AC66: 74.68 | AD66: 74.5 | AE66: 74.68 | AF66: 74.65 | AG66: 74.85 | AH66: 74.95 | AI66: 59.28 | AJ66: 59.46 | AM66: AM-Early | AN66: 42.12 | AO66: 56.72 | AP66: 50.4 | AQ66: 49.5 | AR66: 32.97 | AS66: 49.42 | AT66: 41.69 | AU66: 55.77 | AV66: 64.58 | AW66: 63.76 | AX66: 64.58 | AY66: 63.41 | AZ66: 65.87 | BA66: 66.86 | BB66: 42.1 | BC66: 41.96 | BF66: AM-Early | BG66: -1 | BH66: -0.13 | BI66: -0.47 | BJ66: -0.52 | BK66: -1.63 | BL66: -0.42 | BM66: -1.68 | BN66: -0.29 | BO66: -0.33 | BP66: -0.35 | BQ66: -0.33 | BR66: -0.37 | BS66: -0.23 | BT66: -0.2 | BU66: -0.12 | BV66: -0.13
B67: AM-Peak | C67: 7951.9 | D67: 1358.37 | E67: 3316.54 | F67: 3288.91 | G67: 2945.61 | H67: 2174.79 | I67: 8019.07 | J67: 3360.27 | K67: 261.56 | L67: 805.66 | M67: 618.38 | N67: 759.96 | O67: 612.62 | P67: 276.21 | Q67: 254.43 | R67: 806.48 | T67: AM-Peak | U67: 54.54 | V67: 59.75 | W67: 59.47 | X67: 52.78 | Y67: 57.96 | Z67: 59.75 | AA67: 58.46 | AB67: 59.75 | AC67: 75 | AD67: 74.7 | AE67: 74.94 | AF67: 74.83 | AG67: 74.93 | AH67: 75 | AI67: 58.66 | AJ67: 58.28 | AM67: AM-Peak | AN67: 21.12 | AO67: 52.72 | AP67: 37.13 | AQ67: 33.48 | AR67: 30.05 | AS67: 41.64 | AT67: 27.8 | AU67: 50.49 | AV67: 67.29 | AW67: 67.9 | AX67: 69.08 | AY67: 68.26 | AZ67: 68.64 | BA67: 69.92 | BB67: 42.78 | BC67: 21.55 | BF67: AM-Peak | BG67: -4.18 | BH67: -0.32 | BI67: -1.52 | BJ67: -1.64 | BK67: -1.92 | BL67: -0.87 | BM67: -4.53 | BN67: -0.74 | BO67: -0.24 | BP67: -0.21 | BQ67: -0.18 | BR67: -0.2 | BS67: -0.15 | BT67: -0.12 | BU67: -0.11 | BV67: -0.53
B68: AM-Shoulder | C68: 721.37 | D68: 344.76 | E68: 761.97 | F68: 928.63 | G68: 826.09 | H68: 833.94 | I68: 892.25 | J68: 531.08 | K68: 101.88 | L68: 52.53 | M68: 81.62 | N68: 101.82 | O68: 81.27 | P68: 81.3 | Q68: 77.03 | R68: 78.47 | T68: AM-Shoulder | U68: 59.1 | V68: 59.75 | W68: 58.89 | X68: 58.4 | Y68: 59.64 | Z68: 59.75 | AA68: 59.74 | AB68: 59.75 | AC68: 75 | AD68: 74.99 | AE68: 75 | AF68: 75 | AG68: 75 | AH68: 75 | AI68: 59.71 | AJ68: 59.75 | AM68: AM-Shoulder | AN68: 40.38 | AO68: 48.02 | AP68: 42.58 | AQ68: 39.55 | AR68: 31.55 | AS68: 34.47 | AT68: 49.74 | AU68: 52.12 | AV68: 60.49 | AW68: 69.94 | AX68: 60.49 | AY68: 69.7 | AZ68: 69.76 | BA68: 69.75 | BB68: 41.89 | BC68: 42.17 | BF68: AM-Shoulder | BG68: -1.13 | BH68: -0.59 | BI68: -0.98 | BJ68: -1.22 | BK68: -1.79 | BL68: -1.47 | BM68: -0.81 | BN68: -0.59 | BO68: -0.5 | BP68: -0.15 | BQ68: -0.5 | BR68: -0.16 | BS68: -0.13 | BT68: -0.13 | BU68: -0.13 | BV68: -0.13
B69: MD | C69: 2048.42 | D69: 2255.62 | E69: 3742.82 | F69: 3433.61 | G69: 1924.15 | H69: 2299.67 | I69: 595.67 | J69: 690.31 | K69: 1215.23 | L69: 476.53 | M69: 1284.85 | N69: 1067.71 | O69: 573.2 | P69: 549.94 | Q69: 429.69 | R69: 387.83 | T69: MD | U69: 59.75 | V69: 59.69 | W69: 58.96 | X69: 59.15 | Y69: 59.75 | Z69: 59.75 | AA69: 60 | AB69: 60 | AC69: 74.69 | AD69: 75 | AE69: 74.68 | AF69: 74.78 | AG69: 74.99 | AH69: 74.99 | AI69: 59.15 | AJ69: 59.36 | AM69: MD | AN69: 43.82 | AO69: 42.03 | AP69: 40.14 | AQ69: 40.64 | AR69: 41.46 | AS69: 39.06 | AT69: 52.87 | AU69: 48.12 | AV69: 63.56 | AW69: 62.56 | AX69: 62.75 | AY69: 66.71 | AZ69: 68.51 | BA69: 68.69 | BB69: 40.83 | BC69: 41.25 | BF69: MD | BG69: -0.88 | BH69: -1.01 | BI69: -1.19 | BJ69: -1.16 | BK69: -0.89 | BL69: -1.06 | BM69: -0.54 | BN69: -0.99 | BO69: -0.37 | BP69: -0.41 | BQ69: -0.4 | BR69: -0.25 | BS69: -0.16 | BT69: -0.15 | BU69: -0.14 | BV69: -0.13
B70: PM-Shoulder | C70: 366.66 | D70: 308.21 | E70: 416.11 | F70: 476.3 | G70: 624.85 | H70: 480.38 | I70: 484.72 | J70: 723.62 | K70: 171.26 | L70: 65.52 | M70: 152.66 | N70: 52.42 | O70: 106.17 | P70: 85.82 | Q70: 43.81 | R70: 24.92 | T70: PM-Shoulder | U70: 59.24 | V70: 59.55 | W70: 58.95 | X70: 59.42 | Y70: 59.51 | Z70: 59.27 | AA70: 59.75 | AB70: 59.65 | AC70: 74.54 | AD70: 75 | AE70: 74.64 | AF70: 75 | AG70: 74.94 | AH70: 74.98 | AI70: 59.57 | AJ70: 59.75 | AM70: PM-Shoulder | AN70: 42.14 | AO70: 43.16 | AP70: 43.57 | AQ70: 33.59 | AR70: 32.21 | AS70: 32.16 | AT70: 49.31 | AU70: 34.37 | AV70: 65.45 | AW70: 65.58 | AX70: 66.25 | AY70: 65.58 | AZ70: 67.96 | BA70: 68.83 | BB70: 44.4 | BC70: 45.65 | BF70: PM-Shoulder | BG70: -0.99 | BH70: -0.92 | BI70: -0.9 | BJ70: -1.94 | BK70: -1.71 | BL70: -1.71 | BM70: -0.85 | BN70: -2.96 | BO70: -0.29 | BP70: -0.3 | BQ70: -0.26 | BR70: -0.3 | BS70: -0.17 | BT70: -0.15 | BU70: -0.1 | BV70: -0.09
B71: PM-Peak | C71: 2939.17 | D71: 3151.86 | E71: 1418.83 | F71: 1490.53 | G71: 1212.59 | H71: 1426.17 | I71: 1482.08 | J71: 1160.45 | K71: 567.74 | L71: 484.55 | M71: 460.14 | N71: 394.57 | O71: 29.59 | P71: 305.72 | Q71: 185.43 | R71: 305.01 | T71: PM-Peak | U71: 57.86 | V71: 58.39 | W71: 56.65 | X71: 59.54 | Y71: 59.75 | Z71: 58.03 | AA71: 59.69 | AB71: 59.75 | AC71: 74.64 | AD71: 74.64 | AE71: 72.88 | AF71: 74.65 | AG71: 75 | AH71: 74.95 | AI71: 57.22 | AJ71: 59.33 | AM71: PM-Peak | AN71: 25.28 | AO71: 26.22 | AP71: 41.22 | AQ71: 37.56 | AR71: 32.15 | AS71: 30.27 | AT71: 51.16 | AU71: 43.52 | AV71: 63.72 | AW71: 65.69 | AX71: 67.31 | AY71: 66.9 | AZ71: 69.96 | BA71: 69.15 | BB71: 38.47 | BC71: 24.76 | BF71: PM-Peak | BG71: -3.21 | BH71: -3.03 | BI71: -0.99 | BJ71: -1.47 | BK71: -1.72 | BL71: -1.9 | BM71: -0.67 | BN71: -1.5 | BO71: -0.36 | BP71: -0.28 | BQ71: -0.18 | BR71: -0.24 | BS71: -0.12 | BT71: -0.14 | BU71: -0.15 | BV71: -0.42
B72: PM-Late | C72: 243.72 | D72: 171.59 | E72: 298 | F72: 64.78 | G72: 221.74 | H72: 204.35 | I72: 282.07 | J72: 69.46 | K72: 250.44 | L72: 204.42 | M72: 212.47 | N72: 179.91 | O72: 46.47 | P72: 56.63 | Q72: 65.02 | R72: 30.09 | T72: PM-Late | U72: 59.88 | V72: 59.75 | W72: 59.86 | X72: 60 | Y72: 59.95 | Z72: 59.87 | AA72: 59.99 | AB72: 59.98 | AC72: 74.8 | AD72: 74.94 | AE72: 74.76 | AF72: 74.87 | AG72: 75 | AH72: 75 | AI72: 59.75 | AJ72: 59.75 | AM72: PM-Late | AN72: 56.53 | AO72: 55.59 | AP72: 55.68 | AQ72: 59.69 | AR72: 51.15 | AS72: 51.84 | AT72: 58.1 | AU72: 58.27 | AV72: 65.5 | AW72: 64.87 | AX72: 65.75 | AY72: 66 | AZ72: 69.8 | BA72: 69.67 | BB72: 48.79 | BC72: 51.87 | BF72: PM-Late | BG72: -0.14 | BH72: -0.18 | BI72: -0.19 | BJ72: -0.01 | BK72: -0.34 | BL72: -0.31 | BM72: -0.13 | BN72: -0.12 | BO72: -0.3 | BP72: -0.32 | BQ72: -0.29 | BR72: -0.28 | BS72: -0.13 | BT72: -0.13 | BU72: -0.07 | BV72: -0.05
B75: Revenue Per Period Medium B | T75: ML time | AM75: GP Time | BF75: Difference in travel time
