Workbook

Sheet Year_2025
B1: Lenght
C2: 1 | D2: 2 | E2: 3 | F2: 4 | G2: 5 | H2: 6 | I2: 7 | J2: 8 | K2: 9 | L2: 10
B3: Length | C3: 0.7 | D3: 0.7 | E3: 0.5 | F3: 1.6 | G3: 2 | H3: 3.6 | I3: 2.9 | J3: 3.8 | K3: 3.4 | L3: 4.5
B5: TollLights | X5: ML PCE.Miles | AU5: GP PCE.Miles | BR5: Highway PCE.Miles
B6: Direction | C6: NB | D6: SB | E6: NB | F6: SB | G6: NB | H6: SB | I6: NB | J6: SB | K6: NB | L6: SB | M6: NB | N6: SB | O6: NB | P6: SB | Q6: NB | R6: SB | S6: NB | T6: SB | U6: NB | V6: SB | X6: Direction | Y6: NB | Z6: SB | AA6: NB | AB6: SB | AC6: NB | AD6: SB | AE6: NB | AF6: SB | AG6: NB | AH6: SB | AI6: NB | AJ6: SB | AK6: NB | AL6: SB | AM6: NB | AN6: SB | AO6: NB | AP6: SB | AQ6: NB | AR6: SB | AU6: Direction | AV6: NB | AW6: SB | AX6: NB | AY6: SB | AZ6: NB | BA6: SB | BB6: NB | BC6: SB | BD6: NB | BE6: SB | BF6: NB | BG6: SB | BH6: NB | BI6: SB | BJ6: NB | BK6: SB | BL6: NB | BM6: SB | BN6: NB | BO6: SB | BR6: Direction | BS6: NB | BT6: SB | BU6: NB | BV6: SB | BW6: NB | BX6: SB | BY6: NB | BZ6: SB | CA6: NB | CB6: SB | CC6: NB | CD6: SB | CE6: NB | CF6: SB | CG6: NB | CH6: SB | CI6: NB | CJ6: SB | CK6: NB | CL6: SB
B7: Segment | C7: 1 | D7: 1 | E7: 2 | F7: 2 | G7: 3 | H7: 3 | I7: 4 | J7: 4 | K7: 5 | L7: 5 | M7: 6 | N7: 6 | O7: 7 | P7: 7 | Q7: 8 | R7: 8 | S7: 9 | T7: 9 | U7: 10 | V7: 10 | X7: Segment | Y7: 1 | Z7: 1 | AA7: 2 | AB7: 2 | AC7: 3 | AD7: 3 | AE7: 4 | AF7: 4 | AG7: 5 | AH7: 5 | AI7: 6 | AJ7: 6 | AK7: 7 | AL7: 7 | AM7: 8 | AN7: 8 | AO7: 9 | AP7: 9 | AQ7: 10 | AR7: 10 | AU7: Segment | AV7: 1 | AW7: 1 | AX7: 2 | AY7: 2 | AZ7: 3 | BA7: 3 | BB7: 4 | BC7: 4 | BD7: 5 | BE7: 5 | BF7: 6 | BG7: 6 | BH7: 7 | BI7: 7 | BJ7: 8 | BK7: 8 | BL7: 9 | BM7: 9 | BN7: 10 | BO7: 10 | BR7: Segment | BS7: 1 | BT7: 1 | BU7: 2 | BV7: 2 | BW7: 3 | BX7: 3 | BY7: 4 | BZ7: 4 | CA7: 5 | CB7: 5 | CC7: 6 | CD7: 6 | CE7: 7 | CF7: 7 | CG7: 8 | CH7: 8 | CI7: 9 | CJ7: 9 | CK7: 10 | CL7: 10
B8: Period | X8: Period | AU8: Period | BR8: Period
B9: Night | C9: 0.2 | D9: 0.2 | E9: 0.2 | F9: 0.2 | G9: 0.2 | H9: 0.2 | I9: 0.2 | J9: 1.02 | K9: 0.81 | L9: 0.93 | M9: 1.06 | N9: 0.9 | O9: 1.07 | P9: 0.86 | Q9: 0.95 | R9: 0.88 | S9: 0.84 | T9: 0.65 | U9: 0.86 | V9: 0.68 | X9: Night | Y9: 531.14 | Z9: 528.81 | AA9: 408.66 | AB9: 382.45 | AC9: 270.55 | AD9: 327.51 | AE9: 1102.31 | AF9: 2609.04 | AG9: 3824.1 | AH9: 3288.6 | AI9: 6943.86 | AJ9: 5809.86 | AK9: 5410.96 | AL9: 4445.7 | AM9: 6790.98 | AN9: 6080.76 | AO9: 5408.55 | AP9: 3748.5 | AQ9: 6898.5 | AR9: 5003.77 | AU9: Night | AV9: 10510.52 | AW9: 10438.37 | AX9: 7940.94 | AY9: 7428.15 | AZ9: 5413.45 | BA9: 6452.16 | BB9: 22156.73 | BC9: 20530.16 | BD9: 29257.9 | BE9: 25901.4 | BF9: 52679.34 | BG9: 45724.14 | BH9: 41644.44 | BI9: 35545.3 | BJ9: 52340.82 | BK9: 47757.64 | BL9: 41096.65 | BM9: 32118.1 | BN9: 55503 | BO9: 44451.23 | BR9: Night | BS9: 11041.66 | BT9: 10967.18 | BU9: 8349.6 | BV9: 7810.6 | BW9: 5684 | BX9: 6779.67 | BY9: 23259.04 | BZ9: 23139.2 | CA9: 33082 | CB9: 29190 | CC9: 59623.2 | CD9: 51534 | CE9: 47055.4 | CF9: 39991 | CG9: 59131.8 | CH9: 53838.4 | CI9: 46505.2 | CJ9: 35866.6 | CK9: 62401.5 | CL9: 49455
B10: AM-Early | C10: 0.47 | D10: 0.33 | E10: 0.37 | F10: 0.27 | G10: 0.46 | H10: 0.33 | I10: 0.41 | J10: 0.58 | K10: 0.45 | L10: 0.46 | M10: 0.54 | N10: 0.48 | O10: 0.58 | P10: 0.51 | Q10: 0.55 | R10: 0.42 | S10: 0.53 | T10: 0.4 | U10: 0.4 | V10: 0.27 | X10: AM-Early | Y10: 679.41 | Z10: 416.31 | AA10: 676.03 | AB10: 432.06 | AC10: 318.47 | AD10: 394.04 | AE10: 1724.83 | AF10: 1183.3 | AG10: 2055.65 | AH10: 1393.62 | AI10: 3573.99 | AJ10: 2530 | AK10: 2480.59 | AL10: 2170.37 | AM10: 3090.09 | AN10: 2740.27 | AO10: 2698.09 | AP10: 2022.46 | AQ10: 4115.39 | AR10: 2529.69 | AU10: AM-Early | AV10: 3825.96 | AW10: 2511.02 | AX10: 3363.18 | AY10: 2251.88 | AZ10: 1677.53 | BA10: 2059.81 | BB10: 8810.29 | BC10: 6432.7 | BD10: 11383.05 | BE10: 8158.38 | BF10: 19894.05 | BG10: 14926.4 | BH10: 14063.91 | BI10: 12686.33 | BJ10: 17678.82 | BK10: 15872.89 | BL10: 15472.24 | BM10: 12106.54 | BN10: 24249.24 | BO10: 15502.26 | BR10: AM-Early | BS10: 4505.37 | BT10: 2927.33 | BU10: 4039.21 | BV10: 2683.94 | BW10: 1996 | BX10: 2453.85 | BY10: 10535.12 | BZ10: 7616 | CA10: 13438.7 | CB10: 9552 | CC10: 23468.04 | CD10: 17456.4 | CE10: 16544.5 | CF10: 14856.7 | CG10: 20768.9 | CH10: 18613.16 | CI10: 18170.33 | CJ10: 14129.01 | CK10: 28364.62 | CL10: 18031.95
B11: AM-Peak | C11: 1.6 | D11: 0.5 | E11: 2.65 | F11: 0.2 | G11: 1.6 | H11: 1.6 | I11: 1.5 | J11: 0.9 | K11: 1.6 | L11: 0.87 | M11: 1.6 | N11: 0.88 | O11: 1.6 | P11: 0.89 | Q11: 1.6 | R11: 0.84 | S11: 0.95 | T11: 0.75 | U11: 0.71 | V11: 0.65 | X11: AM-Peak | Y11: 2986.57 | Z11: 915.28 | AA11: 2868.79 | AB11: 303.44 | AC11: 1476.68 | AD11: 2889.22 | AE11: 5684.06 | AF11: 4069 | AG11: 7566.43 | AH11: 4603.66 | AI11: 15974.38 | AJ11: 8199.13 | AK11: 15854.84 | AL11: 6589.03 | AM11: 17094.87 | AN11: 8447.18 | AO11: 8422.63 | AP11: 6576.73 | AQ11: 8575.27 | AR11: 7626.94 | AU11: AM-Peak | AV11: 13782.45 | AW11: 6552 | AX11: 14753.57 | AY11: 5795.28 | AZ11: 7089.75 | BA11: 10399.06 | BB11: 31090.22 | BC11: 22842.93 | BD11: 41429.47 | BE11: 28197.57 | BF11: 77644.3 | BG11: 50878.64 | BH11: 61636.19 | BI11: 41207.9 | BJ11: 73733.49 | BK11: 51835.63 | BL11: 51179.67 | BM11: 41768.22 | BN11: 53456.83 | BO11: 48381.74 | BR11: AM-Peak | BS11: 16769.03 | BT11: 7467.28 | BU11: 17622.36 | BV11: 6098.72 | BW11: 8566.42 | BX11: 13288.28 | BY11: 36774.29 | BZ11: 26911.93 | CA11: 48995.9 | CB11: 32801.23 | CC11: 93618.67 | CD11: 59077.77 | CE11: 77491.03 | CF11: 47796.93 | CG11: 90828.36 | CH11: 60282.81 | CI11: 59602.3 | CJ11: 48344.94 | CK11: 62032.1 | CL11: 56008.68
B12: AM-Shoulder | C12: 1.6 | D12: 0.49 | E12: 1.6 | F12: 0.33 | G12: 1.6 | H12: 2.37 | I12: 0.97 | J12: 0.68 | K12: 1.12 | L12: 0.61 | M12: 1.2 | N12: 0.59 | O12: 1.2 | P12: 0.59 | Q12: 0.79 | R12: 0.55 | S12: 0.55 | T12: 0.52 | U12: 0.5 | V12: 0.47 | X12: AM-Shoulder | Y12: 900.63 | Z12: 370.35 | AA12: 1124.49 | AB12: 340.34 | AC12: 539.16 | AD12: 691.15 | AE12: 1722.25 | AF12: 1358.94 | AG12: 2127.24 | AH12: 1546.32 | AI12: 3882.83 | AJ12: 2661.82 | AK12: 3093.41 | AL12: 2126.11 | AM12: 3439.74 | AN12: 2685.22 | AO12: 2447.13 | AP12: 2173.37 | AQ12: 2873.61 | AR12: 2685.46 | AU12: AM-Shoulder | AV12: 4865.44 | AW12: 2423.63 | AX12: 4730.52 | AY12: 2184 | AZ12: 2771.49 | BA12: 3929.66 | BB12: 9734.47 | BC12: 7957.35 | BD12: 13097.12 | BE12: 9711.36 | BF12: 24129.09 | BG12: 17041.14 | BH12: 19418.51 | BI12: 13700.4 | BJ12: 21460.58 | BK12: 17074.88 | BL12: 15329.58 | BM12: 14463.45 | BN12: 18654.36 | BO12: 17741 | BR12: AM-Shoulder | BS12: 5766.07 | BT12: 2793.98 | BU12: 5855.01 | BV12: 2524.34 | BW12: 3310.65 | BX12: 4620.81 | BY12: 11456.72 | BZ12: 9316.29 | CA12: 15224.36 | CB12: 11257.68 | CC12: 28011.92 | CD12: 19702.96 | CE12: 22511.92 | CF12: 15826.51 | CG12: 24900.32 | CH12: 19760.1 | CI12: 17776.71 | CJ12: 16636.82 | CK12: 21527.97 | CL12: 20426.46
B13: MD | C13: 1.59 | D13: 0.92 | E13: 0.88 | F13: 0.4 | G13: 1.06 | H13: 1.6 | I13: 0.43 | J13: 0.86 | K13: 0.73 | L13: 0.81 | M13: 0.66 | N13: 0.59 | O13: 0.6 | P13: 0.54 | Q13: 0.56 | R13: 0.53 | S13: 0.54 | T13: 0.45 | U13: 0.48 | V13: 0.34 | X13: MD | Y13: 2664.62 | Z13: 2958.42 | AA13: 3412.04 | AB13: 3522.05 | AC13: 1713.69 | AD13: 2727.84 | AE13: 7031.93 | AF13: 7137.12 | AG13: 9379.15 | AH13: 9498.81 | AI13: 15782.7 | AJ13: 15889.78 | AK13: 11859.52 | AL13: 12422.27 | AM13: 14623.64 | AN13: 14181.82 | AO13: 12166.46 | AP13: 11879.65 | AQ13: 15187.11 | AR13: 17004.01 | AU13: MD | AV13: 16273.88 | AW13: 18041.58 | AX13: 17363.96 | AY13: 17910.9 | AZ13: 9476.31 | BA13: 12939.66 | BB13: 38074.07 | BC13: 39278.88 | BD13: 55113.71 | BE13: 56201.19 | BF13: 93442.41 | BG13: 94200.02 | BH13: 70770.04 | BI13: 73726.58 | BJ13: 88339.12 | BK13: 85023.55 | BL13: 74329.54 | BM13: 71987.3 | BN13: 94744.51 | BO13: 105367.87 | BR13: MD | BS13: 18938.5 | BT13: 21000 | BU13: 20776 | BV13: 21432.95 | BW13: 11190 | BX13: 15667.5 | BY13: 45106 | BZ13: 46416 | CA13: 64492.85 | CB13: 65700 | CC13: 109225.11 | CD13: 110089.8 | CE13: 82629.57 | CF13: 86148.85 | CG13: 102962.77 | CH13: 99205.37 | CI13: 86496 | CJ13: 83866.95 | CK13: 109931.62 | CL13: 122371.87
B14: PM-Shoulder | C14: 1.6 | D14: 1.59 | E14: 0.66 | F14: 0.95 | G14: 1.47 | H14: 1.46 | I14: 0.41 | J14: 1.6 | K14: 0.41 | L14: 1.25 | M14: 0.46 | N14: 0.78 | O14: 0.45 | P14: 0.61 | Q14: 0.45 | R14: 0.62 | S14: 0.44 | T14: 0.55 | U14: 0.4 | V14: 0.34 | X14: PM-Shoulder | Y14: 856.01 | Z14: 836.35 | AA14: 988.47 | AB14: 1167.93 | AC14: 515.64 | AD14: 608.6 | AE14: 1638.73 | AF14: 2103.93 | AG14: 1957.41 | AH14: 2966.57 | AI14: 3731.91 | AJ14: 4828.44 | AK14: 2960.85 | AL14: 3596.07 | AM14: 3819.29 | AN14: 4628.03 | AO14: 3265.42 | AP14: 4023.52 | AQ14: 3890.06 | AR14: 3830.11 | AU14: PM-Shoulder | AV14: 3914.88 | AW14: 3957.32 | AX14: 3914.45 | AY14: 4518.78 | AZ14: 2240.61 | BA14: 2574.48 | BB14: 6790.3 | BC14: 7530.52 | BD14: 8847.02 | BE14: 13896.43 | BF14: 17140.91 | BG14: 22127.09 | BH14: 13583.75 | BI14: 16155.17 | BJ14: 17725.76 | BK14: 21209.59 | BL14: 15425.52 | BM14: 18065.26 | BN14: 18782.18 | BO14: 17369.59 | BR14: PM-Shoulder | BS14: 4770.88 | BT14: 4793.67 | BU14: 4902.93 | BV14: 5686.71 | BW14: 2756.25 | BX14: 3183.08 | BY14: 8429.03 | BZ14: 9634.46 | CA14: 10804.42 | CB14: 16863 | CC14: 20872.82 | CD14: 26955.53 | CE14: 16544.6 | CF14: 19751.25 | CG14: 21545.04 | CH14: 25837.62 | CI14: 18690.94 | CJ14: 22088.78 | CK14: 22672.24 | CL14: 21199.7
B15: PM-Peak | C15: 2.12 | D15: 1.6 | E15: 0.85 | F15: 1.12 | G15: 1.6 | H15: 1.83 | I15: 0.77 | J15: 1.6 | K15: 0.71 | L15: 2.08 | M15: 0.76 | N15: 1.6 | O15: 0.75 | P15: 1.22 | Q15: 0.83 | R15: 0.93 | S15: 0.71 | T15: 0.71 | U15: 0.65 | V15: 0.63 | X15: PM-Peak | Y15: 2811.58 | Z15: 3492.33 | AA15: 2760.12 | AB15: 3297.96 | AC15: 1663.13 | AD15: 2088.42 | AE15: 5445.07 | AF15: 7667.99 | AG15: 6258.78 | AH15: 9551.02 | AI15: 11534.41 | AJ15: 16010.57 | AK15: 9221.36 | AL15: 11726.5 | AM15: 12443.17 | AN15: 13421.92 | AO15: 9827.14 | AP15: 10186.66 | AQ15: 11965.71 | AR15: 11910.82 | AU15: PM-Peak | AV15: 13287.12 | AW15: 13669.19 | AX15: 10954.98 | AY15: 13058.99 | AZ15: 6786.74 | BA15: 9016.9 | BB15: 23081.33 | BC15: 24467.59 | BD15: 28882.62 | BE15: 46277.83 | BF15: 54078.73 | BG15: 76683.37 | BH15: 43278.38 | BI15: 55729.46 | BJ15: 59567.02 | BK15: 63967.21 | BL15: 47603.6 | BM15: 48444.55 | BN15: 58556.34 | BO15: 57447.57 | BR15: PM-Peak | BS15: 16098.71 | BT15: 17161.52 | BU15: 13715.1 | BV15: 16356.95 | BW15: 8449.88 | BX15: 11105.33 | BY15: 28526.4 | BZ15: 32135.58 | CA15: 35141.41 | CB15: 55828.85 | CC15: 65613.15 | CD15: 92693.94 | CE15: 52499.74 | CF15: 67455.96 | CG15: 72010.19 | CH15: 77389.13 | CI15: 57430.74 | CJ15: 58631.22 | CK15: 70522.05 | CL15: 69358.39
B16: PM-Late | C16: 0.48 | D16: 0.58 | E16: 0.2 | F16: 0.2 | G16: 0.2 | H16: 0.34 | I16: 0.2 | J16: 0.84 | K16: 0.49 | L16: 0.83 | M16: 0.66 | N16: 0.78 | O16: 0.71 | P16: 0.64 | Q16: 0.65 | R16: 0.59 | S16: 0.6 | T16: 0.52 | U16: 0.53 | V16: 0.43 | X16: PM-Late | Y16: 1318.78 | Z16: 1670.08 | AA16: 316.41 | AB16: 337.16 | AC16: 170.36 | AD16: 725.02 | AE16: 622.21 | AF16: 3788.16 | AG16: 3114.32 | AH16: 4604.7 | AI16: 5483.18 | AJ16: 8300.12 | AK16: 4334.43 | AL16: 5883.63 | AM16: 5435.68 | AN16: 6012.78 | AO16: 4722.59 | AP16: 4686.14 | AQ16: 6259.46 | AR16: 6438.72 | AU16: PM-Late | AV16: 6612.92 | AW16: 8042.42 | AX16: 6065.6 | AY16: 6465.79 | AZ16: 3335.14 | BA16: 4680 | BB16: 12259.79 | BC16: 16597.44 | BD16: 15995.68 | BE16: 21681.3 | BF16: 28050.82 | BG16: 39122.68 | BH16: 22418.07 | BI16: 28385.67 | BJ16: 28091.72 | BK16: 30193.62 | BL16: 23684.41 | BM16: 24251.26 | BN16: 32674.54 | BO16: 34574.28 | BR16: PM-Late | BS16: 7931.7 | BT16: 9712.5 | BU16: 6382 | BV16: 6802.95 | BW16: 3505.5 | BX16: 5405.02 | BY16: 12882 | BZ16: 20385.6 | CA16: 19110 | CB16: 26286 | CC16: 33534 | CD16: 47422.8 | CE16: 26752.5 | CF16: 34269.3 | CG16: 33527.4 | CH16: 36206.4 | CI16: 28407 | CJ16: 28937.4 | CK16: 38934 | CL16: 41013
B19: CaptureRateLights | X19: ML Volume (PCE/Period) | AU19: GP Volume (PCE/Period) | BR19: Highway Volume
B20: Direction | C20: NB | D20: SB | E20: NB | F20: SB | G20: NB | H20: SB | I20: NB | J20: SB | K20: NB | L20: SB | M20: NB | N20: SB | O20: NB | P20: SB | Q20: NB | R20: SB | S20: NB | T20: SB | U20: NB | V20: SB | X20: Direction | Y20: NB | Z20: SB | AA20: NB | AB20: SB | AC20: NB | AD20: SB | AE20: NB | AF20: SB | AG20: NB | AH20: SB | AI20: NB | AJ20: SB | AK20: NB | AL20: SB | AM20: NB | AN20: SB | AO20: NB | AP20: SB | AQ20: NB | AR20: SB | AU20: Direction | AV20: NB | AW20: SB | AX20: NB | AY20: SB | AZ20: NB | BA20: SB | BB20: NB | BC20: SB | BD20: NB | BE20: SB | BF20: NB | BG20: SB | BH20: NB | BI20: SB | BJ20: NB | BK20: SB | BL20: NB | BM20: SB | BN20: NB | BO20: SB | BR20: Direction | BS20: NB | BT20: SB | BU20: NB | BV20: SB | BW20: NB | BX20: SB | BY20: NB | BZ20: SB | CA20: NB | CB20: SB | CC20: NB | CD20: SB | CE20: NB | CF20: SB | CG20: NB | CH20: SB | CI20: NB | CJ20: SB | CK20: NB | CL20: SB
B21: Segment | C21: 1 | D21: 1 | E21: 2 | F21: 2 | G21: 3 | H21: 3 | I21: 4 | J21: 4 | K21: 5 | L21: 5 | M21: 6 | N21: 6 | O21: 7 | P21: 7 | Q21: 8 | R21: 8 | S21: 9 | T21: 9 | U21: 10 | V21: 10 | X21: Segment | Y21: 1 | Z21: 1 | AA21: 2 | AB21: 2 | AC21: 3 | AD21: 3 | AE21: 4 | AF21: 4 | AG21: 5 | AH21: 5 | AI21: 6 | AJ21: 6 | AK21: 7 | AL21: 7 | AM21: 8 | AN21: 8 | AO21: 9 | AP21: 9 | AQ21: 10 | AR21: 10 | AU21: Segment | AV21: 1 | AW21: 1 | AX21: 2 | AY21: 2 | AZ21: 3 | BA21: 3 | BB21: 4 | BC21: 4 | BD21: 5 | BE21: 5 | BF21: 6 | BG21: 6 | BH21: 7 | BI21: 7 | BJ21: 8 | BK21: 8 | BL21: 9 | BM21: 9 | BN21: 10 | BO21: 10 | BR21: Segment | BS21: 1 | BT21: 1 | BU21: 2 | BV21: 2 | BW21: 3 | BX21: 3 | BY21: 4 | BZ21: 4 | CA21: 5 | CB21: 5 | CC21: 6 | CD21: 6 | CE21: 7 | CF21: 7 | CG21: 8 | CH21: 8 | CI21: 9 | CJ21: 9 | CK21: 10 | CL21: 10
B22: Period | X22: Period | AU22: Period | BR22: Period
B23: Night | C23: 0.05 | D23: 0.05 | E23: 0.05 | F23: 0.05 | G23: 0.05 | H23: 0.05 | I23: 0.05 | J23: 0.15 | K23: 0.15 | L23: 0.15 | M23: 0.15 | N23: 0.15 | O23: 0.15 | P23: 0.15 | Q23: 0.15 | R23: 0.15 | S23: 0.15 | T23: 0.15 | U23: 0.15 | V23: 0.15 | X23: Night | Y23: 758.77 | Z23: 755.44 | AA23: 583.8 | AB23: 546.35 | AC23: 541.1 | AD23: 655.03 | AE23: 688.94 | AF23: 1630.65 | AG23: 1912.05 | AH23: 1644.3 | AI23: 1928.85 | AJ23: 1613.85 | AK23: 1865.85 | AL23: 1533 | AM23: 1787.1 | AN23: 1600.2 | AO23: 1590.75 | AP23: 1102.5 | AQ23: 1533 | AR23: 1111.95 | AU23: Night | AV23: 15015.03 | AW23: 14911.96 | AX23: 11344.2 | AY23: 10611.65 | AZ23: 10826.9 | BA23: 12904.32 | BB23: 13847.96 | BC23: 12831.35 | BD23: 14628.95 | BE23: 12950.7 | BF23: 14633.15 | BG23: 12701.15 | BH23: 14360.15 | BI23: 12257 | BJ23: 13773.9 | BK23: 12567.8 | BL23: 12087.25 | BM23: 9446.5 | BN23: 12334 | BO23: 9878.05 | BR23: Night | BS23: 15773.8 | BT23: 15667.4 | BU23: 11928 | BV23: 11158 | BW23: 11368 | BX23: 13559.35 | BY23: 14536.9 | BZ23: 14462 | CA23: 16541 | CB23: 14595 | CC23: 16562 | CD23: 14315 | CE23: 16226 | CF23: 13790 | CG23: 15561 | CH23: 14168 | CI23: 13678 | CJ23: 10549 | CK23: 13867 | CL23: 10990
B24: AM-Early | C24: 0.17 | D24: 0.17 | E24: 0.18 | F24: 0.18 | G24: 0.18 | H24: 0.18 | I24: 0.17 | J24: 0.18 | K24: 0.16 | L24: 0.17 | M24: 0.16 | N24: 0.16 | O24: 0.16 | P24: 0.16 | Q24: 0.16 | R24: 0.16 | S24: 0.16 | T24: 0.16 | U24: 0.16 | V24: 0.16 | X24: AM-Early | Y24: 970.59 | Z24: 594.72 | AA24: 965.76 | AB24: 617.22 | AC24: 636.93 | AD24: 788.09 | AE24: 1078.02 | AF24: 739.56 | AG24: 1027.82 | AH24: 696.81 | AI24: 992.78 | AJ24: 702.78 | AK24: 855.38 | AL24: 748.4 | AM24: 813.18 | AN24: 721.12 | AO24: 793.56 | AP24: 594.84 | AQ24: 914.53 | AR24: 562.15 | AU24: AM-Early | AV24: 5465.66 | AW24: 3587.18 | AX24: 4804.54 | AY24: 3216.98 | AZ24: 3355.07 | BA24: 4119.61 | BB24: 5506.43 | BC24: 4020.44 | BD24: 5691.53 | BE24: 4079.19 | BF24: 5526.12 | BG24: 4146.22 | BH24: 4849.62 | BI24: 4374.6 | BJ24: 4652.32 | BK24: 4177.08 | BL24: 4550.66 | BM24: 3560.75 | BN24: 5388.72 | BO24: 3444.95 | BR24: AM-Early | BS24: 6436.25 | BT24: 4181.9 | BU24: 5770.3 | BV24: 3834.2 | BW24: 3992 | BX24: 4907.7 | BY24: 6584.45 | BZ24: 4760 | CA24: 6719.35 | CB24: 4776 | CC24: 6518.9 | CD24: 4849 | CE24: 5705 | CF24: 5123 | CG24: 5465.5 | CH24: 4898.2 | CI24: 5344.21 | CJ24: 4155.59 | CK24: 6303.25 | CL24: 4007.1
B25: AM-Peak | C25: 0.2 | D25: 0.14 | E25: 0.17 | F25: 0.05 | G25: 0.2 | H25: 0.24 | I25: 0.17 | J25: 0.18 | K25: 0.17 | L25: 0.16 | M25: 0.19 | N25: 0.16 | O25: 0.23 | P25: 0.16 | Q25: 0.22 | R25: 0.16 | S25: 0.16 | T25: 0.16 | U25: 0.16 | V25: 0.16 | X25: AM-Peak | Y25: 4266.53 | Z25: 1307.55 | AA25: 4098.27 | AB25: 433.49 | AC25: 2953.36 | AD25: 5778.44 | AE25: 3552.54 | AF25: 2543.12 | AG25: 3783.21 | AH25: 2301.83 | AI25: 4437.33 | AJ25: 2277.54 | AK25: 5467.18 | AL25: 2272.08 | AM25: 4498.65 | AN25: 2222.94 | AO25: 2477.24 | AP25: 1934.33 | AQ25: 1905.61 | AR25: 1694.88 | AU25: AM-Peak | AV25: 19689.22 | AW25: 9360 | AX25: 21076.53 | AY25: 8278.96 | AZ25: 14179.49 | BA25: 20798.11 | BB25: 19431.39 | BC25: 14276.83 | BD25: 20714.73 | BE25: 14098.78 | BF25: 21567.86 | BG25: 14132.96 | BH25: 21253.86 | BI25: 14209.62 | BJ25: 19403.55 | BK25: 13640.96 | BL25: 15052.85 | BM25: 12284.77 | BN25: 11879.3 | BO25: 10751.5 | BR25: AM-Peak | BS25: 23955.75 | BT25: 10667.55 | BU25: 25174.8 | BV25: 8712.45 | BW25: 17132.85 | BX25: 26576.55 | BY25: 22983.93 | BZ25: 16819.95 | CA25: 24497.95 | CB25: 16400.62 | CC25: 26005.19 | CD25: 16410.49 | CE25: 26721.04 | CF25: 16481.7 | CG25: 23902.2 | CH25: 15863.9 | CI25: 17530.09 | CJ25: 14219.1 | CK25: 13784.91 | CL25: 12446.37
B26: AM-Shoulder | C26: 0.19 | D26: 0.17 | E26: 0.21 | F26: 0.15 | G26: 0.2 | H26: 0.17 | I26: 0.17 | J26: 0.18 | K26: 0.16 | L26: 0.17 | M26: 0.16 | N26: 0.16 | O26: 0.16 | P26: 0.16 | Q26: 0.16 | R26: 0.16 | S26: 0.16 | T26: 0.17 | U26: 0.16 | V26: 0.17 | X26: AM-Shoulder | Y26: 1286.62 | Z26: 529.07 | AA26: 1606.41 | AB26: 486.2 | AC26: 1078.32 | AD26: 1382.31 | AE26: 1076.41 | AF26: 849.34 | AG26: 1063.62 | AH26: 773.16 | AI26: 1078.56 | AJ26: 739.4 | AK26: 1066.69 | AL26: 733.14 | AM26: 905.19 | AN26: 706.64 | AO26: 719.74 | AP26: 639.23 | AQ26: 638.58 | AR26: 596.77 | AU26: AM-Shoulder | AV26: 6950.63 | AW26: 3462.33 | AX26: 6757.89 | AY26: 3120 | AZ26: 5542.98 | BA26: 7859.32 | BB26: 6084.04 | BC26: 4973.35 | BD26: 6548.56 | BE26: 4855.68 | BF26: 6702.52 | BG26: 4733.65 | BH26: 6696.04 | BI26: 4724.28 | BJ26: 5647.52 | BK26: 4493.39 | BL26: 4508.7 | BM26: 4253.96 | BN26: 4145.41 | BO26: 3942.45 | BR26: AM-Shoulder | BS26: 8237.25 | BT26: 3991.4 | BU26: 8364.3 | BV26: 3606.2 | BW26: 6621.3 | BX26: 9241.63 | BY26: 7160.45 | BZ26: 5822.68 | CA26: 7612.18 | CB26: 5628.84 | CC26: 7781.09 | CD26: 5473.04 | CE26: 7762.73 | CF26: 5457.42 | CG26: 6552.71 | CH26: 5200.03 | CI26: 5228.44 | CJ26: 4893.18 | CK26: 4783.99 | CL26: 4539.21
B27: MD | C27: 0.17 | D27: 0.17 | E27: 0.18 | F27: 0.18 | G27: 0.18 | H27: 0.2 | I27: 0.18 | J27: 0.18 | K27: 0.17 | L27: 0.17 | M27: 0.17 | N27: 0.17 | O27: 0.17 | P27: 0.17 | Q27: 0.17 | R27: 0.17 | S27: 0.17 | T27: 0.17 | U27: 0.17 | V27: 0.17 | X27: MD | Y27: 3806.6 | Z27: 4226.32 | AA27: 4874.34 | AB27: 5031.5 | AC27: 3427.38 | AD27: 5455.68 | AE27: 4394.96 | AF27: 4460.7 | AG27: 4689.57 | AH27: 4749.4 | AI27: 4384.08 | AJ27: 4413.83 | AK27: 4089.49 | AL27: 4283.54 | AM27: 3848.33 | AN27: 3732.06 | AO27: 3578.37 | AP27: 3494.01 | AQ27: 3374.91 | AR27: 3778.67 | AU27: MD | AV27: 23248.4 | AW27: 25773.68 | AX27: 24805.66 | AY27: 25587 | AZ27: 18952.62 | BA27: 25879.32 | BB27: 23796.29 | BC27: 24549.3 | BD27: 27556.85 | BE27: 28100.6 | BF27: 25956.23 | BG27: 26166.67 | BH27: 24403.46 | BI27: 25422.96 | BJ27: 23247.14 | BK27: 22374.62 | BL27: 21861.63 | BM27: 21172.74 | BN27: 21054.34 | BO27: 23415.08 | BR27: MD | BS27: 27055 | BT27: 30000 | BU27: 29680 | BV27: 30618.5 | BW27: 22380 | BX27: 31335 | BY27: 28191.25 | BZ27: 29010 | CA27: 32246.43 | CB27: 32850 | CC27: 30340.31 | CD27: 30580.5 | CE27: 28492.95 | CF27: 29706.5 | CG27: 27095.46 | CH27: 26106.68 | CI27: 25440 | CJ27: 24666.75 | CK27: 24429.25 | CL27: 27193.75
B28: PM-Shoulder | C28: 0.21 | D28: 0.2 | E28: 0.22 | F28: 0.21 | G28: 0.22 | H28: 0.22 | I28: 0.22 | J28: 0.25 | K28: 0.2 | L28: 0.2 | M28: 0.2 | N28: 0.2 | O28: 0.2 | P28: 0.2 | Q28: 0.2 | R28: 0.2 | S28: 0.2 | T28: 0.2 | U28: 0.2 | V28: 0.2 | X28: PM-Shoulder | Y28: 1222.87 | Z28: 1194.79 | AA28: 1412.1 | AB28: 1668.47 | AC28: 1031.28 | AD28: 1217.19 | AE28: 1024.21 | AF28: 1314.96 | AG28: 978.7 | AH28: 1483.29 | AI28: 1036.64 | AJ28: 1341.23 | AK28: 1020.98 | AL28: 1240.03 | AM28: 1005.08 | AN28: 1217.9 | AO28: 960.42 | AP28: 1183.39 | AQ28: 864.46 | AR28: 851.14 | AU28: PM-Shoulder | AV28: 5592.68 | AW28: 5653.31 | AX28: 5592.07 | AY28: 6455.4 | AZ28: 4481.22 | BA28: 5148.96 | BB28: 4243.94 | BC28: 4706.58 | BD28: 4423.51 | BE28: 6948.21 | BF28: 4761.36 | BG28: 6146.41 | BH28: 4684.05 | BI28: 5570.75 | BJ28: 4664.67 | BK28: 5581.47 | BL28: 4536.92 | BM28: 5313.31 | BN28: 4173.82 | BO28: 3859.91 | BR28: PM-Shoulder | BS28: 6815.55 | BT28: 6848.1 | BU28: 7004.18 | BV28: 8123.88 | BW28: 5512.5 | BX28: 6366.15 | BY28: 5268.14 | BZ28: 6021.54 | CA28: 5402.21 | CB28: 8431.5 | CC28: 5798 | CD28: 7487.65 | CE28: 5705.03 | CF28: 6810.78 | CG28: 5669.75 | CH28: 6799.37 | CI28: 5497.34 | CJ28: 6496.7 | CK28: 5038.28 | CL28: 4711.05
B29: PM-Peak | C29: 0.2 | D29: 0.24 | E29: 0.22 | F29: 0.21 | G29: 0.22 | H29: 0.22 | I29: 0.21 | J29: 0.27 | K29: 0.2 | L29: 0.19 | M29: 0.2 | N29: 0.19 | O29: 0.2 | P29: 0.2 | Q29: 0.2 | R29: 0.2 | S29: 0.2 | T29: 0.2 | U29: 0.2 | V29: 0.2 | X29: PM-Peak | Y29: 4016.54 | Z29: 4989.04 | AA29: 3943.03 | AB29: 4711.37 | AC29: 3326.27 | AD29: 4176.84 | AE29: 3403.17 | AF29: 4792.49 | AG29: 3129.39 | AH29: 4775.51 | AI29: 3204 | AJ29: 4447.38 | AK29: 3179.78 | AL29: 4043.62 | AM29: 3274.52 | AN29: 3532.08 | AO29: 2890.33 | AP29: 2996.08 | AQ29: 2659.05 | AR29: 2646.85 | AU29: PM-Peak | AV29: 18981.61 | AW29: 19527.41 | AX29: 15649.97 | AY29: 18655.7 | AZ29: 13573.48 | BA29: 18033.81 | BB29: 14425.83 | BC29: 15292.24 | BD29: 14441.31 | BE29: 23138.91 | BF29: 15021.87 | BG29: 21300.94 | BH29: 14923.58 | BI29: 19217.06 | BJ29: 15675.53 | BK29: 16833.48 | BL29: 14001.06 | BM29: 14248.4 | BN29: 13012.52 | BO29: 12766.13 | BR29: PM-Peak | BS29: 22998.15 | BT29: 24516.45 | BU29: 19593 | BV29: 23367.07 | BW29: 16899.75 | BX29: 22210.65 | BY29: 17829 | BZ29: 20084.74 | CA29: 17570.7 | CB29: 27914.42 | CC29: 18225.87 | CD29: 25748.32 | CE29: 18103.36 | CF29: 23260.68 | CG29: 18950.05 | CH29: 20365.56 | CI29: 16891.39 | CJ29: 17244.48 | CK29: 15671.57 | CL29: 15412.98
B30: PM-Late | C30: 0.2 | D30: 0.2 | E30: 0.05 | F30: 0.05 | G30: 0.05 | H30: 0.15 | I30: 0.05 | J30: 0.22 | K30: 0.2 | L30: 0.2 | M30: 0.2 | N30: 0.2 | O30: 0.2 | P30: 0.2 | Q30: 0.2 | R30: 0.2 | S30: 0.21 | T30: 0.2 | U30: 0.2 | V30: 0.2 | X30: PM-Late | Y30: 1883.97 | Z30: 2385.82 | AA30: 452.01 | AB30: 481.65 | AC30: 340.72 | AD30: 1450.05 | AE30: 388.88 | AF30: 2367.6 | AG30: 1557.16 | AH30: 2302.35 | AI30: 1523.11 | AJ30: 2305.59 | AK30: 1494.63 | AL30: 2028.84 | AM30: 1430.44 | AN30: 1582.31 | AO30: 1389 | AP30: 1378.28 | AQ30: 1390.99 | AR30: 1430.83 | AU30: PM-Late | AV30: 9447.03 | AW30: 11489.18 | AX30: 8665.14 | AY30: 9236.85 | AZ30: 6670.28 | BA30: 9360 | BB30: 7662.37 | BC30: 10373.4 | BD30: 7997.84 | BE30: 10840.65 | BF30: 7791.89 | BG30: 10867.41 | BH30: 7730.37 | BI30: 9788.16 | BJ30: 7392.56 | BK30: 7945.69 | BL30: 6966 | BM30: 7132.72 | BN30: 7261.01 | BO30: 7683.17 | BR30: PM-Late | BS30: 11331 | BT30: 13875 | BU30: 9117.15 | BV30: 9718.5 | BW30: 7011 | BX30: 10810.05 | BY30: 8051.25 | BZ30: 12741 | CA30: 9555 | CB30: 13143 | CC30: 9315 | CD30: 13173 | CE30: 9225 | CF30: 11817 | CG30: 8823 | CH30: 9528 | CI30: 8355 | CJ30: 8511 | CK30: 8652 | CL30: 9114
B33: Revenue Per Period | X33: ML Flow (PCE/hr) | AU33: GP Flow (PCE/hr) | BR33: Highway Flow
B34: Direction | C34: NB | D34: SB | E34: NB | F34: SB | G34: NB | H34: SB | I34: NB | J34: SB | K34: NB | L34: SB | M34: NB | N34: SB | O34: NB | P34: SB | Q34: NB | R34: SB | S34: NB | T34: SB | U34: NB | V34: SB | X34: Direction | Y34: NB | Z34: SB | AA34: NB | AB34: SB | AC34: NB | AD34: SB | AE34: NB | AF34: SB | AG34: NB | AH34: SB | AI34: NB | AJ34: SB | AK34: NB | AL34: SB | AM34: NB | AN34: SB | AO34: NB | AP34: SB | AQ34: NB | AR34: SB | AU34: Direction | AV34: NB | AW34: SB | AX34: NB | AY34: SB | AZ34: NB | BA34: SB | BB34: NB | BC34: SB | BD34: NB | BE34: SB | BF34: NB | BG34: SB | BH34: NB | BI34: SB | BJ34: NB | BK34: SB | BL34: NB | BM34: SB | BN34: NB | BO34: SB | BR34: Direction | BS34: NB | BT34: SB | BU34: NB | BV34: SB | BW34: NB | BX34: SB | BY34: NB | BZ34: SB | CA34: NB | CB34: SB | CC34: NB | CD34: SB | CE34: NB | CF34: SB | CG34: NB | CH34: SB | CI34: NB | CJ34: SB | CK34: NB | CL34: SB
B35: Segment | C35: 1 | D35: 1 | E35: 2 | F35: 2 | G35: 3 | H35: 3 | I35: 4 | J35: 4 | K35: 5 | L35: 5 | M35: 6 | N35: 6 | O35: 7 | P35: 7 | Q35: 8 | R35: 8 | S35: 9 | T35: 9 | U35: 10 | V35: 10 | X35: Segment | Y35: 1 | Z35: 1 | AA35: 2 | AB35: 2 | AC35: 3 | AD35: 3 | AE35: 4 | AF35: 4 | AG35: 5 | AH35: 5 | AI35: 6 | AJ35: 6 | AK35: 7 | AL35: 7 | AM35: 8 | AN35: 8 | AO35: 9 | AP35: 9 | AQ35: 10 | AR35: 10 | AU35: Segment | AV35: 1 | AW35: 1 | AX35: 2 | AY35: 2 | AZ35: 3 | BA35: 3 | BB35: 4 | BC35: 4 | BD35: 5 | BE35: 5 | BF35: 6 | BG35: 6 | BH35: 7 | BI35: 7 | BJ35: 8 | BK35: 8 | BL35: 9 | BM35: 9 | BN35: 10 | BO35: 10 | BR35: Segment | BS35: 1 | BT35: 1 | BU35: 2 | BV35: 2 | BW35: 3 | BX35: 3 | BY35: 4 | BZ35: 4 | CA35: 5 | CB35: 5 | CC35: 6 | CD35: 6 | CE35: 7 | CF35: 7 | CG35: 8 | CH35: 8 | CI35: 9 | CJ35: 9 | CK35: 10 | CL35: 10
B36: Period | X36: Period | AU36: Period | BR36: Period
B37: Night | C37: 106.23 | D37: 105.76 | E37: 81.73 | F37: 76.49 | G37: 54.11 | H37: 65.5 | I37: 220.46 | J37: 2651.77 | K37: 3096.7 | L37: 3042.99 | M37: 7335.28 | N37: 5241.18 | O37: 5769.35 | P37: 3841.91 | Q37: 6453.51 | R37: 5347.08 | S37: 4565.65 | T37: 2429.58 | U37: 5961.02 | V37: 3416.34 | X37: Night | Y37: 108.4 | Z37: 107.92 | AA37: 83.4 | AB37: 78.05 | AC37: 77.3 | AD37: 93.58 | AE37: 98.42 | AF37: 232.95 | AG37: 273.15 | AH37: 234.9 | AI37: 275.55 | AJ37: 230.55 | AK37: 266.55 | AL37: 219 | AM37: 255.3 | AN37: 228.6 | AO37: 227.25 | AP37: 157.5 | AQ37: 219 | AR37: 158.85 | AU37: Night | AV37: 2145 | AW37: 2130.28 | AX37: 1620.6 | AY37: 1515.95 | AZ37: 1546.7 | BA37: 1843.47 | BB37: 1978.28 | BC37: 1833.05 | BD37: 2089.85 | BE37: 1850.1 | BF37: 2090.45 | BG37: 1814.45 | BH37: 2051.45 | BI37: 1751 | BJ37: 1967.7 | BK37: 1795.4 | BL37: 1726.75 | BM37: 1349.5 | BN37: 1762 | BO37: 1411.15 | BR37: Night | BS37: 2253.4 | BT37: 2238.2 | BU37: 1704 | BV37: 1594 | BW37: 1624 | BX37: 1937.05 | BY37: 2076.7 | BZ37: 2066 | CA37: 2363 | CB37: 2085 | CC37: 2366 | CD37: 2045 | CE37: 2318 | CF37: 1970 | CG37: 2223 | CH37: 2024 | CI37: 1954 | CJ37: 1507 | CK37: 1981 | CL37: 1570
B38: AM-Early | C38: 319.79 | D38: 138.6 | E38: 247.05 | F38: 118.05 | G38: 145.96 | H38: 131.19 | I38: 706.22 | J38: 684.08 | K38: 915.84 | L38: 647.22 | M38: 1943.35 | N38: 1206.61 | O38: 1436.31 | P38: 1102.34 | Q38: 1690.8 | R38: 1151.05 | S38: 1431.68 | T38: 810.82 | U38: 1626.75 | V38: 674.57 | X38: AM-Early | Y38: 970.59 | Z38: 594.72 | AA38: 965.76 | AB38: 617.22 | AC38: 636.93 | AD38: 788.09 | AE38: 1078.02 | AF38: 739.56 | AG38: 1027.82 | AH38: 696.81 | AI38: 992.78 | AJ38: 702.78 | AK38: 855.38 | AL38: 748.4 | AM38: 813.18 | AN38: 721.12 | AO38: 793.56 | AP38: 594.84 | AQ38: 914.53 | AR38: 562.15 | AU38: AM-Early | AV38: 5465.66 | AW38: 3587.18 | AX38: 4804.54 | AY38: 3216.98 | AZ38: 3355.07 | BA38: 4119.61 | BB38: 5506.43 | BC38: 4020.44 | BD38: 5691.53 | BE38: 4079.19 | BF38: 5526.12 | BG38: 4146.22 | BH38: 4849.62 | BI38: 4374.6 | BJ38: 4652.32 | BK38: 4177.08 | BL38: 4550.66 | BM38: 3560.75 | BN38: 5388.72 | BO38: 3444.95 | BR38: AM-Early | BS38: 6436.25 | BT38: 4181.9 | BU38: 5770.3 | BV38: 3834.2 | BW38: 3992 | BX38: 4907.7 | BY38: 6584.45 | BZ38: 4760 | CA38: 6719.35 | CB38: 4776 | CC38: 6518.9 | CD38: 4849 | CE38: 5705 | CF38: 5123 | CG38: 5465.5 | CH38: 4898.2 | CI38: 5344.21 | CJ38: 4155.59 | CK38: 6303.25 | CL38: 4007.1
B39: AM-Peak | C39: 4778.51 | D39: 458.29 | E39: 7609.13 | F39: 60.69 | G39: 2362.68 | H39: 4622.75 | I39: 8521.39 | J39: 3676.35 | K39: 12106.28 | L39: 4004.61 | M39: 25558.99 | N39: 7211.77 | O39: 25367.74 | P39: 5856.68 | Q39: 27351.8 | R39: 7059.71 | S39: 7985.71 | T39: 4929.7 | U39: 6129.43 | V39: 4926.03 | X39: AM-Peak | Y39: 1422.18 | Z39: 435.85 | AA39: 1366.09 | AB39: 144.5 | AC39: 984.45 | AD39: 1926.15 | AE39: 1184.18 | AF39: 847.71 | AG39: 1261.07 | AH39: 767.28 | AI39: 1479.11 | AJ39: 759.18 | AK39: 1822.39 | AL39: 757.36 | AM39: 1499.55 | AN39: 740.98 | AO39: 825.75 | AP39: 644.78 | AQ39: 635.2 | AR39: 564.96 | AU39: AM-Peak | AV39: 6563.07 | AW39: 3120 | AX39: 7025.51 | AY39: 2759.65 | AZ39: 4726.5 | BA39: 6932.7 | BB39: 6477.13 | BC39: 4758.94 | BD39: 6904.91 | BE39: 4699.59 | BF39: 7189.29 | BG39: 4710.99 | BH39: 7084.62 | BI39: 4736.54 | BJ39: 6467.85 | BK39: 4546.99 | BL39: 5017.62 | BM39: 4094.92 | BN39: 3959.77 | BO39: 3583.83 | BR39: AM-Peak | BS39: 7985.25 | BT39: 3555.85 | BU39: 8391.6 | BV39: 2904.15 | BW39: 5710.95 | BX39: 8858.85 | BY39: 7661.31 | BZ39: 5606.65 | CA39: 8165.98 | CB39: 5466.87 | CC39: 8668.4 | CD39: 5470.16 | CE39: 8907.01 | CF39: 5493.9 | CG39: 7967.4 | CH39: 5287.97 | CI39: 5843.36 | CJ39: 4739.7 | CK39: 4594.97 | CL39: 4148.79
B40: AM-Shoulder | C40: 1441.01 | D40: 181.03 | E40: 1799.18 | F40: 113.17 | G40: 862.65 | H40: 1640.18 | I40: 1668.05 | J40: 917.89 | K40: 2373.28 | L40: 945.49 | M40: 4651.1 | N40: 1582.34 | O40: 3702.18 | P40: 1263.77 | Q40: 2731.05 | R40: 1478.33 | S40: 1343.45 | T40: 1137.4 | U40: 1438.86 | V40: 1275.48 | X40: AM-Shoulder | Y40: 1286.62 | Z40: 529.07 | AA40: 1606.41 | AB40: 486.2 | AC40: 1078.32 | AD40: 1382.31 | AE40: 1076.41 | AF40: 849.34 | AG40: 1063.62 | AH40: 773.16 | AI40: 1078.56 | AJ40: 739.4 | AK40: 1066.69 | AL40: 733.14 | AM40: 905.19 | AN40: 706.64 | AO40: 719.74 | AP40: 639.23 | AQ40: 638.58 | AR40: 596.77 | AU40: AM-Shoulder | AV40: 6950.63 | AW40: 3462.33 | AX40: 6757.89 | AY40: 3120 | AZ40: 5542.98 | BA40: 7859.32 | BB40: 6084.04 | BC40: 4973.35 | BD40: 6548.56 | BE40: 4855.68 | BF40: 6702.52 | BG40: 4733.65 | BH40: 6696.04 | BI40: 4724.28 | BJ40: 5647.52 | BK40: 4493.39 | BL40: 4508.7 | BM40: 4253.96 | BN40: 4145.41 | BO40: 3942.45 | BR40: AM-Shoulder | BS40: 8237.25 | BT40: 3991.4 | BU40: 8364.3 | BV40: 3606.2 | BW40: 6621.3 | BX40: 9241.63 | BY40: 7160.45 | BZ40: 5822.68 | CA40: 7612.18 | CB40: 5628.84 | CC40: 7781.09 | CD40: 5473.04 | CE40: 7762.73 | CF40: 5457.42 | CG40: 6552.71 | CH40: 5200.03 | CI40: 5228.44 | CJ40: 4893.18 | CK40: 4783.99 | CL40: 4539.21
B41: MD | C41: 4244.78 | D41: 2721.81 | E41: 3003.56 | F41: 1393.04 | G41: 1811.96 | H41: 4364.55 | I41: 3007.45 | J41: 6118.05 | K41: 6836.62 | L41: 7718.8 | M41: 10368.18 | N41: 9354.27 | O41: 7067.52 | P41: 6741.79 | Q41: 8160.93 | R41: 7470.21 | S41: 6509.93 | T41: 5366.13 | U41: 7219.59 | V41: 5852.29 | X41: MD | Y41: 761.32 | Z41: 845.26 | AA41: 974.87 | AB41: 1006.3 | AC41: 685.48 | AD41: 1091.14 | AE41: 878.99 | AF41: 892.14 | AG41: 937.91 | AH41: 949.88 | AI41: 876.82 | AJ41: 882.77 | AK41: 817.9 | AL41: 856.71 | AM41: 769.67 | AN41: 746.41 | AO41: 715.67 | AP41: 698.8 | AQ41: 674.98 | AR41: 755.73 | AU41: MD | AV41: 4649.68 | AW41: 5154.74 | AX41: 4961.13 | AY41: 5117.4 | AZ41: 3790.52 | BA41: 5175.86 | BB41: 4759.26 | BC41: 4909.86 | BD41: 5511.37 | BE41: 5620.12 | BF41: 5191.25 | BG41: 5233.33 | BH41: 4880.69 | BI41: 5084.59 | BJ41: 4649.43 | BK41: 4474.92 | BL41: 4372.33 | BM41: 4234.55 | BN41: 4210.87 | BO41: 4683.02 | BR41: MD | BS41: 5411 | BT41: 6000 | BU41: 5936 | BV41: 6123.7 | BW41: 4476 | BX41: 6267 | BY41: 5638.25 | BZ41: 5802 | CA41: 6449.29 | CB41: 6570 | CC41: 6068.06 | CD41: 6116.1 | CE41: 5698.59 | CF41: 5941.3 | CG41: 5419.09 | CH41: 5221.34 | CI41: 5088 | CJ41: 4933.35 | CK41: 4885.85 | CL41: 5438.75
B42: PM-Shoulder | C42: 1369.6 | D42: 1333.37 | E42: 653.05 | F42: 1110.75 | G42: 756.81 | H42: 889.57 | I42: 673.61 | J42: 3366.3 | K42: 799.93 | L42: 3702.56 | M42: 1730.74 | N42: 3772.21 | O42: 1335.76 | P42: 2187.35 | Q42: 1730.38 | R42: 2874.15 | S42: 1438.67 | T42: 2222.39 | U42: 1555.22 | V42: 1315.21 | X42: PM-Shoulder | Y42: 1222.87 | Z42: 1194.79 | AA42: 1412.1 | AB42: 1668.47 | AC42: 1031.28 | AD42: 1217.19 | AE42: 1024.21 | AF42: 1314.96 | AG42: 978.7 | AH42: 1483.29 | AI42: 1036.64 | AJ42: 1341.23 | AK42: 1020.98 | AL42: 1240.03 | AM42: 1005.08 | AN42: 1217.9 | AO42: 960.42 | AP42: 1183.39 | AQ42: 864.46 | AR42: 851.14 | AU42: PM-Shoulder | AV42: 5592.68 | AW42: 5653.31 | AX42: 5592.07 | AY42: 6455.4 | AZ42: 4481.22 | BA42: 5148.96 | BB42: 4243.94 | BC42: 4706.58 | BD42: 4423.51 | BE42: 6948.21 | BF42: 4761.36 | BG42: 6146.41 | BH42: 4684.05 | BI42: 5570.75 | BJ42: 4664.67 | BK42: 5581.47 | BL42: 4536.92 | BM42: 5313.31 | BN42: 4173.82 | BO42: 3859.91 | BR42: PM-Shoulder | BS42: 6815.55 | BT42: 6848.1 | BU42: 7004.18 | BV42: 8123.88 | BW42: 5512.5 | BX42: 6366.15 | BY42: 5268.14 | BZ42: 6021.54 | CA42: 5402.21 | CB42: 8431.5 | CC42: 5798 | CD42: 7487.65 | CE42: 5705.03 | CF42: 6810.78 | CG42: 5669.75 | CH42: 6799.37 | CI42: 5497.34 | CJ42: 6496.7 | CK42: 5038.28 | CL42: 4711.05
B43: PM-Peak | C43: 5971.01 | D43: 5587.72 | E43: 2353.16 | F43: 3699.99 | G43: 2661.01 | H43: 3830.89 | I43: 4169.72 | J43: 12268.77 | K43: 4427.85 | L43: 19908.66 | M43: 8785.06 | N43: 25616.49 | O43: 6949.56 | P43: 14269.07 | Q43: 10287.25 | R43: 12483.14 | S43: 6943.63 | T43: 7267.69 | U43: 7761.04 | V43: 7459.82 | X43: PM-Peak | Y43: 1338.85 | Z43: 1663.01 | AA43: 1314.34 | AB43: 1570.46 | AC43: 1108.76 | AD43: 1392.28 | AE43: 1134.39 | AF43: 1597.5 | AG43: 1043.13 | AH43: 1591.84 | AI43: 1068 | AJ43: 1482.46 | AK43: 1059.93 | AL43: 1347.87 | AM43: 1091.51 | AN43: 1177.36 | AO43: 963.44 | AP43: 998.69 | AQ43: 886.35 | AR43: 882.28 | AU43: PM-Peak | AV43: 6327.2 | AW43: 6509.14 | AX43: 5216.66 | AY43: 6218.57 | AZ43: 4524.49 | BA43: 6011.27 | BB43: 4808.61 | BC43: 5097.41 | BD43: 4813.77 | BE43: 7712.97 | BF43: 5007.29 | BG43: 7100.31 | BH43: 4974.53 | BI43: 6405.69 | BJ43: 5225.18 | BK43: 5611.16 | BL43: 4667.02 | BM43: 4749.47 | BN43: 4337.51 | BO43: 4255.38 | BR43: PM-Peak | BS43: 7666.05 | BT43: 8172.15 | BU43: 6531 | BV43: 7789.02 | BW43: 5633.25 | BX43: 7403.55 | BY43: 5943 | BZ43: 6694.91 | CA43: 5856.9 | CB43: 9304.81 | CC43: 6075.29 | CD43: 8582.77 | CE43: 6034.45 | CF43: 7753.56 | CG43: 6316.68 | CH43: 6788.52 | CI43: 5630.46 | CJ43: 5748.16 | CK43: 5223.86 | CL43: 5137.66
B44: PM-Late | C44: 638.49 | D44: 966.03 | E44: 63.28 | F44: 67.43 | G44: 34.07 | H44: 244.61 | I44: 124.44 | J44: 3167.34 | K44: 1518.57 | L44: 3812.72 | M44: 3624.79 | N44: 6439.32 | O44: 3076.24 | P44: 3750.99 | Q44: 3537.47 | R44: 3520.3 | S44: 2856.42 | T44: 2429.36 | U44: 3314.77 | V44: 2750.68 | X44: PM-Late | Y44: 627.99 | Z44: 795.27 | AA44: 150.67 | AB44: 160.55 | AC44: 113.57 | AD44: 483.35 | AE44: 129.63 | AF44: 789.2 | AG44: 519.05 | AH44: 767.45 | AI44: 507.7 | AJ44: 768.53 | AK44: 498.21 | AL44: 676.28 | AM44: 476.81 | AN44: 527.44 | AO44: 463 | AP44: 459.43 | AQ44: 463.66 | AR44: 476.94 | AU44: PM-Late | AV44: 3149.01 | AW44: 3829.73 | AX44: 2888.38 | AY44: 3078.95 | AZ44: 2223.43 | BA44: 3120 | BB44: 2554.12 | BC44: 3457.8 | BD44: 2665.95 | BE44: 3613.55 | BF44: 2597.3 | BG44: 3622.47 | BH44: 2576.79 | BI44: 3262.72 | BJ44: 2464.19 | BK44: 2648.56 | BL44: 2322 | BM44: 2377.57 | BN44: 2420.34 | BO44: 2561.06 | BR44: PM-Late | BS44: 3777 | BT44: 4625 | BU44: 3039.05 | BV44: 3239.5 | BW44: 2337 | BX44: 3603.35 | BY44: 2683.75 | BZ44: 4247 | CA44: 3185 | CB44: 4381 | CC44: 3105 | CD44: 4391 | CE44: 3075 | CF44: 3939 | CG44: 2941 | CH44: 3176 | CI44: 2785 | CJ44: 2837 | CK44: 2884 | CL44: 3038
B47: Revenue Per Period Lights | X47: ML V/C | AU47: GP V/C real | BR47: Highway Vol / GP Capacity
B48: Direction | C48: NB | D48: SB | E48: NB | F48: SB | G48: NB | H48: SB | I48: NB | J48: SB | K48: NB | L48: SB | M48: NB | N48: SB | O48: NB | P48: SB | Q48: NB | R48: SB | S48: NB | T48: SB | U48: NB | V48: SB | X48: Direction | Y48: NB | Z48: SB | AA48: NB | AB48: SB | AC48: NB | AD48: SB | AE48: NB | AF48: SB | AG48: NB | AH48: SB | AI48: NB | AJ48: SB | AK48: NB | AL48: SB | AM48: NB | AN48: SB | AO48: NB | AP48: SB | AQ48: NB | AR48: SB | AU48: Direction | AV48: NB | AW48: SB | AX48: NB | AY48: SB | AZ48: NB | BA48: SB | BB48: NB | BC48: SB | BD48: NB | BE48: SB | BF48: NB | BG48: SB | BH48: NB | BI48: SB | BJ48: NB | BK48: SB | BL48: NB | BM48: SB | BN48: NB | BO48: SB | BR48: Direction | BS48: NB | BT48: SB | BU48: NB | BV48: SB | BW48: NB | BX48: SB | BY48: NB | BZ48: SB | CA48: NB | CB48: SB | CC48: NB | CD48: SB | CE48: NB | CF48: SB | CG48: NB | CH48: SB | CI48: NB | CJ48: SB | CK48: NB | CL48: SB
B49: Segment | C49: 1 | D49: 1 | E49: 2 | F49: 2 | G49: 3 | H49: 3 | I49: 4 | J49: 4 | K49: 5 | L49: 5 | M49: 6 | N49: 6 | O49: 7 | P49: 7 | Q49: 8 | R49: 8 | S49: 9 | T49: 9 | U49: 10 | V49: 10 | X49: Segment | Y49: 1 | Z49: 1 | AA49: 2 | AB49: 2 | AC49: 3 | AD49: 3 | AE49: 4 | AF49: 4 | AG49: 5 | AH49: 5 | AI49: 6 | AJ49: 6 | AK49: 7 | AL49: 7 | AM49: 8 | AN49: 8 | AO49: 9 | AP49: 9 | AQ49: 10 | AR49: 10 | AU49: Segment | AV49: 1 | AW49: 1 | AX49: 2 | AY49: 2 | AZ49: 3 | BA49: 3 | BB49: 4 | BC49: 4 | BD49: 5 | BE49: 5 | BF49: 6 | BG49: 6 | BH49: 7 | BI49: 7 | BJ49: 8 | BK49: 8 | BL49: 9 | BM49: 9 | BN49: 10 | BO49: 10 | BR49: Segment | BS49: 1 | BT49: 1 | BU49: 2 | BV49: 2 | BW49: 3 | BX49: 3 | BY49: 4 | BZ49: 4 | CA49: 5 | CB49: 5 | CC49: 6 | CD49: 6 | CE49: 7 | CF49: 7 | CG49: 8 | CH49: 8 | CI49: 9 | CJ49: 9 | CK49: 10 | CL49: 10
B50: Period | X50: Period | AU50: Period | BR50: Period
B51: Night | C51: 65.03 | D51: 63.17 | E51: 61.01 | F51: 55.32 | G51: 32.69 | H51: 41.56 | I51: 139.39 | J51: 2021.7 | K51: 2462.4 | L51: 2320.13 | M51: 5937.71 | N51: 4047.68 | O51: 4584.32 | P51: 2934.06 | Q51: 5198.45 | R51: 4217.32 | S51: 3646.49 | T51: 1730.79 | U51: 4585.09 | V51: 2345.3 | X51: Night | Y51: 0.03 | Z51: 0.03 | AA51: 0.02 | AB51: 0.02 | AC51: 0.02 | AD51: 0.03 | AE51: 0.03 | AF51: 0.06 | AG51: 0.08 | AH51: 0.07 | AI51: 0.08 | AJ51: 0.06 | AK51: 0.07 | AL51: 0.06 | AM51: 0.07 | AN51: 0.06 | AO51: 0.06 | AP51: 0.04 | AQ51: 0.06 | AR51: 0.04 | AU51: Night | AV51: 0.23 | AW51: 0.23 | AX51: 0.23 | AY51: 0.23 | AZ51: 0.23 | BA51: 0.23 | BB51: 0.22 | BC51: 0.57 | BD51: 0.53 | BE51: 0.58 | BF51: 0.64 | BG51: 0.57 | BH51: 0.64 | BI51: 0.55 | BJ51: 0.59 | BK51: 0.56 | BL51: 0.54 | BM51: 0.42 | BN51: 0.55 | BO51: 0.44 | BR51: Night | BS51: 0.24 | BT51: 0.24 | BU51: 0.24 | BV51: 0.24 | BW51: 0.24 | BX51: 0.24 | BY51: 0.23 | BZ51: 0.65 | CA51: 0.6 | CB51: 0.65 | CC51: 0.72 | CD51: 0.64 | CE51: 0.72 | CF51: 0.62 | CG51: 0.67 | CH51: 0.63 | CI51: 0.61 | CJ51: 0.47 | CK51: 0.62 | CL51: 0.49
B52: AM-Early | C52: 272.77 | D52: 111.33 | E52: 226.16 | F52: 102.15 | G52: 127.12 | H52: 108.73 | I52: 630.69 | J52: 536.99 | K52: 812.35 | L52: 510.46 | M52: 1728.14 | N52: 950.17 | O52: 1236.67 | P52: 907.92 | Q52: 1449.04 | R52: 972.91 | S52: 1247.05 | T52: 650.58 | U52: 1388.49 | V52: 535.3 | X52: AM-Early | Y52: 0.27 | Z52: 0.17 | AA52: 0.27 | AB52: 0.17 | AC52: 0.18 | AD52: 0.22 | AE52: 0.3 | AF52: 0.21 | AG52: 0.29 | AH52: 0.19 | AI52: 0.28 | AJ52: 0.2 | AK52: 0.24 | AL52: 0.21 | AM52: 0.23 | AN52: 0.2 | AO52: 0.22 | AP52: 0.17 | AQ52: 0.25 | AR52: 0.16 | AU52: AM-Early | AV52: 0.53 | AW52: 0.34 | AX52: 0.46 | AY52: 0.31 | AZ52: 0.44 | BA52: 0.4 | BB52: 0.53 | BC52: 0.55 | BD52: 0.57 | BE52: 0.51 | BF52: 0.61 | BG52: 0.52 | BH52: 0.61 | BI52: 0.55 | BJ52: 0.58 | BK52: 0.49 | BL52: 0.57 | BM52: 0.45 | BN52: 0.52 | BO52: 0.35 | BR52: AM-Early | BS52: 0.62 | BT52: 0.4 | BU52: 0.55 | BV52: 0.37 | BW52: 0.52 | BX52: 0.47 | BY52: 0.63 | BZ52: 0.65 | CA52: 0.68 | CB52: 0.6 | CC52: 0.72 | CD52: 0.61 | CE52: 0.71 | CF52: 0.64 | CG52: 0.68 | CH52: 0.57 | CI52: 0.67 | CJ52: 0.52 | CK52: 0.61 | CL52: 0.4
B53: AM-Peak | C53: 3918.4 | D53: 355.88 | E53: 6686.44 | F53: 47.52 | G53: 1900.24 | H53: 3565.58 | I53: 7011.05 | J53: 2787.87 | K53: 9786.56 | L53: 2980.55 | M53: 20800.42 | N53: 5314.49 | O53: 19825.13 | P53: 4400.08 | Q53: 21499.59 | R53: 5476.82 | S53: 6396.16 | T53: 3572.2 | U53: 4731.1 | V53: 3730.23 | X53: AM-Peak | Y53: 0.4 | Z53: 0.12 | AA53: 0.38 | AB53: 0.04 | AC53: 0.27 | AD53: 0.54 | AE53: 0.33 | AF53: 0.24 | AG53: 0.35 | AH53: 0.21 | AI53: 0.41 | AJ53: 0.21 | AK53: 0.51 | AL53: 0.21 | AM53: 0.42 | AN53: 0.21 | AO53: 0.23 | AP53: 0.18 | AQ53: 0.18 | AR53: 0.16 | AU53: AM-Peak | AV53: 0.86 | AW53: 0.3 | AX53: 0.96 | AY53: 0.27 | AZ53: 0.81 | BA53: 0.92 | BB53: 0.81 | BC53: 0.59 | BD53: 0.86 | BE53: 0.59 | BF53: 0.9 | BG53: 0.59 | BH53: 0.95 | BI53: 0.59 | BJ53: 0.92 | BK53: 0.57 | BL53: 0.63 | BM53: 0.51 | BN53: 0.49 | BO53: 0.45 | BR53: AM-Peak | BS53: 1.05 | BT53: 0.34 | BU53: 1.15 | BV53: 0.28 | BW53: 0.98 | BX53: 1.18 | BY53: 0.96 | BZ53: 0.7 | CA53: 1.02 | CB53: 0.68 | CC53: 1.08 | CD53: 0.68 | CE53: 1.2 | CF53: 0.69 | CG53: 1.13 | CH53: 0.66 | CI53: 0.73 | CJ53: 0.59 | CK53: 0.57 | CL53: 0.52
B54: AM-Shoulder | C54: 1130.37 | D54: 140.28 | E54: 1561.61 | F54: 93.23 | G54: 684.81 | H54: 1322.91 | I54: 1297.24 | J54: 713.49 | K54: 1839.8 | L54: 710.85 | M54: 3590.92 | N54: 1173.71 | O54: 2802.29 | P54: 958.4 | Q54: 2051.41 | R54: 1101.66 | S54: 1016.45 | T54: 847.73 | U54: 1069.43 | V54: 952.61 | X54: AM-Shoulder | Y54: 0.36 | Z54: 0.15 | AA54: 0.45 | AB54: 0.14 | AC54: 0.3 | AD54: 0.38 | AE54: 0.3 | AF54: 0.24 | AG54: 0.3 | AH54: 0.21 | AI54: 0.3 | AJ54: 0.21 | AK54: 0.3 | AL54: 0.2 | AM54: 0.25 | AN54: 0.2 | AO54: 0.2 | AP54: 0.18 | AQ54: 0.18 | AR54: 0.17 | AU54: AM-Shoulder | AV54: 0.9 | AW54: 0.43 | AX54: 0.92 | AY54: 0.3 | AZ54: 0.89 | BA54: 0.98 | BB54: 0.76 | BC54: 0.62 | BD54: 0.82 | BE54: 0.61 | BF54: 0.84 | BG54: 0.59 | BH54: 0.84 | BI54: 0.59 | BJ54: 0.71 | BK54: 0.56 | BL54: 0.56 | BM54: 0.53 | BN54: 0.52 | BO54: 0.49 | BR54: AM-Shoulder | BS54: 1.07 | BT54: 0.5 | BU54: 1.14 | BV54: 0.35 | BW54: 1.06 | BX54: 1.16 | BY54: 0.9 | BZ54: 0.73 | CA54: 0.95 | CB54: 0.7 | CC54: 0.97 | CD54: 0.68 | CE54: 0.97 | CF54: 0.68 | CG54: 0.82 | CH54: 0.65 | CI54: 0.65 | CJ54: 0.61 | CK54: 0.6 | CL54: 0.57
B55: MD | C55: 3476.46 | D55: 2238.01 | E55: 2639.18 | F55: 1225.26 | G55: 1507.46 | H55: 3659.83 | I55: 2427.6 | J55: 4938.88 | K55: 5479.7 | L55: 6278.8 | M55: 8352.52 | N55: 7676.28 | O55: 5630.21 | P55: 5530.79 | Q55: 6453.12 | R55: 6001.96 | S55: 5062.59 | T55: 4397.83 | U55: 5669.23 | V55: 4726.27 | X55: MD | Y55: 0.21 | Z55: 0.23 | AA55: 0.27 | AB55: 0.28 | AC55: 0.19 | AD55: 0.3 | AE55: 0.24 | AF55: 0.25 | AG55: 0.26 | AH55: 0.26 | AI55: 0.24 | AJ55: 0.25 | AK55: 0.23 | AL55: 0.24 | AM55: 0.21 | AN55: 0.21 | AO55: 0.2 | AP55: 0.19 | AQ55: 0.19 | AR55: 0.21 | AU55: MD | AV55: 0.85 | AW55: 0.7 | AX55: 0.71 | AY55: 0.49 | AZ55: 0.73 | BA55: 0.89 | BB55: 0.5 | BC55: 0.7 | BD55: 0.69 | BE55: 0.72 | BF55: 0.65 | BG55: 0.62 | BH55: 0.61 | BI55: 0.59 | BJ55: 0.58 | BK55: 0.56 | BL55: 0.56 | BM55: 0.5 | BN55: 0.51 | BO55: 0.45 | BR55: MD | BS55: 0.99 | BT55: 0.82 | BU55: 0.84 | BV55: 0.59 | BW55: 0.86 | BX55: 1.08 | BY55: 0.59 | BZ55: 0.83 | CA55: 0.81 | CB55: 0.84 | CC55: 0.76 | CD55: 0.72 | CE55: 0.71 | CF55: 0.69 | CG55: 0.68 | CH55: 0.65 | CI55: 0.65 | CJ55: 0.59 | CK55: 0.6 | CL55: 0.52
B56: PM-Shoulder | C56: 1178.7 | D56: 1179.31 | E56: 597.73 | F56: 1028.09 | G56: 657.29 | H56: 800.6 | I56: 584.88 | J56: 2964.99 | K56: 694.54 | L56: 3243.6 | M56: 1480.35 | N56: 3339.7 | O56: 1145.99 | P56: 1960.68 | Q56: 1478.28 | R56: 2514.39 | S56: 1206.15 | T56: 2007.03 | U56: 1308.15 | V56: 1153.67 | X56: PM-Shoulder | Y56: 0.34 | Z56: 0.33 | AA56: 0.39 | AB56: 0.46 | AC56: 0.29 | AD56: 0.34 | AE56: 0.28 | AF56: 0.37 | AG56: 0.27 | AH56: 0.41 | AI56: 0.29 | AJ56: 0.37 | AK56: 0.28 | AL56: 0.34 | AM56: 0.28 | AN56: 0.34 | AO56: 0.27 | AP56: 0.33 | AQ56: 0.24 | AR56: 0.24 | AU56: PM-Shoulder | AV56: 0.9 | AW56: 0.89 | AX56: 0.7 | AY56: 0.81 | AZ56: 0.86 | BA56: 0.87 | BB56: 0.53 | BC56: 0.94 | BD56: 0.55 | BE56: 0.89 | BF56: 0.6 | BG56: 0.77 | BH56: 0.59 | BI56: 0.7 | BJ56: 0.58 | BK56: 0.7 | BL56: 0.57 | BM56: 0.66 | BN56: 0.52 | BO56: 0.48 | BR56: PM-Shoulder | BS56: 1.1 | BT56: 1.08 | BU56: 0.88 | BV56: 1.02 | BW56: 1.06 | BX56: 1.08 | BY56: 0.66 | BZ56: 1.2 | CA56: 0.68 | CB56: 1.08 | CC56: 0.72 | CD56: 0.94 | CE56: 0.71 | CF56: 0.85 | CG56: 0.71 | CH56: 0.85 | CI56: 0.69 | CJ56: 0.81 | CK56: 0.63 | CL56: 0.59
B57: PM-Peak | C57: 5335.72 | D57: 4921.78 | E57: 2188.18 | F57: 3456.24 | G57: 2372.34 | H57: 3453.04 | I57: 3707.22 | J57: 10811.02 | K57: 3907.92 | L57: 17713.29 | M57: 7764.28 | N57: 22962.3 | O57: 6177.29 | P57: 12851.33 | Q57: 9051.18 | R57: 11036.52 | S57: 6017.49 | T57: 6508.65 | U57: 6762.79 | V57: 6580.51 | X57: PM-Peak | Y57: 0.37 | Z57: 0.46 | AA57: 0.37 | AB57: 0.44 | AC57: 0.31 | AD57: 0.39 | AE57: 0.32 | AF57: 0.44 | AG57: 0.29 | AH57: 0.44 | AI57: 0.3 | AJ57: 0.41 | AK57: 0.29 | AL57: 0.37 | AM57: 0.3 | AN57: 0.33 | AO57: 0.27 | AP57: 0.28 | AQ57: 0.25 | AR57: 0.25 | AU57: PM-Peak | AV57: 0.92 | AW57: 0.89 | AX57: 0.67 | AY57: 0.78 | AZ57: 0.82 | BA57: 0.88 | BB57: 0.62 | BC57: 0.91 | BD57: 0.6 | BE57: 0.96 | BF57: 0.63 | BG57: 0.89 | BH57: 0.62 | BI57: 0.8 | BJ57: 0.65 | BK57: 0.7 | BL57: 0.58 | BM57: 0.59 | BN57: 0.54 | BO57: 0.53 | BR57: PM-Peak | BS57: 1.11 | BT57: 1.12 | BU57: 0.84 | BV57: 0.97 | BW57: 1.02 | BX57: 1.09 | BY57: 0.77 | BZ57: 1.2 | CA57: 0.73 | CB57: 1.16 | CC57: 0.76 | CD57: 1.07 | CE57: 0.75 | CF57: 0.97 | CG57: 0.79 | CH57: 0.85 | CI57: 0.7 | CJ57: 0.72 | CK57: 0.65 | CL57: 0.64
B58: PM-Late | C58: 565.64 | D58: 881.72 | E58: 55.26 | F58: 58.63 | G58: 25.22 | H58: 222.9 | I58: 90.11 | J58: 2934.16 | K58: 1343.92 | L58: 3544.92 | M58: 3238.18 | N58: 5980.87 | O58: 2733.39 | P58: 3434.46 | Q58: 3168.44 | R58: 3179.38 | S58: 2510.72 | T58: 2178.05 | U58: 2911.82 | V58: 2415.97 | X58: PM-Late | Y58: 0.17 | Z58: 0.22 | AA58: 0.04 | AB58: 0.04 | AC58: 0.03 | AD58: 0.13 | AE58: 0.04 | AF58: 0.22 | AG58: 0.14 | AH58: 0.21 | AI58: 0.14 | AJ58: 0.21 | AK58: 0.14 | AL58: 0.19 | AM58: 0.13 | AN58: 0.15 | AO58: 0.13 | AP58: 0.13 | AQ58: 0.13 | AR58: 0.13 | AU58: PM-Late | AV58: 0.47 | AW58: 0.56 | AX58: 0.28 | AY58: 0.3 | AZ58: 0.23 | BA58: 0.3 | BB58: 0.25 | BC58: 0.7 | BD58: 0.5 | BE58: 0.71 | BF58: 0.6 | BG58: 0.69 | BH58: 0.62 | BI58: 0.62 | BJ58: 0.59 | BK58: 0.56 | BL58: 0.56 | BM58: 0.5 | BN58: 0.51 | BO58: 0.45 | BR58: PM-Late | BS58: 0.56 | BT58: 0.68 | BU58: 0.29 | BV58: 0.31 | BW58: 0.24 | BX58: 0.35 | BY58: 0.26 | BZ58: 0.85 | CA58: 0.59 | CB58: 0.87 | CC58: 0.71 | CD58: 0.84 | CE58: 0.74 | CF58: 0.75 | CG58: 0.7 | CH58: 0.67 | CI58: 0.67 | CJ58: 0.6 | CK58: 0.61 | CL58: 0.53
B61: Revenue Per Period Medium A | X61: ML Speed | AU61: GP Speed | BR61: Time Saving
B62: Direction | C62: NB | D62: SB | E62: NB | F62: SB | G62: NB | H62: SB | I62: NB | J62: SB | K62: NB | L62: SB | M62: NB | N62: SB | O62: NB | P62: SB | Q62: NB | R62: SB | S62: NB | T62: SB | U62: NB | V62: SB | X62: Direction | Y62: NB | Z62: SB | AA62: NB | AB62: SB | AC62: NB | AD62: SB | AE62: NB | AF62: SB | AG62: NB | AH62: SB | AI62: NB | AJ62: SB | AK62: NB | AL62: SB | AM62: NB | AN62: SB | AO62: NB | AP62: SB | AQ62: NB | AR62: SB | AU62: Direction | AV62: NB | AW62: SB | AX62: NB | AY62: SB | AZ62: NB | BA62: SB | BB62: NB | BC62: SB | BD62: NB | BE62: SB | BF62: NB | BG62: SB | BH62: NB | BI62: SB | BJ62: NB | BK62: SB | BL62: NB | BM62: SB | BN62: NB | BO62: SB | BR62: Direction | BS62: NB | BT62: SB | BU62: NB | BV62: SB | BW62: NB | BX62: SB | BY62: NB | BZ62: SB | CA62: NB | CB62: SB | CC62: NB | CD62: SB | CE62: NB | CF62: SB | CG62: NB | CH62: SB | CI62: NB | CJ62: SB | CK62: NB | CL62: SB
B63: Segment | C63: 1 | D63: 1 | E63: 2 | F63: 2 | G63: 3 | H63: 3 | I63: 4 | J63: 4 | K63: 5 | L63: 5 | M63: 6 | N63: 6 | O63: 7 | P63: 7 | Q63: 8 | R63: 8 | S63: 9 | T63: 9 | U63: 10 | V63: 10 | X63: Segment | Y63: 1 | Z63: 1 | AA63: 2 | AB63: 2 | AC63: 3 | AD63: 3 | AE63: 4 | AF63: 4 | AG63: 5 | AH63: 5 | AI63: 6 | AJ63: 6 | AK63: 7 | AL63: 7 | AM63: 8 | AN63: 8 | AO63: 9 | AP63: 9 | AQ63: 10 | AR63: 10 | AU63: Segment | AV63: 1 | AW63: 1 | AX63: 2 | AY63: 2 | AZ63: 3 | BA63: 3 | BB63: 4 | BC63: 4 | BD63: 5 | BE63: 5 | BF63: 6 | BG63: 6 | BH63: 7 | BI63: 7 | BJ63: 8 | BK63: 8 | BL63: 9 | BM63: 9 | BN63: 10 | BO63: 10 | BR63: Segment | BS63: 1 | BT63: 1 | BU63: 2 | BV63: 2 | BW63: 3 | BX63: 3 | BY63: 4 | BZ63: 4 | CA63: 5 | CB63: 5 | CC63: 6 | CD63: 6 | CE63: 7 | CF63: 7 | CG63: 8 | CH63: 8 | CI63: 9 | CJ63: 9 | CK63: 10 | CL63: 10
B64: Period | X64: Period | AU64: Period | BR64: Period
B65: Night | C65: 5.17 | D65: 5.45 | E65: 3.53 | F65: 3.53 | G65: 2.73 | H65: 4.09 | I65: 9.9 | J65: 230.51 | K65: 188.76 | L65: 198.2 | M65: 419.27 | N65: 358.05 | O65: 399.34 | P65: 252.62 | Q65: 364.01 | R65: 326.3 | S65: 325.47 | T65: 201.31 | U65: 440.95 | V65: 309.7 | X65: Night | Y65: 60 | Z65: 60 | AA65: 60 | AB65: 60 | AC65: 60 | AD65: 60 | AE65: 70 | AF65: 70 | AG65: 70 | AH65: 70 | AI65: 70 | AJ65: 70 | AK65: 70 | AL65: 70 | AM65: 70 | AN65: 70 | AO65: 70 | AP65: 70 | AQ65: 70 | AR65: 70 | AU65: Night | AV65: 54.99 | AW65: 54.99 | AX65: 54.99 | AY65: 54.99 | AZ65: 54.99 | BA65: 54.99 | BB65: 64.99 | BC65: 62.78 | BD65: 68.42 | BE65: 67.48 | BF65: 65.54 | BG65: 67.75 | BH65: 65.46 | BI65: 68.17 | BJ65: 67.08 | BK65: 67.99 | BL65: 68.31 | BM65: 69.61 | BN65: 68.17 | BO65: 69.49 | BR65: Night | BS65: -0.06 | BT65: -0.06 | BU65: -0.06 | BV65: -0.06 | BW65: -0.05 | BX65: -0.05 | BY65: -0.11 | BZ65: -0.16 | CA65: -0.04 | CB65: -0.06 | CC65: -0.21 | CD65: -0.1 | CE65: -0.17 | CF65: -0.07 | CG65: -0.14 | CH65: -0.1 | CI65: -0.07 | CJ65: -0.02 | CK65: -0.1 | CL65: -0.03
B66: AM-Early | C66: 23.42 | D66: 13.08 | E66: 9.73 | F66: 8.06 | G66: 9.56 | H66: 12.02 | I66: 39.51 | J66: 78.04 | K66: 55.48 | L66: 74.09 | M66: 122.24 | N66: 151.14 | O66: 109.41 | P66: 106.37 | Q66: 127.06 | R66: 94.39 | S66: 94.26 | T66: 79.67 | U66: 122.68 | V66: 65.99 | X66: AM-Early | Y66: 59.98 | Z66: 60 | AA66: 59.98 | AB66: 60 | AC66: 60 | AD66: 59.99 | AE66: 69.94 | AF66: 69.99 | AG66: 69.96 | AH66: 70 | AI66: 69.97 | AJ66: 70 | AK66: 69.99 | AL66: 69.99 | AM66: 69.99 | AN66: 70 | AO66: 69.99 | AP66: 70 | AQ66: 69.98 | AR66: 70 | AU66: AM-Early | AV66: 53.87 | AW66: 54.91 | AX66: 54.47 | AY66: 54.95 | AZ66: 54.6 | BA66: 54.79 | BB66: 63.6 | BC66: 63.24 | BD66: 67.63 | BE66: 68.79 | BF66: 66.43 | BG66: 68.66 | BH66: 66.69 | BI66: 68.18 | BJ66: 67.39 | BK66: 69.06 | BL66: 67.71 | BM66: 69.46 | BN66: 68.67 | BO66: 69.88 | BR66: AM-Early | BS66: -0.08 | BT66: -0.06 | BU66: -0.07 | BV66: -0.06 | BW66: -0.05 | BX66: -0.05 | BY66: -0.14 | BZ66: -0.15 | CA66: -0.06 | CB66: -0.03 | CC66: -0.16 | CD66: -0.06 | CE66: -0.12 | CF66: -0.07 | CG66: -0.13 | CH66: -0.04 | CI66: -0.1 | CJ66: -0.02 | CK66: -0.07 | CL66: -0.01
B67: AM-Peak | C67: 459.64 | D67: 48.46 | E67: 582.08 | F67: 4.79 | G67: 259.73 | H67: 635.79 | I67: 826.25 | J67: 486.37 | K67: 1368.96 | L67: 590.4 | M67: 2734.23 | N67: 1118.89 | O67: 3027.79 | P67: 799.37 | Q67: 3176.86 | R67: 863.92 | S67: 888.21 | T67: 753.99 | U67: 738.55 | V67: 620.16 | X67: AM-Peak | Y67: 59.73 | Z67: 60 | AA67: 59.79 | AB67: 60 | AC67: 59.97 | AD67: 58.19 | AE67: 69.9 | AF67: 69.99 | AG67: 69.85 | AH67: 69.99 | AI67: 69.59 | AJ67: 69.99 | AK67: 68.5 | AL67: 69.99 | AM67: 69.55 | AN67: 69.99 | AO67: 69.99 | AP67: 70 | AQ67: 70 | AR67: 70 | AU67: AM-Peak | AV67: 38.81 | AW67: 54.96 | AX67: 30.63 | AY67: 54.98 | AZ67: 42.91 | BA67: 34.08 | BB67: 50.71 | BC67: 62.24 | BD67: 49.52 | BE67: 67.24 | BF67: 45.85 | BG67: 67.2 | BH67: 39.86 | BI67: 67.11 | BJ67: 43.96 | BK67: 67.72 | BL67: 65.98 | BM67: 68.76 | BN67: 68.99 | BO67: 69.44 | BR67: AM-Peak | BS67: -0.38 | BT67: -0.06 | BU67: -0.67 | BV67: -0.06 | BW67: -0.2 | BX67: -0.36 | BY67: -0.52 | BZ67: -0.17 | CA67: -0.71 | CB67: -0.07 | CC67: -1.61 | CD67: -0.13 | CE67: -1.82 | CF67: -0.11 | CG67: -1.91 | CH67: -0.11 | CI67: -0.18 | CJ67: -0.05 | CK67: -0.06 | CL67: -0.03
B68: AM-Shoulder | C68: 150.36 | D68: 16.99 | E68: 126.72 | F68: 10.59 | G68: 87.62 | H68: 159.59 | I68: 188.78 | J68: 92.33 | K68: 259.58 | L68: 121.23 | M68: 538.5 | N68: 216.18 | O68: 450.21 | P68: 146.01 | Q68: 334.73 | R68: 182.17 | S68: 156.99 | T68: 129.61 | U68: 171.82 | V68: 138.85 | X68: AM-Shoulder | Y68: 59.85 | Z68: 60 | AA68: 59.41 | AB68: 60 | AC68: 59.95 | AD68: 59.77 | AE68: 69.94 | AF68: 69.99 | AG68: 69.95 | AH68: 69.99 | AI68: 69.94 | AJ68: 69.99 | AK68: 69.95 | AL68: 70 | AM68: 69.98 | AN68: 70 | AO68: 70 | AP68: 70 | AQ68: 70 | AR68: 70 | AU68: AM-Shoulder | AV68: 35.8 | AW68: 54.64 | AX68: 33.91 | AY68: 54.96 | AZ68: 37.01 | BA68: 28.96 | BB68: 54.46 | BC68: 61.45 | BD68: 53.81 | BE68: 66.67 | BF68: 52.01 | BG68: 67.12 | BH68: 52.09 | BI68: 67.15 | BJ68: 62.29 | BK68: 67.87 | BL68: 67.83 | BM68: 68.45 | BN68: 68.67 | BO68: 69.01 | BR68: AM-Shoulder | BS68: -0.47 | BT68: -0.07 | BU68: -0.53 | BV68: -0.06 | BW68: -0.31 | BX68: -0.53 | BY68: -0.39 | BZ68: -0.19 | CA68: -0.51 | CB68: -0.09 | CC68: -1.06 | CD68: -0.13 | CE68: -0.85 | CF68: -0.11 | CG68: -0.4 | CH68: -0.1 | CI68: -0.09 | CJ68: -0.07 | CK68: -0.07 | CL68: -0.06
B69: MD | C69: 368.95 | D69: 222.78 | E69: 221.5 | F69: 107.14 | G69: 155.16 | H69: 337.67 | I69: 309.46 | J69: 616.72 | K69: 742.3 | L69: 742.51 | M69: 1124.15 | N69: 882.62 | O69: 771.88 | P69: 608.18 | Q69: 878.97 | R69: 738.29 | S69: 737.08 | T69: 437.75 | U69: 736.73 | V69: 516.92 | X69: MD | Y69: 59.99 | Z69: 59.99 | AA69: 59.97 | AB69: 59.97 | AC69: 60 | AD69: 59.95 | AE69: 69.98 | AF69: 69.98 | AG69: 69.98 | AH69: 69.97 | AI69: 69.98 | AJ69: 69.98 | AK69: 69.99 | AL69: 69.99 | AM69: 69.99 | AN69: 69.99 | AO69: 70 | AP69: 70 | AQ69: 70 | AR69: 69.99 | AU69: MD | AV69: 39.59 | AW69: 49.08 | AX69: 48.94 | AY69: 54.23 | AZ69: 47.94 | BA69: 36.74 | BB69: 64.04 | BC69: 57.9 | BD69: 63.24 | BE69: 61.35 | BF69: 65.14 | BG69: 66.29 | BH69: 66.57 | BI69: 67.15 | BJ69: 67.4 | BK69: 67.92 | BL69: 67.96 | BM69: 68.86 | BN69: 68.74 | BO69: 69.42 | BR69: MD | BS69: -0.36 | BT69: -0.16 | BU69: -0.16 | BV69: -0.07 | BW69: -0.13 | BX69: -0.32 | BY69: -0.13 | BZ69: -0.29 | CA69: -0.18 | CB69: -0.24 | CC69: -0.23 | CD69: -0.17 | CE69: -0.13 | CF69: -0.11 | CG69: -0.13 | CH69: -0.1 | CI69: -0.09 | CJ69: -0.05 | CK69: -0.07 | CL69: -0.03
B70: PM-Shoulder | C70: 86.96 | D70: 79.25 | E70: 32.05 | F70: 62.17 | G70: 52.06 | H70: 44.8 | I70: 54.55 | J70: 206.47 | K70: 63.67 | L70: 261.88 | M70: 152.51 | N70: 265.03 | O70: 109.59 | P70: 133.95 | Q70: 146 | R70: 213.9 | S70: 130.08 | T70: 126.71 | U70: 131.1 | V70: 93.69 | X70: PM-Shoulder | Y70: 59.89 | Z70: 59.91 | AA70: 59.74 | AB70: 59.25 | AC70: 59.96 | AD70: 59.9 | AE70: 69.96 | AF70: 69.8 | AG70: 69.97 | AH70: 69.58 | AI70: 69.96 | AJ70: 69.78 | AK70: 69.96 | AL70: 69.86 | AM70: 69.96 | AN70: 69.88 | AO70: 69.97 | AP70: 69.9 | AQ70: 69.99 | AR70: 69.99 | AU70: PM-Shoulder | AV70: 36.01 | AW70: 36.62 | AX70: 49.25 | AY70: 43.1 | AZ70: 39.07 | BA70: 38.22 | BB70: 63.58 | BC70: 38.67 | BD70: 68.05 | BE70: 46.69 | BF70: 67.02 | BG70: 58.06 | BH70: 67.29 | BI70: 62.84 | BJ70: 67.35 | BK70: 62.76 | BL70: 67.75 | BM70: 64.47 | BN70: 68.62 | BO70: 69.13 | BR70: PM-Shoulder | BS70: -0.46 | BT70: -0.45 | BU70: -0.15 | BV70: -0.27 | BW70: -0.27 | BX70: -0.28 | BY70: -0.14 | BZ70: -1.11 | CA70: -0.05 | CB70: -0.85 | CC70: -0.14 | CD70: -0.62 | CE70: -0.1 | CF70: -0.28 | CG70: -0.13 | CH70: -0.37 | CI70: -0.1 | CJ70: -0.25 | CK70: -0.08 | CL70: -0.05
B71: PM-Peak | C71: 298.52 | D71: 316.33 | E71: 97.3 | F71: 147.24 | G71: 149.06 | H71: 173.81 | I71: 251.46 | J71: 728.29 | K71: 282.26 | L71: 1172.42 | M71: 561.83 | N71: 1415.33 | O71: 401.1 | P71: 698.51 | Q71: 616.7 | R71: 754.56 | S71: 457.05 | T71: 356.15 | U71: 463.03 | V71: 432.64 | X71: PM-Peak | Y71: 59.81 | Z71: 59.27 | AA71: 59.83 | AB71: 59.49 | AC71: 59.94 | AD71: 59.76 | AE71: 69.92 | AF71: 69.34 | AG71: 69.95 | AH71: 69.35 | AI71: 69.95 | AJ71: 69.58 | AK71: 69.95 | AL71: 69.77 | AM71: 69.94 | AN71: 69.9 | AO71: 69.97 | AP71: 69.97 | AQ71: 69.98 | AR71: 69.98 | AU71: PM-Peak | AV71: 34.53 | AW71: 36.81 | AX71: 50.38 | AY71: 45.06 | AZ71: 41.96 | BA71: 37.35 | BB71: 61.49 | BC71: 41.09 | BD71: 66.83 | BE71: 38.82 | BF71: 66.03 | BG71: 47.02 | BH71: 66.17 | BI71: 55.4 | BJ71: 64.96 | BK71: 62.55 | BL71: 67.35 | BM71: 67.06 | BN71: 68.27 | BO71: 68.45 | BR71: PM-Peak | BS71: -0.51 | BT71: -0.43 | BU71: -0.13 | BV71: -0.23 | BW71: -0.21 | BX71: -0.3 | BY71: -0.19 | BZ71: -0.95 | CA71: -0.08 | CB71: -1.36 | CC71: -0.18 | CD71: -1.49 | CE71: -0.14 | CF71: -0.65 | CG71: -0.25 | CH71: -0.38 | CI71: -0.11 | CJ71: -0.13 | CK71: -0.1 | CL71: -0.09
B72: PM-Late | C72: 31.74 | D72: 28.99 | E72: 1.32 | F72: 1.56 | G72: 1.11 | H72: 6.43 | I72: 3.97 | J72: 83.48 | K72: 69.85 | L72: 75.87 | M72: 122.45 | N72: 143.07 | O72: 113.48 | P72: 115.27 | Q72: 109.12 | R72: 114.41 | S72: 131.53 | T72: 77.75 | U72: 144.52 | V72: 91.8 | X72: PM-Late | Y72: 60 | Z72: 59.99 | AA72: 60 | AB72: 60 | AC72: 60 | AD72: 60 | AE72: 70 | AF72: 69.99 | AG72: 70 | AH72: 69.99 | AI72: 70 | AJ72: 69.99 | AK72: 70 | AL72: 70 | AM72: 70 | AN72: 70 | AO72: 70 | AP72: 70 | AQ72: 70 | AR72: 70 | AU72: PM-Late | AV72: 54.42 | AW72: 53.31 | AX72: 54.97 | AY72: 54.96 | AZ72: 54.99 | BA72: 54.96 | BB72: 64.99 | BC72: 58.38 | BD72: 68.96 | BE72: 61.77 | BF72: 66.96 | BG72: 62.94 | BH72: 66.21 | BI72: 66.34 | BJ72: 67.28 | BK72: 67.92 | BL72: 67.9 | BM72: 68.88 | BN72: 68.77 | BO72: 69.45 | BR72: PM-Late | BS72: -0.07 | BT72: -0.09 | BU72: -0.06 | BV72: -0.06 | BW72: -0.05 | BX72: -0.05 | BY72: -0.11 | BZ72: -0.27 | CA72: -0.03 | CB72: -0.23 | CC72: -0.14 | CD72: -0.35 | CE72: -0.14 | CF72: -0.14 | CG72: -0.13 | CH72: -0.1 | CI72: -0.09 | CJ72: -0.05 | CK72: -0.07 | CL72: -0.03
B75: Revenue Per Period Medium B | X75: ML time | AU75: GP Time | BR75: Difference in travel time
B76: Direction | C76: NB | D76: SB | E76: NB | F76: SB | G76: NB | H76: SB | I76: NB | J76: SB | K76: NB | L76: SB | M76: NB | N76: SB | O76: NB | P76: SB | Q76: NB | R76: SB | S76: NB | T76: SB | U76: NB | V76: SB | X76: Direction | Y76: NB | Z76: SB | AA76: NB | AB76: SB | AC76: NB | AD76: SB | AE76: NB | AF76: SB | AG76: NB | AH76: SB | AI76: NB | AJ76: SB | AK76: NB | AL76: SB | AM76: NB | AN76: SB | AO76: NB | AP76: SB | AQ76: NB | AR76: SB | AU76: Direction | AV76: NB | AW76: SB | AX76: NB | AY76: SB | AZ76: NB | BA76: SB | BB76: NB | BC76: SB | BD76: NB | BE76: SB | BF76: NB | BG76: SB | BH76: NB | BI76: SB | BJ76: NB | BK76: SB | BL76: NB | BM76: SB | BN76: NB | BO76: SB | BR76: Direction | BS76: NB | BT76: SB | BU76: NB | BV76: SB | BW76: NB | BX76: SB | BY76: NB | BZ76: SB | CA76: NB | CB76: SB | CC76: NB | CD76: SB | CE76: NB | CF76: SB | CG76: NB | CH76: SB | CI76: NB | CJ76: SB | CK76: NB | CL76: SB
B77: Segment | C77: 1 | D77: 1 | E77: 2 | F77: 2 | G77: 3 | H77: 3 | I77: 4 | J77: 4 | K77: 5 | L77: 5 | M77: 6 | N77: 6 | O77: 7 | P77: 7 | Q77: 8 | R77: 8 | S77: 9 | T77: 9 | U77: 10 | V77: 10 | X77: Segment | Y77: 1 | Z77: 1 | AA77: 2 | AB77: 2 | AC77: 3 | AD77: 3 | AE77: 4 | AF77: 4 | AG77: 5 | AH77: 5 | AI77: 6 | AJ77: 6 | AK77: 7 | AL77: 7 | AM77: 8 | AN77: 8 | AO77: 9 | AP77: 9 | AQ77: 10 | AR77: 10 | AU77: Segment | AV77: 1 | AW77: 1 | AX77: 2 | AY77: 2 | AZ77: 3 | BA77: 3 | BB77: 4 | BC77: 4 | BD77: 5 | BE77: 5 | BF77: 6 | BG77: 6 | BH77: 7 | BI77: 7 | BJ77: 8 | BK77: 8 | BL77: 9 | BM77: 9 | BN77: 10 | BO77: 10 | BR77: Segment | BS77: 1 | BT77: 1 | BU77: 2 | BV77: 2 | BW77: 3 | BX77: 3 | BY77: 4 | BZ77: 4 | CA77: 5 | CB77: 5 | CC77: 6 | CD77: 6 | CE77: 7 | CF77: 7 | CG77: 8 | CH77: 8 | CI77: 9 | CJ77: 9 | CK77: 10 | CL77: 10
B78: Period | X78: Period | AU78: Period | BR78: Period
B79: Night | C79: 1.4 | D79: 2.23 | E79: 1.03 | F79: 1.03 | G79: 0.63 | H79: 1.3 | I79: 6.06 | J79: 46.1 | K79: 81.63 | L79: 122.42 | M79: 107.81 | N79: 132.99 | O79: 97.4 | P79: 86.84 | Q79: 68.25 | R79: 63.15 | S79: 36.16 | T79: 48.59 | U79: 36.75 | V79: 38.71 | X79: Night | Y79: 0.7 | Z79: 0.7 | AA79: 0.7 | AB79: 0.7 | AC79: 0.5 | AD79: 0.5 | AE79: 1.37 | AF79: 1.37 | AG79: 1.71 | AH79: 1.71 | AI79: 3.09 | AJ79: 3.09 | AK79: 2.49 | AL79: 2.49 | AM79: 3.26 | AN79: 3.26 | AO79: 2.91 | AP79: 2.91 | AQ79: 3.86 | AR79: 3.86 | AU79: Night | AV79: 0.76 | AW79: 0.76 | AX79: 0.76 | AY79: 0.76 | AZ79: 0.55 | BA79: 0.55 | BB79: 1.48 | BC79: 1.53 | BD79: 1.75 | BE79: 1.78 | BF79: 3.3 | BG79: 3.19 | BH79: 2.66 | BI79: 2.55 | BJ79: 3.4 | BK79: 3.35 | BL79: 2.99 | BM79: 2.93 | BN79: 3.96 | BO79: 3.89 | BR79: Night | BS79: -0.08 | BT79: -0.08 | BU79: -0.08 | BV79: -0.08 | BW79: -0.08 | BX79: -0.08 | BY79: -0.07 | BZ79: -0.1 | CA79: -0.02 | CB79: -0.04 | CC79: -0.06 | CD79: -0.03 | CE79: -0.06 | CF79: -0.03 | CG79: -0.04 | CH79: -0.03 | CI79: -0.02 | CJ79: -0.01 | CK79: -0.03 | CL79: -0.01
B80: AM-Early | C80: 12.25 | D80: 5.82 | E80: 6.53 | F80: 3.64 | G80: 3.75 | H80: 5.84 | I80: 18.94 | J80: 36.58 | K80: 23.78 | L80: 33.6 | M80: 41.06 | N80: 46.71 | O80: 38.13 | P80: 38.62 | Q80: 48.41 | R80: 33.71 | S80: 34.04 | T80: 33.09 | U80: 38.14 | V80: 27.64 | X80: AM-Early | Y80: 0.7 | Z80: 0.7 | AA80: 0.7 | AB80: 0.7 | AC80: 0.5 | AD80: 0.5 | AE80: 1.37 | AF80: 1.37 | AG80: 1.72 | AH80: 1.71 | AI80: 3.09 | AJ80: 3.09 | AK80: 2.49 | AL80: 2.49 | AM80: 3.26 | AN80: 3.26 | AO80: 2.91 | AP80: 2.91 | AQ80: 3.86 | AR80: 3.86 | AU80: AM-Early | AV80: 0.78 | AW80: 0.76 | AX80: 0.77 | AY80: 0.76 | AZ80: 0.55 | BA80: 0.55 | BB80: 1.51 | BC80: 1.52 | BD80: 1.77 | BE80: 1.74 | BF80: 3.25 | BG80: 3.15 | BH80: 2.61 | BI80: 2.55 | BJ80: 3.38 | BK80: 3.3 | BL80: 3.01 | BM80: 2.94 | BN80: 3.93 | BO80: 3.86 | BR80: AM-Early | BS80: -0.1 | BT80: -0.08 | BU80: -0.09 | BV80: -0.08 | BW80: -0.09 | BX80: -0.09 | BY80: -0.09 | BZ80: -0.1 | CA80: -0.03 | CB80: -0.02 | CC80: -0.05 | CD80: -0.02 | CE80: -0.05 | CF80: -0.03 | CG80: -0.04 | CH80: -0.01 | CI80: -0.03 | CJ80: -0.01 | CK80: -0.02 | CL80: 0
B81: AM-Peak | C81: 113.85 | D81: 16.91 | E81: 149.37 | F81: 1.38 | G81: 48.32 | H81: 179.58 | I81: 278 | J81: 182.7 | K81: 361.17 | L81: 181.3 | M81: 708.93 | N81: 296.29 | O81: 824.28 | P81: 244.85 | Q81: 897.48 | R81: 264.44 | S81: 224.51 | T81: 216.02 | U81: 220.66 | V81: 186.52 | X81: AM-Peak | Y81: 0.7 | Z81: 0.7 | AA81: 0.7 | AB81: 0.7 | AC81: 0.5 | AD81: 0.52 | AE81: 1.37 | AF81: 1.37 | AG81: 1.72 | AH81: 1.71 | AI81: 3.1 | AJ81: 3.09 | AK81: 2.54 | AL81: 2.49 | AM81: 3.28 | AN81: 3.26 | AO81: 2.91 | AP81: 2.91 | AQ81: 3.86 | AR81: 3.86 | AU81: AM-Peak | AV81: 1.08 | AW81: 0.76 | AX81: 1.37 | AY81: 0.76 | AZ81: 0.7 | BA81: 0.88 | BB81: 1.89 | BC81: 1.54 | BD81: 2.42 | BE81: 1.78 | BF81: 4.71 | BG81: 3.21 | BH81: 4.37 | BI81: 2.59 | BJ81: 5.19 | BK81: 3.37 | BL81: 3.09 | BM81: 2.97 | BN81: 3.91 | BO81: 3.89 | BR81: AM-Peak | BS81: -0.35 | BT81: -0.08 | BU81: -0.49 | BV81: -0.08 | BW81: -0.28 | BX81: -0.41 | BY81: -0.27 | BZ81: -0.11 | CA81: -0.29 | CB81: -0.04 | CC81: -0.34 | CD81: -0.04 | CE81: -0.42 | CF81: -0.04 | CG81: -0.37 | CH81: -0.03 | CI81: -0.06 | CJ81: -0.02 | CK81: -0.01 | CL81: -0.01
B82: AM-Shoulder | C82: 41.74 | D82: 6.63 | E82: 44.21 | F82: 3.09 | G82: 22.15 | H82: 51.1 | I82: 79.76 | J82: 41.04 | K82: 121.01 | L82: 40.62 | M82: 217.62 | N82: 59.36 | O82: 189.37 | P82: 49.53 | Q82: 151.78 | R82: 74.54 | S82: 71.12 | T82: 46.74 | U82: 68.07 | V82: 60.42 | X82: AM-Shoulder | Y82: 0.7 | Z82: 0.7 | AA82: 0.71 | AB82: 0.7 | AC82: 0.5 | AD82: 0.5 | AE82: 1.37 | AF82: 1.37 | AG82: 1.72 | AH82: 1.71 | AI82: 3.09 | AJ82: 3.09 | AK82: 2.49 | AL82: 2.49 | AM82: 3.26 | AN82: 3.26 | AO82: 2.91 | AP82: 2.91 | AQ82: 3.86 | AR82: 3.86 | AU82: AM-Shoulder | AV82: 1.17 | AW82: 0.77 | AX82: 1.24 | AY82: 0.76 | AZ82: 0.81 | BA82: 1.04 | BB82: 1.76 | BC82: 1.56 | BD82: 2.23 | BE82: 1.8 | BF82: 4.15 | BG82: 3.22 | BH82: 3.34 | BI82: 2.59 | BJ82: 3.66 | BK82: 3.36 | BL82: 3.01 | BM82: 2.98 | BN82: 3.93 | BO82: 3.91 | BR82: AM-Shoulder | BS82: -0.4 | BT82: -0.09 | BU82: -0.43 | BV82: -0.08 | BW82: -0.38 | BX82: -0.52 | BY82: -0.22 | BZ82: -0.12 | CA82: -0.23 | CB82: -0.05 | CC82: -0.26 | CD82: -0.04 | CE82: -0.26 | CF82: -0.04 | CG82: -0.11 | CH82: -0.03 | CI82: -0.03 | CJ82: -0.02 | CK82: -0.02 | CL82: -0.01
B83: MD | C83: 100.63 | D83: 69.42 | E83: 54.15 | F83: 19.61 | G83: 39.5 | H83: 126.04 | I83: 115.84 | J83: 211.68 | K83: 249.85 | L83: 267.83 | M83: 318.02 | N83: 275.87 | O83: 246.2 | P83: 220.17 | Q83: 307.16 | R83: 271.53 | S83: 263.93 | T83: 178.76 | U83: 259.16 | V83: 179.66 | X83: MD | Y83: 0.7 | Z83: 0.7 | AA83: 0.7 | AB83: 0.7 | AC83: 0.5 | AD83: 0.5 | AE83: 1.37 | AF83: 1.37 | AG83: 1.71 | AH83: 1.71 | AI83: 3.09 | AJ83: 3.09 | AK83: 2.49 | AL83: 2.49 | AM83: 3.26 | AN83: 3.26 | AO83: 2.91 | AP83: 2.91 | AQ83: 3.86 | AR83: 3.86 | AU83: MD | AV83: 1.06 | AW83: 0.86 | AX83: 0.86 | AY83: 0.77 | AZ83: 0.63 | BA83: 0.82 | BB83: 1.5 | BC83: 1.66 | BD83: 1.9 | BE83: 1.96 | BF83: 3.32 | BG83: 3.26 | BH83: 2.61 | BI83: 2.59 | BJ83: 3.38 | BK83: 3.36 | BL83: 3 | BM83: 2.96 | BN83: 3.93 | BO83: 3.89 | BR83: MD | BS83: -0.34 | BT83: -0.18 | BU83: -0.18 | BV83: -0.1 | BW83: -0.2 | BX83: -0.39 | BY83: -0.08 | BZ83: -0.17 | CA83: -0.1 | CB83: -0.12 | CC83: -0.07 | CD83: -0.05 | CE83: -0.05 | CF83: -0.04 | CG83: -0.04 | CH83: -0.03 | CI83: -0.03 | CJ83: -0.02 | CK83: -0.02 | CL83: -0.01
B84: PM-Shoulder | C84: 29.24 | D84: 10.71 | E84: 9.88 | F84: 6 | G84: 13.02 | H84: 10.45 | I84: 12.78 | J84: 47.8 | K84: 14.43 | L84: 59.61 | M84: 34.35 | N84: 52.02 | O84: 30.18 | P84: 29.77 | Q84: 38.59 | R84: 51.01 | S84: 38.21 | T84: 23.76 | U84: 36.06 | V84: 23.43 | X84: PM-Shoulder | Y84: 0.7 | Z84: 0.7 | AA84: 0.7 | AB84: 0.71 | AC84: 0.5 | AD84: 0.5 | AE84: 1.37 | AF84: 1.38 | AG84: 1.72 | AH84: 1.72 | AI84: 3.09 | AJ84: 3.1 | AK84: 2.49 | AL84: 2.49 | AM84: 3.26 | AN84: 3.26 | AO84: 2.92 | AP84: 2.92 | AQ84: 3.86 | AR84: 3.86 | AU84: PM-Shoulder | AV84: 1.17 | AW84: 1.15 | AX84: 0.85 | AY84: 0.97 | AZ84: 0.77 | BA84: 0.78 | BB84: 1.51 | BC84: 2.48 | BD84: 1.76 | BE84: 2.57 | BF84: 3.22 | BG84: 3.72 | BH84: 2.59 | BI84: 2.77 | BJ84: 3.39 | BK84: 3.63 | BL84: 3.01 | BM84: 3.16 | BN84: 3.93 | BO84: 3.91 | BR84: PM-Shoulder | BS84: -0.4 | BT84: -0.39 | BU84: -0.18 | BV84: -0.27 | BW84: -0.35 | BX84: -0.36 | BY84: -0.09 | BZ84: -0.45 | CA84: -0.03 | CB84: -0.33 | CC84: -0.04 | CD84: -0.17 | CE84: -0.04 | CF84: -0.1 | CG84: -0.04 | CH84: -0.1 | CI84: -0.03 | CJ84: -0.08 | CK84: -0.02 | CL84: -0.01
B85: PM-Peak | C85: 65.4 | D85: 60.26 | E85: 19.46 | F85: 30.36 | G85: 32.18 | H85: 46.73 | I85: 62.25 | J85: 143.29 | K85: 70.57 | L85: 223.79 | M85: 115.4 | N85: 275.06 | O85: 89.15 | P85: 169.95 | Q85: 158.62 | R85: 172.7 | S85: 114.28 | T85: 83.55 | U85: 111.78 | V85: 82.42 | X85: PM-Peak | Y85: 0.7 | Z85: 0.71 | AA85: 0.7 | AB85: 0.71 | AC85: 0.5 | AD85: 0.5 | AE85: 1.37 | AF85: 1.38 | AG85: 1.72 | AH85: 1.73 | AI85: 3.09 | AJ85: 3.1 | AK85: 2.49 | AL85: 2.49 | AM85: 3.26 | AN85: 3.26 | AO85: 2.92 | AP85: 2.92 | AQ85: 3.86 | AR85: 3.86 | AU85: PM-Peak | AV85: 1.22 | AW85: 1.14 | AX85: 0.83 | AY85: 0.93 | AZ85: 0.71 | BA85: 0.8 | BB85: 1.56 | BC85: 2.34 | BD85: 1.8 | BE85: 3.09 | BF85: 3.27 | BG85: 4.59 | BH85: 2.63 | BI85: 3.14 | BJ85: 3.51 | BK85: 3.64 | BL85: 3.03 | BM85: 3.04 | BN85: 3.96 | BO85: 3.94 | BR85: PM-Peak | BS85: -0.42 | BT85: -0.38 | BU85: -0.16 | BV85: -0.24 | BW85: -0.3 | BX85: -0.37 | BY85: -0.12 | BZ85: -0.41 | CA85: -0.04 | CB85: -0.44 | CC85: -0.06 | CD85: -0.32 | CE85: -0.05 | CF85: -0.21 | CG85: -0.07 | CH85: -0.11 | CI85: -0.04 | CJ85: -0.04 | CK85: -0.02 | CL85: -0.02
B86: PM-Late | C86: 3.11 | D86: 6.69 | E86: 0.18 | F86: 0.24 | G86: 0.13 | H86: 0.92 | I86: 1.23 | J86: 13.04 | K86: 10.75 | L86: 27.31 | M86: 30.61 | N86: 30.66 | O86: 26.48 | P86: 13.56 | Q86: 18.19 | R86: 8.17 | S86: 7.74 | T86: 6.48 | U86: 17.52 | V86: 17.65 | X86: PM-Late | Y86: 0.7 | Z86: 0.7 | AA86: 0.7 | AB86: 0.7 | AC86: 0.5 | AD86: 0.5 | AE86: 1.37 | AF86: 1.37 | AG86: 1.71 | AH86: 1.71 | AI86: 3.09 | AJ86: 3.09 | AK86: 2.49 | AL86: 2.49 | AM86: 3.26 | AN86: 3.26 | AO86: 2.91 | AP86: 2.91 | AQ86: 3.86 | AR86: 3.86 | AU86: PM-Late | AV86: 0.77 | AW86: 0.79 | AX86: 0.76 | AY86: 0.76 | AZ86: 0.55 | BA86: 0.55 | BB86: 1.48 | BC86: 1.64 | BD86: 1.74 | BE86: 1.94 | BF86: 3.23 | BG86: 3.43 | BH86: 2.63 | BI86: 2.62 | BJ86: 3.39 | BK86: 3.36 | BL86: 3 | BM86: 2.96 | BN86: 3.93 | BO86: 3.89 | BR86: PM-Late | BS86: -0.09 | BT86: -0.11 | BU86: -0.08 | BV86: -0.08 | BW86: -0.08 | BX86: -0.08 | BY86: -0.07 | BZ86: -0.17 | CA86: -0.01 | CB86: -0.12 | CC86: -0.04 | CD86: -0.1 | CE86: -0.05 | CF86: -0.05 | CG86: -0.04 | CH86: -0.03 | CI86: -0.03 | CJ86: -0.02 | CK86: -0.02 | CL86: -0.01
B89: Revenue Per Period Heavy A | X89: ML light veh.Miles | AU89: GP light veh.Miles | BR89: LVr Toll
B90: Direction | C90: NB | D90: SB | E90: NB | F90: SB | G90: NB | H90: SB | I90: NB | J90: SB | K90: NB | L90: SB | M90: NB | N90: SB | O90: NB | P90: SB | Q90: NB | R90: SB | S90: NB | T90: SB | U90: NB | V90: SB | X90: Direction | Y90: NB | AI90: SB | AU90: Direction | AV90: NB | BF90: SB | BR90: Direction | BS90: NB | BT90: SB | BU90: NB | BV90: SB | BW90: NB | BX90: SB | BY90: NB | BZ90: SB | CA90: NB | CB90: SB | CC90: NB | CD90: SB | CE90: NB | CF90: SB | CG90: NB | CH90: SB | CI90: NB | CJ90: SB | CK90: NB | CL90: SB
B91: Segment | C91: 1 | D91: 1 | E91: 2 | F91: 2 | G91: 3 | H91: 3 | I91: 4 | J91: 4 | K91: 5 | L91: 5 | M91: 6 | N91: 6 | O91: 7 | P91: 7 | Q91: 8 | R91: 8 | S91: 9 | T91: 9 | U91: 10 | V91: 10 | X91: Segment | Y91: 1 | Z91: 10 | AA91: 2 | AB91: 3 | AC91: 4 | AD91: 5 | AE91: 6 | AF91: 7 | AG91: 8 | AH91: 9 | AI91: 1 | AJ91: 10 | AK91: 2 | AL91: 3 | AM91: 4 | AN91: 5 | AO91: 6 | AP91: 7 | AQ91: 8 | AR91: 9 | AU91: Segment | AV91: 1 | AW91: 10 | AX91: 2 | AY91: 3 | AZ91: 4 | BA91: 5 | BB91: 6 | BC91: 7 | BD91: 8 | BE91: 9 | BF91: 1 | BG91: 10 | BH91: 2 | BI91: 3 | BJ91: 4 | BK91: 5 | BL91: 6 | BM91: 7 | BN91: 8 | BO91: 9 | BR91: Segment | BS91: 1 | BT91: 1 | BU91: 2 | BV91: 2 | BW91: 3 | BX91: 3 | BY91: 4 | BZ91: 4 | CA91: 5 | CB91: 5 | CC91: 6 | CD91: 6 | CE91: 7 | CF91: 7 | CG91: 8 | CH91: 8 | CI91: 9 | CJ91: 9 | CK91: 10 | CL91: 10
B92: Period | X92: Period | AU92: Period | BR92: Period
B93: Night | C93: 34.63 | D93: 34.91 | E93: 16.17 | F93: 16.61 | G93: 18.06 | H93: 18.55 | I93: 65.12 | J93: 353.46 | K93: 363.92 | L93: 402.23 | M93: 870.49 | N93: 702.46 | O93: 688.3 | P93: 568.39 | Q93: 822.8 | R93: 740.31 | S93: 557.52 | T93: 448.89 | U93: 898.24 | V93: 722.62 | X93: Night | Y93: 325.15 | Z93: 5306.17 | AA93: 305.03 | AB93: 163.45 | AC93: 696.92 | AD93: 3040.8 | AE93: 5620.86 | AF93: 4299.54 | AG93: 5470.29 | AH93: 4319.7 | AI93: 315.84 | AJ93: 3435.07 | AK93: 276.61 | AL93: 207.81 | AM93: 1989.12 | AN93: 2507.4 | AO93: 4486.86 | AP93: 3395.17 | AQ93: 4795.98 | AR93: 2670.36 | AU93: Night | AV93: 325.15 | AW93: 5306.17 | AX93: 305.03 | AY93: 163.45 | AZ93: 696.92 | BA93: 3040.8 | BB93: 5620.86 | BC93: 4299.54 | BD93: 5470.29 | BE93: 4319.7 | BF93: 315.84 | BG93: 3435.07 | BH93: 276.61 | BI93: 207.81 | BJ93: 1989.12 | BK93: 2507.4 | BL93: 4486.86 | BM93: 3395.17 | BN93: 4795.98 | BO93: 2670.36 | BR93: Night | BS93: 0.14 | BT93: 0.14 | BU93: 0.14 | BV93: 0.14 | BW93: 0.1 | BX93: 0.1 | BY93: 0.32 | BZ93: 1.63 | CA93: 1.62 | CB93: 1.85 | CC93: 3.8 | CD93: 3.25 | CE93: 3.09 | CF93: 2.51 | CG93: 3.61 | CH93: 3.34 | CI93: 2.87 | CJ93: 2.2 | CK93: 3.89 | CL93: 3.07
B94: AM-Early | C94: 11.34 | D94: 8.37 | E94: 4.63 | F94: 4.2 | G94: 5.53 | H94: 4.6 | I94: 17.08 | J94: 32.47 | K94: 24.23 | L94: 29.07 | M94: 51.92 | N94: 58.59 | O94: 52.09 | P94: 49.43 | Q94: 66.3 | R94: 50.03 | S94: 56.32 | T94: 47.47 | U94: 77.44 | V94: 45.65 | X94: AM-Early | Y94: 579.52 | Z94: 3512.63 | AA94: 618.85 | AB94: 277.35 | AC94: 1540.35 | AD94: 1823.36 | AE94: 3178.2 | AF94: 2135.81 | AG94: 2648.25 | AH94: 2350.14 | AI94: 334.41 | AJ94: 2007.41 | AK94: 373.87 | AL94: 326.57 | AM94: 928.87 | AN94: 1099.15 | AO94: 1992.3 | AP94: 1787.58 | AQ94: 2316.19 | AR94: 1622.79 | AU94: AM-Early | AV94: 579.52 | AW94: 3512.63 | AX94: 618.85 | AY94: 277.35 | AZ94: 1540.35 | BA94: 1823.36 | BB94: 3178.2 | BC94: 2135.81 | BD94: 2648.25 | BE94: 2350.14 | BF94: 334.41 | BG94: 2007.41 | BH94: 373.87 | BI94: 326.57 | BJ94: 928.87 | BK94: 1099.15 | BL94: 1992.3 | BM94: 1787.58 | BN94: 2316.19 | BO94: 1622.79 | BR94: AM-Early | BS94: 0.33 | BT94: 0.23 | BU94: 0.26 | BV94: 0.19 | BW94: 0.23 | BX94: 0.17 | BY94: 0.66 | BZ94: 0.92 | CA94: 0.89 | CB94: 0.93 | CC94: 1.96 | CD94: 1.72 | CE94: 1.68 | CF94: 1.47 | CG94: 2.08 | CH94: 1.6 | CI94: 1.8 | CJ94: 1.36 | CK94: 1.78 | CL94: 1.2
B95: AM-Peak | C95: 286.62 | D95: 37.04 | E95: 191.25 | F95: 7 | G95: 154.39 | H95: 241.8 | I95: 406.08 | J95: 219.41 | K95: 589.59 | L95: 252.37 | M95: 1315.41 | N95: 482.1 | O95: 1690.53 | P95: 412.38 | Q95: 1777.86 | R95: 454.52 | S95: 476.82 | T95: 387.49 | U95: 439.13 | V95: 389.12 | X95: AM-Peak | Y95: 2449 | Z95: 6618.95 | AA95: 2520.92 | AB95: 1187.65 | AC95: 4676.62 | AD95: 6116.6 | AE95: 13000.26 | AF95: 12390.71 | AG95: 13437.25 | AH95: 6746.11 | AI95: 710.76 | AJ95: 5775.48 | AK95: 237.6 | AL95: 2228.49 | AM95: 3085.62 | AN95: 3426.41 | AO95: 6042.09 | AP95: 4950.29 | AQ95: 6553.2 | AR95: 4765.69 | AU95: AM-Peak | AV95: 2449 | AW95: 6618.95 | AX95: 2520.92 | AY95: 1187.65 | AZ95: 4676.62 | BA95: 6116.6 | BB95: 13000.26 | BC95: 12390.71 | BD95: 13437.25 | BE95: 6746.11 | BF95: 710.76 | BG95: 5775.48 | BH95: 237.6 | BI95: 2228.49 | BJ95: 3085.62 | BK95: 3426.41 | BL95: 6042.09 | BM95: 4950.29 | BN95: 6553.2 | BO95: 4765.69 | BR95: AM-Peak | BS95: 1.12 | BT95: 0.35 | BU95: 1.86 | BV95: 0.14 | BW95: 0.8 | BX95: 0.8 | BY95: 2.4 | BZ95: 1.45 | CA95: 3.2 | CB95: 1.74 | CC95: 5.76 | CD95: 3.17 | CE95: 4.64 | CF95: 2.58 | CG95: 6.08 | CH95: 3.18 | CI95: 3.22 | CJ95: 2.55 | CK95: 3.22 | CL95: 2.91
B96: AM-Shoulder | C96: 118.54 | D96: 17.13 | E96: 66.65 | F96: 6.27 | G96: 68.07 | H96: 106.58 | I96: 102.27 | J96: 71.04 | K96: 152.89 | L96: 72.79 | M96: 304.06 | N96: 133.1 | O96: 260.3 | P96: 109.83 | Q96: 193.13 | R96: 119.97 | S96: 98.89 | T96: 113.31 | U96: 129.54 | V96: 123.59 | X96: AM-Shoulder | Y96: 706.48 | Z96: 2135.81 | AA96: 976.01 | AB96: 428.01 | AC96: 1339.4 | AD96: 1649.06 | AE96: 2997.77 | AF96: 2341.5 | AG96: 2583.73 | AH96: 1851.5 | AI96: 286.98 | AJ96: 2005.67 | AK96: 280.36 | AL96: 557.46 | AM96: 1056.32 | AN96: 1162.58 | AO96: 1974.42 | AP96: 1612.37 | AQ96: 2001.04 | AR96: 1619.88 | AU96: AM-Shoulder | AV96: 706.48 | AW96: 2135.81 | AX96: 976.01 | AY96: 428.01 | AZ96: 1339.4 | BA96: 1649.06 | BB96: 2997.77 | BC96: 2341.5 | BD96: 2583.73 | BE96: 1851.5 | BF96: 286.98 | BG96: 2005.67 | BH96: 280.36 | BI96: 557.46 | BJ96: 1056.32 | BK96: 1162.58 | BL96: 1974.42 | BM96: 1612.37 | BN96: 2001.04 | BO96: 1619.88 | BR96: AM-Shoulder | BS96: 1.12 | BT96: 0.34 | BU96: 1.12 | BV96: 0.23 | BW96: 0.8 | BX96: 1.19 | BY96: 1.55 | BZ96: 1.08 | CA96: 2.23 | CB96: 1.22 | CC96: 4.31 | CD96: 2.14 | CE96: 3.47 | CF96: 1.72 | CG96: 3.02 | CH96: 2.09 | CI96: 1.87 | CJ96: 1.78 | CK96: 2.25 | CL96: 2.14
B97: MD | C97: 298.74 | D97: 191.6 | E97: 88.73 | F97: 41.03 | G97: 109.85 | H97: 241.02 | I97: 154.56 | J97: 350.77 | K97: 364.78 | L97: 429.67 | M97: 573.49 | N97: 519.5 | O97: 419.23 | P97: 382.66 | Q97: 521.69 | R97: 458.43 | S97: 446.33 | T97: 351.78 | U97: 554.47 | V97: 429.44 | X97: MD | Y97: 2182.32 | Z97: 11925.78 | AA97: 2998.1 | AB97: 1425.7 | AC97: 5676.14 | AD97: 7517.58 | AE97: 12714.42 | AF97: 9447.67 | AG97: 11563.39 | AH97: 9461.51 | AI97: 2432.56 | AJ97: 13732.33 | AK97: 3097.86 | AL97: 2287.39 | AM97: 5761.54 | AN97: 7726.73 | AO97: 13039.44 | AP97: 10190.9 | AQ97: 11394.42 | AR97: 9736.01 | AU97: MD | AV97: 2182.32 | AW97: 11925.78 | AX97: 2998.1 | AY97: 1425.7 | AZ97: 5676.14 | BA97: 7517.58 | BB97: 12714.42 | BC97: 9447.67 | BD97: 11563.39 | BE97: 9461.51 | BF97: 2432.56 | BG97: 13732.33 | BH97: 3097.86 | BI97: 2287.39 | BJ97: 5761.54 | BK97: 7726.73 | BL97: 13039.44 | BM97: 10190.9 | BN97: 11394.42 | BO97: 9736.01 | BR97: MD | BS97: 1.12 | BT97: 0.64 | BU97: 0.62 | BV97: 0.28 | BW97: 0.53 | BX97: 0.8 | BY97: 0.68 | BZ97: 1.37 | CA97: 1.46 | CB97: 1.63 | CC97: 2.36 | CD97: 2.12 | CE97: 1.73 | CF97: 1.57 | CG97: 2.12 | CH97: 2 | CI97: 1.82 | CJ97: 1.54 | CK97: 2.14 | CL97: 1.55
B98: PM-Shoulder | C98: 74.7 | D98: 64.11 | E98: 13.39 | F98: 14.48 | G98: 34.44 | H98: 33.73 | I98: 21.4 | J98: 147.04 | K98: 27.3 | L98: 137.48 | M98: 63.53 | N98: 115.46 | O98: 50 | P98: 62.94 | Q98: 67.51 | R98: 94.84 | S98: 64.22 | T98: 64.88 | U98: 79.91 | V98: 44.42 | X98: PM-Shoulder | Y98: 736.7 | Z98: 3272.07 | AA98: 904.74 | AB98: 447.83 | AC98: 1422.87 | AD98: 1699.51 | AE98: 3192.02 | AF98: 2540.2 | AG98: 3262.85 | AH98: 2737.67 | AI98: 739.72 | AJ98: 3359.68 | AK98: 1081.02 | AL98: 547.72 | AM98: 1853.12 | AN98: 2598.84 | AO98: 4274.83 | AP98: 3223.43 | AQ98: 4048.74 | AR98: 3633.63 | AU98: PM-Shoulder | AV98: 736.7 | AW98: 3272.07 | AX98: 904.74 | AY98: 447.83 | AZ98: 1422.87 | BA98: 1699.51 | BB98: 3192.02 | BC98: 2540.2 | BD98: 3262.85 | BE98: 2737.67 | BF98: 739.72 | BG98: 3359.68 | BH98: 1081.02 | BI98: 547.72 | BJ98: 1853.12 | BK98: 2598.84 | BL98: 4274.83 | BM98: 3223.43 | BN98: 4048.74 | BO98: 3633.63 | BR98: PM-Shoulder | BS98: 1.12 | BT98: 1.12 | BU98: 0.46 | BV98: 0.67 | BW98: 0.73 | BX98: 0.73 | BY98: 0.66 | BZ98: 2.56 | CA98: 0.82 | CB98: 2.5 | CC98: 1.67 | CD98: 2.81 | CE98: 1.31 | CF98: 1.76 | CG98: 1.72 | CH98: 2.36 | CI98: 1.5 | CJ98: 1.88 | CK98: 1.8 | CL98: 1.55
B99: PM-Peak | C99: 271.37 | D99: 289.35 | E99: 48.22 | F99: 66.16 | G99: 107.43 | H99: 157.31 | I99: 148.79 | J99: 586.17 | K99: 167.1 | L99: 799.15 | M99: 343.55 | N99: 963.8 | O99: 282.02 | P99: 549.28 | Q99: 460.75 | R99: 519.36 | S99: 354.81 | T99: 319.34 | U99: 423.43 | V99: 364.25 | X99: PM-Peak | Y99: 2512.44 | Z99: 10426.65 | AA99: 2566.61 | AB99: 1482.71 | AC99: 4841.11 | AD99: 5523.86 | AE99: 10194.16 | AF99: 8196.63 | AG99: 10948.06 | AH99: 8516.39 | AI99: 3076.11 | AJ99: 10506.85 | AK99: 3080.69 | AL99: 1882.43 | AM99: 6756.89 | AN99: 8497.81 | AO99: 14351.67 | AP99: 10561.38 | AQ99: 11866.51 | AR99: 9122.76 | AU99: PM-Peak | AV99: 2512.44 | AW99: 10426.65 | AX99: 2566.61 | AY99: 1482.71 | AZ99: 4841.11 | BA99: 5523.86 | BB99: 10194.16 | BC99: 8196.63 | BD99: 10948.06 | BE99: 8516.39 | BF99: 3076.11 | BG99: 10506.85 | BH99: 3080.69 | BI99: 1882.43 | BJ99: 6756.89 | BK99: 8497.81 | BL99: 14351.67 | BM99: 10561.38 | BN99: 11866.51 | BO99: 9122.76 | BR99: PM-Peak | BS99: 1.49 | BT99: 1.12 | BU99: 0.6 | BV99: 0.79 | BW99: 0.8 | BX99: 0.92 | BY99: 1.23 | BZ99: 2.56 | CA99: 1.41 | CB99: 4.17 | CC99: 2.74 | CD99: 5.76 | CE99: 2.19 | CF99: 3.53 | CG99: 3.14 | CH99: 3.53 | CI99: 2.4 | CJ99: 2.43 | CK99: 2.92 | CL99: 2.82
B100: PM-Late | C100: 37.99 | D100: 48.64 | E100: 6.52 | F100: 7 | G100: 7.61 | H100: 14.35 | I100: 29.14 | J100: 136.66 | K100: 94.05 | L100: 164.62 | M100: 233.55 | N100: 284.72 | O100: 202.88 | P100: 187.69 | Q100: 241.72 | R100: 218.34 | S100: 206.44 | T100: 167.09 | U100: 240.92 | V100: 225.26 | X100: PM-Late | Y100: 1168.32 | Z100: 5498.55 | AA100: 276.31 | AB100: 126.11 | AC100: 450.53 | AD100: 2756.15 | AE100: 4898.36 | AF100: 3851.36 | AG100: 4868.63 | AH100: 4151.03 | AI100: 1524.31 | AJ100: 5655.23 | AK100: 293.17 | AL100: 660.69 | AM100: 3509.27 | AN100: 4281.28 | AO100: 7709.2 | AP100: 5387.14 | AQ100: 5430.48 | AR100: 4201.36 | AU100: PM-Late | AV100: 1168.32 | AW100: 5498.55 | AX100: 276.31 | AY100: 126.11 | AZ100: 450.53 | BA100: 2756.15 | BB100: 4898.36 | BC100: 3851.36 | BD100: 4868.63 | BE100: 4151.03 | BF100: 1524.31 | BG100: 5655.23 | BH100: 293.17 | BI100: 660.69 | BJ100: 3509.27 | BK100: 4281.28 | BL100: 7709.2 | BM100: 5387.14 | BN100: 5430.48 | BO100: 4201.36 | BR100: PM-Late | BS100: 0.34 | BT100: 0.4 | BU100: 0.14 | BV100: 0.14 | BW100: 0.1 | BX100: 0.17 | BY100: 0.32 | BZ100: 1.34 | CA100: 0.98 | CB100: 1.66 | CC100: 2.38 | CD100: 2.79 | CE100: 2.06 | CF100: 1.85 | CG100: 2.47 | CH100: 2.22 | CI100: 2.06 | CJ100: 1.76 | CK100: 2.38 | CL100: 1.92
B103: % Workday Revenue | X103: ML light veh/period | AU103: GP light veh/period | BR103: Medium A Toll
B104: Direction | C104: NB | D104: SB | E104: NB | F104: SB | G104: NB | H104: SB | I104: NB | J104: SB | K104: NB | L104: SB | M104: NB | N104: SB | O104: NB | P104: SB | Q104: NB | R104: SB | S104: NB | T104: SB | U104: NB | V104: SB | X104: Direction | Y104: NB | Z104: SB | AA104: NB | AB104: SB | AC104: NB | AD104: SB | AE104: NB | AF104: SB | AG104: NB | AH104: SB | AI104: NB | AJ104: SB | AK104: NB | AL104: SB | AM104: NB | AN104: SB | AO104: NB | AP104: SB | AQ104: NB | AR104: SB | AU104: Direction | AV104: NB | AW104: SB | AX104: NB | AY104: SB | AZ104: NB | BA104: SB | BB104: NB | BC104: SB | BD104: NB | BE104: SB | BF104: NB | BG104: SB | BH104: NB | BI104: SB | BJ104: NB | BK104: SB | BL104: NB | BM104: SB | BN104: NB | BO104: SB | BR104: Direction | BS104: NB | BT104: SB | BU104: NB | BV104: SB | BW104: NB | BX104: SB | BY104: NB | BZ104: SB | CA104: NB | CB104: SB | CC104: NB | CD104: SB | CE104: NB | CF104: SB | CG104: NB | CH104: SB | CI104: NB | CJ104: SB | CK104: NB | CL104: SB
B105: Segment | C105: 1 | D105: 1 | E105: 2 | F105: 2 | G105: 3 | H105: 3 | I105: 4 | J105: 4 | K105: 5 | L105: 5 | M105: 6 | N105: 6 | O105: 7 | P105: 7 | Q105: 8 | R105: 8 | S105: 9 | T105: 9 | U105: 10 | V105: 10 | X105: Segment | Y105: 1 | Z105: 1 | AA105: 2 | AB105: 2 | AC105: 3 | AD105: 3 | AE105: 4 | AF105: 4 | AG105: 5 | AH105: 5 | AI105: 6 | AJ105: 6 | AK105: 7 | AL105: 7 | AM105: 8 | AN105: 8 | AO105: 9 | AP105: 9 | AQ105: 10 | AR105: 10 | AU105: Segment | AV105: 1 | AW105: 1 | AX105: 2 | AY105: 2 | AZ105: 3 | BA105: 3 | BB105: 4 | BC105: 4 | BD105: 5 | BE105: 5 | BF105: 6 | BG105: 6 | BH105: 7 | BI105: 7 | BJ105: 8 | BK105: 8 | BL105: 9 | BM105: 9 | BN105: 10 | BO105: 10 | BR105: Segment | BS105: 1 | BT105: 1 | BU105: 2 | BV105: 2 | BW105: 3 | BX105: 3 | BY105: 4 | BZ105: 4 | CA105: 5 | CB105: 5 | CC105: 6 | CD105: 6 | CE105: 7 | CF105: 7 | CG105: 8 | CH105: 8 | CI105: 9 | CJ105: 9 | CK105: 10 | CL105: 10
B106: Period | X106: Period | AU106: Period | BR106: Period
B107: Night | C107: 0.0056297438 | D107: 0.0092024353 | E107: 0.0051694672 | F107: 0.011520255 | G107: 0.0062272348 | H107: 0.0041483947 | I107: 0.011547644 | J107: 0.080722241 | K107: 0.096545386 | L107: 0.069501554 | M107: 0.11461825 | N107: 0.086739764 | O107: 0.10546359 | P107: 0.098475415 | Q107: 0.10418433 | R107: 0.12920655 | S107: 0.13803872 | T107: 0.091361396 | U107: 0.17028236 | V107: 0.12346542 | X107: Night | Y107: 464.5 | Z107: 451.2 | AA107: 435.75 | AB107: 395.15 | AC107: 326.9 | AD107: 415.63 | AE107: 435.58 | AF107: 1243.2 | AG107: 1520.4 | AH107: 1253.7 | AI107: 1561.35 | AJ107: 1246.35 | AK107: 1482.6 | AL107: 1170.75 | AM107: 1439.55 | AN107: 1262.1 | AO107: 1270.5 | AP107: 785.4 | AQ107: 1179.15 | AR107: 763.35 | AU107: Night | AV107: 8825.55 | AW107: 8572.85 | AX107: 8279.25 | AY107: 7507.85 | AZ107: 6211.1 | BA107: 7896.87 | BB107: 8275.92 | BC107: 7044.8 | BD107: 8615.6 | BE107: 7104.3 | BF107: 8847.65 | BG107: 7062.65 | BH107: 8401.4 | BI107: 6634.25 | BJ107: 8157.45 | BK107: 7151.9 | BL107: 7199.5 | BM107: 4450.6 | BN107: 6681.85 | BO107: 4325.65 | BR107: Night | BS107: 0.42 | BT107: 0.42 | BU107: 0.42 | BV107: 0.42 | BW107: 0.3 | BX107: 0.3 | BY107: 0.96 | BZ107: 4.88 | CA107: 4.86 | CB107: 5.55 | CC107: 11.41 | CD107: 9.74 | CE107: 9.28 | CF107: 7.52 | CG107: 10.83 | CH107: 10.02 | CI107: 8.61 | CJ107: 6.61 | CK107: 11.67 | CL107: 9.22
B108: AM-Early | C108: 0.016947527 | D108: 0.012059924 | E108: 0.015626048 | F108: 0.017779659 | G108: 0.016797767 | H108: 0.008308823 | I108: 0.036991641 | J108: 0.020824004 | K108: 0.028553016 | L108: 0.014782433 | M108: 0.030366035 | N108: 0.019968989 | O108: 0.026255716 | P108: 0.028255058 | Q108: 0.027295979 | R108: 0.02781391 | S108: 0.043285682 | T108: 0.030489898 | U108: 0.046469702 | V108: 0.024378741 | X108: AM-Early | Y108: 827.88 | Z108: 477.72 | AA108: 884.08 | AB108: 534.1 | AC108: 554.7 | AD108: 653.15 | AE108: 962.72 | AF108: 580.55 | AG108: 911.68 | AH108: 549.57 | AI108: 882.83 | AJ108: 553.42 | AK108: 736.49 | AL108: 616.41 | AM108: 696.91 | AN108: 609.52 | AO108: 691.22 | AP108: 477.29 | AQ108: 780.58 | AR108: 446.09 | AU108: AM-Early | AV108: 4186.22 | AW108: 2410.28 | AX108: 4150.92 | AY108: 2502.1 | AZ108: 2597.3 | BA108: 3060.4 | BB108: 4550.13 | BC108: 2724.45 | BD108: 4647.72 | BE108: 2780.43 | BF108: 4533.12 | BG108: 2807.58 | BH108: 3747.51 | BI108: 3126.59 | BJ108: 3550.43 | BK108: 3097.38 | BL108: 3515.57 | BM108: 2415.42 | BN108: 4006.47 | BO108: 2261.41 | BR108: AM-Early | BS108: 0.99 | BT108: 0.7 | BU108: 0.77 | BV108: 0.57 | BW108: 0.69 | BX108: 0.5 | BY108: 1.97 | BZ108: 2.77 | CA108: 2.67 | CB108: 2.79 | CC108: 5.87 | CD108: 5.15 | CE108: 5.04 | CF108: 4.42 | CG108: 6.24 | CH108: 4.79 | CI108: 5.41 | CJ108: 4.09 | CK108: 5.34 | CL108: 3.6
B109: AM-Peak | C109: 0.25324096 | D109: 0.03987693 | E109: 0.48128163 | F109: 0.0091405971 | G109: 0.27190839 | H109: 0.2927785 | I109: 0.44634845 | J109: 0.11191137 | K109: 0.37743581 | L109: 0.091464848 | M109: 0.39937488 | N109: 0.11935237 | O109: 0.46372174 | P109: 0.15011778 | Q109: 0.44156266 | R109: 0.17059045 | S109: 0.24144146 | T109: 0.18537536 | U109: 0.17509315 | V109: 0.17802513 | X109: AM-Peak | Y109: 3498.57 | Z109: 1015.37 | AA109: 3601.31 | AB109: 339.44 | AC109: 2375.31 | AD109: 4456.98 | AE109: 2922.89 | AF109: 1928.51 | AG109: 3058.3 | AH109: 1713.21 | AI109: 3611.18 | AJ109: 1678.36 | AK109: 4272.66 | AL109: 1707 | AM109: 3536.12 | AN109: 1724.53 | AO109: 1984.15 | AP109: 1401.67 | AQ109: 1470.88 | AR109: 1283.44 | AU109: AM-Peak | AV109: 13757.13 | AW109: 6026.98 | AX109: 17207.59 | AY109: 6449.26 | AZ109: 9522.24 | BA109: 13945.32 | BB109: 13946.6 | BC109: 9081.62 | BD109: 14523.21 | BE109: 8686.08 | BF109: 15196.43 | BG109: 8542.11 | BH109: 13969.41 | BI109: 8669.48 | BJ109: 12843.88 | BK109: 8781.13 | BL109: 10126.4 | BM109: 7104.56 | BN109: 7472.72 | BO109: 6505.72 | BR109: AM-Peak | BS109: 3.36 | BT109: 1.05 | BU109: 5.57 | BV109: 0.42 | BW109: 2.4 | BX109: 2.4 | BY109: 7.2 | BZ109: 4.34 | CA109: 9.6 | CB109: 5.22 | CC109: 17.28 | CD109: 9.5 | CE109: 13.92 | CF109: 7.73 | CG109: 18.24 | CH109: 9.53 | CI109: 9.67 | CJ109: 7.65 | CK109: 9.65 | CL109: 8.72
B110: AM-Shoulder | C110: 0.076367477 | D110: 0.015751861 | E110: 0.11379912 | F110: 0.017044676 | G110: 0.099277843 | H110: 0.1038796 | I110: 0.087372076 | J110: 0.027941389 | K110: 0.073991421 | L110: 0.021594887 | M110: 0.072676288 | N110: 0.026187194 | O110: 0.06767577 | P110: 0.032392814 | Q110: 0.044089592 | R110: 0.035722286 | S110: 0.04061812 | T110: 0.042770541 | U110: 0.041102441 | V110: 0.046095433 | X110: AM-Shoulder | Y110: 1009.26 | Z110: 409.97 | AA110: 1394.3 | AB110: 400.51 | AC110: 856.02 | AD110: 1114.92 | AE110: 837.12 | AF110: 660.2 | AG110: 824.53 | AH110: 581.29 | AI110: 832.71 | AJ110: 548.45 | AK110: 807.42 | AL110: 555.99 | AM110: 679.93 | AN110: 526.59 | AO110: 544.56 | AP110: 476.44 | AQ110: 474.62 | AR110: 445.71 | AU110: AM-Shoulder | AV110: 4370.94 | AW110: 2066.65 | AX110: 5291.05 | AY110: 2262.34 | AZ110: 3528.78 | BA110: 5272.46 | BB110: 3953.51 | BC110: 3100.53 | BD110: 4204.93 | BE110: 2940.86 | BF110: 4293 | BG110: 2779.19 | BH110: 4138.78 | BI110: 2814.03 | BJ110: 3466.89 | BK110: 2667.97 | BL110: 2759.2 | BM110: 2408.31 | BN110: 2402.57 | BO110: 2254.02 | BR110: AM-Shoulder | BS110: 3.36 | BT110: 1.03 | BU110: 3.36 | BV110: 0.7 | BW110: 2.4 | BX110: 3.56 | BY110: 4.65 | BZ110: 3.24 | CA110: 6.69 | CB110: 3.67 | CC110: 12.94 | CD110: 6.42 | CE110: 10.41 | CF110: 5.17 | CG110: 9.05 | CH110: 6.28 | CI110: 5.6 | CJ110: 5.34 | CK110: 6.76 | CL110: 6.41
B111: MD | C111: 0.22495551 | D111: 0.23683132 | E111: 0.18997681 | F111: 0.2098075 | G111: 0.20852893 | H111: 0.27642559 | I111: 0.15752954 | J111: 0.18623889 | K111: 0.21314435 | L111: 0.17629653 | M111: 0.16200917 | N111: 0.15481002 | O111: 0.12919411 | P111: 0.17280482 | Q111: 0.13174862 | R111: 0.18050975 | S111: 0.19682245 | T111: 0.20178678 | U111: 0.20623464 | V111: 0.21149986 | X111: MD | Y111: 3117.59 | Z111: 3475.09 | AA111: 4283 | AB111: 4425.51 | AC111: 2851.4 | AD111: 4574.79 | AE111: 3547.59 | AF111: 3600.97 | AG111: 3758.79 | AH111: 3863.37 | AI111: 3531.78 | AJ111: 3622.07 | AK111: 3257.82 | AL111: 3514.1 | AM111: 3043 | AN111: 2998.53 | AO111: 2782.8 | AP111: 2863.53 | AQ111: 2650.17 | AR111: 3051.63 | AU111: MD | AV111: 15552.41 | AW111: 17329.91 | AX111: 19862 | AY111: 20521.49 | AZ111: 13183.6 | BA111: 18525.21 | BB111: 16478.41 | BC111: 16724.03 | BD111: 18854.89 | BE111: 19386.63 | BF111: 17775.81 | BG111: 18237.43 | BH111: 16333.5 | BI111: 17642.4 | BJ111: 15263.94 | BK111: 15034.65 | BL111: 13927.2 | BM111: 14336.22 | BN111: 13271.83 | BO111: 15349.87 | BR111: MD | BS111: 3.35 | BT111: 1.93 | BU111: 1.85 | BV111: 0.83 | BW111: 1.59 | BX111: 2.4 | BY111: 2.05 | BZ111: 4.11 | CA111: 4.37 | CB111: 4.88 | CC111: 7.09 | CD111: 6.36 | CE111: 5.18 | CF111: 4.72 | CG111: 6.36 | CH111: 6 | CI111: 5.46 | CJ111: 4.61 | CK111: 6.42 | CL111: 4.65
B112: PM-Shoulder | C112: 0.072583047 | D112: 0.11601977 | E112: 0.04130577 | F112: 0.16729145 | G112: 0.087097275 | H112: 0.056340267 | I112: 0.035283537 | J112: 0.10247317 | K112: 0.024939306 | L112: 0.084566059 | M112: 0.027043873 | N112: 0.062428805 | O112: 0.024417664 | P112: 0.056065915 | Q112: 0.027934951 | R112: 0.069450804 | S112: 0.043497019 | T112: 0.083570268 | U112: 0.044426378 | V112: 0.047531263 | X112: PM-Shoulder | Y112: 1052.42 | Z112: 1056.74 | AA112: 1292.48 | AB112: 1544.31 | AC112: 895.67 | AD112: 1095.44 | AE112: 889.29 | AF112: 1158.2 | AG112: 849.76 | AH112: 1299.42 | AI112: 886.67 | AJ112: 1187.45 | AK112: 875.93 | AL112: 1111.53 | AM112: 858.65 | AN112: 1065.46 | AO112: 805.2 | AP112: 1068.71 | AQ112: 727.13 | AR112: 746.6 | AU112: PM-Shoulder | AV112: 3904.63 | AW112: 4153.36 | AX112: 4700.67 | AY112: 5661.58 | AZ112: 3243.43 | BA112: 3976.06 | BB112: 3230.25 | BC112: 3508.64 | BD112: 3341.08 | BE112: 5245.23 | BF112: 3517.05 | BG112: 4817.47 | BH112: 3460.85 | BI112: 4438.92 | BJ112: 3403.67 | BK112: 4278.83 | BL112: 3179.77 | BM112: 4269.86 | BN112: 2871.07 | BO112: 2951.09 | BR112: PM-Shoulder | BS112: 3.36 | BT112: 3.35 | BU112: 1.39 | BV112: 2 | BW112: 2.2 | BX112: 2.19 | BY112: 1.97 | BZ112: 7.68 | CA112: 2.45 | CB112: 7.49 | CC112: 5.01 | CD112: 8.44 | CE112: 3.92 | CF112: 5.29 | CG112: 5.16 | CH112: 7.08 | CI112: 4.49 | CJ112: 5.63 | CK112: 5.4 | CL112: 4.64
B113: PM-Peak | C113: 0.31643845 | D113: 0.48620113 | E113: 0.14883866 | F113: 0.55726014 | G113: 0.30624162 | H113: 0.24262662 | I113: 0.21840897 | J113: 0.37347229 | K113: 0.13804646 | L113: 0.45471158 | M113: 0.13727195 | N113: 0.42394428 | O113: 0.12703781 | P113: 0.36574324 | Q113: 0.16607556 | R113: 0.30164192 | S113: 0.20993501 | T113: 0.27329263 | U113: 0.22170169 | V113: 0.26959547 | X113: PM-Peak | Y113: 3589.2 | Z113: 4394.45 | AA113: 3666.59 | AB113: 4400.99 | AC113: 2965.42 | AD113: 3764.87 | AE113: 3025.69 | AF113: 4223.06 | AG113: 2761.93 | AH113: 4248.9 | AI113: 2831.71 | AJ113: 3986.58 | AK113: 2826.42 | AL113: 3641.86 | AM113: 2881.07 | AN113: 3122.76 | AO113: 2504.82 | AP113: 2683.17 | AQ113: 2317.03 | AR113: 2334.86 | AU113: PM-Peak | AV113: 14183.1 | AW113: 14149.6 | AX113: 13356.01 | AY113: 16155.18 | AZ113: 10277.18 | BA113: 13720.78 | BB113: 11070.56 | BC113: 11215.61 | BD113: 10925.49 | BE113: 17613.72 | BF113: 11349.72 | BG113: 16484.42 | BH113: 11260.11 | BI113: 14849.09 | BJ113: 11575.16 | BK113: 12643.73 | BL113: 9951.4 | BM113: 10688.51 | BN113: 9217.89 | BO113: 9293.7 | BR113: PM-Peak | BS113: 4.46 | BT113: 3.36 | BU113: 1.79 | BV113: 2.36 | BW113: 2.4 | BX113: 2.75 | BY113: 3.68 | BZ113: 7.68 | CA113: 4.24 | CB113: 12.51 | CC113: 8.23 | CD113: 17.28 | CE113: 6.56 | CF113: 10.59 | CG113: 9.42 | CH113: 10.6 | CI113: 7.21 | CJ113: 7.28 | CK113: 8.76 | CL113: 8.46
B114: PM-Late | C114: 0.033837288 | D114: 0.084056624 | E114: 0.0040024946 | F114: 0.010155717 | G114: 0.0039209368 | H114: 0.015492196 | I114: 0.0065181386 | J114: 0.096416651 | K114: 0.047344246 | L114: 0.087082101 | M114: 0.056639565 | N114: 0.10656858 | O114: 0.056233601 | P114: 0.096144964 | Q114: 0.057108296 | R114: 0.085064338 | S114: 0.086361539 | T114: 0.091353123 | U114: 0.094689642 | V114: 0.099408683 | X114: PM-Late | Y114: 1669.03 | Z114: 2177.59 | AA114: 394.73 | AB114: 418.81 | AC114: 252.23 | AD114: 1321.37 | AE114: 281.58 | AF114: 2193.29 | AG114: 1378.08 | AH114: 2140.64 | AI114: 1360.66 | AJ114: 2141.44 | AK114: 1328.05 | AL114: 1857.63 | AM114: 1281.22 | AN114: 1429.07 | AO114: 1220.89 | AP114: 1235.69 | AQ114: 1221.9 | AR114: 1256.72 | AU114: PM-Late | AV114: 6511.97 | AW114: 8502.41 | AX114: 7499.77 | AY114: 7957.34 | AZ114: 4792.27 | BA114: 7342.63 | BB114: 5350.02 | BC114: 7937.71 | BD114: 5377.92 | BE114: 8383.36 | BF114: 5308.34 | BG114: 8412.56 | BH114: 5178.95 | BI114: 7268.37 | BJ114: 4994.78 | BK114: 5578.93 | BL114: 4623.11 | BM114: 4818.31 | BN114: 4766.1 | BO114: 4905.28 | BR114: PM-Late | BS114: 1.02 | BT114: 1.21 | BU114: 0.42 | BV114: 0.42 | BW114: 0.3 | BX114: 0.51 | BY114: 0.96 | BZ114: 4.01 | CA114: 2.93 | CB114: 4.97 | CC114: 7.14 | CD114: 8.38 | CE114: 6.17 | CF114: 5.55 | CG114: 7.42 | CH114: 6.67 | CI114: 6.17 | CJ114: 5.29 | CK114: 7.15 | CL114: 5.77
X117: ML medium A veh.Miles | AU117: GP medium A veh.Miles | BR117: Implied VOT
...

Sheet Year_2032
B1: Lenght
C2: 1 | D2: 2 | E2: 3 | F2: 4 | G2: 5 | H2: 6 | I2: 7 | J2: 8 | K2: 9 | L2: 10
B3: Length | C3: 0.7 | D3: 0.7 | E3: 0.5 | F3: 1.6 | G3: 2 | H3: 3.6 | I3: 2.9 | J3: 3.8 | K3: 3.4 | L3: 4.5
B5: TollLights | X5: ML PCE.Miles | AU5: GP PCE.Miles | BR5: Highway PCE.Miles
B6: Direction | C6: NB | D6: SB | E6: NB | F6: SB | G6: NB | H6: SB | I6: NB | J6: SB | K6: NB | L6: SB | M6: NB | N6: SB | O6: NB | P6: SB | Q6: NB | R6: SB | S6: NB | T6: SB | U6: NB | V6: SB | X6: Direction | Y6: NB | Z6: SB | AA6: NB | AB6: SB | AC6: NB | AD6: SB | AE6: NB | AF6: SB | AG6: NB | AH6: SB | AI6: NB | AJ6: SB | AK6: NB | AL6: SB | AM6: NB | AN6: SB | AO6: NB | AP6: SB | AQ6: NB | AR6: SB | AU6: Direction | AV6: NB | AW6: SB | AX6: NB | AY6: SB | AZ6: NB | BA6: SB | BB6: NB | BC6: SB | BD6: NB | BE6: SB | BF6: NB | BG6: SB | BH6: NB | BI6: SB | BJ6: NB | BK6: SB | BL6: NB | BM6: SB | BN6: NB | BO6: SB | BR6: Direction | BS6: NB | BT6: SB | BU6: NB | BV6: SB | BW6: NB | BX6: SB | BY6: NB | BZ6: SB | CA6: NB | CB6: SB | CC6: NB | CD6: SB | CE6: NB | CF6: SB | CG6: NB | CH6: SB | CI6: NB | CJ6: SB | CK6: NB | CL6: SB
B7: Segment | C7: 1 | D7: 1 | E7: 2 | F7: 2 | G7: 3 | H7: 3 | I7: 4 | J7: 4 | K7: 5 | L7: 5 | M7: 6 | N7: 6 | O7: 7 | P7: 7 | Q7: 8 | R7: 8 | S7: 9 | T7: 9 | U7: 10 | V7: 10 | X7: Segment | Y7: 1 | Z7: 1 | AA7: 2 | AB7: 2 | AC7: 3 | AD7: 3 | AE7: 4 | AF7: 4 | AG7: 5 | AH7: 5 | AI7: 6 | AJ7: 6 | AK7: 7 | AL7: 7 | AM7: 8 | AN7: 8 | AO7: 9 | AP7: 9 | AQ7: 10 | AR7: 10 | AU7: Segment | AV7: 1 | AW7: 1 | AX7: 2 | AY7: 2 | AZ7: 3 | BA7: 3 | BB7: 4 | BC7: 4 | BD7: 5 | BE7: 5 | BF7: 6 | BG7: 6 | BH7: 7 | BI7: 7 | BJ7: 8 | BK7: 8 | BL7: 9 | BM7: 9 | BN7: 10 | BO7: 10 | BR7: Segment | BS7: 1 | BT7: 1 | BU7: 2 | BV7: 2 | BW7: 3 | BX7: 3 | BY7: 4 | BZ7: 4 | CA7: 5 | CB7: 5 | CC7: 6 | CD7: 6 | CE7: 7 | CF7: 7 | CG7: 8 | CH7: 8 | CI7: 9 | CJ7: 9 | CK7: 10 | CL7: 10
B8: Period | X8: Period | AU8: Period | BR8: Period
B9: Night | C9: 0.21 | D9: 0.21 | E9: 0.2 | F9: 0.2 | G9: 0.2 | H9: 0.2 | I9: 0.2 | J9: 1.8 | K9: 1.52 | L9: 1.8 | M9: 1.8 | N9: 1.74 | O9: 1.8 | P9: 1.67 | Q9: 1.8 | R9: 1.7 | S9: 1.59 | T9: 1.15 | U9: 1.67 | V9: 1.24 | X9: Night | Y9: 660.43 | Z9: 657.57 | AA9: 631.87 | AB9: 588.97 | AC9: 400.83 | AD9: 490.32 | AE9: 1397.36 | AF9: 3574.3 | AG9: 4740.54 | AH9: 4076.07 | AI9: 9844.87 | AJ9: 7213.75 | AK9: 7943.51 | AL9: 5571.74 | AM9: 8725.34 | AN9: 7602.55 | AO9: 6701.25 | AP9: 4643.86 | AQ9: 8645.8 | AR9: 6270.54 | AU9: Night | AV9: 13069.03 | AW9: 12979.72 | AX9: 10144.21 | AY9: 9490.33 | AZ9: 6838.22 | BA9: 8145.04 | BB9: 28088.21 | BC9: 25755.14 | BD9: 36269.66 | BE9: 32105.53 | BF9: 64190.21 | BG9: 56771.57 | BH9: 51030.02 | BI9: 44548.96 | BJ9: 65204.04 | BK9: 59708.75 | BL9: 50918.55 | BM9: 39788.36 | BN9: 69556.1 | BO9: 55702.56 | BR9: Night | BS9: 13729.46 | BT9: 13637.29 | BU9: 10776.08 | BV9: 10079.3 | BW9: 7239.05 | BX9: 8635.36 | BY9: 29485.57 | BZ9: 29329.44 | CA9: 41010.2 | CB9: 36181.6 | CC9: 74035.08 | CD9: 63985.32 | CE9: 58973.53 | CF9: 50120.7 | CG9: 73929.38 | CH9: 67311.3 | CI9: 57619.8 | CJ9: 44432.22 | CK9: 78201.9 | CL9: 61973.1
B10: AM-Early | C10: 0.9 | D10: 0.55 | E10: 0.69 | F10: 0.46 | G10: 0.82 | H10: 0.58 | I10: 0.83 | J10: 1.15 | K10: 0.93 | L10: 0.87 | M10: 1.2 | N10: 0.91 | O10: 1.25 | P10: 1.01 | Q10: 1.14 | R10: 0.79 | S10: 1.06 | T10: 0.72 | U10: 0.79 | V10: 0.47 | X10: AM-Early | Y10: 841.91 | Z10: 517.27 | AA10: 868.74 | AB10: 556.86 | AC10: 405.28 | AD10: 501.13 | AE10: 2159.65 | AF10: 1493.67 | AG10: 2516.46 | AH10: 1721.36 | AI10: 4336.08 | AJ10: 3120.56 | AK10: 3069.3 | AL10: 2700.46 | AM10: 3812.25 | AN10: 3398.02 | AO10: 3308.22 | AP10: 2496.62 | AQ10: 5062.54 | AR10: 3154.86 | AU10: AM-Early | AV10: 4760.25 | AW10: 3122.61 | AX10: 4344.19 | AY10: 2906.8 | AZ10: 2137.02 | BA10: 2624.27 | BB10: 11194.77 | BC10: 8160.57 | BD10: 14142.93 | BE10: 10119.64 | BF10: 24801.64 | BG10: 18553.96 | BH10: 17664.25 | BI10: 15918.7 | BJ10: 22152.43 | BK10: 19872.04 | BL10: 19202.33 | BM10: 15007.91 | BN10: 30484.09 | BO10: 19442.36 | BR10: AM-Early | BS10: 5602.16 | BT10: 3639.88 | BU10: 5212.93 | BV10: 3463.65 | BW10: 2542.3 | BX10: 3125.4 | BY10: 13354.42 | BZ10: 9654.24 | CA10: 16659.39 | CB10: 11841 | CC10: 29137.72 | CD10: 21674.52 | CE10: 20733.55 | CF10: 18619.16 | CG10: 25964.68 | CH10: 23270.06 | CI10: 22510.55 | CJ10: 17504.54 | CK10: 35546.62 | CL10: 22597.22
B11: AM-Peak | C11: 1.8 | D11: 0.7 | E11: 3.6 | F11: 0.52 | G11: 1.8 | H11: 1.8 | I11: 1.8 | J11: 1.8 | K11: 1.8 | L11: 1.67 | M11: 1.8 | N11: 1.7 | O11: 1.8 | P11: 1.75 | Q11: 1.8 | R11: 1.61 | S11: 1.8 | T11: 1.36 | U11: 1.31 | V11: 1.16 | X11: AM-Peak | Y11: 4508.74 | Z11: 1290.93 | AA11: 3312.52 | AB11: 1262.65 | AC11: 2701.47 | AD11: 3249.26 | AE11: 10459.41 | AF11: 5148.29 | AG11: 12561.71 | AH11: 5672.57 | AI11: 22592.72 | AJ11: 10077.64 | AK11: 17237.81 | AL11: 8188.75 | AM11: 21813.2 | AN11: 10449.19 | AO11: 10723.73 | AP11: 8107.24 | AQ11: 10667.78 | AR11: 9511.8 | AU11: AM-Peak | AV11: 14623.93 | AW11: 7994 | AX11: 15078.95 | AY11: 6608.23 | AZ11: 7806.83 | BA11: 10287.78 | BB11: 35620.59 | BC11: 28965.77 | BD11: 45038.29 | BE11: 34989.64 | BF11: 81087.28 | BG11: 63271.48 | BH11: 60253.22 | BI11: 51709.31 | BJ11: 74732.9 | BK11: 64916.35 | BL11: 63114.86 | BM11: 51784.73 | BN11: 67069.17 | BO11: 60678.78 | BR11: AM-Peak | BS11: 19132.67 | BT11: 9284.93 | BU11: 18391.46 | BV11: 7870.87 | BW11: 10508.3 | BX11: 13537.04 | BY11: 46080 | BZ11: 34114.06 | CA11: 57600 | CB11: 40662.22 | CC11: 103680 | CD11: 73349.12 | CE11: 77491.03 | CF11: 59898.06 | CG11: 96546.1 | CH11: 75365.53 | CI11: 73838.58 | CJ11: 59891.97 | CK11: 77736.94 | CL11: 70190.58
B12: AM-Shoulder | C12: 1.8 | D12: 0.85 | E12: 1.8 | F12: 0.45 | G12: 1.8 | H12: 3.6 | I12: 2.8 | J12: 1.48 | K12: 3.27 | L12: 1.26 | M12: 1.8 | N12: 1.21 | O12: 1.8 | P12: 1.23 | Q12: 1.8 | R12: 1.1 | S12: 1.08 | T12: 0.99 | U12: 0.96 | V12: 0.89 | X12: AM-Shoulder | Y12: 1417.5 | Z12: 460.28 | AA12: 1409.43 | AB12: 508.27 | AC12: 872.49 | AD12: 747.49 | AE12: 2137.07 | AF12: 1712.36 | AG12: 2573.37 | AH12: 1908.42 | AI12: 6917.28 | AJ12: 3284.25 | AK12: 5557.53 | AL12: 2651 | AM12: 4506.88 | AN12: 3337.46 | AO12: 3014.63 | AP12: 2685.17 | AQ12: 3585.48 | AR12: 3354.83 | AU12: AM-Shoulder | AV12: 5060.1 | AW12: 3013.78 | AX12: 4734.97 | AY12: 2749.37 | AZ12: 2878.16 | BA12: 4052.51 | BB12: 12386.14 | BC12: 10097.4 | BD12: 16299.6 | BE12: 12046.74 | BF12: 27642.72 | BG12: 21178.1 | BH12: 22282.47 | BI12: 17183.88 | BJ12: 26623.64 | BK12: 21365.32 | BL12: 19008.17 | BM12: 17926.56 | BN12: 23393.06 | BO12: 22243.51 | BR12: AM-Shoulder | BS12: 6477.6 | BT12: 3474.07 | BU12: 6144.4 | BV12: 3257.64 | BW12: 3750.64 | BX12: 4800 | BY12: 14523.21 | BZ12: 11809.76 | CA12: 18872.96 | CB12: 13955.16 | CC12: 34560 | CD12: 24462.35 | CE12: 27840 | CF12: 19834.88 | CG12: 31130.53 | CH12: 24702.79 | CI12: 22022.8 | CJ12: 20611.72 | CK12: 26978.54 | CL12: 25598.34
B13: MD | C13: 1.8 | D13: 1.8 | E13: 1.8 | F13: 0.78 | G13: 1.8 | H13: 1.8 | I13: 0.81 | J13: 1.8 | K13: 1.71 | L13: 1.8 | M13: 1.47 | N13: 1.27 | O13: 1.28 | P13: 1.15 | Q13: 1.15 | R13: 1.05 | S13: 1.04 | T13: 0.85 | U13: 0.91 | V13: 0.64 | X13: MD | Y13: 5382.37 | Z13: 4251.08 | AA13: 5278.03 | AB13: 4524.54 | AC13: 2933.47 | AD13: 4162.03 | AE13: 8860.89 | AF13: 10152.92 | AG13: 11492.36 | AH13: 12536.03 | AI13: 19299.58 | AJ13: 19452.39 | AK13: 14724.26 | AL13: 15407.93 | AM13: 18116 | AN13: 17584.06 | AO13: 14986.72 | AP13: 14638.49 | AQ13: 18917.21 | AR13: 21109.71 | AU13: MD | AV13: 17473.49 | AW13: 21860.67 | AX13: 21534.42 | AY13: 23135.47 | AZ13: 11319.03 | BA13: 13284.18 | BB13: 48315.43 | BC13: 48683.88 | BD13: 68453.09 | BE13: 68908.97 | BF13: 116307.44 | BG13: 117231.33 | BH13: 88826.17 | BI13: 92555.01 | BJ13: 110606.45 | BK13: 106443.47 | BL13: 92171.08 | BM13: 89264.15 | BN13: 118846.81 | BO13: 132245.23 | BR13: MD | BS13: 22855.86 | BT13: 26111.75 | BU13: 26812.45 | BV13: 27660.01 | BW13: 14252.5 | BX13: 17446.21 | BY13: 57176.32 | BZ13: 58836.8 | CA13: 79945.45 | CB13: 81445 | CC13: 135607.02 | CD13: 136683.72 | CE13: 103550.43 | CF13: 107962.94 | CG13: 128722.45 | CH13: 124027.53 | CI13: 107157.8 | CJ13: 103902.64 | CK13: 137764.01 | CL13: 153354.94
B14: PM-Shoulder | C14: 1.8 | D14: 1.8 | E14: 2.06 | F14: 1.8 | G14: 1.8 | H14: 1.8 | I14: 0.84 | J14: 1.8 | K14: 0.84 | L14: 1.8 | M14: 1.02 | N14: 2.49 | O14: 1 | P14: 1.68 | Q14: 1 | R14: 1.72 | S14: 0.92 | T14: 1.38 | U14: 0.81 | V14: 0.67 | X14: PM-Shoulder | Y14: 1253.6 | Z14: 1276.84 | AA14: 1250.05 | AB14: 1561.03 | AC14: 790.02 | AD14: 878.27 | AE14: 2058.09 | AF14: 2350.59 | AG14: 2404.2 | AH14: 3942.4 | AI14: 4538.66 | AJ14: 5567.46 | AK14: 3650.05 | AL14: 4330.36 | AM14: 4680.14 | AN14: 5515.01 | AO14: 3988.73 | AP14: 4814.22 | AQ14: 4810.25 | AR14: 4732.98 | AU14: PM-Shoulder | AV14: 3973.18 | AW14: 4049.78 | AX14: 5077.62 | AY14: 5158.97 | AZ14: 2332.54 | BA14: 2665.5 | BB14: 8626.79 | BC14: 7283.87 | BD14: 10989.29 | BE14: 14779.76 | BF14: 21376.23 | BG14: 27900.76 | BH14: 17083.48 | BI14: 20422.95 | BJ14: 22254.58 | BK14: 26787.15 | BL14: 19167.16 | BM14: 22551.25 | BN14: 23603.86 | BO14: 21835.01 | BR14: PM-Shoulder | BS14: 5226.78 | BT14: 5326.62 | BU14: 6327.67 | BV14: 6720 | BW14: 3122.56 | BX14: 3543.77 | BY14: 10684.88 | BZ14: 9634.46 | CA14: 13393.49 | CB14: 18722.16 | CC14: 25914.89 | CD14: 33468.22 | CE14: 20733.54 | CF14: 24753.31 | CG14: 26934.72 | CH14: 32302.16 | CI14: 23155.89 | CJ14: 27365.47 | CK14: 28414.1 | CL14: 26567.99
B15: PM-Peak | C15: 3.6 | D15: 1.8 | E15: 2.24 | F15: 3.17 | G15: 1.8 | H15: 3.6 | I15: 1.69 | J15: 1.8 | K15: 1.46 | L15: 3.39 | M15: 1.65 | N15: 1.8 | O15: 1.65 | P15: 1.8 | Q15: 1.8 | R15: 7.2 | S15: 1.43 | T15: 1.46 | U15: 1.29 | V15: 1.24 | X15: PM-Peak | Y15: 3169.49 | Z15: 4530.26 | AA15: 3496.46 | AB15: 3937.89 | AC15: 2694.77 | AD15: 2282.76 | AE15: 6768.37 | AF15: 8416.62 | AG15: 7637.56 | AH15: 9587.38 | AI15: 13880.52 | AJ15: 23310.84 | AK15: 11265.07 | AL15: 18769.78 | AM15: 15457.06 | AN15: 4513.25 | AO15: 11941.98 | AP15: 12336.69 | AQ15: 14693.37 | AR15: 14620.78 | AU15: PM-Peak | AV15: 14227.74 | AW15: 13918.86 | AX15: 14203.52 | AY15: 16222.11 | AZ15: 7200.81 | BA15: 9977.74 | BB15: 29392.11 | BC15: 23718.96 | BD15: 35925.85 | BE15: 48012.62 | BF15: 67586.49 | BG15: 80369.16 | BH15: 54531.93 | BI15: 64750.22 | BJ15: 74574.02 | BK15: 92240.43 | BL15: 59209.04 | BM15: 60297.02 | BN15: 73680.51 | BO15: 72299.78 | BR15: PM-Peak | BS15: 17397.24 | BT15: 18449.12 | BU15: 17699.98 | BV15: 20160 | BW15: 9895.58 | BX15: 12260.5 | BY15: 36160.49 | BZ15: 32135.58 | CA15: 43563.41 | CB15: 57600 | CC15: 81467.01 | CD15: 103680 | CE15: 65797 | CF15: 83520 | CG15: 90031.08 | CH15: 96753.68 | CI15: 71151.02 | CJ15: 72633.71 | CK15: 88373.88 | CL15: 86920.56
B16: PM-Late | C16: 0.87 | D16: 1.15 | E16: 0.27 | F16: 0.28 | G16: 0.2 | H16: 0.33 | I16: 0.66 | J16: 1.8 | K16: 0.91 | L16: 1.8 | M16: 1.34 | N16: 1.8 | O16: 1.5 | P16: 1.37 | Q16: 1.32 | R16: 1.16 | S16: 1.2 | T16: 0.96 | U16: 1.01 | V16: 0.78 | X16: PM-Late | Y16: 1638.7 | Z16: 2072.8 | AA16: 1629.22 | AB16: 1734.52 | AC16: 216.97 | AD16: 1287.86 | AE16: 1354.27 | AF16: 5246.8 | AG16: 3856.49 | AH16: 6086.55 | AI16: 6791.62 | AJ16: 10326.16 | AK16: 5419.5 | AL16: 7325.6 | AM16: 6781.74 | AN16: 7496.95 | AO16: 5706.37 | AP16: 5799.15 | AQ16: 7836.05 | AR16: 8060.17 | AU16: PM-Late | AV16: 8223.74 | AW16: 10003.88 | AX16: 6607.54 | AY16: 7045.67 | AZ16: 4247.56 | BA16: 5596.74 | BB16: 14976 | BC16: 20595.92 | BD16: 19830.31 | BE16: 26499.45 | BF16: 34842.38 | BG16: 48553.28 | BH16: 28108.56 | BI16: 35621.08 | BJ16: 35133.78 | BK16: 37765.61 | BL16: 29484.65 | BM16: 30050.79 | BN16: 40958.35 | BO16: 43339.73 | BR16: PM-Late | BS16: 9862.44 | BT16: 12076.68 | BU16: 8236.76 | BV16: 8780.19 | BW16: 4464.53 | BX16: 6884.6 | BY16: 16330.27 | BZ16: 25842.72 | CA16: 23686.8 | CB16: 32586 | CC16: 41634 | CD16: 58879.44 | CE16: 33528.06 | CF16: 42946.68 | CG16: 41915.52 | CH16: 45262.56 | CI16: 35191.02 | CJ16: 35849.94 | CK16: 48794.4 | CL16: 51399.9
B19: CaptureRateLights | X19: ML Volume (PCE/Period) | AU19: GP Volume (PCE/Period) | BR19: Highway Volume
B20: Direction | C20: NB | D20: SB | E20: NB | F20: SB | G20: NB | H20: SB | I20: NB | J20: SB | K20: NB | L20: SB | M20: NB | N20: SB | O20: NB | P20: SB | Q20: NB | R20: SB | S20: NB | T20: SB | U20: NB | V20: SB | X20: Direction | Y20: NB | Z20: SB | AA20: NB | AB20: SB | AC20: NB | AD20: SB | AE20: NB | AF20: SB | AG20: NB | AH20: SB | AI20: NB | AJ20: SB | AK20: NB | AL20: SB | AM20: NB | AN20: SB | AO20: NB | AP20: SB | AQ20: NB | AR20: SB | AU20: Direction | AV20: NB | AW20: SB | AX20: NB | AY20: SB | AZ20: NB | BA20: SB | BB20: NB | BC20: SB | BD20: NB | BE20: SB | BF20: NB | BG20: SB | BH20: NB | BI20: SB | BJ20: NB | BK20: SB | BL20: NB | BM20: SB | BN20: NB | BO20: SB | BR20: Direction | BS20: NB | BT20: SB | BU20: NB | BV20: SB | BW20: NB | BX20: SB | BY20: NB | BZ20: SB | CA20: NB | CB20: SB | CC20: NB | CD20: SB | CE20: NB | CF20: SB | CG20: NB | CH20: SB | CI20: NB | CJ20: SB | CK20: NB | CL20: SB
B21: Segment | C21: 1 | D21: 1 | E21: 2 | F21: 2 | G21: 3 | H21: 3 | I21: 4 | J21: 4 | K21: 5 | L21: 5 | M21: 6 | N21: 6 | O21: 7 | P21: 7 | Q21: 8 | R21: 8 | S21: 9 | T21: 9 | U21: 10 | V21: 10 | X21: Segment | Y21: 1 | Z21: 1 | AA21: 2 | AB21: 2 | AC21: 3 | AD21: 3 | AE21: 4 | AF21: 4 | AG21: 5 | AH21: 5 | AI21: 6 | AJ21: 6 | AK21: 7 | AL21: 7 | AM21: 8 | AN21: 8 | AO21: 9 | AP21: 9 | AQ21: 10 | AR21: 10 | AU21: Segment | AV21: 1 | AW21: 1 | AX21: 2 | AY21: 2 | AZ21: 3 | BA21: 3 | BB21: 4 | BC21: 4 | BD21: 5 | BE21: 5 | BF21: 6 | BG21: 6 | BH21: 7 | BI21: 7 | BJ21: 8 | BK21: 8 | BL21: 9 | BM21: 9 | BN21: 10 | BO21: 10 | BR21: Segment | BS21: 1 | BT21: 1 | BU21: 2 | BV21: 2 | BW21: 3 | BX21: 3 | BY21: 4 | BZ21: 4 | CA21: 5 | CB21: 5 | CC21: 6 | CD21: 6 | CE21: 7 | CF21: 7 | CG21: 8 | CH21: 8 | CI21: 9 | CJ21: 9 | CK21: 10 | CL21: 10
B22: Period | X22: Period | AU22: Period | BR22: Period
B23: Night | C23: 0.05 | D23: 0.05 | E23: 0.06 | F23: 0.06 | G23: 0.06 | H23: 0.06 | I23: 0.05 | J23: 0.15 | K23: 0.15 | L23: 0.15 | M23: 0.15 | N23: 0.15 | O23: 0.15 | P23: 0.15 | Q23: 0.15 | R23: 0.15 | S23: 0.15 | T23: 0.15 | U23: 0.15 | V23: 0.15 | X23: Night | Y23: 943.47 | Z23: 939.38 | AA23: 902.68 | AB23: 841.38 | AC23: 801.66 | AD23: 980.64 | AE23: 873.35 | AF23: 2233.94 | AG23: 2370.27 | AH23: 2038.03 | AI23: 2734.69 | AJ23: 2003.82 | AK23: 2739.14 | AL23: 1921.29 | AM23: 2296.14 | AN23: 2000.67 | AO23: 1970.95 | AP23: 1365.84 | AQ23: 1921.29 | AR23: 1393.45 | AU23: Night | AV23: 18670.04 | AW23: 18542.46 | AX23: 14491.72 | AY23: 13557.62 | AZ23: 13676.44 | BA23: 16290.08 | BB23: 17555.13 | BC23: 16096.96 | BD23: 18134.83 | BE23: 16052.77 | BF23: 17830.61 | BG23: 15769.88 | BH23: 17596.56 | BI23: 15361.71 | BJ23: 17158.96 | BK23: 15712.83 | BL23: 14976.05 | BM23: 11702.46 | BN23: 15456.91 | BO23: 12378.35 | BR23: Night | BS23: 19613.51 | BT23: 19481.84 | BU23: 15394.4 | BV23: 14399 | BW23: 14478.1 | BX23: 17270.72 | BY23: 18428.48 | BZ23: 18330.9 | CA23: 20505.1 | CB23: 18090.8 | CC23: 20565.3 | CD23: 17773.7 | CE23: 20335.7 | CF23: 17283 | CG23: 19455.1 | CH23: 17713.5 | CI23: 16947 | CJ23: 13068.3 | CK23: 17378.2 | CL23: 13771.8
B24: AM-Early | C24: 0.16 | D24: 0.17 | E24: 0.17 | F24: 0.18 | G24: 0.18 | H24: 0.18 | I24: 0.17 | J24: 0.17 | K24: 0.16 | L24: 0.16 | M24: 0.16 | N24: 0.16 | O24: 0.16 | P24: 0.16 | Q24: 0.16 | R24: 0.16 | S24: 0.16 | T24: 0.16 | U24: 0.16 | V24: 0.16 | X24: AM-Early | Y24: 1202.72 | Z24: 738.96 | AA24: 1241.06 | AB24: 795.51 | AC24: 810.55 | AD24: 1002.26 | AE24: 1349.78 | AF24: 933.54 | AG24: 1258.23 | AH24: 860.68 | AI24: 1204.47 | AJ24: 866.82 | AK24: 1058.38 | AL24: 931.19 | AM24: 1003.22 | AN24: 894.22 | AO24: 973.01 | AP24: 734.3 | AQ24: 1125.01 | AR24: 701.08 | AU24: AM-Early | AV24: 6800.36 | AW24: 4460.87 | AX24: 6205.99 | AY24: 4152.57 | AZ24: 4274.05 | BA24: 5248.55 | BB24: 6996.73 | BC24: 5100.36 | BD24: 7071.46 | BE24: 5059.82 | BF24: 6889.34 | BG24: 5153.88 | BH24: 6091.12 | BI24: 5489.21 | BJ24: 5829.59 | BK24: 5229.48 | BL24: 5647.74 | BM24: 4414.09 | BN24: 6774.24 | BO24: 4320.53 | BR24: AM-Early | BS24: 8003.08 | BT24: 5199.82 | BU24: 7447.05 | BV24: 4948.08 | BW24: 5084.6 | BX24: 6250.81 | BY24: 8346.51 | BZ24: 6033.9 | CA24: 8329.7 | CB24: 5920.5 | CC24: 8093.81 | CD24: 6020.7 | CE24: 7149.5 | CF24: 6420.4 | CG24: 6832.81 | CH24: 6123.7 | CI24: 6620.75 | CJ24: 5148.39 | CK24: 7899.25 | CL24: 5021.6
B25: AM-Peak | C25: 0.27 | D25: 0.17 | E25: 0.19 | F25: 0.18 | G25: 0.29 | H25: 0.27 | I25: 0.25 | J25: 0.17 | K25: 0.24 | L25: 0.16 | M25: 0.24 | N25: 0.16 | O25: 0.25 | P25: 0.16 | Q25: 0.26 | R25: 0.16 | S25: 0.17 | T25: 0.16 | U25: 0.16 | V25: 0.16 | X25: AM-Peak | Y25: 6441.06 | Z25: 1844.18 | AA25: 4732.17 | AB25: 1803.78 | AC25: 5402.94 | AD25: 6498.52 | AE25: 6537.13 | AF25: 3217.68 | AG25: 6280.86 | AH25: 2836.29 | AI25: 6275.75 | AJ25: 2799.34 | AK25: 5944.07 | AL25: 2823.71 | AM25: 5740.32 | AN25: 2749.79 | AO25: 3154.04 | AP25: 2384.48 | AQ25: 2370.62 | AR25: 2113.73 | AU25: AM-Peak | AV25: 20891.33 | AW25: 11420 | AX25: 21541.35 | AY25: 9440.32 | AZ25: 15613.66 | BA25: 20575.56 | BB25: 22262.87 | BC25: 18103.61 | BD25: 22519.14 | BE25: 17494.82 | BF25: 22524.25 | BG25: 17575.41 | BH25: 20776.97 | BI25: 17830.8 | BJ25: 19666.55 | BK25: 17083.25 | BL25: 18563.19 | BM25: 15230.8 | BN25: 14904.26 | BO25: 13484.17 | BR25: AM-Peak | BS25: 27332.39 | BT25: 13264.18 | BU25: 26273.52 | BV25: 11244.1 | BW25: 21016.6 | BX25: 27074.08 | BY25: 28800 | BZ25: 21321.29 | CA25: 28800 | CB25: 20331.11 | CC25: 28800 | CD25: 20374.76 | CE25: 26721.04 | CF25: 20654.5 | CG25: 25406.87 | CH25: 19833.04 | CI25: 21717.23 | CJ25: 17615.29 | CK25: 17274.88 | CL25: 15597.91
B26: AM-Shoulder | C26: 0.26 | D26: 0.17 | E26: 0.25 | F26: 0.18 | G26: 0.28 | H26: 0.18 | I26: 0.17 | J26: 0.17 | K26: 0.16 | L26: 0.16 | M26: 0.23 | N26: 0.16 | O26: 0.23 | P26: 0.16 | Q26: 0.17 | R26: 0.16 | S26: 0.16 | T26: 0.16 | U26: 0.16 | V26: 0.16 | X26: AM-Shoulder | Y26: 2025 | Z26: 657.55 | AA26: 2013.47 | AB26: 726.09 | AC26: 1744.97 | AD26: 1494.98 | AE26: 1335.67 | AF26: 1070.23 | AG26: 1286.68 | AH26: 954.21 | AI26: 1921.47 | AJ26: 912.29 | AK26: 1916.39 | AL26: 914.14 | AM26: 1186.02 | AN26: 878.28 | AO26: 886.66 | AP26: 789.75 | AQ26: 796.77 | AR26: 745.52 | AU26: AM-Shoulder | AV26: 7228.71 | AW26: 4305.4 | AX26: 6764.24 | AY26: 3927.67 | AZ26: 5756.31 | BA26: 8105.02 | BB26: 7741.33 | BC26: 6310.88 | BD26: 8149.8 | BE26: 6023.37 | BF26: 7678.53 | BG26: 5882.81 | BH26: 7683.61 | BI26: 5925.48 | BJ26: 7006.22 | BK26: 5622.45 | BL26: 5590.64 | BM26: 5272.52 | BN26: 5198.46 | BO26: 4943 | BR26: AM-Shoulder | BS26: 9253.72 | BT26: 4962.95 | BU26: 8777.71 | BV26: 4653.76 | BW26: 7501.28 | BX26: 9600 | BY26: 9077.01 | BZ26: 7381.1 | CA26: 9436.48 | CB26: 6977.58 | CC26: 9600 | CD26: 6795.1 | CE26: 9600 | CF26: 6839.62 | CG26: 8192.24 | CH26: 6500.73 | CI26: 6477.29 | CJ26: 6062.27 | CK26: 5995.23 | CL26: 5688.52
B27: MD | C27: 0.27 | D27: 0.19 | E27: 0.21 | F27: 0.18 | G27: 0.24 | H27: 0.27 | I27: 0.18 | J27: 0.2 | K27: 0.16 | L27: 0.18 | M27: 0.16 | N27: 0.16 | O27: 0.16 | P27: 0.16 | Q27: 0.16 | R27: 0.16 | S27: 0.17 | T27: 0.17 | U27: 0.17 | V27: 0.16 | X27: MD | Y27: 7689.1 | Z27: 6072.97 | AA27: 7540.05 | AB27: 6463.62 | AC27: 5866.94 | AD27: 8324.06 | AE27: 5538.05 | AF27: 6345.58 | AG27: 5746.18 | AH27: 6268.02 | AI27: 5360.99 | AJ27: 5403.44 | AK27: 5077.33 | AL27: 5313.08 | AM27: 4767.37 | AN27: 4627.38 | AO27: 4407.86 | AP27: 4305.44 | AQ27: 4203.82 | AR27: 4691.05 | AU27: MD | AV27: 24962.13 | AW27: 31229.53 | AX27: 30763.45 | AY27: 33050.68 | AZ27: 22638.06 | BA27: 26568.37 | BB27: 30197.15 | BC27: 30427.42 | BD27: 34226.55 | BE27: 34454.48 | BF27: 32307.62 | BG27: 32564.26 | BH27: 30629.72 | BI27: 31915.52 | BJ27: 29106.96 | BK27: 28011.44 | BL27: 27109.14 | BM27: 26254.16 | BN27: 26410.4 | BO27: 29387.83 | BR27: MD | BS27: 32651.23 | BT27: 37302.5 | BU27: 38303.5 | BV27: 39514.3 | BW27: 28505 | BX27: 34892.43 | BY27: 35735.2 | BZ27: 36773 | CA27: 39972.73 | CB27: 40722.5 | CC27: 37668.62 | CD27: 37967.7 | CE27: 35707.05 | CF27: 37228.6 | CG27: 33874.33 | CH27: 32638.82 | CI27: 31517 | CJ27: 30559.6 | CK27: 30614.22 | CL27: 34078.87
B28: PM-Shoulder | C28: 0.28 | D28: 0.28 | E28: 0.21 | F28: 0.24 | G28: 0.29 | H28: 0.28 | I28: 0.21 | J28: 0.28 | K28: 0.2 | L28: 0.24 | M28: 0.2 | N28: 0.18 | O28: 0.2 | P28: 0.19 | Q28: 0.2 | R28: 0.19 | S28: 0.2 | T28: 0.19 | U28: 0.2 | V28: 0.2 | X28: PM-Shoulder | Y28: 1790.85 | Z28: 1824.06 | AA28: 1785.79 | AB28: 2230.05 | AC28: 1580.04 | AD28: 1756.54 | AE28: 1286.31 | AF28: 1469.12 | AG28: 1202.1 | AH28: 1971.2 | AI28: 1260.74 | AJ28: 1546.52 | AK28: 1258.64 | AL28: 1493.23 | AM28: 1231.62 | AN28: 1451.32 | AO28: 1173.16 | AP28: 1415.95 | AQ28: 1068.94 | AR28: 1051.77 | AU28: PM-Shoulder | AV28: 5675.97 | AW28: 5785.4 | AX28: 7253.74 | AY28: 7369.95 | AZ28: 4665.07 | BA28: 5331 | BB28: 5391.74 | BC28: 4552.42 | BD28: 5494.65 | BE28: 7389.88 | BF28: 5937.84 | BG28: 7750.21 | BH28: 5890.86 | BI28: 7042.4 | BJ28: 5856.47 | BK28: 7049.25 | BL28: 5637.4 | BM28: 6632.72 | BN28: 5245.3 | BO28: 4852.22 | BR28: PM-Shoulder | BS28: 7466.82 | BT28: 7609.46 | BU28: 9039.53 | BV28: 9600 | BW28: 6245.12 | BX28: 7087.55 | BY28: 6678.05 | BZ28: 6021.54 | CA28: 6696.74 | CB28: 9361.08 | CC28: 7198.58 | CD28: 9296.73 | CE28: 7149.5 | CF28: 8535.62 | CG28: 7088.08 | CH28: 8500.57 | CI28: 6810.56 | CJ28: 8048.67 | CK28: 6314.25 | CL28: 5904
B29: PM-Peak | C29: 0.21 | D29: 0.28 | E29: 0.21 | F29: 0.21 | G29: 0.31 | H29: 0.21 | I29: 0.21 | J29: 0.3 | K29: 0.2 | L29: 0.19 | M29: 0.19 | N29: 0.25 | O29: 0.2 | P29: 0.25 | Q29: 0.2 | R29: 0.05 | S29: 0.2 | T29: 0.2 | U29: 0.2 | V29: 0.2 | X29: PM-Peak | Y29: 4527.85 | Z29: 6471.79 | AA29: 4994.94 | AB29: 5625.55 | AC29: 5389.53 | AD29: 4565.52 | AE29: 4230.23 | AF29: 5260.39 | AG29: 3818.78 | AH29: 4793.69 | AI29: 3855.7 | AJ29: 6475.23 | AK29: 3884.51 | AL29: 6472.34 | AM29: 4067.65 | AN29: 1187.7 | AO29: 3512.35 | AP29: 3628.44 | AQ29: 3265.19 | AR29: 3249.06 | AU29: PM-Peak | AV29: 20325.35 | AW29: 19884.09 | AX29: 20290.74 | AY29: 23174.45 | AZ29: 14401.62 | BA29: 19955.47 | BB29: 18370.07 | BC29: 14824.35 | BD29: 17962.92 | BE29: 24006.31 | BF29: 18774.02 | BG29: 22324.77 | BH29: 18804.11 | BI29: 22327.66 | BJ29: 19624.74 | BK29: 24273.8 | BL29: 17414.42 | BM29: 17734.42 | BN29: 16373.45 | BO29: 16066.62 | BR29: PM-Peak | BS29: 24853.19 | BT29: 26355.88 | BU29: 25285.68 | BV29: 28800 | BW29: 19791.15 | BX29: 24521 | BY29: 22600.31 | BZ29: 20084.74 | CA29: 21781.7 | CB29: 28800 | CC29: 22629.73 | CD29: 28800 | CE29: 22688.62 | CF29: 28800 | CG29: 23692.39 | CH29: 25461.49 | CI29: 20926.77 | CJ29: 21362.86 | CK29: 19638.64 | CL29: 19315.68
B30: PM-Late | C30: 0.2 | D30: 0.2 | E30: 0.22 | F30: 0.22 | G30: 0.05 | H30: 0.22 | I30: 0.1 | J30: 0.24 | K30: 0.2 | L30: 0.22 | M30: 0.2 | N30: 0.2 | O30: 0.2 | P30: 0.2 | Q30: 0.2 | R30: 0.2 | S30: 0.2 | T30: 0.2 | U30: 0.2 | V30: 0.2 | X30: PM-Late | Y30: 2341 | Z30: 2961.15 | AA30: 2327.45 | AB30: 2477.89 | AC30: 433.93 | AD30: 2575.73 | AE30: 846.42 | AF30: 3279.25 | AG30: 1928.25 | AH30: 3043.27 | AI30: 1886.56 | AJ30: 2868.38 | AK30: 1868.79 | AL30: 2526.07 | AM30: 1784.67 | AN30: 1972.88 | AO30: 1678.35 | AP30: 1705.63 | AQ30: 1741.34 | AR30: 1791.15 | AU30: PM-Late | AV30: 11748.2 | AW30: 14291.25 | AX30: 9439.34 | AY30: 10065.24 | AZ30: 8495.12 | BA30: 11193.48 | BB30: 9360 | BC30: 12872.45 | BD30: 9915.15 | BE30: 13249.73 | BF30: 9678.44 | BG30: 13487.02 | BH30: 9692.61 | BI30: 12283.13 | BJ30: 9245.73 | BK30: 9938.32 | BL30: 8671.95 | BM30: 8838.47 | BN30: 9101.86 | BO30: 9631.05 | BR30: PM-Late | BS30: 14089.2 | BT30: 17252.4 | BU30: 11766.8 | BV30: 12543.13 | BW30: 8929.05 | BX30: 13769.2 | BY30: 10206.42 | BZ30: 16151.7 | CA30: 11843.4 | CB30: 16293 | CC30: 11565 | CD30: 16355.4 | CE30: 11561.4 | CF30: 14809.2 | CG30: 11030.4 | CH30: 11911.2 | CI30: 10350.3 | CJ30: 10544.1 | CK30: 10843.2 | CL30: 11422.2
B33: Revenue Per Period | X33: ML Flow (PCE/hr) | AU33: GP Flow (PCE/hr) | BR33: Highway Flow
B34: Direction | C34: NB | D34: SB | E34: NB | F34: SB | G34: NB | H34: SB | I34: NB | J34: SB | K34: NB | L34: SB | M34: NB | N34: SB | O34: NB | P34: SB | Q34: NB | R34: SB | S34: NB | T34: SB | U34: NB | V34: SB | X34: Direction | Y34: NB | Z34: SB | AA34: NB | AB34: SB | AC34: NB | AD34: SB | AE34: NB | AF34: SB | AG34: NB | AH34: SB | AI34: NB | AJ34: SB | AK34: NB | AL34: SB | AM34: NB | AN34: SB | AO34: NB | AP34: SB | AQ34: NB | AR34: SB | AU34: Direction | AV34: NB | AW34: SB | AX34: NB | AY34: SB | AZ34: NB | BA34: SB | BB34: NB | BC34: SB | BD34: NB | BE34: SB | BF34: NB | BG34: SB | BH34: NB | BI34: SB | BJ34: NB | BK34: SB | BL34: NB | BM34: SB | BN34: NB | BO34: SB | BR34: Direction | BS34: NB | BT34: SB | BU34: NB | BV34: SB | BW34: NB | BX34: SB | BY34: NB | BZ34: SB | CA34: NB | CB34: SB | CC34: NB | CD34: SB | CE34: NB | CF34: SB | CG34: NB | CH34: SB | CI34: NB | CJ34: SB | CK34: NB | CL34: SB
B35: Segment | C35: 1 | D35: 1 | E35: 2 | F35: 2 | G35: 3 | H35: 3 | I35: 4 | J35: 4 | K35: 5 | L35: 5 | M35: 6 | N35: 6 | O35: 7 | P35: 7 | Q35: 8 | R35: 8 | S35: 9 | T35: 9 | U35: 10 | V35: 10 | X35: Segment | Y35: 1 | Z35: 1 | AA35: 2 | AB35: 2 | AC35: 3 | AD35: 3 | AE35: 4 | AF35: 4 | AG35: 5 | AH35: 5 | AI35: 6 | AJ35: 6 | AK35: 7 | AL35: 7 | AM35: 8 | AN35: 8 | AO35: 9 | AP35: 9 | AQ35: 10 | AR35: 10 | AU35: Segment | AV35: 1 | AW35: 1 | AX35: 2 | AY35: 2 | AZ35: 3 | BA35: 3 | BB35: 4 | BC35: 4 | BD35: 5 | BE35: 5 | BF35: 6 | BG35: 6 | BH35: 7 | BI35: 7 | BJ35: 8 | BK35: 8 | BL35: 9 | BM35: 9 | BN35: 10 | BO35: 10 | BR35: Segment | BS35: 1 | BT35: 1 | BU35: 2 | BV35: 2 | BW35: 3 | BX35: 3 | BY35: 4 | BZ35: 4 | CA35: 5 | CB35: 5 | CC35: 6 | CD35: 6 | CE35: 7 | CF35: 7 | CG35: 8 | CH35: 8 | CI35: 9 | CJ35: 9 | CK35: 10 | CL35: 10
B36: Period | X36: Period | AU36: Period | BR36: Period
B37: Night | C37: 136.47 | D37: 135.88 | E37: 126.37 | F37: 117.79 | G37: 80.17 | H37: 98.06 | I37: 279.47 | J37: 6433.73 | K37: 7220.69 | L37: 7323.94 | M37: 17720.77 | N37: 12554.46 | O37: 14298.33 | P37: 9287.58 | Q37: 15705.6 | R37: 12939.6 | S37: 10653.13 | T37: 5350.4 | U37: 14406.94 | V37: 7765.7 | X37: Night | Y37: 134.78 | Z37: 134.2 | AA37: 128.95 | AB37: 120.2 | AC37: 114.52 | AD37: 140.09 | AE37: 124.76 | AF37: 319.13 | AG37: 338.61 | AH37: 291.15 | AI37: 390.67 | AJ37: 286.26 | AK37: 391.31 | AL37: 274.47 | AM37: 328.02 | AN37: 285.81 | AO37: 281.56 | AP37: 195.12 | AQ37: 274.47 | AR37: 199.06 | AU37: Night | AV37: 2667.15 | AW37: 2648.92 | AX37: 2070.25 | AY37: 1936.8 | AZ37: 1953.78 | BA37: 2327.15 | BB37: 2507.88 | BC37: 2299.57 | BD37: 2590.69 | BE37: 2293.25 | BF37: 2547.23 | BG37: 2252.84 | BH37: 2513.79 | BI37: 2194.53 | BJ37: 2451.28 | BK37: 2244.69 | BL37: 2139.44 | BM37: 1671.78 | BN37: 2208.13 | BO37: 1768.34 | BR37: Night | BS37: 2801.93 | BT37: 2783.12 | BU37: 2199.2 | BV37: 2057 | BW37: 2068.3 | BX37: 2467.25 | BY37: 2632.64 | BZ37: 2618.7 | CA37: 2929.3 | CB37: 2584.4 | CC37: 2937.9 | CD37: 2539.1 | CE37: 2905.1 | CF37: 2469 | CG37: 2779.3 | CH37: 2530.5 | CI37: 2421 | CJ37: 1866.9 | CK37: 2482.6 | CL37: 1967.4
B38: AM-Early | C38: 756.14 | D38: 286.12 | E38: 602.67 | F38: 256.83 | G38: 333.63 | H38: 291.1 | I38: 1792.15 | J38: 1710.92 | K38: 2328.75 | L38: 1498.14 | M38: 5196.38 | N38: 2825.88 | O38: 3830.99 | P38: 2723.61 | Q38: 4329.69 | R38: 2694.13 | S38: 3508.49 | T38: 1796.31 | U38: 4021.59 | V38: 1487.2 | X38: AM-Early | Y38: 1202.72 | Z38: 738.96 | AA38: 1241.06 | AB38: 795.51 | AC38: 810.55 | AD38: 1002.26 | AE38: 1349.78 | AF38: 933.54 | AG38: 1258.23 | AH38: 860.68 | AI38: 1204.47 | AJ38: 866.82 | AK38: 1058.38 | AL38: 931.19 | AM38: 1003.22 | AN38: 894.22 | AO38: 973.01 | AP38: 734.3 | AQ38: 1125.01 | AR38: 701.08 | AU38: AM-Early | AV38: 6800.36 | AW38: 4460.87 | AX38: 6205.99 | AY38: 4152.57 | AZ38: 4274.05 | BA38: 5248.55 | BB38: 6996.73 | BC38: 5100.36 | BD38: 7071.46 | BE38: 5059.82 | BF38: 6889.34 | BG38: 5153.88 | BH38: 6091.12 | BI38: 5489.21 | BJ38: 5829.59 | BK38: 5229.48 | BL38: 5647.74 | BM38: 4414.09 | BN38: 6774.24 | BO38: 4320.53 | BR38: AM-Early | BS38: 8003.08 | BT38: 5199.82 | BU38: 7447.05 | BV38: 4948.08 | BW38: 5084.6 | BX38: 6250.81 | BY38: 8346.51 | BZ38: 6033.9 | CA38: 8329.7 | CB38: 5920.5 | CC38: 8093.81 | CD38: 6020.7 | CE38: 7149.5 | CF38: 6420.4 | CG38: 6832.81 | CH38: 6123.7 | CI38: 6620.75 | CJ38: 5148.39 | CK38: 7899.25 | CL38: 5021.6
B39: AM-Peak | C39: 8115.74 | D39: 905.31 | E39: 11925.06 | F39: 654.55 | G39: 4862.64 | H39: 5848.67 | I39: 18826.93 | J39: 9266.92 | K39: 22611.08 | L39: 9468.62 | M39: 40666.89 | N39: 17145.29 | O39: 31028.06 | P39: 14321.06 | Q39: 39263.76 | R39: 16834.77 | S39: 19302.65 | T39: 11036.42 | U39: 13998.18 | V39: 11015.22 | X39: AM-Peak | Y39: 2147.02 | Z39: 614.73 | AA39: 1577.39 | AB39: 601.26 | AC39: 1800.98 | AD39: 2166.17 | AE39: 2179.04 | AF39: 1072.56 | AG39: 2093.62 | AH39: 945.43 | AI39: 2091.92 | AJ39: 933.11 | AK39: 1981.36 | AL39: 941.24 | AM39: 1913.44 | AN39: 916.6 | AO39: 1051.35 | AP39: 794.83 | AQ39: 790.21 | AR39: 704.58 | AU39: AM-Peak | AV39: 6963.78 | AW39: 3806.67 | AX39: 7180.45 | AY39: 3146.77 | AZ39: 5204.55 | BA39: 6858.52 | BB39: 7420.96 | BC39: 6034.54 | BD39: 7506.38 | BE39: 5831.61 | BF39: 7508.08 | BG39: 5858.47 | BH39: 6925.66 | BI39: 5943.6 | BJ39: 6555.52 | BK39: 5694.42 | BL39: 6187.73 | BM39: 5076.93 | BN39: 4968.09 | BO39: 4494.72 | BR39: AM-Peak | BS39: 9110.8 | BT39: 4421.39 | BU39: 8757.84 | BV39: 3748.03 | BW39: 7005.53 | BX39: 9024.69 | BY39: 9600 | BZ39: 7107.1 | CA39: 9600 | CB39: 6777.04 | CC39: 9600 | CD39: 6791.59 | CE39: 8907.01 | CF39: 6884.83 | CG39: 8468.96 | CH39: 6611.01 | CI39: 7239.08 | CJ39: 5871.76 | CK39: 5758.29 | CL39: 5199.3
B40: AM-Shoulder | C40: 2551.5 | D40: 389.67 | E40: 2536.97 | F40: 230.8 | G40: 1570.47 | H40: 2690.96 | I40: 5987.75 | J40: 2538.34 | K40: 8405.88 | L40: 2403.49 | M40: 12451.11 | N40: 3964.18 | O40: 10003.53 | P40: 3254.54 | Q40: 8112.39 | R40: 3658.83 | S40: 3247.05 | T40: 2657.75 | U40: 3433.17 | V40: 2980.08 | X40: AM-Shoulder | Y40: 2025 | Z40: 657.55 | AA40: 2013.47 | AB40: 726.09 | AC40: 1744.97 | AD40: 1494.98 | AE40: 1335.67 | AF40: 1070.23 | AG40: 1286.68 | AH40: 954.21 | AI40: 1921.47 | AJ40: 912.29 | AK40: 1916.39 | AL40: 914.14 | AM40: 1186.02 | AN40: 878.28 | AO40: 886.66 | AP40: 789.75 | AQ40: 796.77 | AR40: 745.52 | AU40: AM-Shoulder | AV40: 7228.71 | AW40: 4305.4 | AX40: 6764.24 | AY40: 3927.67 | AZ40: 5756.31 | BA40: 8105.02 | BB40: 7741.33 | BC40: 6310.88 | BD40: 8149.8 | BE40: 6023.37 | BF40: 7678.53 | BG40: 5882.81 | BH40: 7683.61 | BI40: 5925.48 | BJ40: 7006.22 | BK40: 5622.45 | BL40: 5590.64 | BM40: 5272.52 | BN40: 5198.46 | BO40: 4943 | BR40: AM-Shoulder | BS40: 9253.72 | BT40: 4962.95 | BU40: 8777.71 | BV40: 4653.76 | BW40: 7501.28 | BX40: 9600 | BY40: 9077.01 | BZ40: 7381.1 | CA40: 9436.48 | CB40: 6977.58 | CC40: 9600 | CD40: 6795.1 | CE40: 9600 | CF40: 6839.62 | CG40: 8192.24 | CH40: 6500.73 | CI40: 6477.29 | CJ40: 6062.27 | CK40: 5995.23 | CL40: 5688.52
B41: MD | C41: 9688.27 | D41: 7651.93 | E41: 9500.46 | F41: 3531 | G41: 5280.2 | H41: 7491.65 | I41: 7210.71 | J41: 18275.26 | K41: 19699.63 | L41: 22564.86 | M41: 28296.11 | N41: 24619.8 | O41: 18824.85 | P41: 17655.05 | Q41: 20759.4 | R41: 18545.03 | S41: 15650.66 | T41: 12369.97 | U41: 17231.46 | V41: 13536.47 | X41: MD | Y41: 1537.82 | Z41: 1214.59 | AA41: 1508.01 | AB41: 1292.72 | AC41: 1173.39 | AD41: 1664.81 | AE41: 1107.61 | AF41: 1269.12 | AG41: 1149.24 | AH41: 1253.6 | AI41: 1072.2 | AJ41: 1080.69 | AK41: 1015.47 | AL41: 1062.62 | AM41: 953.47 | AN41: 925.48 | AO41: 881.57 | AP41: 861.09 | AQ41: 840.76 | AR41: 938.21 | AU41: MD | AV41: 4992.43 | AW41: 6245.91 | AX41: 6152.69 | AY41: 6610.14 | AZ41: 4527.61 | BA41: 5313.67 | BB41: 6039.43 | BC41: 6085.48 | BD41: 6845.31 | BE41: 6890.9 | BF41: 6461.52 | BG41: 6512.85 | BH41: 6125.94 | BI41: 6383.1 | BJ41: 5821.39 | BK41: 5602.29 | BL41: 5421.83 | BM41: 5250.83 | BN41: 5282.08 | BO41: 5877.57 | BR41: MD | BS41: 6530.25 | BT41: 7460.5 | BU41: 7660.7 | BV41: 7902.86 | BW41: 5701 | BX41: 6978.49 | BY41: 7147.04 | BZ41: 7354.6 | CA41: 7994.55 | CB41: 8144.5 | CC41: 7533.72 | CD41: 7593.54 | CE41: 7141.41 | CF41: 7445.72 | CG41: 6774.87 | CH41: 6527.76 | CI41: 6303.4 | CJ41: 6111.92 | CK41: 6122.84 | CL41: 6815.78
B42: PM-Shoulder | C42: 2256.47 | D42: 2298.31 | E42: 2580.28 | F42: 2809.85 | G42: 1422.03 | H42: 1580.89 | I42: 1725.03 | J42: 4231.05 | K42: 2011.88 | L42: 7096.31 | M42: 4639.82 | N42: 13845.64 | O42: 3636.51 | P42: 7286.03 | Q42: 4658.79 | R42: 9485.01 | S42: 3661.68 | T42: 6654.7 | U42: 3883.16 | V42: 3189.81 | X42: PM-Shoulder | Y42: 1790.85 | Z42: 1824.06 | AA42: 1785.79 | AB42: 2230.05 | AC42: 1580.04 | AD42: 1756.54 | AE42: 1286.31 | AF42: 1469.12 | AG42: 1202.1 | AH42: 1971.2 | AI42: 1260.74 | AJ42: 1546.52 | AK42: 1258.64 | AL42: 1493.23 | AM42: 1231.62 | AN42: 1451.32 | AO42: 1173.16 | AP42: 1415.95 | AQ42: 1068.94 | AR42: 1051.77 | AU42: PM-Shoulder | AV42: 5675.97 | AW42: 5785.4 | AX42: 7253.74 | AY42: 7369.95 | AZ42: 4665.07 | BA42: 5331 | BB42: 5391.74 | BC42: 4552.42 | BD42: 5494.65 | BE42: 7389.88 | BF42: 5937.84 | BG42: 7750.21 | BH42: 5890.86 | BI42: 7042.4 | BJ42: 5856.47 | BK42: 7049.25 | BL42: 5637.4 | BM42: 6632.72 | BN42: 5245.3 | BO42: 4852.22 | BR42: PM-Shoulder | BS42: 7466.82 | BT42: 7609.46 | BU42: 9039.53 | BV42: 9600 | BW42: 6245.12 | BX42: 7087.55 | BY42: 6678.05 | BZ42: 6021.54 | CA42: 6696.74 | CB42: 9361.08 | CC42: 7198.58 | CD42: 9296.73 | CE42: 7149.5 | CF42: 8535.62 | CG42: 7088.08 | CH42: 8500.57 | CI42: 6810.56 | CJ42: 8048.67 | CK42: 6314.25 | CL42: 5904
B43: PM-Peak | C43: 11410.17 | D43: 8154.46 | E43: 7814.76 | F43: 12466.62 | G43: 4850.58 | H43: 8213.25 | I43: 11459.96 | J43: 15149.92 | K43: 11122.53 | L43: 32524.49 | M43: 22928.54 | N43: 41959.5 | O43: 18531.8 | P43: 33785.6 | Q43: 27822.71 | R43: 32495.41 | S43: 17027.42 | T43: 18071.63 | U43: 18949.25 | V43: 18105.36 | X43: PM-Peak | Y43: 1509.28 | Z43: 2157.26 | AA43: 1664.98 | AB43: 1875.18 | AC43: 1796.51 | AD43: 1521.84 | AE43: 1410.08 | AF43: 1753.46 | AG43: 1272.93 | AH43: 1597.9 | AI43: 1285.23 | AJ43: 2158.41 | AK43: 1294.84 | AL43: 2157.45 | AM43: 1355.88 | AN43: 395.9 | AO43: 1170.78 | AP43: 1209.48 | AQ43: 1088.4 | AR43: 1083.02 | AU43: PM-Peak | AV43: 6775.12 | AW43: 6628.03 | AX43: 6763.58 | AY43: 7724.82 | AZ43: 4800.54 | BA43: 6651.82 | BB43: 6123.36 | BC43: 4941.45 | BD43: 5987.64 | BE43: 8002.1 | BF43: 6258.01 | BG43: 7441.59 | BH43: 6268.04 | BI43: 7442.55 | BJ43: 6541.58 | BK43: 8091.27 | BL43: 5804.81 | BM43: 5911.47 | BN43: 5457.82 | BO43: 5355.54 | BR43: PM-Peak | BS43: 8284.4 | BT43: 8785.29 | BU43: 8428.56 | BV43: 9600 | BW43: 6597.05 | BX43: 8173.67 | BY43: 7533.44 | BZ43: 6694.91 | CA43: 7260.57 | CB43: 9600 | CC43: 7543.24 | CD43: 9600 | CE43: 7562.87 | CF43: 9600 | CG43: 7897.46 | CH43: 8487.16 | CI43: 6975.59 | CJ43: 7120.95 | CK43: 6546.21 | CL43: 6438.56
B44: PM-Late | C44: 1431.51 | D44: 2384.4 | E44: 438.38 | F44: 487.8 | G44: 43.39 | H44: 429.73 | I44: 890.39 | J44: 9444.24 | K44: 3499.33 | L44: 10955.79 | M44: 9080.49 | N44: 18587.08 | O44: 8134.7 | P44: 10059.51 | Q44: 8923 | R44: 8694.18 | S44: 6862.87 | T44: 5593.1 | U44: 7901.08 | V44: 6326.86 | X44: PM-Late | Y44: 780.33 | Z44: 987.05 | AA44: 775.82 | AB44: 825.96 | AC44: 144.64 | AD44: 858.58 | AE44: 282.14 | AF44: 1093.08 | AG44: 642.75 | AH44: 1014.42 | AI44: 628.85 | AJ44: 956.13 | AK44: 622.93 | AL44: 842.02 | AM44: 594.89 | AN44: 657.63 | AO44: 559.45 | AP44: 568.54 | AQ44: 580.45 | AR44: 597.05 | AU44: PM-Late | AV44: 3916.07 | AW44: 4763.75 | AX44: 3146.45 | AY44: 3355.08 | AZ44: 2831.71 | BA44: 3731.16 | BB44: 3120 | BC44: 4290.82 | BD44: 3305.05 | BE44: 4416.58 | BF44: 3226.15 | BG44: 4495.67 | BH44: 3230.87 | BI44: 4094.38 | BJ44: 3081.91 | BK44: 3312.77 | BL44: 2890.65 | BM44: 2946.16 | BN44: 3033.95 | BO44: 3210.35 | BR44: PM-Late | BS44: 4696.4 | BT44: 5750.8 | BU44: 3922.26 | BV44: 4181.04 | BW44: 2976.35 | BX44: 4589.74 | BY44: 3402.14 | BZ44: 5383.9 | CA44: 3947.8 | CB44: 5431 | CC44: 3855 | CD44: 5451.8 | CE44: 3853.8 | CF44: 4936.4 | CG44: 3676.8 | CH44: 3970.4 | CI44: 3450.1 | CJ44: 3514.7 | CK44: 3614.4 | CL44: 3807.4
B47: Revenue Per Period Lights | X47: ML V/C | AU47: GP V/C real | BR47: Highway Vol / GP Capacity
B48: Direction | C48: NB | D48: SB | E48: NB | F48: SB | G48: NB | H48: SB | I48: NB | J48: SB | K48: NB | L48: SB | M48: NB | N48: SB | O48: NB | P48: SB | Q48: NB | R48: SB | S48: NB | T48: SB | U48: NB | V48: SB | X48: Direction | Y48: NB | Z48: SB | AA48: NB | AB48: SB | AC48: NB | AD48: SB | AE48: NB | AF48: SB | AG48: NB | AH48: SB | AI48: NB | AJ48: SB | AK48: NB | AL48: SB | AM48: NB | AN48: SB | AO48: NB | AP48: SB | AQ48: NB | AR48: SB | AU48: Direction | AV48: NB | AW48: SB | AX48: NB | AY48: SB | AZ48: NB | BA48: SB | BB48: NB | BC48: SB | BD48: NB | BE48: SB | BF48: NB | BG48: SB | BH48: NB | BI48: SB | BJ48: NB | BK48: SB | BL48: NB | BM48: SB | BN48: NB | BO48: SB | BR48: Direction | BS48: NB | BT48: SB | BU48: NB | BV48: SB | BW48: NB | BX48: SB | BY48: NB | BZ48: SB | CA48: NB | CB48: SB | CC48: NB | CD48: SB | CE48: NB | CF48: SB | CG48: NB | CH48: SB | CI48: NB | CJ48: SB | CK48: NB | CL48: SB
B49: Segment | C49: 1 | D49: 1 | E49: 2 | F49: 2 | G49: 3 | H49: 3 | I49: 4 | J49: 4 | K49: 5 | L49: 5 | M49: 6 | N49: 6 | O49: 7 | P49: 7 | Q49: 8 | R49: 8 | S49: 9 | T49: 9 | U49: 10 | V49: 10 | X49: Segment | Y49: 1 | Z49: 1 | AA49: 2 | AB49: 2 | AC49: 3 | AD49: 3 | AE49: 4 | AF49: 4 | AG49: 5 | AH49: 5 | AI49: 6 | AJ49: 6 | AK49: 7 | AL49: 7 | AM49: 8 | AN49: 8 | AO49: 9 | AP49: 9 | AQ49: 10 | AR49: 10 | AU49: Segment | AV49: 1 | AW49: 1 | AX49: 2 | AY49: 2 | AZ49: 3 | BA49: 3 | BB49: 4 | BC49: 4 | BD49: 5 | BE49: 5 | BF49: 6 | BG49: 6 | BH49: 7 | BI49: 7 | BJ49: 8 | BK49: 8 | BL49: 9 | BM49: 9 | BN49: 10 | BO49: 10 | BR49: Segment | BS49: 1 | BT49: 1 | BU49: 2 | BV49: 2 | BW49: 3 | BX49: 3 | BY49: 4 | BZ49: 4 | CA49: 5 | CB49: 5 | CC49: 6 | CD49: 6 | CE49: 7 | CF49: 7 | CG49: 8 | CH49: 8 | CI49: 9 | CJ49: 9 | CK49: 10 | CL49: 10
B50: Period | X50: Period | AU50: Period | BR50: Period
B51: Night | C51: 83.55 | D51: 81.15 | E51: 98.16 | F51: 89.02 | G51: 51.83 | H51: 65.88 | I51: 176.69 | J51: 4538.72 | K51: 5741.62 | L51: 5584.82 | M51: 12561.54 | N51: 9695.43 | O51: 9699.18 | P51: 7092.83 | Q51: 12309.95 | R51: 10204.86 | S51: 8507.86 | T51: 3811.67 | U51: 11081.17 | V51: 5331.42 | X51: Night | Y51: 0.04 | Z51: 0.04 | AA51: 0.04 | AB51: 0.03 | AC51: 0.03 | AD51: 0.04 | AE51: 0.03 | AF51: 0.09 | AG51: 0.09 | AH51: 0.08 | AI51: 0.11 | AJ51: 0.08 | AK51: 0.11 | AL51: 0.08 | AM51: 0.09 | AN51: 0.08 | AO51: 0.08 | AP51: 0.05 | AQ51: 0.08 | AR51: 0.06 | AU51: Night | AV51: 0.28 | AW51: 0.28 | AX51: 0.29 | AY51: 0.29 | AZ51: 0.29 | BA51: 0.29 | BB51: 0.28 | BC51: 0.72 | BD51: 0.66 | BE51: 0.72 | BF51: 0.78 | BG51: 0.7 | BH51: 0.79 | BI51: 0.69 | BJ51: 0.74 | BK51: 0.7 | BL51: 0.67 | BM51: 0.52 | BN51: 0.69 | BO51: 0.55 | BR51: Night | BS51: 0.3 | BT51: 0.3 | BU51: 0.31 | BV51: 0.31 | BW51: 0.3 | BX51: 0.3 | BY51: 0.29 | BZ51: 0.82 | CA51: 0.75 | CB51: 0.81 | CC51: 0.9 | CD51: 0.79 | CE51: 0.91 | CF51: 0.77 | CG51: 0.84 | CH51: 0.78 | CI51: 0.76 | CJ51: 0.58 | CK51: 0.77 | CL51: 0.61
B52: AM-Early | C52: 644.82 | D52: 229.81 | E52: 551.63 | F52: 222.23 | G52: 290.53 | H52: 241.23 | I52: 1599.67 | J52: 1342.51 | K52: 2064.38 | L52: 1181.18 | M52: 4615.78 | N52: 2223.88 | O52: 3295.93 | P52: 2241.89 | Q52: 3707.29 | R52: 2275.8 | S52: 3053.96 | T52: 1440.79 | U52: 3427.94 | V52: 1179.57 | X52: AM-Early | Y52: 0.33 | Z52: 0.21 | AA52: 0.34 | AB52: 0.22 | AC52: 0.23 | AD52: 0.28 | AE52: 0.37 | AF52: 0.26 | AG52: 0.35 | AH52: 0.24 | AI52: 0.33 | AJ52: 0.24 | AK52: 0.29 | AL52: 0.26 | AM52: 0.28 | AN52: 0.25 | AO52: 0.27 | AP52: 0.2 | AQ52: 0.31 | AR52: 0.19 | AU52: AM-Early | AV52: 0.65 | AW52: 0.43 | AX52: 0.6 | AY52: 0.4 | AZ52: 0.56 | BA52: 0.5 | BB52: 0.67 | BC52: 0.7 | BD52: 0.71 | BE52: 0.63 | BF52: 0.77 | BG52: 0.64 | BH52: 0.76 | BI52: 0.69 | BJ52: 0.73 | BK52: 0.61 | BL52: 0.71 | BM52: 0.55 | BN52: 0.65 | BO52: 0.43 | BR52: AM-Early | BS52: 0.77 | BT52: 0.5 | BU52: 0.72 | BV52: 0.48 | BW52: 0.67 | BX52: 0.6 | BY52: 0.8 | BZ52: 0.83 | CA52: 0.84 | CB52: 0.74 | CC52: 0.9 | CD52: 0.75 | CE52: 0.89 | CF52: 0.8 | CG52: 0.85 | CH52: 0.72 | CI52: 0.83 | CJ52: 0.64 | CK52: 0.76 | CL52: 0.5
B53: AM-Peak | C53: 6603.08 | D53: 710.47 | E53: 10474.16 | F53: 558.64 | G53: 3862.88 | H53: 4500.48 | I53: 15380.07 | J53: 7024.48 | K53: 18137.93 | L53: 7042.01 | M53: 32902.97 | N53: 12617.87 | O53: 24185.21 | P53: 10747.32 | Q53: 30692.78 | R53: 13043.32 | S53: 15456.77 | T53: 7991.27 | U53: 10794.28 | V53: 8334.99 | X53: AM-Peak | Y53: 0.6 | Z53: 0.17 | AA53: 0.44 | AB53: 0.17 | AC53: 0.5 | AD53: 0.6 | AE53: 0.61 | AF53: 0.3 | AG53: 0.58 | AH53: 0.26 | AI53: 0.58 | AJ53: 0.26 | AK53: 0.55 | AL53: 0.26 | AM53: 0.53 | AN53: 0.25 | AO53: 0.29 | AP53: 0.22 | AQ53: 0.22 | AR53: 0.2 | AU53: AM-Peak | AV53: 0.92 | AW53: 0.37 | AX53: 0.98 | AY53: 0.3 | AZ53: 0.89 | BA53: 0.91 | BB53: 0.93 | BC53: 0.75 | BD53: 0.94 | BE53: 0.73 | BF53: 0.94 | BG53: 0.73 | BH53: 0.93 | BI53: 0.74 | BJ53: 0.93 | BK53: 0.71 | BL53: 0.77 | BM53: 0.63 | BN53: 0.62 | BO53: 0.56 | BR53: AM-Peak | BS53: 1.2 | BT53: 0.43 | BU53: 1.2 | BV53: 0.36 | BW53: 1.2 | BX53: 1.2 | BY53: 1.2 | BZ53: 0.89 | CA53: 1.2 | CB53: 0.85 | CC53: 1.2 | CD53: 0.85 | CE53: 1.2 | CF53: 0.86 | CG53: 1.2 | CH53: 0.83 | CI53: 0.9 | CJ53: 0.73 | CK53: 0.72 | CL53: 0.65
B54: AM-Shoulder | C54: 1976.32 | D54: 301.95 | E54: 2195.5 | F54: 192 | G54: 1230.82 | H54: 2169.69 | I54: 4645.96 | J54: 1971.47 | K54: 6497.4 | L54: 1805.89 | M54: 9525.72 | N54: 2937.59 | O54: 7493.58 | P54: 2466.13 | Q54: 6087.23 | R54: 2724.22 | S54: 2454.81 | T54: 1979.81 | U54: 2549.85 | V54: 2224.4 | X54: AM-Shoulder | Y54: 0.56 | Z54: 0.18 | AA54: 0.56 | AB54: 0.2 | AC54: 0.48 | AD54: 0.42 | AE54: 0.37 | AF54: 0.3 | AG54: 0.36 | AH54: 0.27 | AI54: 0.53 | AJ54: 0.25 | AK54: 0.53 | AL54: 0.25 | AM54: 0.33 | AN54: 0.24 | AO54: 0.25 | AP54: 0.22 | AQ54: 0.22 | AR54: 0.21 | AU54: AM-Shoulder | AV54: 0.94 | AW54: 0.54 | AX54: 0.92 | AY54: 0.38 | AZ54: 0.92 | BA54: 1.01 | BB54: 0.97 | BC54: 0.79 | BD54: 1.02 | BE54: 0.75 | BF54: 0.96 | BG54: 0.74 | BH54: 0.96 | BI54: 0.74 | BJ54: 0.88 | BK54: 0.7 | BL54: 0.7 | BM54: 0.66 | BN54: 0.65 | BO54: 0.62 | BR54: AM-Shoulder | BS54: 1.2 | BT54: 0.62 | BU54: 1.2 | BV54: 0.45 | BW54: 1.2 | BX54: 1.2 | BY54: 1.13 | BZ54: 0.92 | CA54: 1.18 | CB54: 0.87 | CC54: 1.2 | CD54: 0.85 | CE54: 1.2 | CF54: 0.85 | CG54: 1.02 | CH54: 0.81 | CI54: 0.81 | CJ54: 0.76 | CK54: 0.75 | CL54: 0.71
B55: MD | C55: 7800.3 | D55: 6265.36 | E55: 8329.03 | F55: 3105.06 | G55: 4358.22 | H55: 6231.59 | I55: 5817.65 | J55: 14714.21 | K55: 15772.37 | L55: 18331.96 | M55: 22761.79 | N55: 20176.86 | O55: 14982.28 | P55: 14469.84 | Q55: 16398.51 | R55: 14886.41 | S55: 12162.08 | T55: 10131.83 | U55: 13520.41 | V55: 10920.79 | X55: MD | Y55: 0.43 | Z55: 0.34 | AA55: 0.42 | AB55: 0.36 | AC55: 0.33 | AD55: 0.46 | AE55: 0.31 | AF55: 0.35 | AG55: 0.32 | AH55: 0.35 | AI55: 0.3 | AJ55: 0.3 | AK55: 0.28 | AL55: 0.3 | AM55: 0.26 | AN55: 0.26 | AO55: 0.24 | AP55: 0.24 | AQ55: 0.23 | AR55: 0.26 | AU55: MD | AV55: 0.92 | AW55: 0.85 | AX55: 0.88 | AY55: 0.64 | AZ55: 0.87 | BA55: 0.91 | BB55: 0.63 | BC55: 0.87 | BD55: 0.86 | BE55: 0.88 | BF55: 0.81 | BG55: 0.77 | BH55: 0.77 | BI55: 0.74 | BJ55: 0.73 | BK55: 0.7 | BL55: 0.69 | BM55: 0.63 | BN55: 0.64 | BO55: 0.57 | BR55: MD | BS55: 1.2 | BT55: 1.02 | BU55: 1.09 | BV55: 0.76 | BW55: 1.09 | BX55: 1.2 | BY55: 0.75 | BZ55: 1.06 | CA55: 1 | CB55: 1.05 | CC55: 0.94 | CD55: 0.9 | CE55: 0.89 | CF55: 0.86 | CG55: 0.85 | CH55: 0.82 | CI55: 0.8 | CJ55: 0.73 | CK55: 0.75 | CL55: 0.66
B56: PM-Shoulder | C56: 1924.12 | D56: 2015.74 | E56: 2360.19 | F56: 2599.1 | G56: 1225.53 | H56: 1415.27 | I56: 1497.11 | J56: 3716.47 | K56: 1745.99 | L56: 6203.7 | M56: 3963.89 | N56: 12213.78 | O56: 3117.04 | P56: 6519.63 | Q56: 3975.25 | R56: 8277.11 | S56: 3066.92 | T56: 6000.85 | U56: 3262.83 | V56: 2796.1 | X56: PM-Shoulder | Y56: 0.5 | Z56: 0.51 | AA56: 0.5 | AB56: 0.62 | AC56: 0.44 | AD56: 0.49 | AE56: 0.36 | AF56: 0.41 | AG56: 0.33 | AH56: 0.55 | AI56: 0.35 | AJ56: 0.43 | AK56: 0.35 | AL56: 0.41 | AM56: 0.34 | AN56: 0.4 | AO56: 0.33 | AP56: 0.39 | AQ56: 0.3 | AR56: 0.29 | AU56: PM-Shoulder | AV56: 0.91 | AW56: 0.91 | AX56: 0.91 | AY56: 0.92 | AZ56: 0.9 | BA56: 0.9 | BB56: 0.67 | BC56: 0.91 | BD56: 0.69 | BE56: 0.95 | BF56: 0.74 | BG56: 0.97 | BH56: 0.74 | BI56: 0.88 | BJ56: 0.73 | BK56: 0.88 | BL56: 0.7 | BM56: 0.83 | BN56: 0.66 | BO56: 0.61 | BR56: PM-Shoulder | BS56: 1.2 | BT56: 1.2 | BU56: 1.13 | BV56: 1.2 | BW56: 1.2 | BX56: 1.2 | BY56: 0.83 | BZ56: 1.2 | CA56: 0.84 | CB56: 1.2 | CC56: 0.9 | CD56: 1.16 | CE56: 0.89 | CF56: 1.07 | CG56: 0.89 | CH56: 1.06 | CI56: 0.85 | CJ56: 1.01 | CK56: 0.79 | CL56: 0.74
B57: PM-Peak | C57: 10192.38 | D57: 7141.89 | E57: 7263.22 | F57: 11635.71 | G57: 4290.55 | H57: 7399.42 | I57: 10178.83 | J57: 13315.2 | K57: 9807.9 | L57: 28893.42 | M57: 20227.92 | N57: 37506.53 | O57: 16448.07 | P57: 30322.25 | Q57: 24462.26 | R57: 25349.47 | S57: 14735.7 | T57: 16163.29 | U57: 16487.42 | V57: 15948.54 | X57: PM-Peak | Y57: 0.42 | Z57: 0.6 | AA57: 0.46 | AB57: 0.52 | AC57: 0.5 | AD57: 0.42 | AE57: 0.39 | AF57: 0.49 | AG57: 0.35 | AH57: 0.44 | AI57: 0.36 | AJ57: 0.6 | AK57: 0.36 | AL57: 0.6 | AM57: 0.38 | AN57: 0.11 | AO57: 0.33 | AP57: 0.34 | AQ57: 0.3 | AR57: 0.3 | AU57: PM-Peak | AV57: 0.98 | AW57: 0.91 | AX57: 0.87 | AY57: 0.97 | AZ57: 0.87 | BA57: 0.98 | BB57: 0.79 | BC57: 0.89 | BD57: 0.75 | BE57: 1 | BF57: 0.78 | BG57: 0.93 | BH57: 0.78 | BI57: 0.93 | BJ57: 0.82 | BK57: 1.01 | BL57: 0.73 | BM57: 0.74 | BN57: 0.68 | BO57: 0.67 | BR57: PM-Peak | BS57: 1.2 | BT57: 1.2 | BU57: 1.08 | BV57: 1.2 | BW57: 1.2 | BX57: 1.2 | BY57: 0.97 | BZ57: 1.2 | CA57: 0.91 | CB57: 1.2 | CC57: 0.94 | CD57: 1.2 | CE57: 0.95 | CF57: 1.2 | CG57: 0.99 | CH57: 1.06 | CI57: 0.87 | CJ57: 0.89 | CK57: 0.82 | CL57: 0.8
B58: PM-Late | C58: 1268.15 | D58: 2176.02 | E58: 415.78 | F58: 460.94 | G58: 32.12 | H58: 399.03 | I58: 726.29 | J58: 8732.04 | K58: 3096.87 | L58: 10172.34 | M58: 8109.89 | N58: 17264.32 | O58: 7226.33 | P58: 9206.95 | Q58: 7990.78 | R58: 7850.56 | S58: 6036.99 | T58: 5014.21 | U58: 6939.45 | V58: 5555.98 | X58: PM-Late | Y58: 0.22 | Z58: 0.27 | AA58: 0.22 | AB58: 0.23 | AC58: 0.04 | AD58: 0.24 | AE58: 0.08 | AF58: 0.3 | AG58: 0.18 | AH58: 0.28 | AI58: 0.17 | AJ58: 0.27 | AK58: 0.17 | AL58: 0.23 | AM58: 0.17 | AN58: 0.18 | AO58: 0.16 | AP58: 0.16 | AQ58: 0.16 | AR58: 0.17 | AU58: PM-Late | AV58: 0.58 | AW58: 0.7 | AX58: 0.3 | AY58: 0.32 | AZ58: 0.29 | BA58: 0.36 | BB58: 0.3 | BC58: 0.86 | BD58: 0.62 | BE58: 0.87 | BF58: 0.74 | BG58: 0.86 | BH58: 0.78 | BI58: 0.77 | BJ58: 0.73 | BK58: 0.7 | BL58: 0.7 | BM58: 0.62 | BN58: 0.64 | BO58: 0.56 | BR58: PM-Late | BS58: 0.7 | BT58: 0.84 | BU58: 0.38 | BV58: 0.4 | BW58: 0.3 | BX58: 0.44 | BY58: 0.33 | BZ58: 1.08 | CA58: 0.74 | CB58: 1.07 | CC58: 0.89 | CD58: 1.05 | CE58: 0.93 | CF58: 0.93 | CG58: 0.87 | CH58: 0.84 | CI58: 0.83 | CJ58: 0.74 | CK58: 0.76 | CL58: 0.66
B61: Revenue Per Period Medium A | X61: ML Speed | AU61: GP Speed | BR61: Time Saving
B62: Direction | C62: NB | D62: SB | E62: NB | F62: SB | G62: NB | H62: SB | I62: NB | J62: SB | K62: NB | L62: SB | M62: NB | N62: SB | O62: NB | P62: SB | Q62: NB | R62: SB | S62: NB | T62: SB | U62: NB | V62: SB | X62: Direction | Y62: NB | Z62: SB | AA62: NB | AB62: SB | AC62: NB | AD62: SB | AE62: NB | AF62: SB | AG62: NB | AH62: SB | AI62: NB | AJ62: SB | AK62: NB | AL62: SB | AM62: NB | AN62: SB | AO62: NB | AP62: SB | AQ62: NB | AR62: SB | AU62: Direction | AV62: NB | AW62: SB | AX62: NB | AY62: SB | AZ62: NB | BA62: SB | BB62: NB | BC62: SB | BD62: NB | BE62: SB | BF62: NB | BG62: SB | BH62: NB | BI62: SB | BJ62: NB | BK62: SB | BL62: NB | BM62: SB | BN62: NB | BO62: SB | BR62: Direction | BS62: NB | BT62: SB | BU62: NB | BV62: SB | BW62: NB | BX62: SB | BY62: NB | BZ62: SB | CA62: NB | CB62: SB | CC62: NB | CD62: SB | CE62: NB | CF62: SB | CG62: NB | CH62: SB | CI62: NB | CJ62: SB | CK62: NB | CL62: SB
B63: Segment | C63: 1 | D63: 1 | E63: 2 | F63: 2 | G63: 3 | H63: 3 | I63: 4 | J63: 4 | K63: 5 | L63: 5 | M63: 6 | N63: 6 | O63: 7 | P63: 7 | Q63: 8 | R63: 8 | S63: 9 | T63: 9 | U63: 10 | V63: 10 | X63: Segment | Y63: 1 | Z63: 1 | AA63: 2 | AB63: 2 | AC63: 3 | AD63: 3 | AE63: 4 | AF63: 4 | AG63: 5 | AH63: 5 | AI63: 6 | AJ63: 6 | AK63: 7 | AL63: 7 | AM63: 8 | AN63: 8 | AO63: 9 | AP63: 9 | AQ63: 10 | AR63: 10 | AU63: Segment | AV63: 1 | AW63: 1 | AX63: 2 | AY63: 2 | AZ63: 3 | BA63: 3 | BB63: 4 | BC63: 4 | BD63: 5 | BE63: 5 | BF63: 6 | BG63: 6 | BH63: 7 | BI63: 7 | BJ63: 8 | BK63: 8 | BL63: 9 | BM63: 9 | BN63: 10 | BO63: 10 | BR63: Segment | BS63: 1 | BT63: 1 | BU63: 2 | BV63: 2 | BW63: 3 | BX63: 3 | BY63: 4 | BZ63: 4 | CA63: 5 | CB63: 5 | CC63: 6 | CD63: 6 | CE63: 7 | CF63: 7 | CG63: 8 | CH63: 8 | CI63: 9 | CJ63: 9 | CK63: 10 | CL63: 10
B64: Period | X64: Period | AU64: Period | BR64: Period
B65: Night | C65: 6.64 | D65: 7 | E65: 5.69 | F65: 5.69 | G65: 4.33 | H65: 6.49 | I65: 12.54 | J65: 517.1 | K65: 440.46 | L65: 476.57 | M65: 887.92 | N65: 858.5 | O65: 845.17 | P65: 610.61 | Q65: 861.84 | R65: 790.47 | S65: 759.36 | T65: 442.99 | U65: 1065.29 | V65: 703.95 | X65: Night | Y65: 60 | Z65: 60 | AA65: 60 | AB65: 60 | AC65: 60 | AD65: 60 | AE65: 70 | AF65: 70 | AG65: 70 | AH65: 70 | AI65: 70 | AJ65: 70 | AK65: 70 | AL65: 70 | AM65: 70 | AN65: 70 | AO65: 70 | AP65: 70 | AQ65: 70 | AR65: 70 | AU65: Night | AV65: 54.97 | AW65: 54.97 | AX65: 54.97 | AY65: 54.97 | AZ65: 54.97 | BA65: 54.97 | BB65: 64.97 | BC65: 57.13 | BD65: 64.59 | BE65: 61.65 | BF65: 57.24 | BG65: 62.4 | BH65: 56.68 | BI65: 63.4 | BJ65: 60.21 | BK65: 62.88 | BL65: 64.26 | BM65: 68.61 | BN65: 63.41 | BO65: 68.06 | BR65: Night | BS65: -0.06 | BT65: -0.06 | BU65: -0.06 | BV65: -0.06 | BW65: -0.05 | BX65: -0.05 | BY65: -0.11 | BZ65: -0.31 | CA65: -0.14 | CB65: -0.23 | CC65: -0.69 | CD65: -0.38 | CE65: -0.58 | CF65: -0.26 | CG65: -0.53 | CH65: -0.37 | CI65: -0.26 | CJ65: -0.06 | CK65: -0.4 | CL65: -0.11
B66: AM-Early | C66: 55.42 | D66: 27 | E66: 23.77 | F66: 17.53 | G66: 21.85 | H66: 26.67 | I66: 100.45 | J66: 195.29 | K66: 141.37 | L66: 171.6 | M66: 328.24 | N66: 354.33 | O66: 292.47 | P66: 263.18 | Q66: 326.12 | R66: 221.2 | S66: 231.48 | T66: 176.64 | U66: 304.13 | V66: 145.53 | X66: AM-Early | Y66: 59.9 | Z66: 60 | AA66: 59.88 | AB66: 59.99 | AC66: 59.99 | AD66: 59.97 | AE66: 69.77 | AF66: 69.98 | AG66: 69.85 | AH66: 69.99 | AI66: 69.89 | AJ66: 69.99 | AK66: 69.95 | AL66: 69.98 | AM66: 69.96 | AN66: 69.98 | AO66: 69.97 | AP66: 69.99 | AQ66: 69.93 | AR66: 70 | AU66: AM-Early | AV66: 51.01 | AW66: 54.66 | AX66: 52.62 | AY66: 54.78 | AZ66: 53.34 | BA66: 54.11 | BB66: 59.48 | BC66: 58.23 | BD66: 62.01 | BE66: 65.79 | BF66: 58.24 | BG66: 65.31 | BH66: 58.59 | BI66: 63.38 | BJ66: 60.88 | BK66: 66.53 | BL66: 62.29 | BM66: 68.08 | BN66: 65.03 | BO66: 69.54 | BR66: AM-Early | BS66: -0.12 | BT66: -0.07 | BU66: -0.1 | BV66: -0.07 | BW66: -0.06 | BX66: -0.05 | BY66: -0.24 | BZ66: -0.28 | CA66: -0.22 | CB66: -0.11 | CC66: -0.62 | CD66: -0.22 | CE66: -0.48 | CF66: -0.26 | CG66: -0.49 | CH66: -0.17 | CI66: -0.36 | CJ66: -0.08 | CK66: -0.29 | CL66: -0.03
B67: AM-Peak | C67: 774.68 | D67: 96.67 | E67: 911.42 | F67: 56.28 | G67: 528.1 | H67: 802.63 | I67: 1811.8 | J67: 1227.27 | K67: 2537.88 | L67: 1396.96 | M67: 4327.67 | N67: 2664.05 | O67: 3695.28 | P67: 1957.22 | Q67: 4537.22 | R67: 2064.13 | S67: 2150.64 | T67: 1689.19 | U67: 1689.16 | V67: 1388.08 | X67: AM-Peak | Y67: 56.52 | Z67: 60 | AA67: 59.47 | AB67: 60 | AC67: 58.8 | AD67: 56.33 | AE67: 65.56 | AF67: 69.95 | AG67: 66.5 | AH67: 69.98 | AI67: 66.52 | AJ67: 69.98 | AK67: 67.49 | AL67: 69.98 | AM67: 67.97 | AN67: 69.98 | AO67: 69.95 | AP67: 69.99 | AQ67: 69.99 | AR67: 70 | AU67: AM-Peak | AV67: 34.47 | AW67: 54.87 | AX67: 28.84 | AY67: 54.96 | AZ67: 36.62 | BA67: 34.91 | BB67: 39.7 | BC67: 54.89 | BD67: 41.61 | BE67: 60.87 | BF67: 41.58 | BG67: 60.65 | BH67: 42.17 | BI67: 59.92 | BJ67: 42.62 | BK67: 61.94 | BL67: 57.66 | BM67: 65.71 | BN67: 66.2 | BO67: 67.87 | BR67: AM-Peak | BS67: -0.48 | BT67: -0.07 | BU67: -0.75 | BV67: -0.06 | BW67: -0.31 | BX67: -0.33 | BY67: -0.95 | BZ67: -0.38 | CA67: -1.08 | CB67: -0.26 | CC67: -1.95 | CD67: -0.47 | CE67: -1.55 | CF67: -0.42 | CG67: -1.99 | CH67: -0.42 | CI67: -0.62 | CJ67: -0.19 | CK67: -0.22 | CL67: -0.12
B68: AM-Shoulder | C68: 262.95 | D68: 36.57 | E68: 178.19 | F68: 21.38 | G68: 157.48 | H68: 261.76 | I68: 679.56 | J68: 255.61 | K68: 922.96 | L68: 308.37 | M68: 1429.55 | N68: 542.23 | O68: 1204.81 | P68: 376.38 | Q68: 996.19 | R68: 451.29 | S68: 379.79 | T68: 303.06 | U68: 410.37 | V68: 324.76 | X68: AM-Shoulder | Y68: 57.55 | Z68: 60 | AA68: 57.63 | AB68: 60 | AC68: 59.01 | AD68: 59.62 | AE68: 69.78 | AF68: 69.95 | AG68: 69.83 | AH68: 69.97 | AI68: 67.92 | AJ68: 69.98 | AK68: 67.95 | AL68: 69.98 | AM68: 69.9 | AN68: 69.98 | AO68: 69.98 | AP68: 69.99 | AQ68: 69.99 | AR68: 69.99 | AU68: AM-Shoulder | AV68: 32.77 | AW68: 53.7 | AX68: 33.84 | AY68: 54.84 | AZ68: 34.17 | BA68: 26.42 | BB68: 35.69 | BC68: 52.38 | BD68: 33.05 | BE68: 59.21 | BF68: 39.28 | BG68: 60.44 | BH68: 39.22 | BI68: 60.08 | BJ68: 48.24 | BK68: 62.47 | BL68: 62.7 | BM68: 64.7 | BN68: 65.1 | BO68: 66.31 | BR68: AM-Shoulder | BS68: -0.55 | BT68: -0.08 | BU68: -0.51 | BV68: -0.07 | BW68: -0.37 | BX68: -0.63 | BY68: -1.31 | BZ68: -0.46 | CA68: -1.91 | CB68: -0.31 | CC68: -2.32 | CD68: -0.49 | CE68: -1.88 | CF68: -0.41 | CG68: -1.46 | CH68: -0.39 | CI68: -0.34 | CJ68: -0.24 | CK68: -0.29 | CL68: -0.21
B69: MD | C69: 827.63 | D69: 624 | E69: 699.33 | F69: 271.79 | G69: 448.69 | H69: 575.1 | I69: 742.45 | J69: 1839.33 | K69: 2142.35 | L69: 2171.89 | M69: 3075.23 | N69: 2328.17 | O69: 2058.7 | P69: 1595.49 | Q69: 2239.05 | R69: 1835.64 | S69: 1773.8 | T69: 1010.32 | U69: 1760.31 | V69: 1196.98 | X69: MD | Y69: 59.55 | Z69: 59.9 | AA69: 59.6 | AB69: 59.85 | AC69: 59.92 | AD69: 59.26 | AE69: 69.93 | AF69: 69.84 | AG69: 69.92 | AH69: 69.85 | AI69: 69.95 | AJ69: 69.94 | AK69: 69.96 | AL69: 69.95 | AM69: 69.97 | AN69: 69.98 | AO69: 69.98 | AP69: 69.99 | AQ69: 69.99 | AR69: 69.98 | AU69: MD | AV69: 34.46 | AW69: 39.81 | AX69: 37.91 | AY69: 51.6 | AZ69: 38.52 | BA69: 34.77 | BB69: 61.16 | BC69: 44.99 | BD69: 50.27 | BE69: 47.32 | BF69: 54.79 | BG69: 57.96 | BH69: 58.26 | BI69: 60.03 | BJ69: 60.95 | BK69: 62.62 | BL69: 63.11 | BM69: 66.02 | BN69: 65.32 | BO69: 67.79 | BR69: MD | BS69: -0.51 | BT69: -0.35 | BU69: -0.4 | BV69: -0.11 | BW69: -0.28 | BX69: -0.36 | BY69: -0.2 | BZ69: -0.76 | CA69: -0.67 | CB69: -0.82 | CC69: -0.85 | CD69: -0.64 | CE69: -0.5 | CF69: -0.41 | CG69: -0.48 | CH69: -0.38 | CI69: -0.32 | CJ69: -0.18 | CK69: -0.28 | CL69: -0.12
B70: PM-Shoulder | C70: 141.92 | D70: 135.38 | E70: 126.94 | F70: 157.15 | G70: 97.08 | H70: 79.15 | I70: 139.85 | J70: 258.81 | K70: 160.32 | L70: 500.48 | M70: 409.81 | N70: 982.52 | O70: 298.81 | P70: 448.44 | Q70: 393.89 | R70: 710.15 | S70: 331.63 | T70: 381.26 | U70: 327.83 | V70: 227.57 | X70: PM-Shoulder | Y70: 58.84 | Z70: 58.7 | AA70: 58.86 | AB70: 55.64 | AC70: 59.47 | AD70: 58.97 | AE70: 69.83 | AF70: 69.61 | AG70: 69.89 | AH70: 67.57 | AI70: 69.85 | AJ70: 69.46 | AK70: 69.85 | AL70: 69.56 | AM70: 69.87 | AN70: 69.64 | AO70: 69.9 | AP70: 69.69 | AQ70: 69.95 | AR70: 69.95 | AU70: PM-Shoulder | AV70: 34.9 | AW70: 34.88 | AX70: 35.35 | AY70: 34.13 | AZ70: 36.21 | BA70: 35.7 | BB70: 59.43 | BC70: 41.73 | BD70: 63.35 | BE70: 40.63 | BF70: 59.97 | BG70: 38.32 | BH70: 60.38 | BI70: 47.77 | BJ70: 60.66 | BK70: 47.68 | BL70: 62.36 | BM70: 52.84 | BN70: 64.85 | BO70: 66.68 | BR70: PM-Shoulder | BS70: -0.49 | BT70: -0.49 | BU70: -0.47 | BV70: -0.48 | BW70: -0.32 | BX70: -0.33 | BY70: -0.24 | BZ70: -0.92 | CA70: -0.18 | CB70: -1.18 | CC70: -0.51 | CD70: -2.53 | CE70: -0.39 | CF70: -1.14 | CG70: -0.5 | CH70: -1.51 | CI70: -0.35 | CJ70: -0.93 | CK70: -0.3 | CL70: -0.19
B71: PM-Peak | C71: 570.63 | D71: 459.16 | E71: 323.75 | F71: 498.17 | G71: 269.64 | H71: 372.99 | I71: 692.53 | J71: 897.38 | K71: 710.45 | L71: 1922.57 | M71: 1472.67 | N71: 2306.08 | O71: 1073.36 | P71: 1647.39 | Q71: 1674.85 | R71: 1723.96 | S71: 1123.57 | T71: 887.92 | U71: 1133.3 | V71: 1053.19 | X71: PM-Peak | Y71: 59.6 | Z71: 56.42 | AA71: 59.26 | AB71: 58.46 | AC71: 58.82 | AD71: 59.58 | AE71: 69.7 | AF71: 68.82 | AG71: 69.84 | AH71: 69.34 | AI71: 69.83 | AJ71: 65.81 | AK71: 69.82 | AL71: 65.82 | AM71: 69.76 | AN71: 70 | AO71: 69.91 | AP71: 69.88 | AQ71: 69.94 | AR71: 69.94 | AU71: PM-Peak | AV71: 29.05 | AW71: 35.47 | AX71: 38.33 | AY71: 30.38 | AZ71: 38.11 | BA71: 29.45 | BB71: 52.27 | BC71: 43.84 | BD71: 59.53 | BE71: 34.97 | BF71: 56.95 | BG71: 42.48 | BH71: 56.85 | BI71: 42.47 | BJ71: 53.89 | BK71: 33.81 | BL71: 61.08 | BM71: 60.2 | BN71: 63.59 | BO71: 64.22 | BR71: PM-Peak | BS71: -0.74 | BT71: -0.44 | BU71: -0.39 | BV71: -0.66 | BW71: -0.28 | BX71: -0.52 | BY71: -0.46 | BZ71: -0.79 | CA71: -0.3 | CB71: -1.7 | CC71: -0.7 | CD71: -1.8 | CE71: -0.57 | CF71: -1.45 | CG71: -0.96 | CH71: -3.49 | CI71: -0.42 | CJ71: -0.47 | CK71: -0.39 | CL71: -0.34
B72: PM-Late | C72: 71.16 | D72: 71.58 | E72: 9.91 | F72: 12.25 | G72: 1.42 | H72: 11.04 | I72: 32.59 | J72: 248.92 | K72: 160.87 | L72: 218.05 | M72: 307.38 | N72: 414.49 | O72: 300.4 | P72: 309.53 | Q72: 275.5 | R72: 282.83 | S72: 316.37 | T72: 178.91 | U72: 345.11 | V72: 211.4 | X72: PM-Late | Y72: 59.99 | Z72: 59.97 | AA72: 59.99 | AB72: 59.99 | AC72: 60 | AD72: 59.99 | AE72: 70 | AF72: 69.94 | AG72: 70 | AH72: 69.96 | AI72: 70 | AJ72: 69.97 | AK72: 70 | AL72: 69.99 | AM72: 70 | AN72: 70 | AO72: 70 | AP72: 70 | AQ72: 70 | AR72: 70 | AU72: PM-Late | AV72: 52.9 | AW72: 49.22 | AX72: 54.96 | AY72: 54.94 | AZ72: 54.97 | BA72: 54.88 | BB72: 64.95 | BC72: 45.97 | BD72: 66.35 | BE72: 48.48 | BF72: 59.99 | BG72: 49.66 | BH72: 57.28 | BI72: 57.58 | BJ72: 60.63 | BK72: 62.66 | BL72: 62.76 | BM72: 66.12 | BN72: 65.47 | BO72: 67.9 | BR72: PM-Late | BS72: -0.09 | BT72: -0.15 | BU72: -0.06 | BV72: -0.06 | BW72: -0.05 | BX72: -0.05 | BY72: -0.11 | BZ72: -0.72 | CA72: -0.09 | CB72: -0.76 | CC72: -0.51 | CD72: -1.26 | CE72: -0.55 | CF72: -0.54 | CG72: -0.5 | CH72: -0.38 | CI72: -0.34 | CJ72: -0.17 | CK72: -0.27 | CL72: -0.12
B75: Revenue Per Period Medium B | X75: ML time | AU75: GP Time | BR75: Difference in travel time
B76: Direction | C76: NB | D76: SB | E76: NB | F76: SB | G76: NB | H76: SB | I76: NB | J76: SB | K76: NB | L76: SB | M76: NB | N76: SB | O76: NB | P76: SB | Q76: NB | R76: SB | S76: NB | T76: SB | U76: NB | V76: SB | X76: Direction | Y76: NB | Z76: SB | AA76: NB | AB76: SB | AC76: NB | AD76: SB | AE76: NB | AF76: SB | AG76: NB | AH76: SB | AI76: NB | AJ76: SB | AK76: NB | AL76: SB | AM76: NB | AN76: SB | AO76: NB | AP76: SB | AQ76: NB | AR76: SB | AU76: Direction | AV76: NB | AW76: SB | AX76: NB | AY76: SB | AZ76: NB | BA76: SB | BB76: NB | BC76: SB | BD76: NB | BE76: SB | BF76: NB | BG76: SB | BH76: NB | BI76: SB | BJ76: NB | BK76: SB | BL76: NB | BM76: SB | BN76: NB | BO76: SB | BR76: Direction | BS76: NB | BT76: SB | BU76: NB | BV76: SB | BW76: NB | BX76: SB | BY76: NB | BZ76: SB | CA76: NB | CB76: SB | CC76: NB | CD76: SB | CE76: NB | CF76: SB | CG76: NB | CH76: SB | CI76: NB | CJ76: SB | CK76: NB | CL76: SB
B77: Segment | C77: 1 | D77: 1 | E77: 2 | F77: 2 | G77: 3 | H77: 3 | I77: 4 | J77: 4 | K77: 5 | L77: 5 | M77: 6 | N77: 6 | O77: 7 | P77: 7 | Q77: 8 | R77: 8 | S77: 9 | T77: 9 | U77: 10 | V77: 10 | X77: Segment | Y77: 1 | Z77: 1 | AA77: 2 | AB77: 2 | AC77: 3 | AD77: 3 | AE77: 4 | AF77: 4 | AG77: 5 | AH77: 5 | AI77: 6 | AJ77: 6 | AK77: 7 | AL77: 7 | AM77: 8 | AN77: 8 | AO77: 9 | AP77: 9 | AQ77: 10 | AR77: 10 | AU77: Segment | AV77: 1 | AW77: 1 | AX77: 2 | AY77: 2 | AZ77: 3 | BA77: 3 | BB77: 4 | BC77: 4 | BD77: 5 | BE77: 5 | BF77: 6 | BG77: 6 | BH77: 7 | BI77: 7 | BJ77: 8 | BK77: 8 | BL77: 9 | BM77: 9 | BN77: 10 | BO77: 10 | BR77: Segment | BS77: 1 | BT77: 1 | BU77: 2 | BV77: 2 | BW77: 3 | BX77: 3 | BY77: 4 | BZ77: 4 | CA77: 5 | CB77: 5 | CC77: 6 | CD77: 6 | CE77: 7 | CF77: 7 | CG77: 8 | CH77: 8 | CI77: 9 | CJ77: 9 | CK77: 10 | CL77: 10
B78: Period | X78: Period | AU78: Period | BR78: Period
B79: Night | C79: 1.79 | D79: 2.87 | E79: 1.65 | F79: 1.65 | G79: 0.99 | H79: 2.06 | I79: 7.69 | J79: 103.42 | K79: 190 | L79: 294.32 | M79: 228.61 | N79: 317.74 | O79: 205.54 | P79: 210.14 | Q79: 161.59 | R79: 152.8 | S79: 85.13 | T79: 107.35 | U79: 89.76 | V79: 87.77 | X79: Night | Y79: 0.7 | Z79: 0.7 | AA79: 0.7 | AB79: 0.7 | AC79: 0.5 | AD79: 0.5 | AE79: 1.37 | AF79: 1.37 | AG79: 1.71 | AH79: 1.71 | AI79: 3.09 | AJ79: 3.09 | AK79: 2.49 | AL79: 2.49 | AM79: 3.26 | AN79: 3.26 | AO79: 2.91 | AP79: 2.91 | AQ79: 3.86 | AR79: 3.86 | AU79: Night | AV79: 0.76 | AW79: 0.76 | AX79: 0.76 | AY79: 0.76 | AZ79: 0.55 | BA79: 0.55 | BB79: 1.48 | BC79: 1.68 | BD79: 1.86 | BE79: 1.95 | BF79: 3.77 | BG79: 3.46 | BH79: 3.07 | BI79: 2.74 | BJ79: 3.79 | BK79: 3.63 | BL79: 3.17 | BM79: 2.97 | BN79: 4.26 | BO79: 3.97 | BR79: Night | BS79: -0.08 | BT79: -0.08 | BU79: -0.08 | BV79: -0.08 | BW79: -0.08 | BX79: -0.08 | BY79: -0.07 | BZ79: -0.18 | CA79: -0.08 | CB79: -0.12 | CC79: -0.18 | CD79: -0.11 | CE79: -0.19 | CF79: -0.09 | CG79: -0.14 | CH79: -0.1 | CI79: -0.08 | CJ79: -0.02 | CK79: -0.09 | CL79: -0.03
B80: AM-Early | C80: 28.98 | D80: 12.02 | E80: 15.94 | F80: 7.92 | G80: 8.58 | H80: 12.97 | I80: 48.14 | J80: 91.59 | K80: 60.62 | L80: 77.82 | M80: 110.31 | N80: 109.55 | O80: 101.88 | P80: 95.52 | Q80: 124.28 | R80: 79.09 | S80: 83.58 | T80: 73.35 | U80: 94.48 | V80: 60.96 | X80: AM-Early | Y80: 0.7 | Z80: 0.7 | AA80: 0.7 | AB80: 0.7 | AC80: 0.5 | AD80: 0.5 | AE80: 1.38 | AF80: 1.37 | AG80: 1.72 | AH80: 1.71 | AI80: 3.09 | AJ80: 3.09 | AK80: 2.49 | AL80: 2.49 | AM80: 3.26 | AN80: 3.26 | AO80: 2.92 | AP80: 2.91 | AQ80: 3.86 | AR80: 3.86 | AU80: AM-Early | AV80: 0.82 | AW80: 0.77 | AX80: 0.8 | AY80: 0.77 | AZ80: 0.56 | BA80: 0.55 | BB80: 1.61 | BC80: 1.65 | BD80: 1.94 | BE80: 1.82 | BF80: 3.71 | BG80: 3.31 | BH80: 2.97 | BI80: 2.75 | BJ80: 3.74 | BK80: 3.43 | BL80: 3.28 | BM80: 3 | BN80: 4.15 | BO80: 3.88 | BR80: AM-Early | BS80: -0.15 | BT80: -0.09 | BU80: -0.12 | BV80: -0.09 | BW80: -0.11 | BX80: -0.1 | BY80: -0.15 | BZ80: -0.17 | CA80: -0.11 | CB80: -0.06 | CC80: -0.17 | CD80: -0.07 | CE80: -0.16 | CF80: -0.09 | CG80: -0.13 | CH80: -0.05 | CI80: -0.11 | CJ80: -0.03 | CK80: -0.07 | CL80: -0.01
B81: AM-Peak | C81: 191.87 | D81: 33.66 | E81: 233.73 | F81: 16.2 | G81: 98.35 | H81: 226.65 | I81: 609.51 | J81: 461.07 | K81: 669.98 | L81: 429.27 | M81: 1122.73 | N81: 705.66 | O81: 1006.31 | P81: 599.73 | Q81: 1281.66 | R81: 631.94 | S81: 543.57 | T81: 484.07 | U81: 504.4 | V81: 417.69 | X81: AM-Peak | Y81: 0.74 | Z81: 0.7 | AA81: 0.71 | AB81: 0.7 | AC81: 0.51 | AD81: 0.53 | AE81: 1.46 | AF81: 1.37 | AG81: 1.8 | AH81: 1.71 | AI81: 3.25 | AJ81: 3.09 | AK81: 2.58 | AL81: 2.49 | AM81: 3.35 | AN81: 3.26 | AO81: 2.92 | AP81: 2.91 | AQ81: 3.86 | AR81: 3.86 | AU81: AM-Peak | AV81: 1.22 | AW81: 0.77 | AX81: 1.46 | AY81: 0.76 | AZ81: 0.82 | BA81: 0.86 | BB81: 2.42 | BC81: 1.75 | BD81: 2.88 | BE81: 1.97 | BF81: 5.19 | BG81: 3.56 | BH81: 4.13 | BI81: 2.9 | BJ81: 5.35 | BK81: 3.68 | BL81: 3.54 | BM81: 3.1 | BN81: 4.08 | BO81: 3.98 | BR81: AM-Peak | BS81: -0.39 | BT81: -0.09 | BU81: -0.52 | BV81: -0.08 | BW81: -0.38 | BX81: -0.38 | BY81: -0.39 | BZ81: -0.22 | CA81: -0.37 | CB81: -0.13 | CC81: -0.37 | CD81: -0.13 | CE81: -0.38 | CF81: -0.14 | CG81: -0.37 | CH81: -0.11 | CI81: -0.18 | CJ81: -0.06 | CK81: -0.05 | CL81: -0.03
B82: AM-Shoulder | C82: 72.94 | D82: 14.27 | E82: 62.13 | F82: 6.37 | G82: 39.81 | H82: 83.86 | I82: 287.17 | J82: 113.64 | K82: 430.59 | L82: 103.4 | M82: 577.84 | N82: 148.86 | O82: 506.7 | P82: 127.73 | Q82: 451.78 | R82: 184.69 | S82: 172.09 | T82: 109.37 | U82: 162.5 | V82: 141.25 | X82: AM-Shoulder | Y82: 0.73 | Z82: 0.7 | AA82: 0.73 | AB82: 0.7 | AC82: 0.51 | AD82: 0.5 | AE82: 1.38 | AF82: 1.37 | AG82: 1.72 | AH82: 1.71 | AI82: 3.18 | AJ82: 3.09 | AK82: 2.56 | AL82: 2.49 | AM82: 3.26 | AN82: 3.26 | AO82: 2.91 | AP82: 2.91 | AQ82: 3.86 | AR82: 3.86 | AU82: AM-Shoulder | AV82: 1.28 | AW82: 0.78 | AX82: 1.24 | AY82: 0.77 | AZ82: 0.88 | BA82: 1.14 | BB82: 2.69 | BC82: 1.83 | BD82: 3.63 | BE82: 2.03 | BF82: 5.5 | BG82: 3.57 | BH82: 4.44 | BI82: 2.9 | BJ82: 4.73 | BK82: 3.65 | BL82: 3.25 | BM82: 3.15 | BN82: 4.15 | BO82: 4.07 | BR82: AM-Shoulder | BS82: -0.43 | BT82: -0.11 | BU82: -0.41 | BV82: -0.09 | BW82: -0.42 | BX82: -0.56 | BY82: -0.49 | BZ82: -0.25 | CA82: -0.53 | CB82: -0.15 | CC82: -0.42 | CD82: -0.14 | CE82: -0.42 | CF82: -0.14 | CG82: -0.31 | CH82: -0.11 | CI82: -0.1 | CJ82: -0.08 | CK82: -0.07 | CL82: -0.05
B83: MD | C83: 225.96 | D83: 194.56 | E83: 171.03 | F83: 49.68 | G83: 114.34 | H83: 214.6 | I83: 277.86 | J83: 631.28 | K83: 721.64 | L83: 783.21 | M83: 870.11 | N83: 728.13 | O83: 656.61 | P83: 577.32 | Q83: 782.65 | R83: 675.57 | S83: 635.66 | T83: 412.49 | U83: 619.27 | V83: 416.05 | X83: MD | Y83: 0.71 | Z83: 0.7 | AA83: 0.7 | AB83: 0.7 | AC83: 0.5 | AD83: 0.51 | AE83: 1.37 | AF83: 1.37 | AG83: 1.72 | AH83: 1.72 | AI83: 3.09 | AJ83: 3.09 | AK83: 2.49 | AL83: 2.49 | AM83: 3.26 | AN83: 3.26 | AO83: 2.91 | AP83: 2.91 | AQ83: 3.86 | AR83: 3.86 | AU83: MD | AV83: 1.22 | AW83: 1.06 | AX83: 1.11 | AY83: 0.81 | AZ83: 0.78 | BA83: 0.86 | BB83: 1.57 | BC83: 2.13 | BD83: 2.39 | BE83: 2.54 | BF83: 3.94 | BG83: 3.73 | BH83: 2.99 | BI83: 2.9 | BJ83: 3.74 | BK83: 3.64 | BL83: 3.23 | BM83: 3.09 | BN83: 4.13 | BO83: 3.98 | BR83: MD | BS83: -0.42 | BT83: -0.34 | BU83: -0.36 | BV83: -0.14 | BW83: -0.36 | BX83: -0.41 | BY83: -0.13 | BZ83: -0.36 | CA83: -0.28 | CB83: -0.32 | CC83: -0.22 | CD83: -0.17 | CE83: -0.17 | CF83: -0.14 | CG83: -0.13 | CH83: -0.11 | CI83: -0.1 | CJ83: -0.06 | CK83: -0.07 | CL83: -0.03
B84: PM-Shoulder | C84: 47.73 | D84: 18.35 | E84: 39.16 | F84: 15.2 | G84: 24.25 | H84: 18.44 | I84: 32.75 | J84: 59.94 | K84: 36.27 | L84: 113.9 | M84: 92.28 | N84: 193.04 | O84: 82.29 | P84: 99.74 | Q84: 104.26 | R84: 169.4 | S84: 97.35 | T84: 71.45 | U84: 90.27 | V84: 56.86 | X84: PM-Shoulder | Y84: 0.71 | Z84: 0.72 | AA84: 0.71 | AB84: 0.75 | AC84: 0.5 | AD84: 0.51 | AE84: 1.37 | AF84: 1.38 | AG84: 1.72 | AH84: 1.78 | AI84: 3.09 | AJ84: 3.11 | AK84: 2.49 | AL84: 2.5 | AM84: 3.26 | AN84: 3.27 | AO84: 2.92 | AP84: 2.93 | AQ84: 3.86 | AR84: 3.86 | AU84: PM-Shoulder | AV84: 1.2 | AW84: 1.2 | AX84: 1.19 | AY84: 1.23 | AZ84: 0.83 | BA84: 0.84 | BB84: 1.62 | BC84: 2.3 | BD84: 1.89 | BE84: 2.95 | BF84: 3.6 | BG84: 5.64 | BH84: 2.88 | BI84: 3.64 | BJ84: 3.76 | BK84: 4.78 | BL84: 3.27 | BM84: 3.86 | BN84: 4.16 | BO84: 4.05 | BR84: PM-Shoulder | BS84: -0.41 | BT84: -0.41 | BU84: -0.4 | BV84: -0.39 | BW84: -0.39 | BX84: -0.39 | BY84: -0.15 | BZ84: -0.4 | CA84: -0.09 | CB84: -0.4 | CC84: -0.14 | CD84: -0.45 | CE84: -0.14 | CF84: -0.31 | CG84: -0.13 | CH84: -0.32 | CI84: -0.11 | CJ84: -0.24 | CK84: -0.07 | CL84: -0.05
B85: PM-Peak | C85: 124.98 | D85: 87.32 | E85: 64.63 | F85: 102.68 | G85: 58.21 | H85: 100.19 | I85: 171.56 | J85: 176.36 | K85: 177.79 | L85: 366.63 | M85: 302.97 | N85: 447.75 | O85: 238.81 | P85: 400.4 | Q85: 431.35 | R85: 395.06 | S85: 281.23 | T85: 208.1 | U85: 273.55 | V85: 201.12 | X85: PM-Peak | Y85: 0.7 | Z85: 0.74 | AA85: 0.71 | AB85: 0.72 | AC85: 0.51 | AD85: 0.5 | AE85: 1.38 | AF85: 1.4 | AG85: 1.72 | AH85: 1.73 | AI85: 3.09 | AJ85: 3.28 | AK85: 2.49 | AL85: 2.64 | AM85: 3.27 | AN85: 3.26 | AO85: 2.92 | AP85: 2.92 | AQ85: 3.86 | AR85: 3.86 | AU85: PM-Peak | AV85: 1.45 | AW85: 1.18 | AX85: 1.1 | AY85: 1.38 | AZ85: 0.79 | BA85: 1.02 | BB85: 1.84 | BC85: 2.19 | BD85: 2.02 | BE85: 3.43 | BF85: 3.79 | BG85: 5.08 | BH85: 3.06 | BI85: 4.1 | BJ85: 4.23 | BK85: 6.74 | BL85: 3.34 | BM85: 3.39 | BN85: 4.25 | BO85: 4.2 | BR85: PM-Peak | BS85: -0.51 | BT85: -0.37 | BU85: -0.35 | BV85: -0.48 | BW85: -0.35 | BX85: -0.51 | BY85: -0.25 | BZ85: -0.36 | CA85: -0.15 | CB85: -0.5 | CC85: -0.18 | CD85: -0.35 | CE85: -0.19 | CF85: -0.35 | CG85: -0.23 | CH85: -0.52 | CI85: -0.13 | CJ85: -0.14 | CK85: -0.09 | CL85: -0.08
B86: PM-Late | C86: 6.96 | D86: 16.53 | E86: 1.36 | F86: 1.9 | G86: 0.16 | H86: 1.58 | I86: 10.08 | J86: 38.63 | K86: 24.65 | L86: 78.78 | M86: 76.85 | N86: 88.15 | O86: 70.31 | P86: 36.33 | Q86: 45.92 | R86: 20.2 | S86: 18.79 | T86: 15.06 | U86: 41.68 | V86: 40.85 | X86: PM-Late | Y86: 0.7 | Z86: 0.7 | AA86: 0.7 | AB86: 0.7 | AC86: 0.5 | AD86: 0.5 | AE86: 1.37 | AF86: 1.37 | AG86: 1.71 | AH86: 1.72 | AI86: 3.09 | AJ86: 3.09 | AK86: 2.49 | AL86: 2.49 | AM86: 3.26 | AN86: 3.26 | AO86: 2.91 | AP86: 2.91 | AQ86: 3.86 | AR86: 3.86 | AU86: PM-Late | AV86: 0.79 | AW86: 0.85 | AX86: 0.76 | AY86: 0.76 | AZ86: 0.55 | BA86: 0.55 | BB86: 1.48 | BC86: 2.09 | BD86: 1.81 | BE86: 2.48 | BF86: 3.6 | BG86: 4.35 | BH86: 3.04 | BI86: 3.02 | BJ86: 3.76 | BK86: 3.64 | BL86: 3.25 | BM86: 3.09 | BN86: 4.12 | BO86: 3.98 | BR86: PM-Late | BS86: -0.12 | BT86: -0.18 | BU86: -0.08 | BV86: -0.08 | BW86: -0.08 | BX86: -0.09 | BY86: -0.07 | BZ86: -0.34 | CA86: -0.05 | CB86: -0.31 | CC86: -0.14 | CD86: -0.29 | CE86: -0.18 | CF86: -0.18 | CG86: -0.13 | CH86: -0.1 | CI86: -0.1 | CJ86: -0.06 | CK86: -0.06 | CL86: -0.03
B89: Revenue Per Period Heavy A | X89: ML light veh.Miles | AU89: GP light veh.Miles | BR89: LVr Toll
B90: Direction | C90: NB | D90: SB | E90: NB | F90: SB | G90: NB | H90: SB | I90: NB | J90: SB | K90: NB | L90: SB | M90: NB | N90: SB | O90: NB | P90: SB | Q90: NB | R90: SB | S90: NB | T90: SB | U90: NB | V90: SB | X90: Direction | Y90: NB | AI90: SB | AU90: Direction | AV90: NB | BF90: SB | BR90: Direction | BS90: NB | BT90: SB | BU90: NB | BV90: SB | BW90: NB | BX90: SB | BY90: NB | BZ90: SB | CA90: NB | CB90: SB | CC90: NB | CD90: SB | CE90: NB | CF90: SB | CG90: NB | CH90: SB | CI90: NB | CJ90: SB | CK90: NB | CL90: SB
B91: Segment | C91: 1 | D91: 1 | E91: 2 | F91: 2 | G91: 3 | H91: 3 | I91: 4 | J91: 4 | K91: 5 | L91: 5 | M91: 6 | N91: 6 | O91: 7 | P91: 7 | Q91: 8 | R91: 8 | S91: 9 | T91: 9 | U91: 10 | V91: 10 | X91: Segment | Y91: 1 | Z91: 10 | AA91: 2 | AB91: 3 | AC91: 4 | AD91: 5 | AE91: 6 | AF91: 7 | AG91: 8 | AH91: 9 | AI91: 1 | AJ91: 10 | AK91: 2 | AL91: 3 | AM91: 4 | AN91: 5 | AO91: 6 | AP91: 7 | AQ91: 8 | AR91: 9 | AU91: Segment | AV91: 1 | AW91: 10 | AX91: 2 | AY91: 3 | AZ91: 4 | BA91: 5 | BB91: 6 | BC91: 7 | BD91: 8 | BE91: 9 | BF91: 1 | BG91: 10 | BH91: 2 | BI91: 3 | BJ91: 4 | BK91: 5 | BL91: 6 | BM91: 7 | BN91: 8 | BO91: 9 | BR91: Segment | BS91: 1 | BT91: 1 | BU91: 2 | BV91: 2 | BW91: 3 | BX91: 3 | BY91: 4 | BZ91: 4 | CA91: 5 | CB91: 5 | CC91: 6 | CD91: 6 | CE91: 7 | CF91: 7 | CG91: 8 | CH91: 8 | CI91: 9 | CJ91: 9 | CK91: 10 | CL91: 10
B92: Period | X92: Period | AU92: Period | BR92: Period
B93: Night | C93: 44.5 | D93: 44.86 | E93: 20.87 | F93: 21.43 | G93: 23.01 | H93: 23.63 | I93: 82.55 | J93: 1274.49 | K93: 848.61 | L93: 968.23 | M93: 4042.69 | N93: 1682.79 | O93: 3548.44 | P93: 1374 | Q93: 2372.22 | R93: 1791.47 | S93: 1300.78 | T93: 988.39 | U93: 2170.73 | V93: 1642.56 | X93: Night | Y93: 404.31 | Z93: 6649.96 | AA93: 490.8 | AB93: 259.17 | AC93: 883.45 | AD93: 3769.5 | AE93: 6978.64 | AF93: 5388.43 | AG93: 6838.86 | AH93: 5351.79 | AI93: 392.72 | AJ93: 4304.94 | AK93: 445.1 | AL93: 329.41 | AM93: 2521.51 | AN93: 3108.18 | AO93: 5570.96 | AP93: 4255.08 | AQ93: 5995.77 | AR93: 3308.32 | AU93: Night | AV93: 404.31 | AW93: 6649.96 | AX93: 490.8 | AY93: 259.17 | AZ93: 883.45 | BA93: 3769.5 | BB93: 6978.64 | BC93: 5388.43 | BD93: 6838.86 | BE93: 5351.79 | BF93: 392.72 | BG93: 4304.94 | BH93: 445.1 | BI93: 329.41 | BJ93: 2521.51 | BK93: 3108.18 | BL93: 5570.96 | BM93: 4255.08 | BN93: 5995.77 | BO93: 3308.32 | BR93: Night | BS93: 0.14 | BT93: 0.14 | BU93: 0.14 | BV93: 0.14 | BW93: 0.1 | BX93: 0.1 | BY93: 0.32 | BZ93: 2.88 | CA93: 3.05 | CB93: 3.59 | CC93: 6.48 | CD93: 6.27 | CE93: 5.22 | CF93: 4.83 | CG93: 6.84 | CH93: 6.47 | CI93: 5.41 | CJ93: 3.92 | CK93: 7.5 | CL93: 5.57
B94: AM-Early | C94: 26.91 | D94: 17.28 | E94: 11.34 | F94: 9.14 | G94: 12.66 | H94: 10.23 | I94: 43.9 | J94: 81.54 | K94: 62.38 | L94: 67.54 | M94: 142.05 | N94: 138.13 | O94: 140.71 | P94: 123.02 | Q94: 172.01 | R94: 118.04 | S94: 139.47 | T94: 105.54 | U94: 195.03 | V94: 101.13 | X94: AM-Early | Y94: 717.96 | Z94: 4315.24 | AA94: 795.16 | AB94: 352.93 | AC94: 1927.7 | AD94: 2230.78 | AE94: 3851.6 | AF94: 2640.62 | AG94: 3264.23 | AH94: 2879.64 | AI94: 415.47 | AJ94: 2502.28 | AK94: 481.85 | AL94: 415.28 | AM94: 1172.03 | AN94: 1357.18 | AO94: 2455.78 | AP94: 2222.83 | AQ94: 2870.4 | AR94: 2002.49 | AU94: AM-Early | AV94: 717.96 | AW94: 4315.24 | AX94: 795.16 | AY94: 352.93 | AZ94: 1927.7 | BA94: 2230.78 | BB94: 3851.6 | BC94: 2640.62 | BD94: 3264.23 | BE94: 2879.64 | BF94: 415.47 | BG94: 2502.28 | BH94: 481.85 | BI94: 415.28 | BJ94: 1172.03 | BK94: 1357.18 | BL94: 2455.78 | BM94: 2222.83 | BN94: 2870.4 | BO94: 2002.49 | BR94: AM-Early | BS94: 0.63 | BT94: 0.39 | BU94: 0.49 | BV94: 0.32 | BW94: 0.41 | BX94: 0.29 | BY94: 1.33 | BZ94: 1.83 | CA94: 1.85 | CB94: 1.74 | CC94: 4.31 | CD94: 3.26 | CE94: 3.62 | CF94: 2.92 | CG94: 4.32 | CH94: 3.01 | CI94: 3.61 | CJ94: 2.45 | CK94: 3.57 | CL94: 2.12
B95: AM-Peak | C95: 546.11 | D95: 64.52 | E95: 305.74 | F95: 23.42 | G95: 373.31 | H95: 318.91 | I95: 1025.54 | J95: 554.11 | K95: 1265.29 | L95: 600.38 | M95: 2313.52 | N95: 1157.7 | O95: 2141.26 | P95: 1016.79 | Q95: 2752.1 | R95: 1095.38 | S95: 1151.67 | T95: 871.89 | U95: 1010.34 | V95: 874.46 | X95: AM-Peak | Y95: 3668.38 | Z95: 8226.14 | AA95: 2909.49 | AB95: 2146.04 | AC95: 8544.49 | AD95: 10076.63 | AE95: 18279.43 | AF95: 13436.23 | AG95: 17051.54 | AH95: 8587.12 | AI95: 1013.09 | AJ95: 7197.39 | AK95: 1077.64 | AL95: 2500.27 | AM95: 3902.49 | AN95: 4218.81 | AO95: 7416.52 | AP95: 6145.29 | AQ95: 8095.87 | AR95: 5870.3 | AU95: AM-Peak | AV95: 3668.38 | AW95: 8226.14 | AX95: 2909.49 | AY95: 2146.04 | AZ95: 8544.49 | BA95: 10076.63 | BB95: 18279.43 | BC95: 13436.23 | BD95: 17051.54 | BE95: 8587.12 | BF95: 1013.09 | BG95: 7197.39 | BH95: 1077.64 | BI95: 2500.27 | BJ95: 3902.49 | BK95: 4218.81 | BL95: 7416.52 | BM95: 6145.29 | BN95: 8095.87 | BO95: 5870.3 | BR95: AM-Peak | BS95: 1.26 | BT95: 0.49 | BU95: 2.52 | BV95: 0.36 | BW95: 0.9 | BX95: 0.9 | BY95: 2.88 | BZ95: 2.88 | CA95: 3.6 | CB95: 3.34 | CC95: 6.48 | CD95: 6.12 | CE95: 5.22 | CF95: 5.07 | CG95: 6.84 | CH95: 6.12 | CI95: 6.12 | CJ95: 4.63 | CK95: 5.9 | CL95: 5.21
B96: AM-Shoulder | C96: 239.3 | D96: 36.88 | E96: 101.15 | F96: 11.05 | G96: 142.36 | H96: 175.66 | I96: 375.06 | J96: 197.61 | K96: 554.93 | L96: 185.84 | M96: 918 | N96: 335.51 | O96: 798.44 | P96: 284.3 | Q96: 577.19 | R96: 298.64 | S96: 240.36 | T96: 265.52 | U96: 310.44 | V96: 289.67 | X96: AM-Shoulder | Y96: 1097.95 | Z96: 2662.98 | AA96: 1219.72 | AB96: 683.79 | AC96: 1658.18 | AD96: 1989.11 | AE96: 5292.07 | AF96: 4163.11 | AG96: 3381.79 | AH96: 2279.1 | AI96: 356.67 | AJ96: 2504.12 | AK96: 422.83 | AL96: 602.69 | AM96: 1329.95 | AN96: 1433.91 | AO96: 2433.74 | AP96: 2008.81 | AQ96: 2484.94 | AR96: 2000.23 | AU96: AM-Shoulder | AV96: 1097.95 | AW96: 2662.98 | AX96: 1219.72 | AY96: 683.79 | AZ96: 1658.18 | BA96: 1989.11 | BB96: 5292.07 | BC96: 4163.11 | BD96: 3381.79 | BE96: 2279.1 | BF96: 356.67 | BG96: 2504.12 | BH96: 422.83 | BI96: 602.69 | BJ96: 1329.95 | BK96: 1433.91 | BL96: 2433.74 | BM96: 2008.81 | BN96: 2484.94 | BO96: 2000.23 | BR96: AM-Shoulder | BS96: 1.26 | BT96: 0.59 | BU96: 1.26 | BV96: 0.32 | BW96: 0.9 | BX96: 1.8 | BY96: 4.48 | BZ96: 2.37 | CA96: 6.53 | CB96: 2.52 | CC96: 6.48 | CD96: 4.35 | CE96: 5.22 | CF96: 3.56 | CG96: 6.84 | CH96: 4.17 | CI96: 3.66 | CJ96: 3.37 | CK96: 4.31 | CL96: 4
B97: MD | C97: 834.38 | D97: 568 | E97: 301.06 | F97: 104.47 | G97: 358.96 | H97: 470.37 | I97: 372.75 | J97: 1090.44 | K97: 1063.27 | L97: 1277.8 | M97: 1588.98 | N97: 1386.64 | O97: 1127.26 | P97: 1012.4 | Q97: 1339.18 | R97: 1147.41 | S97: 1079.13 | T97: 815.33 | U97: 1331.47 | V97: 1002.65 | X97: MD | Y97: 4333.5 | Z97: 14843.1 | AA97: 4627.24 | AB97: 2421.25 | AC97: 7149.03 | AD97: 9201.28 | AE97: 15524.86 | AF97: 11718.71 | AG97: 14310.41 | AH97: 11646.13 | AI97: 3480.76 | AJ97: 17030.63 | AK97: 3978.74 | AL97: 3461.99 | AM97: 8174.56 | AN97: 10184.42 | AO97: 15941.97 | AP97: 12628.13 | AQ97: 14115.02 | AR97: 11989.9 | AU97: MD | AV97: 4333.5 | AW97: 14843.1 | AX97: 4627.24 | AY97: 2421.25 | AZ97: 7149.03 | BA97: 9201.28 | BB97: 15524.86 | BC97: 11718.71 | BD97: 14310.41 | BE97: 11646.13 | BF97: 3480.76 | BG97: 17030.63 | BH97: 3978.74 | BI97: 3461.99 | BJ97: 8174.56 | BK97: 10184.42 | BL97: 15941.97 | BM97: 12628.13 | BN97: 14115.02 | BO97: 11989.9 | BR97: MD | BS97: 1.26 | BT97: 1.26 | BU97: 1.26 | BV97: 0.55 | BW97: 0.9 | BX97: 0.9 | BY97: 1.3 | BZ97: 2.88 | CA97: 3.43 | CB97: 3.6 | CC97: 5.28 | CD97: 4.56 | CE97: 3.71 | CF97: 3.32 | CG97: 4.35 | CH97: 4.01 | CI97: 3.55 | CJ97: 2.87 | CK97: 4.1 | CL97: 2.89
B98: PM-Shoulder | C98: 142.71 | D98: 128.85 | E98: 53.99 | F98: 38.4 | G98: 75.17 | H98: 68.03 | I98: 55.32 | J98: 195.84 | K98: 69.3 | L98: 278.23 | M98: 173.85 | N98: 456.31 | O98: 138.37 | P98: 218.22 | Q98: 185.4 | R98: 328.35 | S98: 165.78 | T98: 201.14 | U98: 202.23 | V98: 109.27 | X98: PM-Shoulder | Y98: 1068.95 | Z98: 4041.81 | AA98: 1143.43 | AB98: 680.85 | AC98: 1786.16 | AD98: 2086.46 | AE98: 3877.46 | AF98: 3128.65 | AG98: 3993.47 | AH98: 3340.85 | AI98: 1119.86 | AJ98: 4148.8 | AK98: 1443.95 | AL98: 786.26 | AM98: 2064.71 | AN98: 3446.5 | AO98: 4911.27 | AP98: 3874.86 | AQ98: 4812.68 | AR98: 4341.2 | AU98: PM-Shoulder | AV98: 1068.95 | AW98: 4041.81 | AX98: 1143.43 | AY98: 680.85 | AZ98: 1786.16 | BA98: 2086.46 | BB98: 3877.46 | BC98: 3128.65 | BD98: 3993.47 | BE98: 3340.85 | BF98: 1119.86 | BG98: 4148.8 | BH98: 1443.95 | BI98: 786.26 | BJ98: 2064.71 | BK98: 3446.5 | BL98: 4911.27 | BM98: 3874.86 | BN98: 4812.68 | BO98: 4341.2 | BR98: PM-Shoulder | BS98: 1.26 | BT98: 1.26 | BU98: 1.44 | BV98: 1.26 | BW98: 0.9 | BX98: 0.9 | BY98: 1.34 | BZ98: 2.88 | CA98: 1.67 | CB98: 3.6 | CC98: 3.68 | CD98: 8.95 | CE98: 2.89 | CF98: 4.88 | CG98: 3.78 | CH98: 6.54 | CI98: 3.12 | CJ98: 4.7 | CK98: 3.63 | CL98: 3.03
B99: PM-Peak | C99: 522.19 | D99: 466.09 | E99: 163.15 | F99: 230.05 | G99: 232.17 | H99: 340.64 | I99: 417.03 | J99: 760.97 | K99: 426.4 | L99: 1341.86 | M99: 924.98 | N99: 1699.14 | O99: 771.56 | P99: 1415.55 | Q99: 1254.25 | R99: 5026.93 | S99: 886.92 | T99: 812.33 | U99: 1054.98 | V99: 902.51 | X99: PM-Peak | Y99: 2831.22 | Z99: 12784.45 | AA99: 3249.69 | AB99: 2383.64 | AC99: 6011.73 | AD99: 6734.83 | AE99: 12245.62 | AF99: 9998.42 | AG99: 13590.15 | AH99: 10334.71 | AI99: 3967.72 | AJ99: 12879.06 | AK99: 3675.42 | AL99: 2056.57 | AM99: 7397.34 | AN99: 8517.03 | AO99: 20836.96 | AP99: 16845.7 | AQ99: 3520.76 | AR99: 11033.94 | AU99: PM-Peak | AV99: 2831.22 | AW99: 12784.45 | AX99: 3249.69 | AY99: 2383.64 | AZ99: 6011.73 | BA99: 6734.83 | BB99: 12245.62 | BC99: 9998.42 | BD99: 13590.15 | BE99: 10334.71 | BF99: 3967.72 | BG99: 12879.06 | BH99: 3675.42 | BI99: 2056.57 | BJ99: 7397.34 | BK99: 8517.03 | BL99: 20836.96 | BM99: 16845.7 | BN99: 3520.76 | BO99: 11033.94 | BR99: PM-Peak | BS99: 2.52 | BT99: 1.26 | BU99: 1.56 | BV99: 2.22 | BW99: 0.9 | BX99: 1.8 | BY99: 2.71 | BZ99: 2.88 | CA99: 2.91 | CB99: 6.78 | CC99: 5.95 | CD99: 6.48 | CE99: 4.77 | CF99: 5.22 | CG99: 6.84 | CH99: 27.36 | CI99: 4.85 | CJ99: 4.98 | CK99: 5.8 | CL99: 5.57
B100: PM-Late | C100: 85.23 | D100: 120.27 | E100: 11.33 | F100: 12.71 | G100: 9.69 | H100: 18.08 | I100: 121.42 | J100: 424.64 | K100: 216.94 | L100: 486.62 | M100: 586.37 | N100: 820.12 | O100: 537.66 | P100: 506.7 | Q100: 610.81 | R100: 540.59 | S100: 490.71 | T100: 384.92 | U100: 574.83 | V100: 518.62 | X100: PM-Late | Y100: 1451.71 | Z100: 6882.34 | AA100: 1545.22 | AB100: 160.62 | AC100: 1104.68 | AD100: 3412.96 | AE100: 6065.67 | AF100: 4814.33 | AG100: 6073.23 | AH100: 5019.67 | AI100: 1891.66 | AJ100: 7078.11 | AK100: 1639.02 | AL100: 1195.86 | AM100: 4851.14 | AN100: 5651.3 | AO100: 9591.29 | AP100: 6704.75 | AQ100: 6769.5 | AR100: 5198.93 | AU100: PM-Late | AV100: 1451.71 | AW100: 6882.34 | AX100: 1545.22 | AY100: 160.62 | AZ100: 1104.68 | BA100: 3412.96 | BB100: 6065.67 | BC100: 4814.33 | BD100: 6073.23 | BE100: 5019.67 | BF100: 1891.66 | BG100: 7078.11 | BH100: 1639.02 | BI100: 1195.86 | BJ100: 4851.14 | BK100: 5651.3 | BL100: 9591.29 | BM100: 6704.75 | BN100: 6769.5 | BO100: 5198.93 | BR100: PM-Late | BS100: 0.61 | BT100: 0.81 | BU100: 0.19 | BV100: 0.2 | BW100: 0.1 | BX100: 0.17 | BY100: 1.05 | BZ100: 2.88 | CA100: 1.81 | CB100: 3.6 | CC100: 4.81 | CD100: 6.48 | CE100: 4.35 | CF100: 3.98 | CG100: 5 | CH100: 4.41 | CI100: 4.09 | CJ100: 3.28 | CK100: 4.54 | CL100: 3.53
B103: % Workday Revenue | X103: ML light veh/period | AU103: GP light veh/period | BR103: Medium A Toll
B104: Direction | C104: NB | D104: SB | E104: NB | F104: SB | G104: NB | H104: SB | I104: NB | J104: SB | K104: NB | L104: SB | M104: NB | N104: SB | O104: NB | P104: SB | Q104: NB | R104: SB | S104: NB | T104: SB | U104: NB | V104: SB | X104: Direction | Y104: NB | Z104: SB | AA104: NB | AB104: SB | AC104: NB | AD104: SB | AE104: NB | AF104: SB | AG104: NB | AH104: SB | AI104: NB | AJ104: SB | AK104: NB | AL104: SB | AM104: NB | AN104: SB | AO104: NB | AP104: SB | AQ104: NB | AR104: SB | AU104: Direction | AV104: NB | AW104: SB | AX104: NB | AY104: SB | AZ104: NB | BA104: SB | BB104: NB | BC104: SB | BD104: NB | BE104: SB | BF104: NB | BG104: SB | BH104: NB | BI104: SB | BJ104: NB | BK104: SB | BL104: NB | BM104: SB | BN104: NB | BO104: SB | BR104: Direction | BS104: NB | BT104: SB | BU104: NB | BV104: SB | BW104: NB | BX104: SB | BY104: NB | BZ104: SB | CA104: NB | CB104: SB | CC104: NB | CD104: SB | CE104: NB | CF104: SB | CG104: NB | CH104: SB | CI104: NB | CJ104: SB | CK104: NB | CL104: SB
B105: Segment | C105: 1 | D105: 1 | E105: 2 | F105: 2 | G105: 3 | H105: 3 | I105: 4 | J105: 4 | K105: 5 | L105: 5 | M105: 6 | N105: 6 | O105: 7 | P105: 7 | Q105: 8 | R105: 8 | S105: 9 | T105: 9 | U105: 10 | V105: 10 | X105: Segment | Y105: 1 | Z105: 1 | AA105: 2 | AB105: 2 | AC105: 3 | AD105: 3 | AE105: 4 | AF105: 4 | AG105: 5 | AH105: 5 | AI105: 6 | AJ105: 6 | AK105: 7 | AL105: 7 | AM105: 8 | AN105: 8 | AO105: 9 | AP105: 9 | AQ105: 10 | AR105: 10 | AU105: Segment | AV105: 1 | AW105: 1 | AX105: 2 | AY105: 2 | AZ105: 3 | BA105: 3 | BB105: 4 | BC105: 4 | BD105: 5 | BE105: 5 | BF105: 6 | BG105: 6 | BH105: 7 | BI105: 7 | BJ105: 8 | BK105: 8 | BL105: 9 | BM105: 9 | BN105: 10 | BO105: 10 | BR105: Segment | BS105: 1 | BT105: 1 | BU105: 2 | BV105: 2 | BW105: 3 | BX105: 3 | BY105: 4 | BZ105: 4 | CA105: 5 | CB105: 5 | CC105: 6 | CD105: 6 | CE105: 7 | CF105: 7 | CG105: 8 | CH105: 8 | CI105: 9 | CJ105: 9 | CK105: 10 | CL105: 10
B106: Period | X106: Period | AU106: Period | BR106: Period
B107: Night | C107: 0.0037547182 | D107: 0.0061190449 | E107: 0.0035572182 | F107: 0.0057304123 | G107: 0.0043468808 | H107: 0.0036803355 | I107: 0.005801456 | J107: 0.095953669 | K107: 0.09389742 | L107: 0.078050728 | M107: 0.12569695 | N107: 0.09265159 | O107: 0.1320389 | P107: 0.094411901 | Q107: 0.12120825 | R107: 0.12282841 | S107: 0.13330751 | T107: 0.084218108 | U107: 0.1718696 | V107: 0.12057286 | X107: Night | Y107: 577.59 | Z107: 561.03 | AA107: 701.14 | AB107: 635.85 | AC107: 518.34 | AD107: 658.83 | AE107: 552.15 | AF107: 1575.94 | AG107: 1884.75 | AH107: 1554.09 | AI107: 1938.51 | AJ107: 1547.49 | AK107: 1858.08 | AL107: 1467.27 | AM107: 1799.7 | AN107: 1577.83 | AO107: 1574.05 | AP107: 973.03 | AQ107: 1477.77 | AR107: 956.65 | AU107: Night | AV107: 10974.13 | AW107: 10659.52 | AX107: 10545.76 | AY107: 9563.15 | AZ107: 7808.86 | BA107: 9928.64 | BB107: 10490.84 | BC107: 8930.36 | BD107: 10680.25 | BE107: 8806.61 | BF107: 10984.89 | BG107: 8769.11 | BH107: 10529.12 | BI107: 8314.53 | BJ107: 10198.3 | BK107: 8941.07 | BL107: 8919.65 | BM107: 5513.87 | BN107: 8374.03 | BO107: 5421.05 | BR107: Night | BS107: 0.43 | BT107: 0.43 | BU107: 0.42 | BV107: 0.42 | BW107: 0.3 | BX107: 0.3 | BY107: 0.96 | BZ107: 8.64 | CA107: 9.14 | CB107: 10.78 | CC107: 19.44 | CD107: 18.8 | CE107: 15.66 | CF107: 14.5 | CG107: 20.52 | CH107: 19.4 | CI107: 16.22 | CJ107: 11.75 | CK107: 22.5 | CL107: 16.72
B108: AM-Early | C108: 0.020803785 | D108: 0.012884759 | E108: 0.016964697 | F108: 0.012494624 | G108: 0.018089682 | H108: 0.01092541 | I108: 0.037202846 | J108: 0.025516932 | K108: 0.030282925 | L108: 0.015965576 | M108: 0.036858958 | N108: 0.020854921 | O108: 0.035377537 | P108: 0.027686566 | Q108: 0.03341446 | R108: 0.025573875 | S108: 0.043903349 | T108: 0.028274864 | U108: 0.047976119 | V108: 0.023090765 | X108: AM-Early | Y108: 1025.66 | Z108: 593.53 | AA108: 1135.94 | AB108: 688.35 | AC108: 705.86 | AD108: 830.56 | AE108: 1204.81 | AF108: 732.52 | AG108: 1115.39 | AH108: 678.59 | AI108: 1069.89 | AJ108: 682.16 | AK108: 910.56 | AL108: 766.49 | AM108: 859.01 | AN108: 755.37 | AO108: 846.95 | AP108: 588.97 | AQ108: 958.94 | AR108: 556.06 | AU108: AM-Early | AV108: 5209 | AW108: 2997.47 | AX108: 5362.06 | AY108: 3230.02 | AZ108: 3308.64 | BA108: 3899.21 | BB108: 5783.39 | BC108: 3456.98 | BD108: 5776.2 | BE108: 3449.41 | BF108: 5654.5 | BG108: 3490.84 | BH108: 4708.94 | BI108: 3924.41 | BJ108: 4450.95 | BK108: 3878.92 | BL108: 4364.81 | BM108: 2994.78 | BN108: 5040.21 | BO108: 2837.05 | BR108: AM-Early | BS108: 1.89 | BT108: 1.16 | BU108: 1.46 | BV108: 0.97 | BW108: 1.23 | BX108: 0.87 | BY108: 3.98 | BZ108: 5.5 | CA108: 5.55 | CB108: 5.22 | CC108: 12.94 | CD108: 9.78 | CE108: 10.86 | CF108: 8.77 | CG108: 12.95 | CH108: 9.04 | CI108: 10.82 | CJ108: 7.34 | CK108: 10.72 | CL108: 6.36
B109: AM-Peak | C109: 0.22328949 | D109: 0.040768564 | E109: 0.33568126 | F109: 0.031843462 | G109: 0.26365618 | H109: 0.21950916 | I109: 0.39082408 | J109: 0.13820831 | K109: 0.29403313 | L109: 0.10090644 | M109: 0.28845835 | N109: 0.1265318 | O109: 0.28653073 | P109: 0.1455792 | Q109: 0.30301877 | R109: 0.15980309 | S109: 0.24154293 | T109: 0.17371905 | U109: 0.16699324 | V109: 0.171026 | X109: AM-Peak | Y109: 5240.54 | Z109: 1447.27 | AA109: 4156.41 | AB109: 1539.49 | AC109: 4292.09 | AD109: 5000.53 | AE109: 5340.31 | AF109: 2439.06 | AG109: 5038.31 | AH109: 2109.4 | AI109: 5077.62 | AJ109: 2060.14 | AK109: 4633.18 | AL109: 2119.07 | AM109: 4487.25 | AN109: 2130.49 | AO109: 2525.62 | AP109: 1726.56 | AQ109: 1828.03 | AR109: 1599.42 | AU109: AM-Peak | AV109: 14447.35 | AW109: 7309.35 | AX109: 17560.93 | AY109: 7221.7 | AZ109: 10301.76 | BA109: 13746.26 | BB109: 15798.15 | BC109: 11517.72 | BD109: 15630.14 | BE109: 10781.87 | BF109: 15750.96 | BG109: 10629.41 | BH109: 13608.36 | BI109: 10885 | BJ109: 12923.55 | BK109: 11003.38 | BL109: 12478.05 | BM109: 8811.61 | BN109: 9380.28 | BO109: 8162.05 | BR109: AM-Peak | BS109: 3.78 | BT109: 1.47 | BU109: 7.56 | BV109: 1.09 | BW109: 2.7 | BX109: 2.7 | BY109: 8.64 | BZ109: 8.64 | CA109: 10.8 | CB109: 10.02 | CC109: 19.44 | CD109: 18.37 | CE109: 15.66 | CF109: 15.22 | CG109: 20.52 | CH109: 18.37 | CI109: 18.36 | CJ109: 13.89 | CK109: 17.71 | CL109: 15.63
B110: AM-Shoulder | C110: 0.070199776 | D110: 0.017547897 | E110: 0.071413753 | F110: 0.01122828 | G110: 0.085152125 | H110: 0.10099567 | I110: 0.12429838 | J110: 0.037857205 | K110: 0.10930956 | L110: 0.025613829 | M110: 0.088318203 | N110: 0.029255546 | O110: 0.092378277 | P110: 0.033083678 | Q110: 0.062607515 | R110: 0.034731235 | S110: 0.04063183 | T110: 0.041834382 | U110: 0.04095648 | V110: 0.04626972 | X110: AM-Shoulder | Y110: 1568.51 | Z110: 509.53 | AA110: 1742.46 | AB110: 604.04 | AC110: 1367.59 | AD110: 1205.38 | AE110: 1036.36 | AF110: 831.22 | AG110: 994.55 | AH110: 716.95 | AI110: 1470.02 | AJ110: 676.04 | AK110: 1435.56 | AL110: 692.69 | AM110: 889.95 | AN110: 653.93 | AO110: 670.32 | AP110: 588.3 | AQ110: 591.77 | AR110: 556.47 | AU110: AM-Shoulder | AV110: 4475.58 | AW110: 2570.01 | AX110: 5273.25 | AY110: 2832.49 | AZ110: 3599.92 | BA110: 5429.75 | BB110: 5036.38 | BC110: 3935.98 | BD110: 5240.07 | BE110: 3649.17 | BF110: 4853.89 | BG110: 3455.45 | BH110: 4681.28 | BI110: 3530.78 | BJ110: 4294.33 | BK110: 3339.82 | BL110: 3422.69 | BM110: 2985.61 | BN110: 3013.96 | BO110: 2826.83 | BR110: AM-Shoulder | BS110: 3.78 | BT110: 1.78 | BU110: 3.78 | BV110: 0.95 | BW110: 2.7 | BX110: 5.4 | BY110: 13.45 | BZ110: 7.12 | CA110: 19.6 | CB110: 7.56 | CC110: 19.44 | CD110: 13.04 | CE110: 15.66 | CF110: 10.68 | CG110: 20.52 | CH110: 12.5 | CI110: 10.99 | CJ110: 10.1 | CK110: 12.93 | CL110: 11.99
B111: MD | C111: 0.26655472 | D111: 0.34458716 | E111: 0.26743064 | F111: 0.17178102 | G111: 0.28629662 | H111: 0.2811726 | I111: 0.14968554 | J111: 0.27256013 | K111: 0.25617281 | L111: 0.24047217 | M111: 0.20070994 | N111: 0.18169349 | O111: 0.17383936 | P111: 0.17947052 | Q111: 0.16021104 | R111: 0.17603764 | S111: 0.1958439 | T111: 0.19470983 | U111: 0.20556511 | V111: 0.21017177 | X111: MD | Y111: 6190.71 | Z111: 4972.52 | AA111: 6610.34 | AB111: 5683.92 | AC111: 4842.5 | AD111: 6923.99 | AE111: 4468.14 | AF111: 5109.1 | AG111: 4600.64 | AH111: 5092.21 | AI111: 4312.46 | AJ111: 4428.32 | AK111: 4040.93 | AL111: 4354.53 | AM111: 3765.9 | AN111: 3714.48 | AO111: 3425.33 | AP111: 3526.44 | AQ111: 3298.47 | AR111: 3784.59 | AU111: MD | AV111: 16340.78 | AW111: 20896.98 | AX111: 24550.16 | AY111: 26511.58 | AZ111: 15580.5 | BA111: 18797.82 | BB111: 20917.28 | BC111: 20655.4 | BD111: 23431.89 | BE111: 23729.29 | BF111: 22142.57 | BG111: 22712.23 | BH111: 20511.53 | BI111: 22159.5 | BJ111: 19121.27 | BK111: 18830.33 | BL111: 17276.67 | BM111: 17782.06 | BN111: 16655.33 | BO111: 19276.19 | BR111: MD | BS111: 3.78 | BT111: 3.78 | BU111: 3.78 | BV111: 1.64 | BW111: 2.7 | BX111: 2.7 | BY111: 3.91 | BZ111: 8.64 | CA111: 10.28 | CB111: 10.8 | CC111: 15.83 | CD111: 13.67 | CE111: 11.12 | CF111: 9.97 | CG111: 13.06 | CH111: 12.02 | CI111: 10.65 | CJ111: 8.62 | CK111: 12.3 | CL111: 8.66
B112: PM-Shoulder | C112: 0.062082574 | D112: 0.10349913 | E112: 0.072632896 | F112: 0.1366975 | G112: 0.07710359 | H112: 0.059333118 | I112: 0.035809517 | J112: 0.063102551 | K112: 0.026162367 | L112: 0.075624891 | M112: 0.032911167 | N112: 0.10218047 | O112: 0.033581599 | P112: 0.074065358 | Q112: 0.035954295 | R112: 0.090035916 | S112: 0.045820285 | T112: 0.10474848 | U112: 0.046324699 | V112: 0.049526059 | X112: PM-Shoulder | Y112: 1527.08 | Z112: 1599.8 | AA112: 1633.47 | AB112: 2062.78 | AC112: 1361.7 | AD112: 1572.52 | AE112: 1116.35 | AF112: 1290.44 | AG112: 1043.23 | AH112: 1723.25 | AI112: 1077.07 | AJ112: 1364.24 | AK112: 1078.84 | AL112: 1336.16 | AM112: 1050.91 | AN112: 1266.5 | AO112: 982.6 | AP112: 1276.82 | AQ112: 898.18 | AR112: 921.96 | AU112: PM-Shoulder | AV112: 3903.7 | AW112: 4189.52 | AX112: 6101.03 | AY112: 6452.46 | AZ112: 3327.51 | BA112: 4073.82 | BB112: 4105.71 | BC112: 3376.4 | BD112: 4151.89 | BE112: 5543.03 | BF112: 4390.5 | BG112: 6091.39 | BH112: 4356.14 | BI112: 5619.86 | BJ112: 4277.73 | BK112: 5414.77 | BL112: 3954.3 | BM112: 5337.09 | BN112: 3611.17 | BO112: 3712.04 | BR112: PM-Shoulder | BS112: 3.78 | BT112: 3.78 | BU112: 4.33 | BV112: 3.78 | BW112: 2.7 | BX112: 2.7 | BY112: 4.02 | BZ112: 8.64 | CA112: 5.02 | CB112: 10.8 | CC112: 11.04 | CD112: 26.86 | CE112: 8.67 | CF112: 14.64 | CG112: 11.35 | CH112: 19.61 | CI112: 9.36 | CJ112: 14.1 | CK112: 10.9 | CL112: 9.1
B113: PM-Peak | C113: 0.3139296 | D113: 0.36721745 | E113: 0.21997948 | F113: 0.60649353 | G113: 0.26300228 | H113: 0.30825531 | I113: 0.23789478 | J113: 0.22594831 | K113: 0.14463671 | L113: 0.34661127 | M113: 0.1626367 | N113: 0.30966002 | O113: 0.17113317 | P113: 0.3434439 | Q113: 0.21472226 | R113: 0.30846082 | S113: 0.21307194 | T113: 0.28445696 | U113: 0.22605772 | V113: 0.28110988 | X113: PM-Peak | Y113: 4044.59 | Z113: 5668.17 | AA113: 4642.42 | AB113: 5250.61 | AC113: 4767.28 | AD113: 4113.14 | AE113: 3757.33 | AF113: 4623.34 | AG113: 3367.42 | AH113: 4258.52 | AI113: 3401.56 | AJ113: 5788.04 | AK113: 3447.73 | AL113: 5808.86 | AM113: 3576.35 | AN113: 926.52 | AO113: 3039.62 | AP113: 3245.28 | AQ113: 2840.99 | AR113: 2862.01 | AU113: PM-Peak | AV113: 15161.32 | AW113: 14266.85 | AX113: 17326.31 | AY113: 20085.37 | AZ113: 10740.34 | BA113: 15192.15 | BB113: 14111.36 | BC113: 10815.46 | BD113: 13599.93 | BE113: 18298.32 | BF113: 14205.93 | BG113: 17109.19 | BH113: 14206.04 | BI113: 17085.62 | BJ113: 14496.42 | BK113: 18784.33 | BL113: 12392.26 | BM113: 13320.71 | BN113: 11614.63 | BO113: 11710.89 | BR113: PM-Peak | BS113: 7.56 | BT113: 3.78 | BU113: 4.69 | BV113: 6.65 | BW113: 2.7 | BX113: 5.4 | BY113: 8.13 | BZ113: 8.64 | CA113: 8.74 | CB113: 20.35 | CC113: 17.84 | CD113: 19.44 | CE113: 14.31 | CF113: 15.66 | CG113: 20.52 | CH113: 82.08 | CI113: 14.54 | CJ113: 14.94 | CK113: 17.41 | CL113: 16.72
B114: PM-Late | C114: 0.039385334 | D114: 0.107376 | E114: 0.01234006 | F114: 0.023731175 | G114: 0.0023526401 | H114: 0.016128397 | I114: 0.018483409 | J114: 0.14085289 | K114: 0.045505078 | L114: 0.1167551 | M114: 0.064409724 | N114: 0.13717217 | O114: 0.07512044 | P114: 0.10225887 | Q114: 0.068863412 | R114: 0.082529007 | S114: 0.085878248 | T114: 0.088038334 | U114: 0.094257036 | V114: 0.098232948 | X114: PM-Late | Y114: 2073.87 | Z114: 2702.37 | AA114: 2207.45 | AB114: 2341.46 | AC114: 321.24 | AD114: 2391.73 | AE114: 690.43 | AF114: 3031.96 | AG114: 1706.48 | AH114: 2825.65 | AI114: 1684.91 | AJ114: 2664.25 | AK114: 1660.11 | AL114: 2311.98 | AM114: 1598.22 | AN114: 1781.45 | AO114: 1476.37 | AP114: 1529.1 | AQ114: 1529.41 | AR114: 1572.91 | AU114: PM-Late | AV114: 8098.53 | AW114: 10577.43 | AX114: 7981.01 | AY114: 8468.59 | AZ114: 6103.51 | BA114: 8643.19 | BB114: 6448.25 | BC114: 9810.44 | BD114: 6668.32 | BE114: 10220.15 | BF114: 6595.09 | BG114: 10439.45 | BH114: 6494.79 | BI114: 9124.92 | BJ114: 6247.98 | BK114: 6979.75 | BL114: 5763.53 | BM114: 5971.2 | BN114: 5974.79 | BO114: 6149.39 | BR114: PM-Late | BS114: 1.83 | BT114: 2.42 | BU114: 0.57 | BV114: 0.59 | BW114: 0.3 | BX114: 0.5 | BY114: 3.16 | BZ114: 8.64 | CA114: 5.44 | CB114: 10.8 | CC114: 14.44 | CD114: 19.44 | CE114: 13.06 | CF114: 11.95 | CG114: 15 | CH114: 13.22 | CI114: 12.27 | CJ114: 9.84 | CK114: 13.61 | CL114: 10.6
X117: ML medium A veh.Miles | AU117: GP medium A veh.Miles | BR117: Implied VOT
...

Sheet Year_2040
B1: Lenght
C2: 1 | D2: 2 | E2: 3 | F2: 4 | G2: 5 | H2: 6 | I2: 7 | J2: 8 | K2: 9 | L2: 10
B3: Length | C3: 0.7 | D3: 0.7 | E3: 0.5 | F3: 1.6 | G3: 2 | H3: 3.6 | I3: 2.9 | J3: 3.8 | K3: 3.4 | L3: 4.5
B5: TollLights | X5: ML PCE.Miles | AU5: GP PCE.Miles | BR5: Highway PCE.Miles
B6: Direction | C6: NB | D6: SB | E6: NB | F6: SB | G6: NB | H6: SB | I6: NB | J6: SB | K6: NB | L6: SB | M6: NB | N6: SB | O6: NB | P6: SB | Q6: NB | R6: SB | S6: NB | T6: SB | U6: NB | V6: SB | X6: Direction | Y6: NB | Z6: SB | AA6: NB | AB6: SB | AC6: NB | AD6: SB | AE6: NB | AF6: SB | AG6: NB | AH6: SB | AI6: NB | AJ6: SB | AK6: NB | AL6: SB | AM6: NB | AN6: SB | AO6: NB | AP6: SB | AQ6: NB | AR6: SB | AU6: Direction | AV6: NB | AW6: SB | AX6: NB | AY6: SB | AZ6: NB | BA6: SB | BB6: NB | BC6: SB | BD6: NB | BE6: SB | BF6: NB | BG6: SB | BH6: NB | BI6: SB | BJ6: NB | BK6: SB | BL6: NB | BM6: SB | BN6: NB | BO6: SB | BR6: Direction | BS6: NB | BT6: SB | BU6: NB | BV6: SB | BW6: NB | BX6: SB | BY6: NB | BZ6: SB | CA6: NB | CB6: SB | CC6: NB | CD6: SB | CE6: NB | CF6: SB | CG6: NB | CH6: SB | CI6: NB | CJ6: SB | CK6: NB | CL6: SB
B7: Segment | C7: 1 | D7: 1 | E7: 2 | F7: 2 | G7: 3 | H7: 3 | I7: 4 | J7: 4 | K7: 5 | L7: 5 | M7: 6 | N7: 6 | O7: 7 | P7: 7 | Q7: 8 | R7: 8 | S7: 9 | T7: 9 | U7: 10 | V7: 10 | X7: Segment | Y7: 1 | Z7: 1 | AA7: 2 | AB7: 2 | AC7: 3 | AD7: 3 | AE7: 4 | AF7: 4 | AG7: 5 | AH7: 5 | AI7: 6 | AJ7: 6 | AK7: 7 | AL7: 7 | AM7: 8 | AN7: 8 | AO7: 9 | AP7: 9 | AQ7: 10 | AR7: 10 | AU7: Segment | AV7: 1 | AW7: 1 | AX7: 2 | AY7: 2 | AZ7: 3 | BA7: 3 | BB7: 4 | BC7: 4 | BD7: 5 | BE7: 5 | BF7: 6 | BG7: 6 | BH7: 7 | BI7: 7 | BJ7: 8 | BK7: 8 | BL7: 9 | BM7: 9 | BN7: 10 | BO7: 10 | BR7: Segment | BS7: 1 | BT7: 1 | BU7: 2 | BV7: 2 | BW7: 3 | BX7: 3 | BY7: 4 | BZ7: 4 | CA7: 5 | CB7: 5 | CC7: 6 | CD7: 6 | CE7: 7 | CF7: 7 | CG7: 8 | CH7: 8 | CI7: 9 | CJ7: 9 | CK7: 10 | CL7: 10
B8: Period | X8: Period | AU8: Period | BR8: Period
B9: Night | C9: 1.3 | D9: 1.3 | E9: 1.48 | F9: 1.52 | G9: 1.56 | H9: 1.44 | I9: 1.29 | J9: 2.1 | K9: 2.1 | L9: 2.1 | M9: 2.1 | N9: 2.1 | O9: 2.1 | P9: 2.1 | Q9: 2.1 | R9: 2.1 | S9: 2.1 | T9: 2.1 | U9: 2.1 | V9: 2.1 | X9: Night | Y9: 1798.34 | Z9: 1784.17 | AA9: 1665.44 | AB9: 1535.49 | AC9: 960.75 | AD9: 1213.46 | AE9: 4002.29 | AF9: 4980.53 | AG9: 6781.53 | AH9: 5970.3 | AI9: 12383.28 | AJ9: 10617.26 | AK9: 9854.23 | AL9: 8471.49 | AM9: 12472.74 | AN9: 11363.52 | AO9: 9652.57 | AP9: 7363.84 | AQ9: 13161.01 | AR9: 10439.4 | AU9: Night | AV9: 14124.55 | AW9: 14030.73 | AX9: 11400.41 | AY9: 10686.58 | AZ9: 7693.35 | BA9: 9108.67 | BB9: 31052.25 | BC9: 29892.91 | BD9: 40721.87 | BE9: 35944.3 | BF9: 73551.24 | BG9: 63649.66 | BH9: 59330.2 | BI9: 50331.52 | BJ9: 74062.38 | BK9: 67425.68 | BL9: 57054.07 | BM9: 44084.62 | BN9: 78321.29 | BO9: 62067.3 | BR9: Night | BS9: 15922.89 | BT9: 15814.9 | BU9: 13065.85 | BV9: 12222.07 | BW9: 8654.1 | BX9: 10322.13 | BY9: 35054.54 | BZ9: 34873.44 | CA9: 47503.4 | CB9: 41914.6 | CC9: 85934.52 | CD9: 74266.92 | CE9: 69184.43 | CF9: 58803.01 | CG9: 86535.12 | CH9: 78789.2 | CI9: 66706.64 | CJ9: 51448.46 | CK9: 91482.3 | CL9: 72506.7
B10: AM-Early | C10: 2.1 | D10: 1.31 | E10: 2.1 | F10: 1.13 | G10: 2.1 | H10: 1.51 | I10: 2.1 | J10: 2.1 | K10: 2.1 | L10: 2.1 | M10: 4.2 | N10: 2.1 | O10: 4.2 | P10: 2.1 | Q10: 2.1 | R10: 2.1 | S10: 2.1 | T10: 1.85 | U10: 2.1 | V10: 1.18 | X10: AM-Early | Y10: 1080.65 | Z10: 598.24 | AA10: 1040.98 | AB10: 672.01 | AC10: 500.19 | AD10: 595.59 | AE10: 2814.03 | AF10: 2382.09 | AG10: 3347.16 | AH10: 2143.25 | AI10: 4644.31 | AJ10: 4034.09 | AK10: 3452.63 | AL10: 3898.04 | AM10: 5922.83 | AN10: 4032.3 | AO10: 4787.5 | AP10: 2855.01 | AQ10: 6183.66 | AR10: 3631.97 | AU10: AM-Early | AV10: 5416.07 | AW10: 3623.05 | AX10: 5278.92 | AY10: 3527.59 | AZ10: 2538.76 | BA10: 3140.43 | BB10: 13063.74 | BC10: 9095.83 | BD10: 15948.67 | BE10: 11571.95 | BF10: 29180.51 | BG10: 21127.03 | BH10: 20873.15 | BI10: 17945.92 | BJ10: 24470.98 | BK10: 23206.59 | BL10: 21276.51 | BM10: 17412.43 | BN10: 35400.12 | BO10: 22801.64 | BR10: AM-Early | BS10: 6496.72 | BT10: 4221.29 | BU10: 6319.89 | BV10: 4199.61 | BW10: 3038.95 | BX10: 3736.02 | BY10: 15877.77 | BZ10: 11477.92 | CA10: 19295.83 | CB10: 13715.2 | CC10: 33824.83 | CD10: 25161.12 | CE10: 24325.78 | CF10: 21843.96 | CG10: 30393.81 | CH10: 27238.89 | CI10: 26064.01 | CJ10: 20267.45 | CK10: 41583.78 | CL10: 26433.61
B11: AM-Peak | C11: 6.3 | D11: 1.64 | E11: 6.3 | F11: 1.25 | G11: 6.3 | H11: 6.3 | I11: 6.3 | J11: 2.1 | K11: 6.3 | L11: 2.1 | M11: 6.3 | N11: 2.1 | O11: 2.1 | P11: 2.1 | Q11: 2.1 | R11: 2.1 | S11: 2.1 | T11: 2.1 | U11: 2.1 | V11: 2.1 | X11: AM-Peak | Y11: 4478.6 | Z11: 1493.03 | AA11: 4472.29 | AB11: 1524.77 | AC11: 2629.39 | AD11: 3234.08 | AE11: 10329.15 | AF11: 9617.63 | AG11: 12335.11 | AH11: 10042.81 | AI11: 22148.69 | AJ11: 18190.4 | AK11: 23425.85 | AL11: 15324.17 | AM11: 29836.91 | AN11: 18570.44 | AO11: 19361.66 | AP11: 12924.87 | AQ11: 16876.56 | AR11: 13886.39 | AU11: AM-Peak | AV11: 16248.46 | AW11: 9274.79 | AX11: 15451.79 | AY11: 8017.72 | AZ11: 8754.6 | BA11: 11431.05 | BB11: 39590.85 | BC11: 30941.94 | BD11: 50064.89 | BE11: 37055.71 | BF11: 90171.31 | BG11: 66958.04 | BH11: 60522.76 | BI11: 54954.12 | BJ11: 74754.7 | BK11: 69651.69 | BL11: 66134.73 | BM11: 56428.78 | BN11: 74062.23 | BO11: 68219.44 | BR11: AM-Peak | BS11: 20727.06 | BT11: 10767.81 | BU11: 19924.08 | BV11: 9542.48 | BW11: 11383.99 | BX11: 14665.13 | BY11: 49920 | BZ11: 40559.57 | CA11: 62400 | CB11: 47098.52 | CC11: 112320 | CD11: 85148.43 | CE11: 83948.61 | CF11: 70278.29 | CG11: 104591.61 | CH11: 88222.13 | CI11: 85496.39 | CJ11: 69353.65 | CK11: 90938.78 | CL11: 82105.82
B12: AM-Shoulder | C12: 6.3 | D12: 2.1 | E12: 6.3 | F12: 1.1 | G12: 6.3 | H12: 6.3 | I12: 6.3 | J12: 2.1 | K12: 8.4 | L12: 3.87 | M12: 6.3 | N12: 2.1 | O12: 6.3 | P12: 3.87 | Q12: 2.1 | R12: 2.1 | S12: 2.1 | T12: 2.1 | U12: 2.1 | V12: 2.1 | X12: AM-Shoulder | Y12: 1412.64 | Z12: 533.79 | AA12: 1405.04 | AB12: 614.07 | AC12: 858.47 | AD12: 1063.44 | AE12: 3204.15 | AF12: 3196.31 | AG12: 3205.65 | AH12: 2169.74 | AI12: 6798.4 | AJ12: 5301.66 | AK12: 5463.93 | AL12: 3040.92 | AM12: 8821.9 | AN12: 5135.29 | AO12: 4450.9 | AP12: 3722.09 | AQ12: 4949 | AR12: 4323.79 | AU12: AM-Shoulder | AV12: 5604.77 | AW12: 3495.15 | AX12: 5251.39 | AY12: 3335.63 | AZ12: 3204.73 | BA12: 4136.56 | BB12: 13435.85 | BC12: 10844.56 | BD12: 17594.35 | BE12: 13994.74 | BF12: 30641.6 | BG12: 23095.88 | BH12: 24696.07 | BI12: 20229.76 | BJ12: 27618.14 | BK12: 23783.03 | BL12: 21050.79 | BM12: 20142.93 | BN12: 26611.71 | BO12: 25622.27 | BR12: AM-Shoulder | BS12: 7017.4 | BT12: 4028.94 | BU12: 6656.43 | BV12: 3949.7 | BW12: 4063.19 | BX12: 5200 | BY12: 16640 | BZ12: 14040.87 | CA12: 20800 | CB12: 16164.48 | CC12: 37440 | CD12: 28397.54 | CE12: 30160 | CF12: 23270.68 | CG12: 36440.03 | CH12: 28918.33 | CI12: 25501.69 | CJ12: 23865.02 | CK12: 31560.71 | CL12: 29946.06
B13: MD | C13: 2.1 | D13: 2.1 | E13: 6.3 | F13: 2.1 | G13: 2.1 | H13: 2.1 | I13: 2.1 | J13: 2.1 | K13: 2.1 | L13: 2.1 | M13: 2.1 | N13: 2.1 | O13: 2.1 | P13: 2.1 | Q13: 2.1 | R13: 2.1 | S13: 2.1 | T13: 2.1 | U13: 2.1 | V13: 1.77 | X13: MD | Y13: 6642.2 | Z13: 7920.19 | AA13: 5252.05 | AB13: 5908.26 | AC13: 4668.6 | AD13: 5074.12 | AE13: 11172.6 | AF13: 17778.7 | AG13: 21667.28 | AH13: 22994.21 | AI13: 34274.52 | AJ13: 31767.69 | AK13: 24950.9 | AL13: 24311.8 | AM13: 28605.04 | AN13: 26189.56 | AO13: 21623.1 | AP13: 17806.5 | AQ13: 25100.77 | AR13: 23919.21 | AU13: MD | AV13: 16213.66 | AW13: 22361.46 | AX13: 24259.3 | AY13: 27626.03 | AZ13: 10978.01 | BA13: 12372.1 | BB13: 56810.16 | BC13: 49084.4 | BD13: 70934.58 | BE13: 70481.93 | BF13: 123151.51 | BG13: 126906.63 | BH13: 96543.71 | BI13: 102360.35 | BJ13: 122070.14 | BK13: 118987.66 | BL13: 102453.1 | BM13: 102494.85 | BN13: 136060.32 | BO13: 155476.89 | BR13: MD | BS13: 22855.86 | BT13: 30281.65 | BU13: 29511.35 | BV13: 33534.29 | BW13: 15646.61 | BX13: 17446.21 | BY13: 67982.76 | BZ13: 66863.1 | CA13: 92601.86 | CB13: 93476.14 | CC13: 157426.03 | CD13: 158674.32 | CE13: 121494.62 | CF13: 126672.14 | CG13: 150675.18 | CH13: 145177.22 | CI13: 124076.2 | CJ13: 120301.35 | CK13: 161161.09 | CL13: 179396.1
B14: PM-Shoulder | C14: 6.3 | D14: 6.3 | E14: 6.3 | F14: 6.3 | G14: 2.1 | H14: 8.4 | I14: 2.1 | J14: 2.1 | K14: 2.1 | L14: 6.3 | M14: 2.1 | N14: 6.3 | O14: 2.1 | P14: 2.1 | Q14: 2.1 | R14: 2.1 | S14: 2.1 | T14: 2.1 | U14: 2.1 | V14: 2.08 | X14: PM-Shoulder | Y14: 1253.89 | Z14: 1279.1 | AA14: 1587.98 | AB14: 1594.85 | AC14: 1124.19 | AD14: 756.9 | AE14: 2725.11 | AF14: 3412.4 | AG14: 3047.85 | AH14: 3953.97 | AI14: 6492.52 | AJ14: 7281.71 | AK14: 5274.22 | AL14: 7635.39 | AM14: 6732.56 | AN14: 9874.53 | AO14: 5344.24 | AP14: 7783.17 | AQ14: 6041.97 | AR14: 5251.96 | AU14: PM-Shoulder | AV14: 4408.45 | AW14: 4491.41 | AX14: 5692.02 | AY14: 5685.15 | AZ14: 2258.59 | BA14: 3082.18 | BB14: 9978.26 | BC14: 7024.93 | BD14: 12465.74 | BE14: 16328.36 | BF14: 23591.54 | BG14: 30158.29 | BH14: 19052.2 | BI14: 21406.4 | BJ14: 24796.63 | BK14: 27937.55 | BL14: 21466.51 | BM14: 23902.12 | BN14: 27195.95 | BO14: 25828.5 | BR14: PM-Shoulder | BS14: 5662.34 | BT14: 5770.51 | BU14: 7280 | BV14: 7280 | BW14: 3382.77 | BX14: 3839.09 | BY14: 12703.36 | BZ14: 10437.33 | CA14: 15513.59 | CB14: 20282.34 | CC14: 30084.06 | CD14: 37440 | CE14: 24326.42 | CF14: 29041.79 | CG14: 31529.2 | CH14: 37812.08 | CI14: 26810.76 | CJ14: 31685.29 | CK14: 33237.92 | CL14: 31080.46
B15: PM-Peak | C15: 6.3 | D15: 6.3 | E15: 6.3 | F15: 6.3 | G15: 6.3 | H15: 6.3 | I15: 2.1 | J15: 2.1 | K15: 2.1 | L15: 6.3 | M15: 2.1 | N15: 6.3 | O15: 2.1 | P15: 6.3 | Q15: 2.1 | R15: 6.3 | S15: 2.1 | T15: 2.1 | U15: 2.1 | V15: 2.1 | X15: PM-Peak | Y15: 4375.2 | Z15: 4562.84 | AA15: 4886.71 | AB15: 4993.01 | AC15: 2658.07 | AD15: 3136.29 | AE15: 11480.25 | AF15: 11456.18 | AG15: 11960.92 | AH15: 12947.02 | AI15: 23131.32 | AJ15: 23291.64 | AK15: 19067.04 | AL15: 18763.63 | AM15: 26822.5 | AN15: 21581.22 | AO15: 18793.62 | AP15: 19562.77 | AQ15: 22536 | AR15: 21906.14 | AU15: PM-Peak | AV15: 14471.81 | AW15: 15423.71 | AX15: 16324.99 | AY15: 16846.99 | AZ15: 8062.14 | BA15: 10145.92 | BB15: 31511.96 | BC15: 23357.37 | BD15: 38497.36 | BE15: 49452.98 | BF15: 71440.79 | BG15: 89028.36 | BH15: 58126.72 | BI15: 71716.37 | BJ15: 78562.07 | BK15: 91672.62 | BL15: 63587.95 | BM15: 64544.04 | BN15: 80847.91 | BO15: 79773.67 | BR15: PM-Peak | BS15: 18847 | BT15: 19986.54 | BU15: 21211.7 | BV15: 21840 | BW15: 10720.21 | BX15: 13282.21 | BY15: 42992.21 | BZ15: 34813.54 | CA15: 50458.28 | CB15: 62400 | CC15: 94572.11 | CD15: 112320 | CE15: 77193.76 | CF15: 90480 | CG15: 105384.58 | CH15: 113253.84 | CI15: 82381.56 | CJ15: 84106.81 | CK15: 103383.92 | CL15: 101679.81
B16: PM-Late | C16: 2.1 | D16: 2.1 | E16: 0.65 | F16: 0.69 | G16: 0.74 | H16: 0.82 | I16: 0.68 | J16: 2.1 | K16: 2.1 | L16: 2.1 | M16: 2.1 | N16: 2.1 | O16: 2.1 | P16: 2.1 | Q16: 2.1 | R16: 2.1 | S16: 2.1 | T16: 2.1 | U16: 2.1 | V16: 2.1 | X16: PM-Late | Y16: 2047.33 | Z16: 3178.11 | AA16: 1966.4 | AB16: 2092.26 | AC16: 919.07 | AD16: 1534.13 | AE16: 3318.17 | AF16: 9940.87 | AG16: 5047.87 | AH16: 11460.46 | AI16: 12072.74 | AJ16: 20069.09 | AK16: 10625.08 | AL16: 13062.89 | AM16: 12233.85 | AN16: 12239.07 | AO16: 9462.42 | AP16: 8000.34 | AQ16: 11529.45 | AR16: 9379.24 | AU16: PM-Late | AV16: 9389.69 | AW16: 10827.42 | AX16: 8018.78 | AY16: 8552.06 | AZ16: 4418.27 | BA16: 6695.39 | BB16: 16096.48 | BC16: 20781.53 | BD16: 22391.93 | BE16: 26281.34 | BF16: 36261.58 | BG16: 48284.11 | BH16: 28711.97 | BI16: 37326.64 | BJ16: 36832.89 | BK16: 40744.71 | BL16: 31288.62 | BM16: 33508.56 | BN16: 45551.25 | BO16: 50744.36 | BR16: PM-Late | BS16: 11437.02 | BT16: 14005.53 | BU16: 9985.17 | BV16: 10644.32 | BW16: 5337.34 | BX16: 8229.52 | BY16: 19414.66 | BZ16: 30722.4 | CA16: 27439.8 | CB16: 37741.8 | CC16: 48334.32 | CD16: 68353.2 | CE16: 39337.05 | CF16: 50389.53 | CG16: 49066.74 | CH16: 52983.78 | CI16: 40751.04 | CJ16: 41508.9 | CK16: 57080.7 | CL16: 60123.6
B19: CaptureRateLights | X19: ML Volume (PCE/Period) | AU19: GP Volume (PCE/Period) | BR19: Highway Volume
