Workbook

Sheet Year_2025
B1: Lenght
C2: 1 | D2: 2 | E2: 3 | F2: 4 | G2: 5 | H2: 6 | I2: 7 | J2: 8 | K2: 9 | L2: 10
B3: Length | C3: 1.3 | D3: 1.3 | E3: 0.5 | F3: 1.6 | G3: 2 | H3: 3.6 | I3: 2.9 | J3: 3.8 | K3: 3.4 | L3: 4.5
B5: TollLights | X5: ML PCE.Miles | AU5: GP PCE.Miles | BR5: Highway PCE.Miles
B6: Direction | C6: NB | D6: SB | E6: NB | F6: SB | G6: NB | H6: SB | I6: NB | J6: SB | K6: NB | L6: SB | M6: NB | N6: SB | O6: NB | P6: SB | Q6: NB | R6: SB | S6: NB | T6: SB | U6: NB | V6: SB | X6: Direction | Y6: NB | Z6: SB | AA6: NB | AB6: SB | AC6: NB | AD6: SB | AE6: NB | AF6: SB | AG6: NB | AH6: SB | AI6: NB | AJ6: SB | AK6: NB | AL6: SB | AM6: NB | AN6: SB | AO6: NB | AP6: SB | AQ6: NB | AR6: SB | AU6: Direction | AV6: NB | AW6: SB | AX6: NB | AY6: SB | AZ6: NB | BA6: SB | BB6: NB | BC6: SB | BD6: NB | BE6: SB | BF6: NB | BG6: SB | BH6: NB | BI6: SB | BJ6: NB | BK6: SB | BL6: NB | BM6: SB | BN6: NB | BO6: SB | BR6: Direction | BS6: NB | BT6: SB | BU6: NB | BV6: SB | BW6: NB | BX6: SB | BY6: NB | BZ6: SB | CA6: NB | CB6: SB | CC6: NB | CD6: SB | CE6: NB | CF6: SB | CG6: NB | CH6: SB | CI6: NB | CJ6: SB | CK6: NB | CL6: SB
B7: Segment | C7: 1 | D7: 1 | E7: 2 | F7: 2 | G7: 3 | H7: 3 | I7: 4 | J7: 4 | K7: 5 | L7: 5 | M7: 6 | N7: 6 | O7: 7 | P7: 7 | Q7: 8 | R7: 8 | S7: 9 | T7: 9 | U7: 10 | V7: 10 | X7: Segment | Y7: 1 | Z7: 1 | AA7: 2 | AB7: 2 | AC7: 3 | AD7: 3 | AE7: 4 | AF7: 4 | AG7: 5 | AH7: 5 | AI7: 6 | AJ7: 6 | AK7: 7 | AL7: 7 | AM7: 8 | AN7: 8 | AO7: 9 | AP7: 9 | AQ7: 10 | AR7: 10 | AU7: Segment | AV7: 1 | AW7: 1 | AX7: 2 | AY7: 2 | AZ7: 3 | BA7: 3 | BB7: 4 | BC7: 4 | BD7: 5 | BE7: 5 | BF7: 6 | BG7: 6 | BH7: 7 | BI7: 7 | BJ7: 8 | BK7: 8 | BL7: 9 | BM7: 9 | BN7: 10 | BO7: 10 | BR7: Segment | BS7: 1 | BT7: 1 | BU7: 2 | BV7: 2 | BW7: 3 | BX7: 3 | BY7: 4 | BZ7: 4 | CA7: 5 | CB7: 5 | CC7: 6 | CD7: 6 | CE7: 7 | CF7: 7 | CG7: 8 | CH7: 8 | CI7: 9 | CJ7: 9 | CK7: 10 | CL7: 10
B8: Period | X8: Period | AU8: Period | BR8: Period
B9: Night | C9: 0.2 | D9: 0.2 | E9: 0.2 | F9: 0.2 | G9: 0.2 | H9: 0.2 | I9: 0.2 | J9: 0.48 | K9: 0.48 | L9: 0.48 | M9: 0.48 | N9: 0.48 | O9: 0.48 | P9: 0.48 | Q9: 0.48 | R9: 0.48 | S9: 0.48 | T9: 0.48 | U9: 0.48 | V9: 0.48 | X9: Night | Y9: 986.4 | Z9: 982.07 | AA9: 758.94 | AB9: 710.26 | AC9: 270.55 | AD9: 327.52 | AE9: 1102.31 | AF9: 2203.04 | AG9: 3148.6 | AH9: 2772 | AI9: 5727.96 | AJ9: 4911.48 | AK9: 4468.03 | AL9: 3840.76 | AM9: 5681.76 | AN9: 5176.36 | AO9: 4486.3 | AP9: 3422.44 | AQ9: 5985 | AR9: 4747.05 | AU9: Night | AV9: 19519.54 | AW9: 19385.55 | AX9: 14747.46 | AY9: 13795.14 | AZ9: 5413.45 | BA9: 6452.16 | BB9: 22156.73 | BC9: 20936.16 | BD9: 29933.4 | BE9: 26418 | BF9: 53895.24 | BG9: 46622.52 | BH9: 42587.37 | BI9: 36150.24 | BJ9: 53450.04 | BK9: 48662.04 | BL9: 42018.9 | BM9: 32444.16 | BN9: 56416.5 | BO9: 44707.95 | BR9: Night | BS9: 20505.94 | BT9: 20367.62 | BU9: 15506.4 | BV9: 14505.4 | BW9: 5684 | BX9: 6779.67 | BY9: 23259.04 | BZ9: 23139.2 | CA9: 33082 | CB9: 29190 | CC9: 59623.2 | CD9: 51534 | CE9: 47055.4 | CF9: 39991 | CG9: 59131.8 | CH9: 53838.4 | CI9: 46505.2 | CJ9: 35866.6 | CK9: 62401.5 | CL9: 49455
B10: AM-Early | C10: 0.2 | D10: 0.2 | E10: 0.2 | F10: 0.21 | G10: 0.25 | H10: 0.2 | I10: 0.2 | J10: 0.32 | K10: 0.2 | L10: 0.24 | M10: 0.24 | N10: 0.25 | O10: 0.29 | P10: 0.26 | Q10: 0.28 | R10: 0.21 | S10: 0.27 | T10: 0.21 | U10: 0.2 | V10: 0.2 | X10: AM-Early | Y10: 1789.21 | Z10: 1025.67 | AA10: 1588.66 | AB10: 928.46 | AC10: 453.69 | AD10: 496.51 | AE10: 2242.18 | AF10: 1693.84 | AG10: 2790.69 | AH10: 1997.17 | AI10: 5054.92 | AJ10: 3637.26 | AK10: 3525.68 | AL10: 3097.49 | AM10: 4379.06 | AN10: 3895.39 | AO10: 3820.69 | AP10: 2876.59 | AQ10: 5459.11 | AR10: 2962.13 | AU10: AM-Early | AV10: 6577.91 | AW10: 4410.8 | AX10: 5912.73 | AY10: 4056 | AZ10: 1542.31 | BA10: 1957.34 | BB10: 8292.94 | BC10: 5922.16 | BD10: 10648.01 | BE10: 7554.83 | BF10: 18413.12 | BG10: 13819.14 | BH10: 13018.82 | BI10: 11759.21 | BJ10: 16389.84 | BK10: 14717.77 | BL10: 14349.64 | BM10: 11252.41 | BN10: 22905.51 | BO10: 15069.82 | BR10: AM-Early | BS10: 8367.12 | BT10: 5436.47 | BU10: 7501.39 | BV10: 4984.46 | BW10: 1996 | BX10: 2453.85 | BY10: 10535.12 | BZ10: 7616 | CA10: 13438.7 | CB10: 9552 | CC10: 23468.04 | CD10: 17456.4 | CE10: 16544.5 | CF10: 14856.7 | CG10: 20768.9 | CH10: 18613.16 | CI10: 18170.33 | CJ10: 14129.01 | CK10: 28364.63 | CL10: 18031.95
B11: AM-Peak | C11: 1.25 | D11: 0.51 | E11: 1.4 | F11: 0.2 | G11: 1.1 | H11: 1.5 | I11: 0.76 | J11: 0.47 | K11: 0.95 | L11: 1.6 | M11: 1.25 | N11: 0.48 | O11: 1.6 | P11: 0.49 | Q11: 1.55 | R11: 0.46 | S11: 0.52 | T11: 0.41 | U11: 1.29 | V11: 0.36 | X11: AM-Peak | Y11: 6311.96 | Z11: 1699.81 | AA11: 7428.21 | AB11: 563.53 | AC11: 1860.18 | AD11: 2978.58 | AE11: 8049.84 | AF11: 5829.07 | AG11: 10007.23 | AH11: 2591 | AI11: 18214.83 | AJ11: 11776.89 | AK11: 15884.23 | AL11: 9414.84 | AM11: 17431.68 | AN11: 12020.2 | AO11: 11966.48 | AP11: 9436.15 | AQ11: 4907.41 | AR11: 10857.3 | AU11: AM-Peak | AV11: 24830.51 | AW11: 12168 | AX11: 25299.03 | AY11: 10762.65 | AZ11: 6706.25 | BA11: 10309.7 | BB11: 28724.45 | BC11: 21082.85 | BD11: 38988.67 | BE11: 30210.23 | BF11: 75403.84 | BG11: 47300.88 | BH11: 61606.8 | BI11: 38382.09 | BJ11: 73396.68 | BK11: 48262.62 | BL11: 47635.82 | BM11: 38908.79 | BN11: 57124.69 | BO11: 45151.38 | BR11: AM-Peak | BS11: 31142.48 | BT11: 13867.81 | BU11: 32727.24 | BV11: 11326.18 | BW11: 8566.42 | BX11: 13288.28 | BY11: 36774.29 | BZ11: 26911.93 | CA11: 48995.9 | CB11: 32801.23 | CC11: 93618.67 | CD11: 59077.77 | CE11: 77491.03 | CF11: 47796.93 | CG11: 90828.36 | CH11: 60282.81 | CI11: 59602.3 | CJ11: 48344.94 | CK11: 62032.1 | CL11: 56008.68
B12: AM-Shoulder | C12: 1.05 | D12: 0.3 | E12: 0.84 | F12: 0.34 | G12: 1.04 | H12: 0.86 | I12: 0.51 | J12: 0.37 | K12: 0.61 | L12: 0.34 | M12: 0.67 | N12: 0.33 | O12: 0.67 | P12: 0.34 | Q12: 0.44 | R12: 0.31 | S12: 0.31 | T12: 0.31 | U12: 0.29 | V12: 0.28 | X12: AM-Shoulder | Y12: 2030.03 | Z12: 969.6 | AA12: 2256.17 | AB12: 632.06 | AC12: 682.77 | AD12: 896.87 | AE12: 2448.69 | AF12: 1921.89 | AG12: 3009.14 | AH12: 2208.76 | AI12: 5461.52 | AJ12: 3800.27 | AK12: 4365.94 | AL12: 3014.09 | AM12: 4862.51 | AN12: 3808.59 | AO12: 3470.41 | AP12: 3068.47 | AQ12: 4064.1 | AR12: 3779.43 | AU12: AM-Shoulder | AV12: 8496.07 | AW12: 4219.22 | AX12: 7728.47 | AY12: 4056 | AZ12: 2599.04 | BA12: 3303.13 | BB12: 9008.03 | BC12: 7394.4 | BD12: 12215.22 | BE12: 9048.92 | BF12: 22550.4 | BG12: 15902.69 | BH12: 18145.99 | BI12: 12812.41 | BJ12: 20037.81 | BK12: 15951.51 | BL12: 14306.3 | BM12: 13568.36 | BN12: 17463.87 | BO12: 16647.03 | BR12: AM-Shoulder | BS12: 10526.1 | BT12: 5188.82 | BU12: 9984.64 | BV12: 4688.06 | BW12: 3281.81 | BX12: 4200 | BY12: 11456.72 | BZ12: 9316.29 | CA12: 15224.36 | CB12: 11257.68 | CC12: 28011.92 | CD12: 19702.96 | CE12: 22511.92 | CF12: 15826.51 | CG12: 24900.32 | CH12: 19760.1 | CI12: 17776.71 | CJ12: 16636.82 | CK12: 21527.97 | CL12: 20426.46
B13: MD | C13: 0.98 | D13: 0.54 | E13: 0.46 | F13: 0.2 | G13: 0.65 | H13: 0.89 | I13: 0.2 | J13: 0.48 | K13: 0.38 | L13: 0.43 | M13: 0.35 | N13: 0.3 | O13: 0.31 | P13: 0.27 | Q13: 0.3 | R13: 0.28 | S13: 0.29 | T13: 0.24 | U13: 0.26 | V13: 0.2 | X13: MD | Y13: 7020.23 | Z13: 7782.14 | AA13: 9053.8 | AB13: 8534.9 | AC13: 2448.09 | AD13: 3286.77 | AE13: 9798.24 | AF13: 10190.03 | AG13: 13417.34 | AH13: 13523.08 | AI13: 22520.82 | AJ13: 22576.51 | AK13: 16941.03 | AL13: 17646.03 | AM13: 20815.73 | AN13: 20156.46 | AO13: 17343.65 | AP13: 16805.37 | AQ13: 21522.51 | AR13: 21948.21 | AU13: MD | AV13: 28151.27 | AW13: 31217.86 | AX13: 29530.2 | AY13: 31269.15 | AZ13: 8741.91 | BA13: 11542.52 | BB13: 35307.76 | BC13: 36225.97 | BD13: 51075.51 | BE13: 52176.92 | BF13: 86704.29 | BG13: 87513.29 | BH13: 65688.53 | BI13: 68502.82 | BJ13: 82147.03 | BK13: 79048.91 | BL13: 69152.35 | BM13: 67061.58 | BN13: 88409.11 | BO13: 100423.66 | BR13: MD | BS13: 35171.5 | BT13: 39000 | BU13: 38584 | BV13: 39804.05 | BW13: 11190 | BX13: 14829.28 | BY13: 45106 | BZ13: 46416 | CA13: 64492.85 | CB13: 65700 | CC13: 109225.11 | CD13: 110089.8 | CE13: 82629.57 | CF13: 86148.85 | CG13: 102962.77 | CH13: 99205.37 | CI13: 86496 | CJ13: 83866.95 | CK13: 109931.62 | CL13: 122371.87
B14: PM-Shoulder | C14: 1.08 | D14: 1.04 | E14: 0.49 | F14: 0.67 | G14: 1.17 | H14: 1.08 | I14: 0.31 | J14: 1.08 | K14: 0.25 | L14: 0.71 | M14: 0.29 | N14: 0.47 | O14: 0.28 | P14: 0.37 | Q14: 0.28 | R14: 0.38 | S14: 0.28 | T14: 0.34 | U14: 0.26 | V14: 0.21 | X14: PM-Shoulder | Y14: 1774.08 | Z14: 1847.21 | AA14: 2089.31 | AB14: 2494.77 | AC14: 583.68 | AD14: 674.5 | AE14: 1886.03 | AF14: 1821.89 | AG14: 2415.25 | AH14: 3603.08 | AI14: 4640.61 | AJ14: 6061.67 | AK14: 3660.83 | AL14: 4456.63 | AM14: 4734.88 | AN14: 5774.2 | AO14: 4039.78 | AP14: 4982.91 | AQ14: 4799.1 | AR14: 4725.83 | AU14: PM-Shoulder | AV14: 6719.43 | AW14: 6808.55 | AX14: 7016.12 | AY14: 8066.27 | AZ14: 2148.56 | BA14: 2426.31 | BB14: 6543 | BC14: 6608.26 | BD14: 8389.18 | BE14: 12778.81 | BF14: 16232.2 | BG14: 20893.86 | BH14: 12883.77 | BI14: 15294.62 | BJ14: 16810.16 | BK14: 20063.42 | BL14: 14651.17 | BM14: 17105.87 | BN14: 17873.14 | BO14: 16473.87 | BR14: PM-Shoulder | BS14: 8493.51 | BT14: 8655.76 | BU14: 9105.43 | BV14: 10561.04 | BW14: 2732.24 | BX14: 3100.8 | BY14: 8429.03 | BZ14: 8430.15 | CA14: 10804.42 | CB14: 16381.89 | CC14: 20872.82 | CD14: 26955.53 | CE14: 16544.6 | CF14: 19751.25 | CG14: 21545.04 | CH14: 25837.62 | CI14: 18690.94 | CJ14: 22088.78 | CK14: 22672.24 | CL14: 21199.7
B15: PM-Peak | C15: 1.49 | D15: 1.48 | E15: 0.64 | F15: 0.81 | G15: 1.38 | H15: 1.6 | I15: 0.58 | J15: 1.6 | K15: 0.45 | L15: 1.29 | M15: 0.48 | N15: 0.99 | O15: 0.48 | P15: 0.76 | Q15: 0.53 | R15: 0.59 | S15: 0.46 | T15: 0.46 | U15: 0.43 | V15: 0.41 | X15: PM-Peak | Y15: 6372.92 | Z15: 6735.67 | AA15: 5831.06 | AB15: 6990.99 | AC15: 1828.05 | AD15: 2256.96 | AE15: 6244.88 | AF15: 7777.1 | AG15: 7701.4 | AH15: 12077.34 | AI15: 14312.98 | AJ15: 20118.07 | AK15: 11370.79 | AL15: 14619.44 | AM15: 15409.51 | AN15: 16720.07 | AO15: 12100.65 | AP15: 12512.57 | AQ15: 14707.46 | AR15: 14664.89 | AU15: PM-Peak | AV15: 23524.68 | AW15: 25135.72 | AX15: 19639.84 | AY15: 23386.2 | AZ15: 6621.82 | BA15: 8848.36 | BB15: 22281.52 | BC15: 24358.48 | BD15: 27440.01 | BE15: 43751.51 | BF15: 51300.17 | BG15: 72575.88 | BH15: 41128.95 | BI15: 52836.52 | BJ15: 56600.68 | BK15: 60669.06 | BL15: 45330.09 | BM15: 46118.65 | BN15: 55814.59 | BO15: 54693.5 | BR15: PM-Peak | BS15: 29897.6 | BT15: 31871.38 | BU15: 25470.9 | BV15: 30377.19 | BW15: 8449.88 | BX15: 11105.32 | BY15: 28526.4 | BZ15: 32135.58 | CA15: 35141.41 | CB15: 55828.85 | CC15: 65613.15 | CD15: 92693.94 | CE15: 52499.74 | CF15: 67455.96 | CG15: 72010.19 | CH15: 77389.13 | CI15: 57430.74 | CJ15: 58631.22 | CK15: 70522.05 | CL15: 69358.39
B16: PM-Late | C16: 0.37 | D16: 0.44 | E16: 0.2 | F16: 0.2 | G16: 0.2 | H16: 0.34 | I16: 0.2 | J16: 0.71 | K16: 0.38 | L16: 0.64 | M16: 0.53 | N16: 0.59 | O16: 0.57 | P16: 0.49 | Q16: 1.4 | R16: 0.47 | S16: 0.5 | T16: 0.42 | U16: 0.43 | V16: 0.34 | X16: PM-Late | Y16: 2970.49 | Z16: 3736.54 | AA16: 587.61 | AB16: 626.15 | AC16: 170.36 | AD16: 725.02 | AE16: 622.21 | AF16: 4265.07 | AG16: 3768.07 | AH16: 5540.58 | AI16: 6592.39 | AJ16: 10016.96 | AK16: 5215.28 | AL16: 7105.38 | AM16: 1953.43 | AN16: 7244.41 | AO16: 5571.99 | AP16: 5634.4 | AQ16: 7551.64 | AR16: 7725.21 | AU16: PM-Late | AV16: 11759.81 | AW16: 14300.96 | AX16: 11264.68 | AY16: 12007.9 | AZ16: 3335.14 | BA16: 4680 | BB16: 12259.79 | BC16: 16120.53 | BD16: 15341.93 | BE16: 20745.42 | BF16: 26941.61 | BG16: 37405.84 | BH16: 21537.22 | BI16: 27163.92 | BJ16: 31573.97 | BK16: 28961.99 | BL16: 22835.01 | BM16: 23303 | BN16: 31382.36 | BO16: 33287.79 | BR16: PM-Late | BS16: 14730.3 | BT16: 18037.5 | BU16: 11852.29 | BV16: 12634.05 | BW16: 3505.5 | BX16: 5405.02 | BY16: 12882 | BZ16: 20385.6 | CA16: 19110 | CB16: 26286 | CC16: 33534 | CD16: 47422.8 | CE16: 26752.5 | CF16: 34269.3 | CG16: 33527.4 | CH16: 36206.4 | CI16: 28407 | CJ16: 28937.4 | CK16: 38934 | CL16: 41013
B19: CaptureRateLights | X19: ML Volume (PCE/Period) | AU19: GP Volume (PCE/Period) | BR19: Highway Volume
B20: Direction | C20: NB | D20: SB | E20: NB | F20: SB | G20: NB | H20: SB | I20: NB | J20: SB | K20: NB | L20: SB | M20: NB | N20: SB | O20: NB | P20: SB | Q20: NB | R20: SB | S20: NB | T20: SB | U20: NB | V20: SB | X20: Direction | Y20: NB | Z20: SB | AA20: NB | AB20: SB | AC20: NB | AD20: SB | AE20: NB | AF20: SB | AG20: NB | AH20: SB | AI20: NB | AJ20: SB | AK20: NB | AL20: SB | AM20: NB | AN20: SB | AO20: NB | AP20: SB | AQ20: NB | AR20: SB | AU20: Direction | AV20: NB | AW20: SB | AX20: NB | AY20: SB | AZ20: NB | BA20: SB | BB20: NB | BC20: SB | BD20: NB | BE20: SB | BF20: NB | BG20: SB | BH20: NB | BI20: SB | BJ20: NB | BK20: SB | BL20: NB | BM20: SB | BN20: NB | BO20: SB | BR20: Direction | BS20: NB | BT20: SB | BU20: NB | BV20: SB | BW20: NB | BX20: SB | BY20: NB | BZ20: SB | CA20: NB | CB20: SB | CC20: NB | CD20: SB | CE20: NB | CF20: SB | CG20: NB | CH20: SB | CI20: NB | CJ20: SB | CK20: NB | CL20: SB
B21: Segment | C21: 1 | D21: 1 | E21: 2 | F21: 2 | G21: 3 | H21: 3 | I21: 4 | J21: 4 | K21: 5 | L21: 5 | M21: 6 | N21: 6 | O21: 7 | P21: 7 | Q21: 8 | R21: 8 | S21: 9 | T21: 9 | U21: 10 | V21: 10 | X21: Segment | Y21: 1 | Z21: 1 | AA21: 2 | AB21: 2 | AC21: 3 | AD21: 3 | AE21: 4 | AF21: 4 | AG21: 5 | AH21: 5 | AI21: 6 | AJ21: 6 | AK21: 7 | AL21: 7 | AM21: 8 | AN21: 8 | AO21: 9 | AP21: 9 | AQ21: 10 | AR21: 10 | AU21: Segment | AV21: 1 | AW21: 1 | AX21: 2 | AY21: 2 | AZ21: 3 | BA21: 3 | BB21: 4 | BC21: 4 | BD21: 5 | BE21: 5 | BF21: 6 | BG21: 6 | BH21: 7 | BI21: 7 | BJ21: 8 | BK21: 8 | BL21: 9 | BM21: 9 | BN21: 10 | BO21: 10 | BR21: Segment | BS21: 1 | BT21: 1 | BU21: 2 | BV21: 2 | BW21: 3 | BX21: 3 | BY21: 4 | BZ21: 4 | CA21: 5 | CB21: 5 | CC21: 6 | CD21: 6 | CE21: 7 | CF21: 7 | CG21: 8 | CH21: 8 | CI21: 9 | CJ21: 9 | CK21: 10 | CL21: 10
B22: Period | X22: Period | AU22: Period | BR22: Period
B23: Night | C23: 0.05 | D23: 0.05 | E23: 0.05 | F23: 0.05 | G23: 0.05 | H23: 0.05 | I23: 0.05 | J23: 0.1 | K23: 0.1 | L23: 0.1 | M23: 0.1 | N23: 0.1 | O23: 0.1 | P23: 0.1 | Q23: 0.1 | R23: 0.1 | S23: 0.1 | T23: 0.1 | U23: 0.1 | V23: 0.1 | X23: Night | Y23: 758.77 | Z23: 755.44 | AA23: 583.8 | AB23: 546.35 | AC23: 541.11 | AD23: 655.03 | AE23: 688.94 | AF23: 1376.9 | AG23: 1574.3 | AH23: 1386 | AI23: 1591.1 | AJ23: 1364.3 | AK23: 1540.7 | AL23: 1324.4 | AM23: 1495.2 | AN23: 1362.2 | AO23: 1319.5 | AP23: 1006.6 | AQ23: 1330 | AR23: 1054.9 | AU23: Night | AV23: 15015.03 | AW23: 14911.96 | AX23: 11344.2 | AY23: 10611.65 | AZ23: 10826.89 | BA23: 12904.32 | BB23: 13847.96 | BC23: 13085.1 | BD23: 14966.7 | BE23: 13209 | BF23: 14970.9 | BG23: 12950.7 | BH23: 14685.3 | BI23: 12465.6 | BJ23: 14065.8 | BK23: 12805.8 | BL23: 12358.5 | BM23: 9542.4 | BN23: 12537 | BO23: 9935.1 | BR23: Night | BS23: 15773.8 | BT23: 15667.4 | BU23: 11928 | BV23: 11158 | BW23: 11368 | BX23: 13559.35 | BY23: 14536.9 | BZ23: 14462 | CA23: 16541 | CB23: 14595 | CC23: 16562 | CD23: 14315 | CE23: 16226 | CF23: 13790 | CG23: 15561 | CH23: 14168 | CI23: 13678 | CJ23: 10549 | CK23: 13867 | CL23: 10990
B24: AM-Early | C24: 0.23 | D24: 0.22 | E24: 0.22 | F24: 0.2 | G24: 0.25 | H24: 0.22 | I24: 0.23 | J24: 0.25 | K24: 0.22 | L24: 0.23 | M24: 0.23 | N24: 0.23 | O24: 0.23 | P24: 0.23 | Q24: 0.23 | R24: 0.23 | S24: 0.23 | T24: 0.23 | U24: 0.21 | V24: 0.19 | X24: AM-Early | Y24: 1376.32 | Z24: 788.98 | AA24: 1222.04 | AB24: 714.2 | AC24: 907.38 | AD24: 993.03 | AE24: 1401.36 | AF24: 1058.65 | AG24: 1395.34 | AH24: 998.58 | AI24: 1404.14 | AJ24: 1010.35 | AK24: 1215.75 | AL24: 1068.1 | AM24: 1152.38 | AN24: 1025.1 | AO24: 1123.73 | AP24: 846.06 | AQ24: 1213.14 | AR24: 658.25 | AU24: AM-Early | AV24: 5059.93 | AW24: 3392.92 | AX24: 4548.26 | AY24: 3120 | AZ24: 3084.62 | BA24: 3914.67 | BB24: 5183.09 | BC24: 3701.35 | BD24: 5324.01 | BE24: 3777.42 | BF24: 5114.76 | BG24: 3838.65 | BH24: 4489.25 | BI24: 4054.9 | BJ24: 4313.12 | BK24: 3873.1 | BL24: 4220.48 | BM24: 3309.53 | BN24: 5090.11 | BO24: 3348.85 | BR24: AM-Early | BS24: 6436.25 | BT24: 4181.9 | BU24: 5770.3 | BV24: 3834.2 | BW24: 3992 | BX24: 4907.7 | BY24: 6584.45 | BZ24: 4760 | CA24: 6719.35 | CB24: 4776 | CC24: 6518.9 | CD24: 4849 | CE24: 5705 | CF24: 5123 | CG24: 5465.5 | CH24: 4898.2 | CI24: 5344.21 | CJ24: 4155.59 | CK24: 6303.25 | CL24: 4007.1
B25: AM-Peak | C25: 0.23 | D25: 0.14 | E25: 0.24 | F25: 0.05 | G25: 0.25 | H25: 0.24 | I25: 0.24 | J25: 0.25 | K25: 0.23 | L25: 0.08 | M25: 0.22 | N25: 0.23 | O25: 0.23 | P25: 0.23 | Q25: 0.22 | R25: 0.23 | S25: 0.23 | T25: 0.23 | U25: 0.08 | V25: 0.23 | X25: AM-Peak | Y25: 4855.35 | Z25: 1307.55 | AA25: 5714 | AB25: 433.49 | AC25: 3720.35 | AD25: 5957.16 | AE25: 5031.15 | AF25: 3643.17 | AG25: 5003.61 | AH25: 1295.5 | AI25: 5059.68 | AJ25: 3271.36 | AK25: 5477.32 | AL25: 3246.5 | AM25: 4587.28 | AN25: 3163.21 | AO25: 3519.55 | AP25: 2775.34 | AQ25: 1090.53 | AR25: 2412.73 | AU25: AM-Peak | AV25: 19100.4 | AW25: 9360 | AX25: 19460.8 | AY25: 8278.96 | AZ25: 13412.5 | BA25: 20619.39 | BB25: 17952.78 | BC25: 13176.78 | BD25: 19494.34 | BE25: 15105.11 | BF25: 20945.51 | BG25: 13139.13 | BH25: 21243.72 | BI25: 13235.2 | BJ25: 19314.92 | BK25: 12700.69 | BL25: 14010.54 | BM25: 11443.76 | BN25: 12694.38 | BO25: 10033.64 | BR25: AM-Peak | BS25: 23955.75 | BT25: 10667.55 | BU25: 25174.8 | BV25: 8712.45 | BW25: 17132.85 | BX25: 26576.55 | BY25: 22983.93 | BZ25: 16819.95 | CA25: 24497.95 | CB25: 16400.62 | CC25: 26005.19 | CD25: 16410.49 | CE25: 26721.04 | CF25: 16481.7 | CG25: 23902.2 | CH25: 15863.9 | CI25: 17530.09 | CJ25: 14219.1 | CK25: 13784.91 | CL25: 12446.37
B26: AM-Shoulder | C26: 0.23 | D26: 0.23 | E26: 0.24 | F26: 0.15 | G26: 0.25 | H26: 0.25 | I26: 0.25 | J26: 0.25 | K26: 0.23 | L26: 0.23 | M26: 0.23 | N26: 0.23 | O26: 0.23 | P26: 0.23 | Q26: 0.23 | R26: 0.23 | S26: 0.23 | T26: 0.23 | U26: 0.23 | V26: 0.23 | X26: AM-Shoulder | Y26: 1561.56 | Z26: 745.85 | AA26: 1735.52 | AB26: 486.2 | AC26: 1365.55 | AD26: 1793.75 | AE26: 1530.43 | AF26: 1201.18 | AG26: 1504.57 | AH26: 1104.38 | AI26: 1517.09 | AJ26: 1055.63 | AK26: 1505.5 | AL26: 1039.34 | AM26: 1279.61 | AN26: 1002.26 | AO26: 1020.71 | AP26: 902.49 | AQ26: 903.13 | AR26: 839.87 | AU26: AM-Shoulder | AV26: 6535.44 | AW26: 3245.55 | AX26: 5944.97 | AY26: 3120 | AZ26: 5198.07 | BA26: 6606.25 | BB26: 5630.02 | BC26: 4621.5 | BD26: 6107.61 | BE26: 4524.46 | BF26: 6264 | BG26: 4417.41 | BH26: 6257.24 | BI26: 4418.07 | BJ26: 5273.11 | BK26: 4197.77 | BL26: 4207.74 | BM26: 3990.69 | BN26: 3880.86 | BO26: 3699.34 | BR26: AM-Shoulder | BS26: 8097 | BT26: 3991.4 | BU26: 7680.49 | BV26: 3606.2 | BW26: 6563.62 | BX26: 8400 | BY26: 7160.45 | BZ26: 5822.68 | CA26: 7612.18 | CB26: 5628.84 | CC26: 7781.09 | CD26: 5473.04 | CE26: 7762.73 | CF26: 5457.42 | CG26: 6552.71 | CH26: 5200.03 | CI26: 5228.44 | CJ26: 4893.18 | CK26: 4783.99 | CL26: 4539.21
B27: MD | C27: 0.24 | D27: 0.24 | E27: 0.25 | F27: 0.23 | G27: 0.25 | H27: 0.25 | I27: 0.24 | J27: 0.25 | K27: 0.23 | L27: 0.23 | M27: 0.23 | N27: 0.23 | O27: 0.23 | P27: 0.23 | Q27: 0.23 | R27: 0.23 | S27: 0.24 | T27: 0.24 | U27: 0.23 | V27: 0.21 | X27: MD | Y27: 5400.18 | Z27: 5986.26 | AA27: 6964.46 | AB27: 6565.31 | AC27: 4896.18 | AD27: 6573.53 | AE27: 6123.9 | AF27: 6368.77 | AG27: 6708.67 | AH27: 6761.54 | AI27: 6255.78 | AJ27: 6271.25 | AK27: 5841.74 | AL27: 6084.84 | AM27: 5477.82 | AN27: 5304.33 | AO27: 5101.07 | AP27: 4942.76 | AQ27: 4782.78 | AR27: 4877.38 | AU27: MD | AV27: 21654.82 | AW27: 24013.74 | AX27: 22715.54 | AY27: 24053.19 | AZ27: 17483.82 | BA27: 23085.03 | BB27: 22067.35 | BC27: 22641.23 | BD27: 25537.76 | BE27: 26088.46 | BF27: 24084.53 | BG27: 24309.25 | BH27: 22651.22 | BI27: 23621.66 | BJ27: 21617.64 | BK27: 20802.34 | BL27: 20338.93 | BM27: 19723.99 | BN27: 19646.47 | BO27: 22316.37 | BR27: MD | BS27: 27055 | BT27: 30000 | BU27: 29680 | BV27: 30618.5 | BW27: 22380 | BX27: 29658.56 | BY27: 28191.25 | BZ27: 29010 | CA27: 32246.43 | CB27: 32850 | CC27: 30340.31 | CD27: 30580.5 | CE27: 28492.95 | CF27: 29706.5 | CG27: 27095.46 | CH27: 26106.68 | CI27: 25440 | CJ27: 24666.75 | CK27: 24429.25 | CL27: 27193.75
B28: PM-Shoulder | C28: 0.24 | D28: 0.24 | E28: 0.24 | F28: 0.24 | G28: 0.24 | H28: 0.24 | I28: 0.24 | J28: 0.24 | K28: 0.25 | L28: 0.24 | M28: 0.24 | N28: 0.24 | O28: 0.24 | P28: 0.24 | Q28: 0.24 | R28: 0.24 | S28: 0.24 | T28: 0.24 | U28: 0.24 | V28: 0.24 | X28: PM-Shoulder | Y28: 1364.68 | Z28: 1420.93 | AA28: 1607.16 | AB28: 1919.06 | AC28: 1167.37 | AD28: 1348.99 | AE28: 1178.77 | AF28: 1138.68 | AG28: 1207.62 | AH28: 1801.54 | AI28: 1289.06 | AJ28: 1683.8 | AK28: 1262.35 | AL28: 1536.77 | AM28: 1246.02 | AN28: 1519.53 | AO28: 1188.17 | AP28: 1465.56 | AQ28: 1066.47 | AR28: 1050.19 | AU28: PM-Shoulder | AV28: 5168.79 | AW28: 5237.35 | AX28: 5397.02 | AY28: 6204.82 | AZ28: 4297.11 | BA28: 4852.61 | BB28: 4089.37 | BC28: 4130.16 | BD28: 4194.59 | BE28: 6389.4 | BF28: 4508.95 | BG28: 5803.85 | BH28: 4442.68 | BI28: 5274.01 | BJ28: 4423.73 | BK28: 5279.85 | BL28: 4309.17 | BM28: 5031.14 | BN28: 3971.81 | BO28: 3660.86 | BR28: PM-Shoulder | BS28: 6533.47 | BT28: 6658.28 | BU28: 7004.18 | BV28: 8123.88 | BW28: 5464.48 | BX28: 6201.6 | BY28: 5268.14 | BZ28: 5268.84 | CA28: 5402.21 | CB28: 8190.94 | CC28: 5798 | CD28: 7487.65 | CE28: 5705.03 | CF28: 6810.78 | CG28: 5669.75 | CH28: 6799.37 | CI28: 5497.34 | CJ28: 6496.7 | CK28: 5038.28 | CL28: 4711.05
B29: PM-Peak | C29: 0.24 | D29: 0.24 | E29: 0.24 | F29: 0.24 | G29: 0.24 | H29: 0.23 | I29: 0.24 | J29: 0.28 | K29: 0.24 | L29: 0.24 | M29: 0.24 | N29: 0.24 | O29: 0.24 | P29: 0.24 | Q29: 0.24 | R29: 0.24 | S29: 0.24 | T29: 0.24 | U29: 0.24 | V29: 0.24 | X29: PM-Peak | Y29: 4902.24 | Z29: 5181.28 | AA29: 4485.43 | AB29: 5377.68 | AC29: 3656.1 | AD29: 4513.92 | AE29: 3903.05 | AF29: 4860.69 | AG29: 3850.7 | AH29: 6038.67 | AI29: 3975.83 | AJ29: 5588.35 | AK29: 3920.96 | AL29: 5041.19 | AM29: 4055.14 | AN29: 4400.02 | AO29: 3559.01 | AP29: 3680.17 | AQ29: 3268.32 | AR29: 3258.86 | AU29: PM-Peak | AV29: 18095.91 | AW29: 19335.17 | AX29: 15107.57 | AY29: 17989.38 | AZ29: 13243.65 | BA29: 17696.73 | BB29: 13925.95 | BC29: 15224.05 | BD29: 13720 | BE29: 21875.76 | BF29: 14250.05 | BG29: 20159.97 | BH29: 14182.4 | BI29: 18219.49 | BJ29: 14894.92 | BK29: 15965.54 | BL29: 13332.38 | BM29: 13564.31 | BN29: 12403.24 | BO29: 12154.11 | BR29: PM-Peak | BS29: 22998.15 | BT29: 24516.45 | BU29: 19593 | BV29: 23367.07 | BW29: 16899.75 | BX29: 22210.65 | BY29: 17829 | BZ29: 20084.74 | CA29: 17570.7 | CB29: 27914.42 | CC29: 18225.87 | CD29: 25748.32 | CE29: 18103.36 | CF29: 23260.68 | CG29: 18950.05 | CH29: 20365.56 | CI29: 16891.39 | CJ29: 17244.48 | CK29: 15671.57 | CL29: 15412.98
B30: PM-Late | C30: 0.25 | D30: 0.25 | E30: 0.05 | F30: 0.05 | G30: 0.05 | H30: 0.15 | I30: 0.05 | J30: 0.24 | K30: 0.25 | L30: 0.25 | M30: 0.25 | N30: 0.24 | O30: 0.25 | P30: 0.25 | Q30: 0.05 | R30: 0.25 | S30: 0.25 | T30: 0.25 | U30: 0.25 | V30: 0.25 | X30: PM-Late | Y30: 2284.99 | Z30: 2874.26 | AA30: 452.01 | AB30: 481.65 | AC30: 340.72 | AD30: 1450.05 | AE30: 388.88 | AF30: 2665.67 | AG30: 1884.04 | AH30: 2770.29 | AI30: 1831.22 | AJ30: 2782.49 | AK30: 1798.37 | AL30: 2450.13 | AM30: 514.06 | AN30: 1906.42 | AO30: 1638.82 | AP30: 1657.18 | AQ30: 1678.14 | AR30: 1716.71 | AU30: PM-Late | AV30: 9046.01 | AW30: 11000.74 | AX30: 8665.14 | AY30: 9236.85 | AZ30: 6670.28 | BA30: 9360 | BB30: 7662.37 | BC30: 10075.33 | BD30: 7670.96 | BE30: 10372.71 | BF30: 7483.78 | BG30: 10390.51 | BH30: 7426.63 | BI30: 9366.87 | BJ30: 8308.94 | BK30: 7621.58 | BL30: 6716.18 | BM30: 6853.82 | BN30: 6973.86 | BO30: 7397.29 | BR30: PM-Late | BS30: 11331 | BT30: 13875 | BU30: 9117.15 | BV30: 9718.5 | BW30: 7011 | BX30: 10810.05 | BY30: 8051.25 | BZ30: 12741 | CA30: 9555 | CB30: 13143 | CC30: 9315 | CD30: 13173 | CE30: 9225 | CF30: 11817 | CG30: 8823 | CH30: 9528 | CI30: 8355 | CJ30: 8511 | CK30: 8652 | CL30: 9114
B33: Revenue Per Period | X33: ML Flow (PCE/hr) | AU33: GP Flow (PCE/hr) | BR33: Highway Flow
B34: Direction | C34: NB | D34: SB | E34: NB | F34: SB | G34: NB | H34: SB | I34: NB | J34: SB | K34: NB | L34: SB | M34: NB | N34: SB | O34: NB | P34: SB | Q34: NB | R34: SB | S34: NB | T34: SB | U34: NB | V34: SB | X34: Direction | Y34: NB | Z34: SB | AA34: NB | AB34: SB | AC34: NB | AD34: SB | AE34: NB | AF34: SB | AG34: NB | AH34: SB | AI34: NB | AJ34: SB | AK34: NB | AL34: SB | AM34: NB | AN34: SB | AO34: NB | AP34: SB | AQ34: NB | AR34: SB | AU34: Direction | AV34: NB | AW34: SB | AX34: NB | AY34: SB | AZ34: NB | BA34: SB | BB34: NB | BC34: SB | BD34: NB | BE34: SB | BF34: NB | BG34: SB | BH34: NB | BI34: SB | BJ34: NB | BK34: SB | BL34: NB | BM34: SB | BN34: NB | BO34: SB | BR34: Direction | BS34: NB | BT34: SB | BU34: NB | BV34: SB | BW34: NB | BX34: SB | BY34: NB | BZ34: SB | CA34: NB | CB34: SB | CC34: NB | CD34: SB | CE34: NB | CF34: SB | CG34: NB | CH34: SB | CI34: NB | CJ34: SB | CK34: NB | CL34: SB
B35: Segment | C35: 1 | D35: 1 | E35: 2 | F35: 2 | G35: 3 | H35: 3 | I35: 4 | J35: 4 | K35: 5 | L35: 5 | M35: 6 | N35: 6 | O35: 7 | P35: 7 | Q35: 8 | R35: 8 | S35: 9 | T35: 9 | U35: 10 | V35: 10 | X35: Segment | Y35: 1 | Z35: 1 | AA35: 2 | AB35: 2 | AC35: 3 | AD35: 3 | AE35: 4 | AF35: 4 | AG35: 5 | AH35: 5 | AI35: 6 | AJ35: 6 | AK35: 7 | AL35: 7 | AM35: 8 | AN35: 8 | AO35: 9 | AP35: 9 | AQ35: 10 | AR35: 10 | AU35: Segment | AV35: 1 | AW35: 1 | AX35: 2 | AY35: 2 | AZ35: 3 | BA35: 3 | BB35: 4 | BC35: 4 | BD35: 5 | BE35: 5 | BF35: 6 | BG35: 6 | BH35: 7 | BI35: 7 | BJ35: 8 | BK35: 8 | BL35: 9 | BM35: 9 | BN35: 10 | BO35: 10 | BR35: Segment | BS35: 1 | BT35: 1 | BU35: 2 | BV35: 2 | BW35: 3 | BX35: 3 | BY35: 4 | BZ35: 4 | CA35: 5 | CB35: 5 | CC35: 6 | CD35: 6 | CE35: 7 | CF35: 7 | CG35: 8 | CH35: 8 | CI35: 9 | CJ35: 9 | CK35: 10 | CL35: 10
B36: Period | X36: Period | AU36: Period | BR36: Period
B37: Night | C37: 196.11 | D37: 195.42 | E37: 151.02 | F37: 141.28 | G37: 53.76 | H37: 65.04 | I37: 219.82 | J37: 1047.78 | K37: 1504.27 | L37: 1326.19 | M37: 2733.7 | N37: 2344.2 | O37: 2129.55 | P37: 1833.33 | Q37: 2710.65 | R37: 2468.69 | S37: 2135.15 | T37: 1630.2 | U37: 2847.85 | V37: 2257.42 | X37: Night | Y37: 108.4 | Z37: 107.92 | AA37: 83.4 | AB37: 78.05 | AC37: 77.3 | AD37: 93.58 | AE37: 98.42 | AF37: 196.7 | AG37: 224.9 | AH37: 198 | AI37: 227.3 | AJ37: 194.9 | AK37: 220.1 | AL37: 189.2 | AM37: 213.6 | AN37: 194.6 | AO37: 188.5 | AP37: 143.8 | AQ37: 190 | AR37: 150.7 | AU37: Night | AV37: 2145 | AW37: 2130.28 | AX37: 1620.6 | AY37: 1515.95 | AZ37: 1546.7 | BA37: 1843.47 | BB37: 1978.28 | BC37: 1869.3 | BD37: 2138.1 | BE37: 1887 | BF37: 2138.7 | BG37: 1850.1 | BH37: 2097.9 | BI37: 1780.8 | BJ37: 2009.4 | BK37: 1829.4 | BL37: 1765.5 | BM37: 1363.2 | BN37: 1791 | BO37: 1419.3 | BR37: Night | BS37: 2253.4 | BT37: 2238.2 | BU37: 1704 | BV37: 1594 | BW37: 1624 | BX37: 1937.05 | BY37: 2076.7 | BZ37: 2066 | CA37: 2363 | CB37: 2085 | CC37: 2366 | CD37: 2045 | CE37: 2318 | CF37: 1970 | CG37: 2223 | CH37: 2024 | CI37: 1954 | CJ37: 1507 | CK37: 1981 | CL37: 1570
B38: AM-Early | C38: 359.53 | D38: 201.81 | E38: 315.89 | F38: 190.5 | G38: 111.83 | H38: 97.77 | I38: 444.2 | J38: 524.29 | K38: 552.29 | L38: 467.87 | M38: 1220.28 | N38: 874.49 | O38: 1022.67 | P38: 801.7 | Q38: 1220.38 | R38: 788.48 | S38: 1037.19 | T38: 604.57 | U38: 1076.32 | V38: 582.04 | X38: AM-Early | Y38: 1376.32 | Z38: 788.98 | AA38: 1222.04 | AB38: 714.2 | AC38: 907.38 | AD38: 993.03 | AE38: 1401.36 | AF38: 1058.65 | AG38: 1395.34 | AH38: 998.58 | AI38: 1404.14 | AJ38: 1010.35 | AK38: 1215.75 | AL38: 1068.1 | AM38: 1152.38 | AN38: 1025.1 | AO38: 1123.73 | AP38: 846.06 | AQ38: 1213.14 | AR38: 658.25 | AU38: AM-Early | AV38: 5059.93 | AW38: 3392.92 | AX38: 4548.26 | AY38: 3120 | AZ38: 3084.62 | BA38: 3914.67 | BB38: 5183.09 | BC38: 3701.35 | BD38: 5324.01 | BE38: 3777.42 | BF38: 5114.76 | BG38: 3838.65 | BH38: 4489.25 | BI38: 4054.9 | BJ38: 4313.12 | BK38: 3873.1 | BL38: 4220.48 | BM38: 3309.53 | BN38: 5090.11 | BO38: 3348.85 | BR38: AM-Early | BS38: 6436.25 | BT38: 4181.9 | BU38: 5770.3 | BV38: 3834.2 | BW38: 3992 | BX38: 4907.7 | BY38: 6584.45 | BZ38: 4760 | CA38: 6719.35 | CB38: 4776 | CC38: 6518.9 | CD38: 4849 | CE38: 5705 | CF38: 5123 | CG38: 5465.5 | CH38: 4898.2 | CI38: 5344.21 | CJ38: 4155.59 | CK38: 6303.25 | CL38: 4007.1
B39: AM-Peak | C39: 7741.92 | D39: 843.36 | E39: 10230.83 | F39: 111.65 | G39: 2010.33 | H39: 4344.8 | I39: 6040.36 | J39: 2650.72 | K39: 9291.18 | L39: 4022.55 | M39: 22241.64 | N39: 5456.12 | O39: 24838.84 | P39: 4488.07 | Q39: 26415.3 | R39: 5366.87 | S39: 6039.93 | T39: 3799.07 | U39: 6173.25 | V39: 3834.11 | X39: AM-Peak | Y39: 1618.45 | Z39: 435.85 | AA39: 1904.67 | AB39: 144.5 | AC39: 1240.12 | AD39: 1985.72 | AE39: 1677.05 | AF39: 1214.39 | AG39: 1667.87 | AH39: 431.83 | AI39: 1686.56 | AJ39: 1090.45 | AK39: 1825.77 | AL39: 1082.17 | AM39: 1529.09 | AN39: 1054.4 | AO39: 1173.18 | AP39: 925.11 | AQ39: 363.51 | AR39: 804.24 | AU39: AM-Peak | AV39: 6366.8 | AW39: 3120 | AX39: 6486.93 | AY39: 2759.65 | AZ39: 4470.83 | BA39: 6873.13 | BB39: 5984.26 | BC39: 4392.26 | BD39: 6498.11 | BE39: 5035.04 | BF39: 6981.84 | BG39: 4379.71 | BH39: 7081.24 | BI39: 4411.73 | BJ39: 6438.31 | BK39: 4233.56 | BL39: 4670.18 | BM39: 3814.59 | BN39: 4231.46 | BO39: 3344.55 | BR39: AM-Peak | BS39: 7985.25 | BT39: 3555.85 | BU39: 8391.6 | BV39: 2904.15 | BW39: 5710.95 | BX39: 8858.85 | BY39: 7661.31 | BZ39: 5606.65 | CA39: 8165.98 | CB39: 5466.87 | CC39: 8668.4 | CD39: 5470.16 | CE39: 8907.01 | CF39: 5493.9 | CG39: 7967.4 | CH39: 5287.97 | CI39: 5843.36 | CJ39: 4739.7 | CK39: 4594.97 | CL39: 4148.79
B40: AM-Shoulder | C40: 2087.92 | D40: 289.06 | E40: 1865.35 | F40: 208.5 | G40: 694.68 | H40: 760.98 | I40: 1224.25 | J40: 707.44 | K40: 1811.99 | L40: 725.52 | M40: 3600.27 | N40: 1231.72 | O40: 2869.21 | P40: 996.4 | Q40: 2111.37 | R40: 1155.32 | S40: 1039.84 | T40: 919.23 | U40: 1143.92 | V40: 1030.56 | X40: AM-Shoulder | Y40: 1561.56 | Z40: 745.85 | AA40: 1735.52 | AB40: 486.2 | AC40: 1365.55 | AD40: 1793.75 | AE40: 1530.43 | AF40: 1201.18 | AG40: 1504.57 | AH40: 1104.38 | AI40: 1517.09 | AJ40: 1055.63 | AK40: 1505.5 | AL40: 1039.34 | AM40: 1279.61 | AN40: 1002.26 | AO40: 1020.71 | AP40: 902.49 | AQ40: 903.13 | AR40: 839.87 | AU40: AM-Shoulder | AV40: 6535.44 | AW40: 3245.55 | AX40: 5944.97 | AY40: 3120 | AZ40: 5198.07 | BA40: 6606.25 | BB40: 5630.02 | BC40: 4621.5 | BD40: 6107.61 | BE40: 4524.46 | BF40: 6264 | BG40: 4417.41 | BH40: 6257.24 | BI40: 4418.07 | BJ40: 5273.11 | BK40: 4197.77 | BL40: 4207.74 | BM40: 3990.69 | BN40: 3880.86 | BO40: 3699.34 | BR40: AM-Shoulder | BS40: 8097 | BT40: 3991.4 | BU40: 7680.49 | BV40: 3606.2 | BW40: 6563.62 | BX40: 8400 | BY40: 7160.45 | BZ40: 5822.68 | CA40: 7612.18 | CB40: 5628.84 | CC40: 7781.09 | CD40: 5473.04 | CE40: 7762.73 | CF40: 5457.42 | CG40: 6552.71 | CH40: 5200.03 | CI40: 5228.44 | CJ40: 4893.18 | CK40: 4783.99 | CL40: 4539.21
B41: MD | C41: 6763.83 | D41: 4162.45 | E41: 4123.63 | F41: 1680.26 | G41: 1556.9 | H41: 2899.98 | I41: 1923.8 | J41: 4756.07 | K41: 4971.77 | L41: 5779.7 | M41: 7625.09 | N41: 6655.45 | O41: 5222.06 | P41: 4731.41 | Q41: 6123.5 | R41: 5585.26 | S41: 4979.12 | T41: 3943.7 | U41: 5502.24 | V41: 4317.76 | X41: MD | Y41: 1080.04 | Z41: 1197.25 | AA41: 1392.89 | AB41: 1313.06 | AC41: 979.24 | AD41: 1314.71 | AE41: 1224.78 | AF41: 1273.75 | AG41: 1341.73 | AH41: 1352.31 | AI41: 1251.16 | AJ41: 1254.25 | AK41: 1168.35 | AL41: 1216.97 | AM41: 1095.56 | AN41: 1060.87 | AO41: 1020.21 | AP41: 988.55 | AQ41: 956.56 | AR41: 975.48 | AU41: MD | AV41: 4330.96 | AW41: 4802.75 | AX41: 4543.11 | AY41: 4810.64 | AZ41: 3496.76 | BA41: 4617.01 | BB41: 4413.47 | BC41: 4528.25 | BD41: 5107.55 | BE41: 5217.69 | BF41: 4816.91 | BG41: 4861.85 | BH41: 4530.24 | BI41: 4724.33 | BJ41: 4323.53 | BK41: 4160.47 | BL41: 4067.79 | BM41: 3944.8 | BN41: 3929.29 | BO41: 4463.27 | BR41: MD | BS41: 5411 | BT41: 6000 | BU41: 5936 | BV41: 6123.7 | BW41: 4476 | BX41: 5931.71 | BY41: 5638.25 | BZ41: 5802 | CA41: 6449.29 | CB41: 6570 | CC41: 6068.06 | CD41: 6116.1 | CE41: 5698.59 | CF41: 5941.3 | CG41: 5419.09 | CH41: 5221.34 | CI41: 5088 | CJ41: 4933.35 | CK41: 4885.85 | CL41: 5438.75
B42: PM-Shoulder | C42: 1899.3 | D42: 1900.95 | E42: 1015.12 | F42: 1659.96 | G42: 672.61 | H42: 723.99 | I42: 566.64 | J42: 1938.07 | K42: 600.74 | L42: 2529.65 | M42: 1300.13 | N42: 2800.79 | O42: 1013.23 | P42: 1630.6 | Q42: 1318.9 | R42: 2151.39 | S42: 1115.57 | T42: 1656.07 | U42: 1230.99 | V42: 989.83 | X42: PM-Shoulder | Y42: 1364.68 | Z42: 1420.93 | AA42: 1607.16 | AB42: 1919.06 | AC42: 1167.37 | AD42: 1348.99 | AE42: 1178.77 | AF42: 1138.68 | AG42: 1207.62 | AH42: 1801.54 | AI42: 1289.06 | AJ42: 1683.8 | AK42: 1262.35 | AL42: 1536.77 | AM42: 1246.02 | AN42: 1519.53 | AO42: 1188.17 | AP42: 1465.56 | AQ42: 1066.47 | AR42: 1050.19 | AU42: PM-Shoulder | AV42: 5168.79 | AW42: 5237.35 | AX42: 5397.02 | AY42: 6204.82 | AZ42: 4297.11 | BA42: 4852.61 | BB42: 4089.37 | BC42: 4130.16 | BD42: 4194.59 | BE42: 6389.4 | BF42: 4508.95 | BG42: 5803.85 | BH42: 4442.68 | BI42: 5274.01 | BJ42: 4423.73 | BK42: 5279.85 | BL42: 4309.17 | BM42: 5031.14 | BN42: 3971.81 | BO42: 3660.86 | BR42: PM-Shoulder | BS42: 6533.47 | BT42: 6658.28 | BU42: 7004.18 | BV42: 8123.88 | BW42: 5464.48 | BX42: 6201.6 | BY42: 5268.14 | BZ42: 5268.84 | CA42: 5402.21 | CB42: 8190.94 | CC42: 5798 | CD42: 7487.65 | CE42: 5705.03 | CF42: 6810.78 | CG42: 5669.75 | CH42: 6799.37 | CI42: 5497.34 | CJ42: 6496.7 | CK42: 5038.28 | CL42: 4711.05
B43: PM-Peak | C43: 9418.01 | D43: 9865.04 | E43: 3673 | F43: 5639.95 | G43: 2494.19 | H43: 3576.8 | I43: 3560.33 | J43: 12306.65 | K43: 3406.11 | L43: 15339.06 | M43: 6748.91 | N43: 19733.44 | O43: 5403 | P43: 11048.97 | Q43: 8064.88 | R43: 9668.88 | S43: 5531.8 | T43: 5744.23 | U43: 6243 | V43: 5927.06 | X43: PM-Peak | Y43: 1634.08 | Z43: 1727.09 | AA43: 1495.14 | AB43: 1792.56 | AC43: 1218.7 | AD43: 1504.64 | AE43: 1301.02 | AF43: 1620.23 | AG43: 1283.57 | AH43: 2012.89 | AI43: 1325.28 | AJ43: 1862.78 | AK43: 1306.99 | AL43: 1680.4 | AM43: 1351.71 | AN43: 1466.67 | AO43: 1186.34 | AP43: 1226.72 | AQ43: 1089.44 | AR43: 1086.29 | AU43: PM-Peak | AV43: 6031.97 | AW43: 6445.06 | AX43: 5035.86 | AY43: 5996.46 | AZ43: 4414.55 | BA43: 5898.91 | BB43: 4641.98 | BC43: 5074.68 | BD43: 4573.33 | BE43: 7291.92 | BF43: 4750.02 | BG43: 6719.99 | BH43: 4727.47 | BI43: 6073.16 | BJ43: 4964.97 | BK43: 5321.85 | BL43: 4444.13 | BM43: 4521.44 | BN43: 4134.41 | BO43: 4051.37 | BR43: PM-Peak | BS43: 7666.05 | BT43: 8172.15 | BU43: 6531 | BV43: 7789.02 | BW43: 5633.25 | BX43: 7403.55 | BY43: 5943 | BZ43: 6694.91 | CA43: 5856.9 | CB43: 9304.81 | CC43: 6075.29 | CD43: 8582.77 | CE43: 6034.45 | CF43: 7753.56 | CG43: 6316.68 | CH43: 6788.52 | CI43: 5630.46 | CJ43: 5748.16 | CK43: 5223.86 | CL43: 5137.66
B44: PM-Late | C44: 1092.56 | D44: 1621.79 | E44: 117.17 | F44: 124.82 | G44: 33.91 | H44: 246.3 | I44: 123.99 | J44: 3019.15 | K44: 1428.01 | L44: 3507.29 | M44: 3491.94 | N44: 5897.42 | O44: 2975.93 | P44: 3468.04 | Q44: 2708.32 | R44: 3353 | S44: 2770.23 | T44: 2334.75 | U44: 3183.11 | V44: 2595.34 | X44: PM-Late | Y44: 761.66 | Z44: 958.09 | AA44: 150.67 | AB44: 160.55 | AC44: 113.57 | AD44: 483.35 | AE44: 129.63 | AF44: 888.56 | AG44: 628.01 | AH44: 923.43 | AI44: 610.41 | AJ44: 927.5 | AK44: 599.46 | AL44: 816.71 | AM44: 171.35 | AN44: 635.47 | AO44: 546.27 | AP44: 552.39 | AQ44: 559.38 | AR44: 572.24 | AU44: PM-Late | AV44: 3015.34 | AW44: 3666.91 | AX44: 2888.38 | AY44: 3078.95 | AZ44: 2223.43 | BA44: 3120 | BB44: 2554.12 | BC44: 3358.44 | BD44: 2556.99 | BE44: 3457.57 | BF44: 2494.59 | BG44: 3463.5 | BH44: 2475.54 | BI44: 3122.29 | BJ44: 2769.65 | BK44: 2540.53 | BL44: 2238.73 | BM44: 2284.61 | BN44: 2324.62 | BO44: 2465.76 | BR44: PM-Late | BS44: 3777 | BT44: 4625 | BU44: 3039.05 | BV44: 3239.5 | BW44: 2337 | BX44: 3603.35 | BY44: 2683.75 | BZ44: 4247 | CA44: 3185 | CB44: 4381 | CC44: 3105 | CD44: 4391 | CE44: 3075 | CF44: 3939 | CG44: 2941 | CH44: 3176 | CI44: 2785 | CJ44: 2837 | CK44: 2884 | CL44: 3038
B47: Revenue Per Period Lights | X47: ML V/C | AU47: GP V/C real | BR47: Highway Vol / GP Capacity
B48: Direction | C48: NB | D48: SB | E48: NB | F48: SB | G48: NB | H48: SB | I48: NB | J48: SB | K48: NB | L48: SB | M48: NB | N48: SB | O48: NB | P48: SB | Q48: NB | R48: SB | S48: NB | T48: SB | U48: NB | V48: SB | X48: Direction | Y48: NB | Z48: SB | AA48: NB | AB48: SB | AC48: NB | AD48: SB | AE48: NB | AF48: SB | AG48: NB | AH48: SB | AI48: NB | AJ48: SB | AK48: NB | AL48: SB | AM48: NB | AN48: SB | AO48: NB | AP48: SB | AQ48: NB | AR48: SB | AU48: Direction | AV48: NB | AW48: SB | AX48: NB | AY48: SB | AZ48: NB | BA48: SB | BB48: NB | BC48: SB | BD48: NB | BE48: SB | BF48: NB | BG48: SB | BH48: NB | BI48: SB | BJ48: NB | BK48: SB | BL48: NB | BM48: SB | BN48: NB | BO48: SB | BR48: Direction | BS48: NB | BT48: SB | BU48: NB | BV48: SB | BW48: NB | BX48: SB | BY48: NB | BZ48: SB | CA48: NB | CB48: SB | CC48: NB | CD48: SB | CE48: NB | CF48: SB | CG48: NB | CH48: SB | CI48: NB | CJ48: SB | CK48: NB | CL48: SB
B49: Segment | C49: 1 | D49: 1 | E49: 2 | F49: 2 | G49: 3 | H49: 3 | I49: 4 | J49: 4 | K49: 5 | L49: 5 | M49: 6 | N49: 6 | O49: 7 | P49: 7 | Q49: 8 | R49: 8 | S49: 9 | T49: 9 | U49: 10 | V49: 10 | X49: Segment | Y49: 1 | Z49: 1 | AA49: 2 | AB49: 2 | AC49: 3 | AD49: 3 | AE49: 4 | AF49: 4 | AG49: 5 | AH49: 5 | AI49: 6 | AJ49: 6 | AK49: 7 | AL49: 7 | AM49: 8 | AN49: 8 | AO49: 9 | AP49: 9 | AQ49: 10 | AR49: 10 | AU49: Segment | AV49: 1 | AW49: 1 | AX49: 2 | AY49: 2 | AZ49: 3 | BA49: 3 | BB49: 4 | BC49: 4 | BD49: 5 | BE49: 5 | BF49: 6 | BG49: 6 | BH49: 7 | BI49: 7 | BJ49: 8 | BK49: 8 | BL49: 9 | BM49: 9 | BN49: 10 | BO49: 10 | BR49: Segment | BS49: 1 | BT49: 1 | BU49: 2 | BV49: 2 | BW49: 3 | BX49: 3 | BY49: 4 | BZ49: 4 | CA49: 5 | CB49: 5 | CC49: 6 | CD49: 6 | CE49: 7 | CF49: 7 | CG49: 8 | CH49: 8 | CI49: 9 | CJ49: 9 | CK49: 10 | CL49: 10
B50: Period | X50: Period | AU50: Period | BR50: Period
B51: Night | C51: 120.77 | D51: 117.31 | E51: 113.3 | F51: 102.74 | G51: 32.69 | H51: 41.56 | I51: 139.38 | J51: 636.52 | K51: 973.06 | L51: 802.37 | M51: 1798.68 | N51: 1435.8 | O51: 1375.85 | P51: 1086.46 | Q51: 1750.49 | R51: 1534.71 | S51: 1382.3 | T51: 854.51 | U51: 1697.98 | V51: 1099.22 | X51: Night | Y51: 0.03 | Z51: 0.03 | AA51: 0.02 | AB51: 0.02 | AC51: 0.02 | AD51: 0.03 | AE51: 0.03 | AF51: 0.05 | AG51: 0.06 | AH51: 0.05 | AI51: 0.06 | AJ51: 0.05 | AK51: 0.06 | AL51: 0.05 | AM51: 0.06 | AN51: 0.05 | AO51: 0.05 | AP51: 0.04 | AQ51: 0.05 | AR51: 0.04 | AU51: Night | AV51: 0.23 | AW51: 0.23 | AX51: 0.23 | AY51: 0.23 | AZ51: 0.23 | BA51: 0.23 | BB51: 0.22 | BC51: 0.58 | BD51: 0.55 | BE51: 0.59 | BF51: 0.65 | BG51: 0.58 | BH51: 0.66 | BI51: 0.56 | BJ51: 0.61 | BK51: 0.57 | BL51: 0.55 | BM51: 0.43 | BN51: 0.56 | BO51: 0.44 | BR51: Night | BS51: 0.24 | BT51: 0.24 | BU51: 0.24 | BV51: 0.24 | BW51: 0.24 | BX51: 0.24 | BY51: 0.23 | BZ51: 0.65 | CA51: 0.6 | CB51: 0.65 | CC51: 0.72 | CD51: 0.64 | CE51: 0.72 | CF51: 0.62 | CG51: 0.67 | CH51: 0.63 | CI51: 0.61 | CJ51: 0.47 | CK51: 0.62 | CL51: 0.49
B52: AM-Early | C52: 308.52 | D52: 163.2 | E52: 289.58 | F52: 164.62 | G52: 98 | H52: 80.92 | I52: 396.99 | J52: 414.25 | K52: 490.82 | L52: 371.04 | M52: 1087.71 | N52: 690.92 | O52: 884.34 | P52: 663.9 | Q52: 1051.69 | R52: 670.52 | S52: 909.03 | T52: 490.01 | U52: 922.06 | V52: 460.88 | X52: AM-Early | Y52: 0.38 | Z52: 0.22 | AA52: 0.34 | AB52: 0.2 | AC52: 0.25 | AD52: 0.28 | AE52: 0.39 | AF52: 0.29 | AG52: 0.39 | AH52: 0.28 | AI52: 0.39 | AJ52: 0.28 | AK52: 0.34 | AL52: 0.3 | AM52: 0.32 | AN52: 0.28 | AO52: 0.31 | AP52: 0.24 | AQ52: 0.34 | AR52: 0.18 | AU52: AM-Early | AV52: 0.49 | AW52: 0.33 | AX52: 0.44 | AY52: 0.3 | AZ52: 0.4 | BA52: 0.38 | BB52: 0.5 | BC52: 0.51 | BD52: 0.54 | BE52: 0.47 | BF52: 0.57 | BG52: 0.48 | BH52: 0.56 | BI52: 0.51 | BJ52: 0.54 | BK52: 0.45 | BL52: 0.53 | BM52: 0.41 | BN52: 0.49 | BO52: 0.34 | BR52: AM-Early | BS52: 0.62 | BT52: 0.4 | BU52: 0.55 | BV52: 0.37 | BW52: 0.52 | BX52: 0.47 | BY52: 0.63 | BZ52: 0.65 | CA52: 0.68 | CB52: 0.6 | CC52: 0.72 | CD52: 0.61 | CE52: 0.71 | CF52: 0.64 | CG52: 0.68 | CH52: 0.57 | CI52: 0.67 | CJ52: 0.52 | CK52: 0.61 | CL52: 0.4
B53: AM-Peak | C53: 6416.86 | D53: 641.21 | E53: 8982.9 | F53: 88.25 | G53: 1633.54 | H53: 3374.1 | I53: 4996.95 | J53: 2024.41 | K53: 7532.36 | L53: 2718.03 | M53: 18154.51 | N53: 4039.79 | O53: 19708.14 | P53: 3400.48 | Q53: 20949.48 | R53: 4196.08 | S53: 4869.43 | T53: 2778.11 | U53: 4370.67 | V53: 2938.18 | X53: AM-Peak | Y53: 0.45 | Z53: 0.12 | AA53: 0.53 | AB53: 0.04 | AC53: 0.34 | AD53: 0.55 | AE53: 0.47 | AF53: 0.34 | AG53: 0.46 | AH53: 0.12 | AI53: 0.47 | AJ53: 0.3 | AK53: 0.51 | AL53: 0.3 | AM53: 0.42 | AN53: 0.29 | AO53: 0.33 | AP53: 0.26 | AQ53: 0.1 | AR53: 0.22 | AU53: AM-Peak | AV53: 0.84 | AW53: 0.3 | AX53: 0.89 | AY53: 0.27 | AZ53: 0.77 | BA53: 0.91 | BB53: 0.75 | BC53: 0.55 | BD53: 0.81 | BE53: 0.63 | BF53: 0.87 | BG53: 0.55 | BH53: 0.95 | BI53: 0.55 | BJ53: 0.91 | BK53: 0.53 | BL53: 0.58 | BM53: 0.48 | BN53: 0.53 | BO53: 0.42 | BR53: AM-Peak | BS53: 1.05 | BT53: 0.34 | BU53: 1.15 | BV53: 0.28 | BW53: 0.98 | BX53: 1.18 | BY53: 0.96 | BZ53: 0.7 | CA53: 1.02 | CB53: 0.68 | CC53: 1.08 | CD53: 0.68 | CE53: 1.2 | CF53: 0.69 | CG53: 1.13 | CH53: 0.66 | CI53: 0.73 | CJ53: 0.59 | CK53: 0.57 | CL53: 0.52
B54: AM-Shoulder | C54: 1665.47 | D54: 228.74 | E54: 1629.1 | F54: 168.97 | G54: 560.36 | H54: 620.64 | I54: 961.39 | J54: 558.7 | K54: 1420.8 | L54: 552.03 | M54: 2806.78 | N54: 924.71 | O54: 2196.34 | P54: 767.77 | Q54: 1605.07 | R54: 873.64 | S54: 797.52 | T54: 699.12 | U54: 865.11 | V54: 785.9 | X54: AM-Shoulder | Y54: 0.43 | Z54: 0.21 | AA54: 0.48 | AB54: 0.14 | AC54: 0.38 | AD54: 0.5 | AE54: 0.43 | AF54: 0.33 | AG54: 0.42 | AH54: 0.31 | AI54: 0.42 | AJ54: 0.29 | AK54: 0.42 | AL54: 0.29 | AM54: 0.36 | AN54: 0.28 | AO54: 0.28 | AP54: 0.25 | AQ54: 0.25 | AR54: 0.23 | AU54: AM-Shoulder | AV54: 0.85 | AW54: 0.41 | AX54: 0.81 | AY54: 0.3 | AZ54: 0.83 | BA54: 0.83 | BB54: 0.7 | BC54: 0.58 | BD54: 0.76 | BE54: 0.57 | BF54: 0.78 | BG54: 0.55 | BH54: 0.78 | BI54: 0.55 | BJ54: 0.66 | BK54: 0.52 | BL54: 0.53 | BM54: 0.5 | BN54: 0.49 | BO54: 0.46 | BR54: AM-Shoulder | BS54: 1.05 | BT54: 0.5 | BU54: 1.05 | BV54: 0.35 | BW54: 1.05 | BX54: 1.05 | BY54: 0.9 | BZ54: 0.73 | CA54: 0.95 | CB54: 0.7 | CC54: 0.97 | CD54: 0.68 | CE54: 0.97 | CF54: 0.68 | CG54: 0.82 | CH54: 0.65 | CI54: 0.65 | CJ54: 0.61 | CK54: 0.6 | CL54: 0.57
B55: MD | C55: 5610.27 | D55: 3469.53 | E55: 3628.92 | F55: 1473.16 | G55: 1308.27 | H55: 2460.96 | I55: 1561.29 | J55: 3872.37 | K55: 4011.12 | L55: 4741.84 | M55: 6180.55 | N55: 5504.82 | O55: 4193.3 | P55: 3917.97 | Q55: 4889.83 | R55: 4532.95 | S55: 3914.85 | T55: 3275.17 | U55: 4382.36 | V55: 3511.37 | X55: MD | Y55: 0.3 | Z55: 0.33 | AA55: 0.39 | AB55: 0.36 | AC55: 0.27 | AD55: 0.37 | AE55: 0.34 | AF55: 0.35 | AG55: 0.37 | AH55: 0.38 | AI55: 0.35 | AJ55: 0.35 | AK55: 0.32 | AL55: 0.34 | AM55: 0.3 | AN55: 0.29 | AO55: 0.28 | AP55: 0.27 | AQ55: 0.27 | AR55: 0.27 | AU55: MD | AV55: 0.8 | AW55: 0.65 | AX55: 0.65 | AY55: 0.46 | AZ55: 0.67 | BA55: 0.79 | BB55: 0.46 | BC55: 0.65 | BD55: 0.64 | BE55: 0.67 | BF55: 0.6 | BG55: 0.57 | BH55: 0.57 | BI55: 0.55 | BJ55: 0.54 | BK55: 0.52 | BL55: 0.52 | BM55: 0.47 | BN55: 0.48 | BO55: 0.43 | BR55: MD | BS55: 0.99 | BT55: 0.82 | BU55: 0.84 | BV55: 0.59 | BW55: 0.86 | BX55: 1.02 | BY55: 0.59 | BZ55: 0.83 | CA55: 0.81 | CB55: 0.84 | CC55: 0.76 | CD55: 0.72 | CE55: 0.71 | CF55: 0.69 | CG55: 0.68 | CH55: 0.65 | CI55: 0.65 | CJ55: 0.59 | CK55: 0.6 | CL55: 0.52
B56: PM-Shoulder | C56: 1639.24 | D56: 1680.33 | E56: 925.38 | F56: 1524.19 | G56: 581.53 | H56: 649.68 | I56: 488.15 | J56: 1704.67 | K56: 519.22 | L56: 2210.85 | M56: 1106.35 | N56: 2469.88 | O56: 866.22 | P56: 1457.33 | Q56: 1122.63 | R56: 1875.23 | S56: 932.46 | T56: 1491.62 | U56: 1033.98 | V56: 865.51 | X56: PM-Shoulder | Y56: 0.38 | Z56: 0.39 | AA56: 0.45 | AB56: 0.53 | AC56: 0.32 | AD56: 0.37 | AE56: 0.33 | AF56: 0.32 | AG56: 0.34 | AH56: 0.5 | AI56: 0.36 | AJ56: 0.47 | AK56: 0.35 | AL56: 0.43 | AM56: 0.35 | AN56: 0.42 | AO56: 0.33 | AP56: 0.41 | AQ56: 0.3 | AR56: 0.29 | AU56: PM-Shoulder | AV56: 0.83 | AW56: 0.83 | AX56: 0.67 | AY56: 0.78 | AZ56: 0.83 | BA56: 0.82 | BB56: 0.51 | BC56: 0.82 | BD56: 0.52 | BE56: 0.82 | BF56: 0.56 | BG56: 0.73 | BH56: 0.56 | BI56: 0.66 | BJ56: 0.55 | BK56: 0.66 | BL56: 0.54 | BM56: 0.63 | BN56: 0.5 | BO56: 0.46 | BR56: PM-Shoulder | BS56: 1.05 | BT56: 1.05 | BU56: 0.88 | BV56: 1.02 | BW56: 1.05 | BX56: 1.05 | BY56: 0.66 | BZ56: 1.05 | CA56: 0.68 | CB56: 1.05 | CC56: 0.72 | CD56: 0.94 | CE56: 0.71 | CF56: 0.85 | CG56: 0.71 | CH56: 0.85 | CI56: 0.69 | CJ56: 0.81 | CK56: 0.63 | CL56: 0.59
B57: PM-Peak | C57: 8425.17 | D57: 8722.31 | E57: 3402.19 | F57: 5247.76 | G57: 2216.42 | H57: 3207.06 | I57: 3151.87 | J57: 11021.26 | K57: 3001.64 | L57: 13644.05 | M57: 5955.18 | N57: 17678.85 | O57: 4800.64 | P57: 9960.74 | Q57: 7099.94 | R57: 8546.35 | S57: 4797.13 | T57: 5151.79 | U57: 5450.87 | V57: 5231.95 | X57: PM-Peak | Y57: 0.45 | Z57: 0.48 | AA57: 0.42 | AB57: 0.5 | AC57: 0.34 | AD57: 0.42 | AE57: 0.36 | AF57: 0.45 | AG57: 0.36 | AH57: 0.56 | AI57: 0.37 | AJ57: 0.52 | AK57: 0.36 | AL57: 0.47 | AM57: 0.38 | AN57: 0.41 | AO57: 0.33 | AP57: 0.34 | AQ57: 0.3 | AR57: 0.3 | AU57: PM-Peak | AV57: 0.87 | AW57: 0.88 | AX57: 0.65 | AY57: 0.75 | AZ57: 0.8 | BA57: 0.87 | BB57: 0.6 | BC57: 0.91 | BD57: 0.57 | BE57: 0.91 | BF57: 0.59 | BG57: 0.84 | BH57: 0.59 | BI57: 0.76 | BJ57: 0.62 | BK57: 0.67 | BL57: 0.56 | BM57: 0.57 | BN57: 0.52 | BO57: 0.51 | BR57: PM-Peak | BS57: 1.11 | BT57: 1.12 | BU57: 0.84 | BV57: 0.97 | BW57: 1.02 | BX57: 1.09 | BY57: 0.77 | BZ57: 1.2 | CA57: 0.73 | CB57: 1.16 | CC57: 0.76 | CD57: 1.07 | CE57: 0.75 | CF57: 0.97 | CG57: 0.79 | CH57: 0.85 | CI57: 0.7 | CJ57: 0.72 | CK57: 0.65 | CL57: 0.64
B58: PM-Late | C58: 970.21 | D58: 1487.04 | E58: 102.63 | F58: 108.89 | G58: 25.22 | H58: 223.02 | I58: 90.11 | J58: 2798.41 | K58: 1268.63 | L58: 3278.02 | M58: 3140.06 | N58: 5502.98 | O58: 2661.02 | P58: 3187.71 | Q58: 1565.34 | R58: 3044.39 | S58: 2448.36 | T58: 2107.06 | U58: 2812.15 | V58: 2300.74 | X58: PM-Late | Y58: 0.21 | Z58: 0.27 | AA58: 0.04 | AB58: 0.04 | AC58: 0.03 | AD58: 0.13 | AE58: 0.04 | AF58: 0.25 | AG58: 0.17 | AH58: 0.26 | AI58: 0.17 | AJ58: 0.26 | AK58: 0.17 | AL58: 0.23 | AM58: 0.05 | AN58: 0.18 | AO58: 0.15 | AP58: 0.15 | AQ58: 0.16 | AR58: 0.16 | AU58: PM-Late | AV58: 0.45 | AW58: 0.54 | AX58: 0.28 | AY58: 0.3 | AZ58: 0.23 | BA58: 0.3 | BB58: 0.25 | BC58: 0.68 | BD58: 0.48 | BE58: 0.68 | BF58: 0.57 | BG58: 0.66 | BH58: 0.6 | BI58: 0.59 | BJ58: 0.66 | BK58: 0.54 | BL58: 0.54 | BM58: 0.48 | BN58: 0.49 | BO58: 0.43 | BR58: PM-Late | BS58: 0.56 | BT58: 0.68 | BU58: 0.29 | BV58: 0.31 | BW58: 0.24 | BX58: 0.35 | BY58: 0.26 | BZ58: 0.85 | CA58: 0.59 | CB58: 0.87 | CC58: 0.71 | CD58: 0.84 | CE58: 0.74 | CF58: 0.75 | CG58: 0.7 | CH58: 0.67 | CI58: 0.67 | CJ58: 0.6 | CK58: 0.61 | CL58: 0.53
B61: Revenue Per Period Medium A | X61: ML Speed | AU61: GP Speed | BR61: Time Saving
B62: Direction | C62: NB | D62: SB | E62: NB | F62: SB | G62: NB | H62: SB | I62: NB | J62: SB | K62: NB | L62: SB | M62: NB | N62: SB | O62: NB | P62: SB | Q62: NB | R62: SB | S62: NB | T62: SB | U62: NB | V62: SB | X62: Direction | Y62: NB | Z62: SB | AA62: NB | AB62: SB | AC62: NB | AD62: SB | AE62: NB | AF62: SB | AG62: NB | AH62: SB | AI62: NB | AJ62: SB | AK62: NB | AL62: SB | AM62: NB | AN62: SB | AO62: NB | AP62: SB | AQ62: NB | AR62: SB | AU62: Direction | AV62: NB | AW62: SB | AX62: NB | AY62: SB | AZ62: NB | BA62: SB | BB62: NB | BC62: SB | BD62: NB | BE62: SB | BF62: NB | BG62: SB | BH62: NB | BI62: SB | BJ62: NB | BK62: SB | BL62: NB | BM62: SB | BN62: NB | BO62: SB | BR62: Direction | BS62: NB | BT62: SB | BU62: NB | BV62: SB | BW62: NB | BX62: SB | BY62: NB | BZ62: SB | CA62: NB | CB62: SB | CC62: NB | CD62: SB | CE62: NB | CF62: SB | CG62: NB | CH62: SB | CI62: NB | CJ62: SB | CK62: NB | CL62: SB
B63: Segment | C63: 1 | D63: 1 | E63: 2 | F63: 2 | G63: 3 | H63: 3 | I63: 4 | J63: 4 | K63: 5 | L63: 5 | M63: 6 | N63: 6 | O63: 7 | P63: 7 | Q63: 8 | R63: 8 | S63: 9 | T63: 9 | U63: 10 | V63: 10 | X63: Segment | Y63: 1 | Z63: 1 | AA63: 2 | AB63: 2 | AC63: 3 | AD63: 3 | AE63: 4 | AF63: 4 | AG63: 5 | AH63: 5 | AI63: 6 | AJ63: 6 | AK63: 7 | AL63: 7 | AM63: 8 | AN63: 8 | AO63: 9 | AP63: 9 | AQ63: 10 | AR63: 10 | AU63: Segment | AV63: 1 | AW63: 1 | AX63: 2 | AY63: 2 | AZ63: 3 | BA63: 3 | BB63: 4 | BC63: 4 | BD63: 5 | BE63: 5 | BF63: 6 | BG63: 6 | BH63: 7 | BI63: 7 | BJ63: 8 | BK63: 8 | BL63: 9 | BM63: 9 | BN63: 10 | BO63: 10 | BR63: Segment | BS63: 1 | BT63: 1 | BU63: 2 | BV63: 2 | BW63: 3 | BX63: 3 | BY63: 4 | BZ63: 4 | CA63: 5 | CB63: 5 | CC63: 6 | CD63: 6 | CE63: 7 | CF63: 7 | CG63: 8 | CH63: 8 | CI63: 9 | CJ63: 9 | CK63: 10 | CL63: 10
B64: Period | X64: Period | AU64: Period | BR64: Period
B65: Night | C65: 8 | D65: 8.43 | E65: 5.46 | F65: 5.46 | G65: 2.28 | H65: 3.41 | I65: 8.25 | J65: 60.48 | K65: 62.16 | L65: 57.12 | M65: 105.84 | N65: 105.84 | O65: 99.88 | P65: 77.95 | Q65: 102.14 | R65: 98.95 | S65: 102.82 | T65: 82.82 | U65: 136.08 | V65: 120.96 | X65: Night | Y65: 60 | Z65: 60 | AA65: 60 | AB65: 60 | AC65: 60 | AD65: 60 | AE65: 70 | AF65: 70 | AG65: 70 | AH65: 70 | AI65: 70 | AJ65: 70 | AK65: 70 | AL65: 70 | AM65: 70 | AN65: 70 | AO65: 70 | AP65: 70 | AQ65: 70 | AR65: 70 | AU65: Night | AV65: 54.99 | AW65: 54.99 | AX65: 54.99 | AY65: 54.99 | AZ65: 54.99 | BA65: 54.99 | BB65: 64.99 | BC65: 62.52 | BD65: 68.2 | BE65: 67.18 | BF65: 64.93 | BG65: 67.48 | BH65: 64.85 | BI65: 67.98 | BJ65: 66.71 | BK65: 67.75 | BL65: 68.08 | BM65: 69.58 | BN65: 67.99 | BO65: 69.47 | BR65: Night | BS65: -0.12 | BT65: -0.12 | BU65: -0.12 | BV65: -0.12 | BW65: -0.05 | BX65: -0.05 | BY65: -0.11 | BZ65: -0.16 | CA65: -0.05 | CB65: -0.07 | CC65: -0.24 | CD65: -0.12 | CE65: -0.2 | CF65: -0.07 | CG65: -0.16 | CH65: -0.11 | CI65: -0.08 | CJ65: -0.02 | CK65: -0.11 | CL65: -0.03
B66: AM-Early | C66: 29.84 | D66: 21.88 | E66: 14.37 | F66: 15 | G66: 8.29 | H66: 10.33 | I66: 28.55 | J66: 67.77 | K66: 38.14 | L66: 60.63 | M66: 86.82 | N66: 123.81 | O66: 88.16 | P66: 87.61 | Q66: 103.94 | R66: 73.29 | S66: 77.42 | T66: 67.56 | U66: 93.17 | V66: 66.51 | X66: AM-Early | Y66: 59.78 | Z66: 59.99 | AA66: 59.89 | AB66: 60 | AC66: 59.98 | AD66: 59.97 | AE66: 69.71 | AF66: 69.95 | AG66: 69.72 | AH66: 69.97 | AI66: 69.7 | AJ66: 69.96 | AK66: 69.88 | AL66: 69.95 | AM66: 69.91 | AN66: 69.96 | AO66: 69.93 | AP66: 69.99 | AQ66: 69.88 | AR66: 70 | AU66: AM-Early | AV66: 54.28 | AW66: 54.93 | AX66: 54.62 | AY66: 54.96 | AZ66: 54.76 | BA66: 54.84 | BB66: 64.02 | BC66: 63.91 | BD66: 68.4 | BE66: 69.23 | BF66: 67.71 | BG66: 69.15 | BH66: 67.88 | BI66: 68.83 | BJ66: 68.32 | BK66: 69.4 | BL66: 68.52 | BM66: 69.65 | BN66: 69.05 | BO66: 69.9 | BR66: AM-Early | BS66: -0.13 | BT66: -0.12 | BU66: -0.13 | BV66: -0.12 | BW66: -0.05 | BX66: -0.05 | BY66: -0.12 | BZ66: -0.13 | CA66: -0.03 | CB66: -0.02 | CC66: -0.09 | CD66: -0.04 | CE66: -0.07 | CF66: -0.04 | CG66: -0.08 | CH66: -0.03 | CI66: -0.06 | CJ66: -0.01 | CK66: -0.05 | CL66: -0.01
B67: AM-Peak | C67: 851.07 | D67: 107.17 | E67: 886.72 | F67: 7.41 | G67: 251.35 | H67: 679.24 | I67: 664.64 | J67: 397.86 | K67: 1192.32 | L67: 709.04 | M67: 2724.45 | N67: 959.11 | O67: 3389.45 | P67: 696.24 | Q67: 3530.91 | R67: 746.34 | S67: 762.73 | T67: 660.65 | U67: 877.65 | V67: 550.32 | X67: AM-Peak | Y67: 59.38 | Z67: 60 | AA67: 58.31 | AB67: 60 | AC67: 59.88 | AD67: 57.82 | AE67: 69.1 | AF67: 69.88 | AG67: 69.13 | AH67: 70 | AI67: 69.07 | AJ67: 69.94 | AK67: 68.48 | AL67: 69.94 | AM67: 69.49 | AN67: 69.95 | AO67: 69.9 | AP67: 69.98 | AQ67: 70 | AR67: 69.99 | AU67: AM-Peak | AV67: 40.81 | AW67: 54.96 | AX67: 36.84 | AY67: 54.98 | AZ67: 45.77 | BA67: 34.75 | BB67: 55.31 | BC67: 63.27 | BD67: 54.38 | BE67: 65.9 | BF67: 48.55 | BG67: 68.16 | BH67: 39.91 | BI67: 68.09 | BJ67: 44.4 | BK67: 68.5 | BL67: 67.33 | BM67: 69.19 | BN67: 68.5 | BO67: 69.63 | BR67: AM-Peak | BS67: -0.6 | BT67: -0.12 | BU67: -0.78 | BV67: -0.12 | BW67: -0.15 | BX67: -0.34 | BY67: -0.35 | BZ67: -0.14 | CA67: -0.47 | CB67: -0.11 | CC67: -1.32 | CD67: -0.08 | CE67: -1.82 | CF67: -0.07 | CG67: -1.85 | CH67: -0.07 | CI67: -0.11 | CJ67: -0.03 | CK67: -0.08 | CL67: -0.02
B68: AM-Shoulder | C68: 250.01 | D68: 31.18 | E68: 149.37 | F68: 23.08 | G68: 80.71 | H68: 84.24 | I68: 157.65 | J68: 81.39 | K68: 225.96 | L68: 106 | M68: 475.37 | N68: 191.86 | O68: 398.14 | P68: 131.71 | Q68: 295.33 | R68: 162.72 | S68: 138.73 | T68: 120.34 | U68: 156.53 | V68: 128.98 | X68: AM-Shoulder | Y68: 59.51 | Z68: 60 | AA68: 59.05 | AB68: 60 | AC68: 59.79 | AD68: 58.83 | AE68: 69.49 | AF68: 69.89 | AG68: 69.54 | AH68: 69.93 | AI68: 69.52 | AJ68: 69.95 | AK68: 69.54 | AL68: 69.96 | AM68: 69.83 | AN68: 69.96 | AO68: 69.96 | AP68: 69.98 | AQ68: 69.98 | AR68: 69.99 | AU68: AM-Shoulder | AV68: 40.13 | AW68: 54.76 | AX68: 42.7 | AY68: 54.96 | AZ68: 41.33 | BA68: 41.76 | BB68: 57.96 | BC68: 62.67 | BD68: 58.43 | BE68: 67.78 | BF68: 56.89 | BG68: 68.07 | BH68: 56.96 | BI68: 68.07 | BJ68: 64.69 | BK68: 68.57 | BL68: 68.55 | BM68: 68.94 | BN68: 69.1 | BO68: 69.32 | BR68: AM-Shoulder | BS68: -0.63 | BT68: -0.12 | BU68: -0.51 | BV68: -0.12 | BW68: -0.22 | BX68: -0.21 | BY68: -0.27 | BZ68: -0.16 | CA68: -0.33 | CB68: -0.05 | CC68: -0.69 | CD68: -0.09 | CE68: -0.55 | CF68: -0.07 | CG68: -0.26 | CH68: -0.07 | CI68: -0.06 | CJ68: -0.04 | CK68: -0.05 | CL68: -0.04
B69: MD | C69: 671.17 | D69: 389.27 | E69: 343.51 | F69: 148.18 | G69: 151.64 | H69: 255.79 | I69: 225.61 | J69: 544.98 | K69: 612.69 | L69: 632.3 | M69: 938.66 | N69: 714.24 | O69: 648.25 | P69: 485.89 | Q69: 751.16 | R69: 628.77 | S69: 642.56 | T69: 367.49 | U69: 642.11 | V69: 441.68 | X69: MD | Y69: 59.95 | Z69: 59.91 | AA69: 59.76 | AB69: 59.83 | AC69: 59.97 | AD69: 59.83 | AE69: 69.87 | AF69: 69.84 | AG69: 69.78 | AH69: 69.77 | AI69: 69.86 | AJ69: 69.85 | AK69: 69.91 | AL69: 69.88 | AM69: 69.94 | AN69: 69.95 | AO69: 69.96 | AP69: 69.97 | AQ69: 69.97 | AR69: 69.97 | AU69: MD | AV69: 43.86 | AW69: 50.98 | AX69: 51.26 | AY69: 54.47 | AZ69: 50.42 | BA69: 43.98 | BB69: 64.38 | BC69: 60.44 | BD69: 65.56 | BE69: 64.2 | BF69: 66.82 | BG69: 67.57 | BH69: 67.77 | BI69: 68.14 | BJ69: 68.3 | BK69: 68.64 | BL69: 68.66 | BM69: 69.25 | BN69: 69.16 | BO69: 69.57 | BR69: MD | BS69: -0.48 | BT69: -0.23 | BU69: -0.22 | BV69: -0.13 | BW69: -0.09 | BX69: -0.18 | BY69: -0.12 | BZ69: -0.21 | CA69: -0.11 | CB69: -0.15 | CC69: -0.14 | CD69: -0.1 | CE69: -0.08 | CF69: -0.06 | CG69: -0.08 | CH69: -0.06 | CI69: -0.06 | CJ69: -0.03 | CK69: -0.05 | CL69: -0.02
B70: PM-Shoulder | C70: 141.83 | D70: 132.39 | E70: 58.84 | F70: 109.48 | G70: 54.53 | H70: 43.04 | I70: 53.92 | J70: 140.62 | K70: 55.77 | L70: 209.22 | M70: 133.62 | N70: 230.03 | O70: 97.08 | P70: 116.75 | Q70: 129.97 | R70: 187.14 | S70: 117.86 | T70: 110.43 | U70: 121.45 | V70: 82.38 | X70: PM-Shoulder | Y70: 59.79 | Z70: 59.73 | AA70: 59.41 | AB70: 58.23 | AC70: 59.92 | AD70: 59.8 | AE70: 69.9 | AF70: 69.92 | AG70: 69.89 | AH70: 68.6 | AI70: 69.83 | AJ70: 69.08 | AK70: 69.85 | AL70: 69.48 | AM70: 69.86 | AN70: 69.51 | AO70: 69.9 | AP70: 69.61 | AQ70: 69.95 | AR70: 69.95 | AU70: PM-Shoulder | AV70: 41.4 | AW70: 41.75 | AX70: 50.26 | AY70: 45.17 | AZ70: 41.77 | BA70: 42.06 | BB70: 63.86 | BC70: 49.58 | BD70: 68.58 | BE70: 53.77 | BF70: 67.83 | BG70: 61.09 | BH70: 68.01 | BI70: 64.69 | BJ70: 68.05 | BK70: 64.66 | BL70: 68.33 | BM70: 65.92 | BN70: 68.97 | BO70: 69.36 | BR70: PM-Shoulder | BS70: -0.58 | BT70: -0.56 | BU70: -0.24 | BV70: -0.39 | BW70: -0.22 | BX70: -0.21 | BY70: -0.13 | BZ70: -0.56 | CA70: -0.03 | CB70: -0.48 | CC70: -0.09 | CD70: -0.41 | CE70: -0.07 | CF70: -0.19 | CG70: -0.09 | CH70: -0.25 | CI70: -0.07 | CJ70: -0.16 | CK70: -0.05 | CL70: -0.03
B71: PM-Peak | C71: 553.51 | D71: 659.33 | E71: 179.46 | F71: 265.6 | G71: 164.95 | H71: 197.04 | I71: 253.31 | J71: 763.68 | K71: 254.1 | L71: 1060.59 | M71: 505.47 | N71: 1282.92 | O71: 365.5 | P71: 635.5 | Q71: 567.5 | R71: 685.75 | S71: 427.17 | T71: 330.53 | U71: 437.58 | V71: 403.32 | X71: PM-Peak | Y71: 59.34 | Z71: 59.08 | AA71: 59.62 | AB71: 58.84 | AC71: 59.9 | AD71: 59.61 | AE71: 69.82 | AF71: 69.28 | AG71: 69.83 | AH71: 67.24 | AI71: 69.79 | AJ71: 68.28 | AK71: 69.81 | AL71: 69.09 | AM71: 69.77 | AN71: 69.61 | AO71: 69.9 | AP71: 69.87 | AQ71: 69.94 | AR71: 69.94 | AU71: PM-Peak | AV71: 38.06 | AW71: 37.53 | AX71: 51.2 | AY71: 46.72 | AZ71: 43.37 | BA71: 38.68 | BB71: 62.13 | BC71: 41.5 | BD71: 67.64 | BE71: 44.49 | BF71: 67.06 | BG71: 51.8 | BH71: 67.14 | BI71: 58.75 | BJ71: 66.22 | BK71: 64.42 | BL71: 68 | BM71: 67.79 | BN71: 68.69 | BO71: 68.84 | BR71: PM-Peak | BS71: -0.73 | BT71: -0.76 | BU71: -0.22 | BV71: -0.34 | BW71: -0.19 | BX71: -0.27 | BY71: -0.17 | BZ71: -0.93 | CA71: -0.06 | CB71: -0.91 | CC71: -0.13 | CD71: -1.01 | CE71: -0.1 | CF71: -0.44 | CG71: -0.18 | CH71: -0.26 | CI71: -0.08 | CJ71: -0.09 | CK71: -0.07 | CL71: -0.06
B72: PM-Late | C72: 63.77 | D72: 57.27 | E72: 2.04 | F72: 2.41 | G72: 0.93 | H72: 8.06 | I72: 3.31 | J72: 94.27 | K72: 77.21 | L72: 82.17 | M72: 139.05 | N72: 154.2 | O72: 129.37 | P72: 125.31 | Q72: 103.76 | R72: 128.3 | S72: 150.2 | T72: 88.08 | U72: 163.44 | V72: 102.38 | X72: PM-Late | Y72: 59.99 | Z72: 59.98 | AA72: 60 | AB72: 60 | AC72: 60 | AD72: 60 | AE72: 70 | AF72: 69.98 | AG72: 70 | AH72: 69.98 | AI72: 70 | AJ72: 69.98 | AK72: 70 | AL72: 69.99 | AM72: 70 | AN72: 70 | AO72: 70 | AP72: 70 | AQ72: 70 | AR72: 70 | AU72: PM-Late | AV72: 54.55 | AW72: 53.69 | AX72: 54.97 | AY72: 54.96 | AZ72: 54.99 | BA72: 54.96 | BB72: 64.99 | BC72: 59.35 | BD72: 69.18 | BE72: 63.51 | BF72: 67.59 | BG72: 64.48 | BH72: 66.99 | BI72: 67.15 | BJ72: 64.73 | BK72: 68.37 | BL72: 68.3 | BM72: 69.12 | BN72: 69.03 | BO72: 69.56 | BR72: PM-Late | BS72: -0.13 | BT72: -0.15 | BU72: -0.12 | BV72: -0.12 | BW72: -0.05 | BX72: -0.05 | BY72: -0.11 | BZ72: -0.25 | CA72: -0.02 | CB72: -0.17 | CC72: -0.11 | CD72: -0.26 | CE72: -0.11 | CF72: -0.11 | CG72: -0.27 | CH72: -0.08 | CI72: -0.07 | CJ72: -0.04 | CK72: -0.05 | CL72: -0.02
B75: Revenue Per Period Medium B | X75: ML time | AU75: GP Time | BR75: Difference in travel time
B76: Direction | C76: NB | D76: SB | E76: NB | F76: SB | G76: NB | H76: SB | I76: NB | J76: SB | K76: NB | L76: SB | M76: NB | N76: SB | O76: NB | P76: SB | Q76: NB | R76: SB | S76: NB | T76: SB | U76: NB | V76: SB | X76: Direction | Y76: NB | Z76: SB | AA76: NB | AB76: SB | AC76: NB | AD76: SB | AE76: NB | AF76: SB | AG76: NB | AH76: SB | AI76: NB | AJ76: SB | AK76: NB | AL76: SB | AM76: NB | AN76: SB | AO76: NB | AP76: SB | AQ76: NB | AR76: SB | AU76: Direction | AV76: NB | AW76: SB | AX76: NB | AY76: SB | AZ76: NB | BA76: SB | BB76: NB | BC76: SB | BD76: NB | BE76: SB | BF76: NB | BG76: SB | BH76: NB | BI76: SB | BJ76: NB | BK76: SB | BL76: NB | BM76: SB | BN76: NB | BO76: SB | BR76: Direction | BS76: NB | BT76: SB | BU76: NB | BV76: SB | BW76: NB | BX76: SB | BY76: NB | BZ76: SB | CA76: NB | CB76: SB | CC76: NB | CD76: SB | CE76: NB | CF76: SB | CG76: NB | CH76: SB | CI76: NB | CJ76: SB | CK76: NB | CL76: SB
B77: Segment | C77: 1 | D77: 1 | E77: 2 | F77: 2 | G77: 3 | H77: 3 | I77: 4 | J77: 4 | K77: 5 | L77: 5 | M77: 6 | N77: 6 | O77: 7 | P77: 7 | Q77: 8 | R77: 8 | S77: 9 | T77: 9 | U77: 10 | V77: 10 | X77: Segment | Y77: 1 | Z77: 1 | AA77: 2 | AB77: 2 | AC77: 3 | AD77: 3 | AE77: 4 | AF77: 4 | AG77: 5 | AH77: 5 | AI77: 6 | AJ77: 6 | AK77: 7 | AL77: 7 | AM77: 8 | AN77: 8 | AO77: 9 | AP77: 9 | AQ77: 10 | AR77: 10 | AU77: Segment | AV77: 1 | AW77: 1 | AX77: 2 | AY77: 2 | AZ77: 3 | BA77: 3 | BB77: 4 | BC77: 4 | BD77: 5 | BE77: 5 | BF77: 6 | BG77: 6 | BH77: 7 | BI77: 7 | BJ77: 8 | BK77: 8 | BL77: 9 | BM77: 9 | BN77: 10 | BO77: 10 | BR77: Segment | BS77: 1 | BT77: 1 | BU77: 2 | BV77: 2 | BW77: 3 | BX77: 3 | BY77: 4 | BZ77: 4 | CA77: 5 | CB77: 5 | CC77: 6 | CD77: 6 | CE77: 7 | CF77: 7 | CG77: 8 | CH77: 8 | CI77: 9 | CJ77: 9 | CK77: 10 | CL77: 10
B78: Period | X78: Period | AU78: Period | BR78: Period
B79: Night | C79: 3.03 | D79: 4.84 | E79: 2.23 | F79: 2.23 | G79: 0.74 | H79: 1.51 | I79: 7.08 | J79: 16.93 | K79: 37.63 | L79: 49.39 | M79: 38.1 | N79: 55.04 | O79: 34.1 | P79: 37.51 | Q79: 26.81 | R79: 26.81 | S79: 15.99 | T79: 27.99 | U79: 15.88 | V79: 21.17 | X79: Night | Y79: 1.3 | Z79: 1.3 | AA79: 1.3 | AB79: 1.3 | AC79: 0.5 | AD79: 0.5 | AE79: 1.37 | AF79: 1.37 | AG79: 1.71 | AH79: 1.71 | AI79: 3.09 | AJ79: 3.09 | AK79: 2.49 | AL79: 2.49 | AM79: 3.26 | AN79: 3.26 | AO79: 2.91 | AP79: 2.91 | AQ79: 3.86 | AR79: 3.86 | AU79: Night | AV79: 1.42 | AW79: 1.42 | AX79: 1.42 | AY79: 1.42 | AZ79: 0.55 | BA79: 0.55 | BB79: 1.48 | BC79: 1.54 | BD79: 1.76 | BE79: 1.79 | BF79: 3.33 | BG79: 3.2 | BH79: 2.68 | BI79: 2.56 | BJ79: 3.42 | BK79: 3.37 | BL79: 3 | BM79: 2.93 | BN79: 3.97 | BO79: 3.89 | BR79: Night | BS79: -0.08 | BT79: -0.08 | BU79: -0.08 | BV79: -0.08 | BW79: -0.08 | BX79: -0.08 | BY79: -0.07 | BZ79: -0.11 | CA79: -0.03 | CB79: -0.04 | CC79: -0.07 | CD79: -0.04 | CE79: -0.07 | CF79: -0.03 | CG79: -0.05 | CH79: -0.03 | CI79: -0.03 | CJ79: -0.01 | CK79: -0.03 | CL79: -0.01
B80: AM-Early | C80: 12.07 | D80: 7.4 | E80: 7.24 | F80: 4.96 | G80: 2.52 | H80: 3.76 | I80: 10.32 | J80: 24.57 | K80: 12.46 | L80: 21.25 | M80: 22.43 | N80: 29.54 | O80: 23.71 | P80: 24.56 | Q80: 30.53 | R80: 20.21 | S80: 21.57 | T80: 21.69 | U80: 21.91 | V80: 20.42 | X80: AM-Early | Y80: 1.3 | Z80: 1.3 | AA80: 1.3 | AB80: 1.3 | AC80: 0.5 | AD80: 0.5 | AE80: 1.38 | AF80: 1.37 | AG80: 1.72 | AH80: 1.72 | AI80: 3.1 | AJ80: 3.09 | AK80: 2.49 | AL80: 2.49 | AM80: 3.26 | AN80: 3.26 | AO80: 2.92 | AP80: 2.91 | AQ80: 3.86 | AR80: 3.86 | AU80: AM-Early | AV80: 1.44 | AW80: 1.42 | AX80: 1.43 | AY80: 1.42 | AZ80: 0.55 | BA80: 0.55 | BB80: 1.5 | BC80: 1.5 | BD80: 1.75 | BE80: 1.73 | BF80: 3.19 | BG80: 3.12 | BH80: 2.56 | BI80: 2.53 | BJ80: 3.34 | BK80: 3.29 | BL80: 2.98 | BM80: 2.93 | BN80: 3.91 | BO80: 3.86 | BR80: AM-Early | BS80: -0.09 | BT80: -0.08 | BU80: -0.09 | BV80: -0.08 | BW80: -0.09 | BX80: -0.09 | BY80: -0.08 | BZ80: -0.09 | CA80: -0.02 | CB80: -0.01 | CC80: -0.03 | CD80: -0.01 | CE80: -0.03 | CF80: -0.02 | CG80: -0.02 | CH80: -0.01 | CI80: -0.02 | CJ80: 0 | CK80: -0.01 | CL80: 0
B81: AM-Peak | C81: 162.24 | D81: 25.37 | E81: 174.04 | F81: 2.98 | G81: 36.17 | H81: 147.86 | I81: 171.86 | J81: 115.39 | K81: 241.23 | L81: 131.28 | M81: 535.34 | N81: 195.66 | O81: 713.75 | P81: 164.48 | Q81: 757.95 | R81: 176.01 | S81: 148.41 | T81: 146.1 | U81: 132.48 | V81: 127.77 | X81: AM-Peak | Y81: 1.31 | Z81: 1.3 | AA81: 1.34 | AB81: 1.3 | AC81: 0.5 | AD81: 0.52 | AE81: 1.39 | AF81: 1.37 | AG81: 1.74 | AH81: 1.71 | AI81: 3.13 | AJ81: 3.09 | AK81: 2.54 | AL81: 2.49 | AM81: 3.28 | AN81: 3.26 | AO81: 2.92 | AP81: 2.92 | AQ81: 3.86 | AR81: 3.86 | AU81: AM-Peak | AV81: 1.91 | AW81: 1.42 | AX81: 2.12 | AY81: 1.42 | AZ81: 0.66 | BA81: 0.86 | BB81: 1.74 | BC81: 1.52 | BD81: 2.21 | BE81: 1.82 | BF81: 4.45 | BG81: 3.17 | BH81: 4.36 | BI81: 2.56 | BJ81: 5.13 | BK81: 3.33 | BL81: 3.03 | BM81: 2.95 | BN81: 3.94 | BO81: 3.88 | BR81: AM-Peak | BS81: -0.31 | BT81: -0.08 | BU81: -0.37 | BV81: -0.08 | BW81: -0.24 | BX81: -0.4 | BY81: -0.2 | BZ81: -0.09 | CA81: -0.21 | CB81: -0.06 | CC81: -0.3 | CD81: -0.03 | CE81: -0.42 | CF81: -0.03 | CG81: -0.36 | CH81: -0.02 | CI81: -0.04 | CJ81: -0.01 | CK81: -0.02 | CL81: -0.01
B82: AM-Shoulder | C82: 53.52 | D82: 9.41 | E82: 40.11 | F82: 4.69 | G82: 15.78 | H82: 20.84 | I82: 51.38 | J82: 27.97 | K82: 81.18 | L82: 27.45 | M82: 147.34 | N82: 40.67 | O82: 128.74 | P82: 34.52 | Q82: 103.14 | R82: 51.41 | S82: 48.54 | T82: 33.54 | U82: 47.9 | V82: 43.38 | X82: AM-Shoulder | Y82: 1.31 | Z82: 1.3 | AA82: 1.32 | AB82: 1.3 | AC82: 0.5 | AD82: 0.51 | AE82: 1.38 | AF82: 1.37 | AG82: 1.73 | AH82: 1.72 | AI82: 3.11 | AJ82: 3.09 | AK82: 2.5 | AL82: 2.49 | AM82: 3.26 | AN82: 3.26 | AO82: 2.92 | AP82: 2.92 | AQ82: 3.86 | AR82: 3.86 | AU82: AM-Shoulder | AV82: 1.94 | AW82: 1.42 | AX82: 1.83 | AY82: 1.42 | AZ82: 0.73 | BA82: 0.72 | BB82: 1.66 | BC82: 1.53 | BD82: 2.05 | BE82: 1.77 | BF82: 3.8 | BG82: 3.17 | BH82: 3.05 | BI82: 2.56 | BJ82: 3.52 | BK82: 3.33 | BL82: 2.98 | BM82: 2.96 | BN82: 3.91 | BO82: 3.89 | BR82: AM-Shoulder | BS82: -0.33 | BT82: -0.09 | BU82: -0.28 | BV82: -0.08 | BW82: -0.31 | BX82: -0.29 | BY82: -0.17 | BZ82: -0.1 | CA82: -0.16 | CB82: -0.03 | CC82: -0.18 | CD82: -0.03 | CE82: -0.18 | CF82: -0.03 | CG82: -0.07 | CH82: -0.02 | CI82: -0.02 | CJ82: -0.01 | CK82: -0.01 | CL82: -0.01
B83: MD | C83: 141.19 | D83: 93.57 | E83: 64.71 | F83: 20.39 | G83: 29.81 | H83: 73.68 | I83: 64.62 | J83: 144.18 | K83: 158.8 | L83: 175.61 | M83: 204.14 | N83: 171.63 | O83: 159.23 | P83: 135.4 | Q83: 202.06 | R83: 178.06 | S83: 177.28 | T83: 115.65 | U83: 173.98 | V83: 115.16 | X83: MD | Y83: 1.3 | Z83: 1.3 | AA83: 1.31 | AB83: 1.3 | AC83: 0.5 | AD83: 0.5 | AE83: 1.37 | AF83: 1.37 | AG83: 1.72 | AH83: 1.72 | AI83: 3.09 | AJ83: 3.09 | AK83: 2.49 | AL83: 2.49 | AM83: 3.26 | AN83: 3.26 | AO83: 2.92 | AP83: 2.92 | AQ83: 3.86 | AR83: 3.86 | AU83: MD | AV83: 1.78 | AW83: 1.53 | AX83: 1.52 | AY83: 1.43 | AZ83: 0.59 | BA83: 0.68 | BB83: 1.49 | BC83: 1.59 | BD83: 1.83 | BE83: 1.87 | BF83: 3.23 | BG83: 3.2 | BH83: 2.57 | BI83: 2.55 | BJ83: 3.34 | BK83: 3.32 | BL83: 2.97 | BM83: 2.95 | BN83: 3.9 | BO83: 3.88 | BR83: MD | BS83: -0.27 | BT83: -0.15 | BU83: -0.14 | BV83: -0.09 | BW83: -0.16 | BX83: -0.26 | BY83: -0.08 | BZ83: -0.13 | CA83: -0.06 | CB83: -0.08 | CC83: -0.04 | CD83: -0.03 | CE83: -0.03 | CF83: -0.02 | CG83: -0.02 | CH83: -0.02 | CI83: -0.02 | CJ83: -0.01 | CK83: -0.01 | CL83: -0.01
B84: PM-Shoulder | C84: 33.44 | D84: 12.55 | E84: 12.44 | F84: 7.24 | G84: 9.35 | H84: 6.89 | I84: 8.67 | J84: 22.32 | K84: 8.86 | L84: 33.34 | M84: 21.09 | N84: 31.59 | O84: 18.75 | P84: 18.18 | Q84: 24.08 | R84: 31.25 | S84: 24.27 | T84: 14.51 | U84: 23.42 | V84: 14.44 | X84: PM-Shoulder | Y84: 1.3 | Z84: 1.31 | AA84: 1.31 | AB84: 1.34 | AC84: 0.5 | AD84: 0.5 | AE84: 1.37 | AF84: 1.37 | AG84: 1.72 | AH84: 1.75 | AI84: 3.09 | AJ84: 3.13 | AK84: 2.49 | AL84: 2.5 | AM84: 3.26 | AN84: 3.28 | AO84: 2.92 | AP84: 2.93 | AQ84: 3.86 | AR84: 3.86 | AU84: PM-Shoulder | AV84: 1.88 | AW84: 1.87 | AX84: 1.55 | AY84: 1.73 | AZ84: 0.72 | BA84: 0.71 | BB84: 1.5 | BC84: 1.94 | BD84: 1.75 | BE84: 2.23 | BF84: 3.18 | BG84: 3.54 | BH84: 2.56 | BI84: 2.69 | BJ84: 3.35 | BK84: 3.53 | BL84: 2.99 | BM84: 3.09 | BN84: 3.91 | BO84: 3.89 | BR84: PM-Shoulder | BS84: -0.31 | BT84: -0.3 | BU84: -0.15 | BV84: -0.22 | BW84: -0.3 | BX84: -0.3 | BY84: -0.09 | BZ84: -0.29 | CA84: -0.02 | CB84: -0.22 | CC84: -0.03 | CD84: -0.12 | CE84: -0.03 | CF84: -0.07 | CG84: -0.03 | CH84: -0.07 | CI84: -0.02 | CJ84: -0.05 | CK84: -0.01 | CL84: -0.01
B85: PM-Peak | C85: 84.96 | D85: 87.98 | E85: 24.6 | F85: 37.5 | G85: 24.44 | H85: 35.48 | I85: 42.99 | J85: 112.17 | K85: 44.54 | L85: 141.39 | M85: 72.7 | N85: 173.85 | O85: 56.92 | P85: 108.13 | Q85: 102.19 | R85: 109.81 | S85: 74.85 | T85: 54.33 | U85: 74.02 | V85: 53.84 | X85: PM-Peak | Y85: 1.31 | Z85: 1.32 | AA85: 1.31 | AB85: 1.33 | AC85: 0.5 | AD85: 0.5 | AE85: 1.38 | AF85: 1.39 | AG85: 1.72 | AH85: 1.78 | AI85: 3.09 | AJ85: 3.16 | AK85: 2.49 | AL85: 2.52 | AM85: 3.27 | AN85: 3.28 | AO85: 2.92 | AP85: 2.92 | AQ85: 3.86 | AR85: 3.86 | AU85: PM-Peak | AV85: 2.05 | AW85: 2.08 | AX85: 1.52 | AY85: 1.67 | AZ85: 0.69 | BA85: 0.78 | BB85: 1.55 | BC85: 2.31 | BD85: 1.77 | BE85: 2.7 | BF85: 3.22 | BG85: 4.17 | BH85: 2.59 | BI85: 2.96 | BJ85: 3.44 | BK85: 3.54 | BL85: 3 | BM85: 3.01 | BN85: 3.93 | BO85: 3.92 | BR85: PM-Peak | BS85: -0.36 | BT85: -0.36 | BU85: -0.14 | BV85: -0.21 | BW85: -0.28 | BX85: -0.35 | BY85: -0.11 | BZ85: -0.4 | CA85: -0.03 | CB85: -0.34 | CC85: -0.04 | CD85: -0.24 | CE85: -0.04 | CF85: -0.15 | CG85: -0.05 | CH85: -0.07 | CI85: -0.03 | CJ85: -0.03 | CK85: -0.02 | CL85: -0.02
B86: PM-Late | C86: 4.39 | D86: 9.27 | E86: 0.39 | F86: 0.52 | G86: 0.15 | H86: 0.68 | I86: 1.44 | J86: 10.11 | K86: 8.34 | L86: 20.76 | M86: 24.4 | N86: 23.18 | O86: 21.19 | P86: 10.34 | Q86: 10.5 | R86: 6.43 | S86: 6.2 | T86: 5.15 | U86: 13.91 | V86: 13.82 | X86: PM-Late | Y86: 1.3 | Z86: 1.3 | AA86: 1.3 | AB86: 1.3 | AC86: 0.5 | AD86: 0.5 | AE86: 1.37 | AF86: 1.37 | AG86: 1.71 | AH86: 1.71 | AI86: 3.09 | AJ86: 3.09 | AK86: 2.49 | AL86: 2.49 | AM86: 3.26 | AN86: 3.26 | AO86: 2.91 | AP86: 2.91 | AQ86: 3.86 | AR86: 3.86 | AU86: PM-Late | AV86: 1.43 | AW86: 1.45 | AX86: 1.42 | AY86: 1.42 | AZ86: 0.55 | BA86: 0.55 | BB86: 1.48 | BC86: 1.62 | BD86: 1.73 | BE86: 1.89 | BF86: 3.2 | BG86: 3.35 | BH86: 2.6 | BI86: 2.59 | BJ86: 3.52 | BK86: 3.33 | BL86: 2.99 | BM86: 2.95 | BN86: 3.91 | BO86: 3.88 | BR86: PM-Late | BS86: -0.09 | BT86: -0.1 | BU86: -0.08 | BV86: -0.08 | BW86: -0.08 | BX86: -0.08 | BY86: -0.07 | BZ86: -0.15 | CA86: -0.01 | CB86: -0.09 | CC86: -0.03 | CD86: -0.08 | CE86: -0.04 | CF86: -0.04 | CG86: -0.08 | CH86: -0.02 | CI86: -0.02 | CJ86: -0.01 | CK86: -0.01 | CL86: -0.01
B89: Revenue Per Period Heavy A | X89: ML light veh.Miles | AU89: GP light veh.Miles | BR89: LVr Toll
B90: Direction | C90: NB | D90: SB | E90: NB | F90: SB | G90: NB | H90: SB | I90: NB | J90: SB | K90: NB | L90: SB | M90: NB | N90: SB | O90: NB | P90: SB | Q90: NB | R90: SB | S90: NB | T90: SB | U90: NB | V90: SB | X90: Direction | Y90: NB | AI90: SB | AU90: Direction | AV90: NB | BF90: SB | BR90: Direction | BS90: NB | BT90: SB | BU90: NB | BV90: SB | BW90: NB | BX90: SB | BY90: NB | BZ90: SB | CA90: NB | CB90: SB | CC90: NB | CD90: SB | CE90: NB | CF90: SB | CG90: NB | CH90: SB | CI90: NB | CJ90: SB | CK90: NB | CL90: SB
B91: Segment | C91: 1 | D91: 1 | E91: 2 | F91: 2 | G91: 3 | H91: 3 | I91: 4 | J91: 4 | K91: 5 | L91: 5 | M91: 6 | N91: 6 | O91: 7 | P91: 7 | Q91: 8 | R91: 8 | S91: 9 | T91: 9 | U91: 10 | V91: 10 | X91: Segment | Y91: 1 | Z91: 10 | AA91: 2 | AB91: 3 | AC91: 4 | AD91: 5 | AE91: 6 | AF91: 7 | AG91: 8 | AH91: 9 | AI91: 1 | AJ91: 10 | AK91: 2 | AL91: 3 | AM91: 4 | AN91: 5 | AO91: 6 | AP91: 7 | AQ91: 8 | AR91: 9 | AU91: Segment | AV91: 1 | AW91: 10 | AX91: 2 | AY91: 3 | AZ91: 4 | BA91: 5 | BB91: 6 | BC91: 7 | BD91: 8 | BE91: 9 | BF91: 1 | BG91: 10 | BH91: 2 | BI91: 3 | BJ91: 4 | BK91: 5 | BL91: 6 | BM91: 7 | BN91: 8 | BO91: 9 | BR91: Segment | BS91: 1 | BT91: 1 | BU91: 2 | BV91: 2 | BW91: 3 | BX91: 3 | BY91: 4 | BZ91: 4 | CA91: 5 | CB91: 5 | CC91: 6 | CD91: 6 | CE91: 7 | CF91: 7 | CG91: 8 | CH91: 8 | CI91: 9 | CJ91: 9 | CK91: 10 | CL91: 10
B92: Period | X92: Period | AU92: Period | BR92: Period
B93: Night | C93: 64.32 | D93: 64.84 | E93: 30.03 | F93: 30.85 | G93: 18.06 | H93: 18.55 | I93: 65.12 | J93: 333.85 | K93: 431.42 | L93: 417.31 | M93: 791.08 | N93: 747.53 | O93: 619.72 | P93: 631.41 | Q93: 831.2 | R93: 808.21 | S93: 634.03 | T93: 664.88 | U93: 997.92 | V93: 1016.06 | X93: Night | Y93: 603.85 | Z93: 3537.45 | AA93: 566.48 | AB93: 163.45 | AC93: 696.92 | AD93: 2027.2 | AE93: 3747.24 | AF93: 2866.36 | AG93: 3646.86 | AH93: 2879.8 | AI93: 586.56 | AJ93: 2290.05 | AK93: 513.7 | AL93: 207.82 | AM93: 1326.08 | AN93: 1671.6 | AO93: 2991.24 | AP93: 2263.45 | AQ93: 3197.32 | AR93: 1780.24 | AU93: Night | AV93: 603.85 | AW93: 3537.45 | AX93: 566.48 | AY93: 163.45 | AZ93: 696.92 | BA93: 2027.2 | BB93: 3747.24 | BC93: 2866.36 | BD93: 3646.86 | BE93: 2879.8 | BF93: 586.56 | BG93: 2290.05 | BH93: 513.7 | BI93: 207.82 | BJ93: 1326.08 | BK93: 1671.6 | BL93: 2991.24 | BM93: 2263.45 | BN93: 3197.32 | BO93: 1780.24 | BR93: Night | BS93: 0.26 | BT93: 0.26 | BU93: 0.26 | BV93: 0.26 | BW93: 0.1 | BX93: 0.1 | BY93: 0.32 | BZ93: 0.77 | CA93: 0.96 | CB93: 0.96 | CC93: 1.73 | CD93: 1.73 | CE93: 1.39 | CF93: 1.39 | CG93: 1.82 | CH93: 1.82 | CI93: 1.63 | CJ93: 1.63 | CK93: 2.16 | CL93: 2.16
B94: AM-Early | C94: 9.1 | D94: 9.33 | E94: 4.71 | F94: 5.92 | G94: 3.01 | H94: 2.76 | I94: 8.34 | J94: 17.72 | K94: 10.88 | L94: 14.95 | M94: 23.32 | N94: 30.23 | O94: 26.46 | P94: 25.63 | Q94: 34.22 | R94: 24.47 | S94: 29.16 | T94: 25.31 | U94: 39.18 | V94: 34.24 | X94: AM-Early | Y94: 1517.44 | Z94: 4610.31 | AA94: 1447.88 | AB94: 393.05 | AC94: 1984.95 | AD94: 2454.07 | AE94: 4454.1 | AF94: 3006.91 | AG94: 3723.63 | AH94: 3309.03 | AI94: 815.98 | AJ94: 2304.4 | AK94: 792.79 | AL94: 404.61 | AM94: 1313.15 | AN94: 1553.65 | AO94: 2807.77 | AP94: 2521.01 | AQ94: 3263.89 | AR94: 2292.01 | AU94: AM-Early | AV94: 1517.44 | AW94: 4610.31 | AX94: 1447.88 | AY94: 393.05 | AZ94: 1984.95 | BA94: 2454.07 | BB94: 4454.1 | BC94: 3006.91 | BD94: 3723.63 | BE94: 3309.03 | BF94: 815.98 | BG94: 2304.4 | BH94: 792.79 | BI94: 404.61 | BJ94: 1313.15 | BK94: 1553.65 | BL94: 2807.77 | BM94: 2521.01 | BN94: 3263.89 | BO94: 2292.01 | BR94: AM-Early | BS94: 0.26 | BT94: 0.26 | BU94: 0.26 | BV94: 0.27 | BW94: 0.12 | BX94: 0.1 | BY94: 0.32 | BZ94: 0.5 | CA94: 0.4 | CB94: 0.48 | CC94: 0.88 | CD94: 0.89 | CE94: 0.85 | CF94: 0.76 | CG94: 1.07 | CH94: 0.78 | CI94: 0.93 | CJ94: 0.73 | CK94: 0.9 | CL94: 0.9
B95: AM-Peak | C95: 311.75 | D95: 69.61 | E95: 187.18 | F95: 13 | G95: 89.28 | H95: 143.61 | I95: 206.9 | J95: 113.06 | K95: 325.26 | L95: 464.19 | M95: 827.34 | N95: 261.56 | O95: 1027.5 | P95: 226.86 | Q95: 1176.96 | R95: 248.44 | S95: 259.36 | T95: 214.22 | U95: 792.44 | V95: 217.85 | X95: AM-Peak | Y95: 5134.13 | Z95: 3388.49 | AA95: 6426.35 | AB95: 1478.36 | AC95: 6541.95 | AD95: 7938.56 | AE95: 14561.01 | AF95: 12317.59 | AG95: 13518.75 | AH95: 9442.12 | AI95: 1265.65 | AJ95: 8125.65 | AK95: 441.27 | AL95: 2253.61 | AM95: 4348.3 | AN95: 1698.77 | AO95: 8465.52 | AP95: 6954 | AQ95: 9185.54 | AR95: 6703.95 | AU95: AM-Peak | AV95: 5134.13 | AW95: 3388.49 | AX95: 6426.35 | AY95: 1478.36 | AZ95: 6541.95 | BA95: 7938.56 | BB95: 14561.01 | BC95: 12317.59 | BD95: 13518.75 | BE95: 9442.12 | BF95: 1265.65 | BG95: 8125.65 | BH95: 441.27 | BI95: 2253.61 | BJ95: 4348.3 | BK95: 1698.77 | BL95: 8465.52 | BM95: 6954 | BN95: 9185.54 | BO95: 6703.95 | BR95: AM-Peak | BS95: 1.62 | BT95: 0.66 | BU95: 1.82 | BV95: 0.26 | BW95: 0.55 | BX95: 0.75 | BY95: 1.22 | BZ95: 0.74 | CA95: 1.9 | CB95: 3.2 | CC95: 4.49 | CD95: 1.72 | CE95: 4.64 | CF95: 1.42 | CG95: 5.89 | CH95: 1.74 | CI95: 1.75 | CJ95: 1.41 | CK95: 5.8 | CL95: 1.63
B96: AM-Shoulder | C96: 118.92 | D96: 19.72 | E96: 46.76 | F96: 11.77 | G96: 37.83 | H96: 35.27 | I96: 53.84 | J96: 39.38 | K96: 84.05 | L96: 40.03 | M96: 170.77 | N96: 74.49 | O96: 145.99 | P96: 62.39 | Q96: 107.84 | R96: 67.54 | S96: 55.05 | T96: 66.22 | U96: 74.38 | V96: 72.3 | X96: AM-Shoulder | Y96: 1587.1 | Z96: 3009.19 | AA96: 1945.25 | AB96: 539.96 | AC96: 1885.68 | AD96: 2316.55 | AE96: 4172.04 | AF96: 3272.22 | AG96: 3620.47 | AH96: 2609.44 | AI96: 754.52 | AJ96: 2828.37 | AK96: 502.7 | AL96: 718.37 | AM96: 1491.9 | AN96: 1641.51 | AO96: 2779.55 | AP96: 2273.64 | AQ96: 2818.55 | AR96: 2285.79 | AU96: AM-Shoulder | AV96: 1587.1 | AW96: 3009.19 | AX96: 1945.25 | AY96: 539.96 | AZ96: 1885.68 | BA96: 2316.55 | BB96: 4172.04 | BC96: 3272.22 | BD96: 3620.47 | BE96: 2609.44 | BF96: 754.52 | BG96: 2828.37 | BH96: 502.7 | BI96: 718.37 | BJ96: 1491.9 | BK96: 1641.51 | BL96: 2779.55 | BM96: 2273.64 | BN96: 2818.55 | BO96: 2285.79 | BR96: AM-Shoulder | BS96: 1.36 | BT96: 0.39 | BU96: 1.09 | BV96: 0.44 | BW96: 0.52 | BX96: 0.43 | BY96: 0.82 | BZ96: 0.6 | CA96: 1.23 | CB96: 0.67 | CC96: 2.42 | CD96: 1.2 | CE96: 1.95 | CF96: 0.98 | CG96: 1.68 | CH96: 1.18 | CI96: 1.04 | CJ96: 1.04 | CK96: 1.29 | CL96: 1.25
B97: MD | C97: 341.21 | D97: 210.07 | E97: 86.49 | F97: 38.53 | G97: 67.18 | H97: 109.56 | I97: 72.28 | J97: 194.54 | K97: 189.16 | L97: 229.95 | M97: 301.72 | N97: 264.77 | O97: 221.29 | P97: 192.15 | Q97: 280.45 | R97: 245.48 | S97: 244.44 | T97: 185.4 | U97: 303.8 | V97: 249.55 | X97: MD | Y97: 5726.36 | Z97: 16825.29 | AA97: 7854.36 | AB97: 2023.26 | AC97: 7806.29 | AD97: 10611.71 | AE97: 17882.5 | AF97: 13330.7 | AG97: 16299.05 | AH97: 13359.64 | AI97: 6387.69 | AJ97: 17556.83 | AK97: 7365.82 | AL97: 2750.64 | AM97: 8145.28 | AN97: 10903.49 | AO97: 18347.15 | AP97: 14375.76 | AQ97: 16070.17 | AR97: 13757.78 | AU97: MD | AV97: 5726.36 | AW97: 16825.29 | AX97: 7854.36 | AY97: 2023.26 | AZ97: 7806.29 | BA97: 10611.71 | BB97: 17882.5 | BC97: 13330.7 | BD97: 16299.05 | BE97: 13359.64 | BF97: 6387.69 | BG97: 17556.83 | BH97: 7365.82 | BI97: 2750.64 | BJ97: 8145.28 | BK97: 10903.49 | BL97: 18347.15 | BM97: 14375.76 | BN97: 16070.17 | BO97: 13757.78 | BR97: MD | BS97: 1.27 | BT97: 0.71 | BU97: 0.6 | BV97: 0.26 | BW97: 0.32 | BX97: 0.45 | BY97: 0.32 | BZ97: 0.76 | CA97: 0.76 | CB97: 0.87 | CC97: 1.24 | CD97: 1.08 | CE97: 0.91 | CF97: 0.79 | CG97: 1.14 | CH97: 1.07 | CI97: 1 | CJ97: 0.81 | CK97: 1.17 | CL97: 0.9
B98: PM-Shoulder | C98: 84.79 | D98: 75.69 | E98: 18.47 | F98: 19.05 | G98: 27.19 | H98: 24.38 | I98: 15.9 | J98: 70.46 | K98: 16.89 | L98: 76.23 | M98: 39.08 | N98: 69.29 | O98: 31.18 | P98: 38.34 | Q98: 42.21 | R98: 57.77 | S98: 40.98 | T98: 39.51 | U98: 52.14 | V98: 27.49 | X98: PM-Shoulder | Y98: 1512.39 | Z98: 3963.62 | AA98: 1886.04 | AB98: 497.57 | AC98: 1597.86 | AD98: 2053.71 | AE98: 3878.21 | AF98: 3078.81 | AG98: 3962.51 | AH98: 3316.9 | AI98: 1611.89 | AJ98: 4073 | AK98: 2262.29 | AL98: 598.96 | AM98: 1582.13 | AN98: 3103.51 | AO98: 5267.45 | AP98: 3933 | AQ98: 4957.08 | AR98: 4434.51 | AU98: PM-Shoulder | AV98: 1512.39 | AW98: 3963.62 | AX98: 1886.04 | AY98: 497.57 | AZ98: 1597.86 | BA98: 2053.71 | BB98: 3878.21 | BC98: 3078.81 | BD98: 3962.51 | BE98: 3316.9 | BF98: 1611.89 | BG98: 4073 | BH98: 2262.29 | BI98: 598.96 | BJ98: 1582.13 | BK98: 3103.51 | BL98: 5267.45 | BM98: 3933 | BN98: 4957.08 | BO98: 4434.51 | BR98: PM-Shoulder | BS98: 1.41 | BT98: 1.36 | BU98: 0.64 | BV98: 0.88 | BW98: 0.58 | BX98: 0.54 | BY98: 0.49 | BZ98: 1.72 | CA98: 0.51 | CB98: 1.42 | CC98: 1.03 | CD98: 1.69 | CE98: 0.82 | CF98: 1.07 | CG98: 1.08 | CH98: 1.44 | CI98: 0.96 | CJ98: 1.14 | CK98: 1.17 | CL98: 0.96
B99: PM-Peak | C99: 354.37 | D99: 395.42 | E99: 66.75 | F99: 89.09 | G99: 88.39 | H99: 137.21 | I99: 112.15 | J99: 409.53 | K99: 105.83 | L99: 493.02 | M99: 215.55 | N99: 597.8 | O99: 179.95 | P99: 344.6 | Q99: 295.26 | R99: 326.98 | S99: 232.66 | T99: 207.57 | U99: 280.53 | V99: 237.95 | X99: PM-Peak | Y99: 5642.04 | Z99: 12685.01 | AA99: 5353.94 | AB99: 1605.48 | AC99: 5460.16 | AD99: 6699.44 | AE99: 12462.17 | AF99: 9983.06 | AG99: 13401.45 | AH99: 10353.68 | AI99: 5884.27 | AJ99: 12787.59 | AK99: 6450.23 | AL99: 2004.41 | AM99: 6888.29 | AN99: 10610.01 | AO99: 17814.23 | AP99: 13047.69 | AQ99: 14595.55 | AR99: 11109.24 | AU99: PM-Peak | AV99: 5642.04 | AW99: 12685.01 | AX99: 5353.94 | AY99: 1605.48 | AZ99: 5460.16 | BA99: 6699.44 | BB99: 12462.17 | BC99: 9983.06 | BD99: 13401.45 | BE99: 10353.68 | BF99: 5884.27 | BG99: 12787.59 | BH99: 6450.23 | BI99: 2004.41 | BJ99: 6888.29 | BK99: 10610.01 | BL99: 17814.23 | BM99: 13047.69 | BN99: 14595.55 | BO99: 11109.24 | BR99: PM-Peak | BS99: 1.94 | BT99: 1.93 | BU99: 0.83 | BV99: 1.06 | BW99: 0.69 | BX99: 0.8 | BY99: 0.92 | BZ99: 2.56 | CA99: 0.9 | CB99: 2.57 | CC99: 1.72 | CD99: 3.57 | CE99: 1.39 | CF99: 2.21 | CG99: 2.01 | CH99: 2.23 | CI99: 1.58 | CJ99: 1.58 | CK99: 1.93 | CL99: 1.84
B100: PM-Late | C100: 54.19 | D100: 68.21 | E100: 12.12 | F100: 13 | G100: 7.61 | H100: 14.54 | I100: 29.14 | J100: 116.36 | K100: 73.83 | L100: 126.33 | M100: 188.44 | N100: 217.07 | O100: 164.35 | P100: 144.67 | Q100: 1028.73 | R100: 173.87 | S100: 165.47 | T100: 134.46 | U100: 193.61 | V100: 178.4 | X100: PM-Late | Y100: 2608.89 | Z100: 6607.83 | AA100: 513.14 | AB100: 126.11 | AC100: 450.53 | AD100: 3314.45 | AE100: 5887.07 | AF100: 4627.87 | AG100: 1121.06 | AH100: 4873.3 | AI100: 3404.83 | AJ100: 6799.83 | AK100: 544.45 | AL100: 652.48 | AM100: 3930.57 | AN100: 5158.6 | AO100: 9303.55 | AP100: 6486.93 | AQ100: 6529.46 | AR100: 5048.43 | AU100: PM-Late | AV100: 2608.89 | AW100: 6607.83 | AX100: 513.14 | AY100: 126.11 | AZ100: 450.53 | BA100: 3314.45 | BB100: 5887.07 | BC100: 4627.87 | BD100: 1121.06 | BE100: 4873.3 | BF100: 3404.83 | BG100: 6799.83 | BH100: 544.45 | BI100: 652.48 | BJ100: 3930.57 | BK100: 5158.6 | BL100: 9303.55 | BM100: 6486.93 | BN100: 6529.46 | BO100: 5048.43 | BR100: PM-Late | BS100: 0.48 | BT100: 0.57 | BU100: 0.26 | BV100: 0.26 | BW100: 0.1 | BX100: 0.17 | BY100: 0.32 | BZ100: 1.14 | CA100: 0.77 | CB100: 1.27 | CC100: 1.92 | CD100: 2.13 | CE100: 1.67 | CF100: 1.43 | CG100: 5.31 | CH100: 1.77 | CI100: 1.71 | CJ100: 1.42 | CK100: 1.92 | CL100: 1.52
B103: % Workday Revenue | X103: ML light veh/period | AU103: GP light veh/period | BR103: Medium A Toll
B104: Direction | C104: NB | D104: SB | E104: NB | F104: SB | G104: NB | H104: SB | I104: NB | J104: SB | K104: NB | L104: SB | M104: NB | N104: SB | O104: NB | P104: SB | Q104: NB | R104: SB | S104: NB | T104: SB | U104: NB | V104: SB | X104: Direction | Y104: NB | Z104: SB | AA104: NB | AB104: SB | AC104: NB | AD104: SB | AE104: NB | AF104: SB | AG104: NB | AH104: SB | AI104: NB | AJ104: SB | AK104: NB | AL104: SB | AM104: NB | AN104: SB | AO104: NB | AP104: SB | AQ104: NB | AR104: SB | AU104: Direction | AV104: NB | AW104: SB | AX104: NB | AY104: SB | AZ104: NB | BA104: SB | BB104: NB | BC104: SB | BD104: NB | BE104: SB | BF104: NB | BG104: SB | BH104: NB | BI104: SB | BJ104: NB | BK104: SB | BL104: NB | BM104: SB | BN104: NB | BO104: SB | BR104: Direction | BS104: NB | BT104: SB | BU104: NB | BV104: SB | BW104: NB | BX104: SB | BY104: NB | BZ104: SB | CA104: NB | CB104: SB | CC104: NB | CD104: SB | CE104: NB | CF104: SB | CG104: NB | CH104: SB | CI104: NB | CJ104: SB | CK104: NB | CL104: SB
B105: Segment | C105: 1 | D105: 1 | E105: 2 | F105: 2 | G105: 3 | H105: 3 | I105: 4 | J105: 4 | K105: 5 | L105: 5 | M105: 6 | N105: 6 | O105: 7 | P105: 7 | Q105: 8 | R105: 8 | S105: 9 | T105: 9 | U105: 10 | V105: 10 | X105: Segment | Y105: 1 | Z105: 1 | AA105: 2 | AB105: 2 | AC105: 3 | AD105: 3 | AE105: 4 | AF105: 4 | AG105: 5 | AH105: 5 | AI105: 6 | AJ105: 6 | AK105: 7 | AL105: 7 | AM105: 8 | AN105: 8 | AO105: 9 | AP105: 9 | AQ105: 10 | AR105: 10 | AU105: Segment | AV105: 1 | AW105: 1 | AX105: 2 | AY105: 2 | AZ105: 3 | BA105: 3 | BB105: 4 | BC105: 4 | BD105: 5 | BE105: 5 | BF105: 6 | BG105: 6 | BH105: 7 | BI105: 7 | BJ105: 8 | BK105: 8 | BL105: 9 | BM105: 9 | BN105: 10 | BO105: 10 | BR105: Segment | BS105: 1 | BT105: 1 | BU105: 2 | BV105: 2 | BW105: 3 | BX105: 3 | BY105: 4 | BZ105: 4 | CA105: 5 | CB105: 5 | CC105: 6 | CD105: 6 | CE105: 7 | CF105: 7 | CG105: 8 | CH105: 8 | CI105: 9 | CJ105: 9 | CK105: 10 | CL105: 10
B106: Period | X106: Period | AU106: Period | BR106: Period
B107: Night | C107: 0.0066344872 | D107: 0.010242203 | E107: 0.0070267974 | F107: 0.014479979 | G107: 0.0070475249 | H107: 0.0051149527 | I107: 0.015586324 | J107: 0.038878419 | K107: 0.063831241 | L107: 0.039355353 | M107: 0.055833141 | N107: 0.052100708 | O107: 0.046829552 | P107: 0.063221502 | Q107: 0.053492668 | R107: 0.080840228 | S107: 0.086622773 | T107: 0.079013873 | U107: 0.10393355 | V107: 0.10482992 | X107: Night | Y107: 464.5 | Z107: 451.2 | AA107: 435.75 | AB107: 395.15 | AC107: 326.91 | AD107: 415.63 | AE107: 435.58 | AF107: 828.8 | AG107: 1013.6 | AH107: 835.8 | AI107: 1040.9 | AJ107: 830.9 | AK107: 988.4 | AL107: 780.5 | AM107: 959.7 | AN107: 841.4 | AO107: 847 | AP107: 523.6 | AQ107: 786.1 | AR107: 508.9 | AU107: Night | AV107: 8825.55 | AW107: 8572.85 | AX107: 8279.25 | AY107: 7507.85 | AZ107: 6211.09 | BA107: 7896.87 | BB107: 8275.92 | BC107: 7459.2 | BD107: 9122.4 | BE107: 7522.2 | BF107: 9368.1 | BG107: 7478.1 | BH107: 8895.6 | BI107: 7024.5 | BJ107: 8637.3 | BK107: 7572.6 | BL107: 7623 | BM107: 4712.4 | BN107: 7074.9 | BO107: 4580.1 | BR107: Night | BS107: 0.65 | BT107: 0.65 | BU107: 0.65 | BV107: 0.65 | BW107: 0.25 | BX107: 0.25 | BY107: 0.8 | BZ107: 1.92 | CA107: 2.4 | CB107: 2.4 | CC107: 4.32 | CD107: 4.32 | CE107: 3.48 | CF107: 3.48 | CG107: 4.56 | CH107: 4.56 | CI107: 4.08 | CJ107: 4.08 | CK107: 5.4 | CL107: 5.4
B108: AM-Early | C108: 0.012163057 | D108: 0.010577111 | E108: 0.01469802 | F108: 0.019524604 | G108: 0.014660058 | H108: 0.0076889442 | I108: 0.031495974 | J108: 0.019454052 | K108: 0.023435524 | L108: 0.013884277 | M108: 0.024923022 | N108: 0.019435862 | O108: 0.022488872 | P108: 0.027646238 | Q108: 0.024083294 | R108: 0.025819728 | S108: 0.042078671 | T108: 0.029302795 | U108: 0.039280777 | V108: 0.027028734 | X108: AM-Early | Y108: 1167.27 | Z108: 627.68 | AA108: 1113.76 | AB108: 609.84 | AC108: 786.1 | AD108: 809.22 | AE108: 1240.59 | AF108: 820.72 | AG108: 1227.03 | AH108: 776.82 | AI108: 1237.25 | AJ108: 779.94 | AK108: 1036.86 | AL108: 869.31 | AM108: 979.9 | AN108: 858.92 | AO108: 973.24 | AP108: 674.12 | AQ108: 1024.51 | AR108: 512.09 | AU108: AM-Early | AV108: 3846.83 | AW108: 2260.32 | AX108: 3921.24 | AY108: 2426.36 | AZ108: 2365.9 | BA108: 2904.33 | BB108: 4272.26 | BC108: 2484.28 | BD108: 4332.37 | BE108: 2553.18 | BF108: 4178.7 | BG108: 2581.06 | BH108: 3447.14 | BI108: 2873.69 | BJ108: 3267.44 | BK108: 2847.98 | BL108: 3233.55 | BM108: 2218.6 | BN108: 3762.54 | BO108: 2195.41 | BR108: AM-Early | BS108: 0.66 | BT108: 0.65 | BU108: 0.65 | BV108: 0.67 | BW108: 0.31 | BX108: 0.25 | BY108: 0.8 | BZ108: 1.26 | CA108: 1 | CB108: 1.19 | CC108: 2.2 | CD108: 2.21 | CE108: 2.13 | CF108: 1.91 | CG108: 2.68 | CH108: 1.95 | CI108: 2.34 | CJ108: 1.82 | CK108: 2.25 | CL108: 2.25
B109: AM-Peak | C109: 0.26191254 | D109: 0.044201536 | E109: 0.47602946 | F109: 0.01144316 | G109: 0.26353889 | H109: 0.34168891 | I109: 0.42829135 | J109: 0.098356337 | K109: 0.39425605 | L109: 0.11937119 | M109: 0.45426368 | N109: 0.12126428 | O109: 0.54621481 | P109: 0.15476893 | Q109: 0.52128636 | R109: 0.17574462 | S109: 0.24503922 | T109: 0.18413645 | U109: 0.2252955 | V109: 0.17804814 | X109: AM-Peak | Y109: 3949.33 | Z109: 973.58 | AA109: 4943.35 | AB109: 339.44 | AC109: 2956.71 | AD109: 4507.21 | AE109: 4088.72 | AF109: 2717.69 | AG109: 3969.28 | AH109: 849.39 | AI109: 4044.72 | AJ109: 2351.53 | AK109: 4247.45 | AL109: 2397.93 | AM109: 3557.56 | AN109: 2417.25 | AO109: 2777.09 | AP109: 1971.75 | AQ109: 753 | AR109: 1805.7 | AU109: AM-Peak | AV109: 13306.37 | AW109: 6068.77 | AX109: 15865.55 | AY109: 6449.26 | AZ109: 8940.84 | BA109: 13895.09 | BB109: 12780.77 | BC109: 8292.45 | BD109: 13612.24 | BE109: 9549.9 | BF109: 14762.89 | BG109: 7868.93 | BH109: 13994.62 | BI109: 7978.55 | BJ109: 12822.44 | BK109: 8088.41 | BL109: 9333.46 | BM109: 6534.48 | BN109: 8190.6 | BO109: 5983.46 | BR109: AM-Peak | BS109: 4.06 | BT109: 1.65 | BU109: 4.54 | BV109: 0.65 | BW109: 1.38 | BX109: 1.87 | BY109: 3.06 | BZ109: 1.86 | CA109: 4.74 | CB109: 8 | CC109: 11.22 | CD109: 4.29 | CE109: 11.6 | CF109: 3.55 | CG109: 14.72 | CH109: 4.34 | CI109: 4.38 | CJ109: 3.52 | CK109: 14.51 | CL109: 4.07
B110: AM-Shoulder | C110: 0.070635248 | D110: 0.01514999 | E110: 0.08679272 | F110: 0.021369449 | G110: 0.091067236 | H110: 0.059845891 | I110: 0.086805371 | J110: 0.026249927 | K110: 0.076888836 | L110: 0.02153017 | M110: 0.073531983 | N110: 0.027375431 | O110: 0.063094935 | P110: 0.034360374 | Q110: 0.041666321 | R110: 0.037832345 | S110: 0.042186181 | T110: 0.044553995 | U110: 0.041747869 | V110: 0.047857075 | X110: AM-Shoulder | Y110: 1220.85 | Z110: 580.4 | AA110: 1496.35 | AB110: 386.69 | AC110: 1079.92 | AD110: 1436.75 | AE110: 1178.55 | AF110: 932.44 | AG110: 1158.27 | AH110: 820.76 | AI110: 1158.9 | AJ110: 772.1 | AK110: 1128.35 | AL110: 784.01 | AM110: 952.76 | AN110: 741.72 | AO110: 767.48 | AP110: 672.29 | AQ110: 668.71 | AR110: 628.53 | AU110: AM-Shoulder | AV110: 4067.75 | AW110: 1896.23 | AX110: 4642.46 | AY110: 2276.16 | AZ110: 3266.69 | BA110: 4368.93 | BB110: 3612.09 | BC110: 2828.3 | BD110: 3871.18 | BE110: 2701.39 | BF110: 3966.82 | BG110: 2555.54 | BH110: 3817.84 | BI110: 2586.01 | BJ110: 3194.06 | BK110: 2452.84 | BL110: 2536.27 | BM110: 2212.46 | BN110: 2208.48 | BO110: 2071.19 | BR110: AM-Shoulder | BS110: 3.41 | BT110: 0.99 | BU110: 2.72 | BV110: 1.09 | BW110: 1.3 | BX110: 1.08 | BY110: 2.04 | BZ110: 1.5 | CA110: 3.07 | CB110: 1.68 | CC110: 6.05 | CD110: 2.99 | CE110: 4.87 | CF110: 2.45 | CG110: 4.21 | CH110: 2.94 | CI110: 2.6 | CJ110: 2.6 | CK110: 3.23 | CL110: 3.13
B111: MD | C111: 0.22882333 | D111: 0.21815913 | E111: 0.19186805 | F111: 0.17221213 | G111: 0.20409768 | H111: 0.22806366 | I111: 0.13640692 | J111: 0.17647644 | K111: 0.21096894 | L111: 0.1715155 | M111: 0.15573498 | N111: 0.14791983 | O111: 0.11483493 | P111: 0.1631604 | Q111: 0.12084273 | R111: 0.18289607 | S111: 0.20200229 | T111: 0.19114649 | U111: 0.2008067 | V111: 0.20050785 | X111: MD | Y111: 4404.9 | Z111: 4913.61 | AA111: 6041.82 | AB111: 5666.02 | AC111: 4046.52 | AD111: 5501.28 | AE111: 4878.93 | AF111: 5090.8 | AG111: 5305.86 | AH111: 5451.75 | AI111: 4967.36 | AJ111: 5096.43 | AK111: 4596.79 | AL111: 4957.16 | AM111: 4289.22 | AN111: 4228.99 | AO111: 3929.31 | AP111: 4046.41 | AQ111: 3738.95 | AR111: 3901.52 | AU111: MD | AV111: 14265.1 | AW111: 15891.39 | AX111: 18103.18 | AY111: 19280.98 | AZ111: 11988.48 | BA111: 16362.86 | BB111: 15147.07 | BC111: 15234.2 | BD111: 17307.82 | BE111: 17798.25 | BF111: 16340.23 | BG111: 16763.07 | BH111: 14994.53 | BI111: 16199.34 | BJ111: 14017.71 | BK111: 13804.19 | BL111: 12780.69 | BM111: 13153.34 | BN111: 12183.05 | BO111: 14499.98 | BR111: MD | BS111: 3.18 | BT111: 1.77 | BU111: 1.5 | BV111: 0.65 | BW111: 0.81 | BX111: 1.12 | BY111: 0.8 | BZ111: 1.9 | CA111: 1.89 | CB111: 2.17 | CC111: 3.11 | CD111: 2.7 | CE111: 2.28 | CF111: 1.98 | CG111: 2.85 | CH111: 2.68 | CI111: 2.49 | CJ111: 2.02 | CK111: 2.93 | CL111: 2.25
B112: PM-Shoulder | C112: 0.06425415 | D112: 0.09963113 | E112: 0.047232437 | F112: 0.17013156 | G112: 0.088174028 | H112: 0.056936879 | I112: 0.040177574 | J112: 0.07191309 | K112: 0.025491421 | L112: 0.075068632 | M112: 0.02655388 | N112: 0.062248589 | O112: 0.022281283 | P112: 0.056230456 | Q112: 0.026027514 | R112: 0.070449858 | S112: 0.045258538 | T112: 0.080267761 | U112: 0.044925527 | V112: 0.045965658 | X112: PM-Shoulder | Y112: 1163.37 | Z112: 1239.92 | AA112: 1450.8 | AB112: 1740.22 | AC112: 995.14 | AD112: 1197.91 | AE112: 998.66 | AF112: 988.83 | AG112: 1026.85 | AH112: 1551.76 | AI112: 1077.28 | AJ112: 1463.18 | AK112: 1061.66 | AL112: 1356.21 | AM112: 1042.77 | AN112: 1304.49 | AO112: 975.56 | AP112: 1304.27 | AQ112: 880.8 | AR112: 905.11 | AU112: PM-Shoulder | AV112: 3588.52 | AW112: 3825.77 | AX112: 4542.35 | AY112: 5465.67 | AZ112: 3107.91 | BA112: 3742.5 | BB112: 3120.89 | BC112: 3094.65 | BD112: 3163.98 | BE112: 4806.17 | BF112: 3326.45 | BG112: 4541.75 | BH112: 3275.13 | BI112: 4194.24 | BJ112: 3219.55 | BK112: 4039.8 | BL112: 3009.41 | BM112: 4034.31 | BN112: 2717.39 | BO112: 2792.57 | BR112: PM-Shoulder | BS112: 3.52 | BT112: 3.39 | BU112: 1.59 | BV112: 2.19 | BW112: 1.46 | BX112: 1.36 | BY112: 1.22 | BZ112: 4.31 | CA112: 1.26 | CB112: 3.56 | CC112: 2.57 | CD112: 4.22 | CE112: 2.04 | CF112: 2.69 | CG112: 2.69 | CH112: 3.59 | CI112: 2.39 | CJ112: 2.86 | CK112: 2.93 | CL112: 2.39
B113: PM-Peak | C113: 0.3186154 | D113: 0.51703889 | E113: 0.17090072 | F113: 0.57804615 | G113: 0.32696924 | H113: 0.28129094 | I113: 0.25244498 | J113: 0.45664461 | K113: 0.14453272 | L113: 0.4551943 | M113: 0.13783987 | N113: 0.43858297 | O113: 0.11881387 | P113: 0.38101841 | Q113: 0.15915443 | R113: 0.31661912 | S113: 0.22442445 | T113: 0.27841606 | U113: 0.22784106 | V113: 0.27524041 | X113: PM-Peak | Y113: 4340.03 | Z113: 4526.36 | AA113: 4118.41 | AB113: 4961.71 | AC113: 3210.96 | AD113: 4008.82 | AE113: 3412.6 | AF113: 4305.18 | AG113: 3349.72 | AH113: 5305 | AI113: 3461.71 | AJ113: 4948.4 | AK113: 3442.43 | AL113: 4499.2 | AM113: 3526.7 | AN113: 3840.93 | AO113: 3045.2 | AP113: 3267.42 | AQ113: 2818.89 | AR113: 2841.69 | AU113: PM-Peak | AV113: 13432.27 | AW113: 14017.69 | AX113: 12904.19 | AY113: 15594.46 | AZ113: 10031.64 | BA113: 13476.83 | BB113: 10683.65 | BC113: 11133.49 | BD113: 10337.7 | BE113: 16557.62 | BF113: 10719.71 | BG113: 15522.59 | BH113: 10644.1 | BI113: 13991.74 | BJ113: 10929.53 | BK113: 11925.56 | BL113: 9411.02 | BM113: 10104.25 | BN113: 8716.03 | BO113: 8786.87 | BR113: PM-Peak | BS113: 4.85 | BT113: 4.82 | BU113: 2.07 | BV113: 2.64 | BW113: 1.73 | BX113: 2 | BY113: 2.31 | BZ113: 6.4 | CA113: 2.24 | CB113: 6.43 | CC113: 4.3 | CD113: 8.93 | CE113: 3.49 | CF113: 5.53 | CG113: 5.03 | CH113: 5.56 | CI113: 3.94 | CJ113: 3.94 | CK113: 4.83 | CL113: 4.6
B114: PM-Late | C114: 0.036961783 | D114: 0.08500001 | E114: 0.0054517935 | F114: 0.012792972 | G114: 0.0044453417 | H114: 0.019369816 | I114: 0.0087915033 | J114: 0.11202712 | K114: 0.060595272 | L114: 0.10408059 | M114: 0.071319449 | N114: 0.13107233 | O114: 0.065441745 | P114: 0.11959369 | Q114: 0.053446687 | R114: 0.10979802 | S114: 0.11238789 | T114: 0.11316258 | U114: 0.11616901 | V114: 0.12052222 | X114: PM-Late | Y114: 2006.84 | Z114: 2619.1 | AA114: 394.73 | AB114: 418.81 | AC114: 252.23 | AD114: 1304.96 | AE114: 281.58 | AF114: 2456.61 | AG114: 1657.22 | AH114: 2579.3 | AI114: 1635.3 | AJ114: 2584.32 | AK114: 1595.82 | AL114: 2236.87 | AM114: 295.02 | AN114: 1718.28 | AO114: 1433.32 | AP114: 1484.83 | AQ114: 1468.41 | AR114: 1511.07 | AU114: PM-Late | AV114: 6174.16 | AW114: 8060.9 | AX114: 7499.77 | AY114: 7957.34 | AZ114: 4792.27 | BA114: 7359.04 | BB114: 5350.02 | BC114: 7674.39 | BD114: 5098.78 | BE114: 7944.7 | BF114: 5033.7 | BG114: 7969.68 | BH114: 4911.18 | BI114: 6889.13 | BJ114: 5980.98 | BK114: 5289.72 | BL114: 4410.68 | BM114: 4569.17 | BN114: 4519.59 | BO114: 4650.93 | BR114: PM-Late | BS114: 1.21 | BT114: 1.42 | BU114: 0.65 | BV114: 0.65 | BW114: 0.25 | BX114: 0.43 | BY114: 0.8 | BZ114: 2.85 | CA114: 1.91 | CB114: 3.18 | CC114: 4.8 | CD114: 5.32 | CE114: 4.17 | CF114: 3.56 | CG114: 13.26 | CH114: 4.43 | CI114: 4.27 | CJ114: 3.55 | CK114: 4.79 | CL114: 3.81
X117: ML medium A veh.Miles | AU117: GP medium A veh.Miles | BR117: Implied VOT
...

Sheet Year_2032
B1: Lenght
C2: 1 | D2: 2 | E2: 3 | F2: 4 | G2: 5 | H2: 6 | I2: 7 | J2: 8 | K2: 9 | L2: 10
B3: Length | C3: 1.3 | D3: 1.3 | E3: 0.5 | F3: 1.6 | G3: 2 | H3: 3.6 | I3: 2.9 | J3: 3.8 | K3: 3.4 | L3: 4.5
B5: TollLights | X5: ML PCE.Miles | AU5: GP PCE.Miles | BR5: Highway PCE.Miles
B6: Direction | C6: NB | D6: SB | E6: NB | F6: SB | G6: NB | H6: SB | I6: NB | J6: SB | K6: NB | L6: SB | M6: NB | N6: SB | O6: NB | P6: SB | Q6: NB | R6: SB | S6: NB | T6: SB | U6: NB | V6: SB | X6: Direction | Y6: NB | Z6: SB | AA6: NB | AB6: SB | AC6: NB | AD6: SB | AE6: NB | AF6: SB | AG6: NB | AH6: SB | AI6: NB | AJ6: SB | AK6: NB | AL6: SB | AM6: NB | AN6: SB | AO6: NB | AP6: SB | AQ6: NB | AR6: SB | AU6: Direction | AV6: NB | AW6: SB | AX6: NB | AY6: SB | AZ6: NB | BA6: SB | BB6: NB | BC6: SB | BD6: NB | BE6: SB | BF6: NB | BG6: SB | BH6: NB | BI6: SB | BJ6: NB | BK6: SB | BL6: NB | BM6: SB | BN6: NB | BO6: SB | BR6: Direction | BS6: NB | BT6: SB | BU6: NB | BV6: SB | BW6: NB | BX6: SB | BY6: NB | BZ6: SB | CA6: NB | CB6: SB | CC6: NB | CD6: SB | CE6: NB | CF6: SB | CG6: NB | CH6: SB | CI6: NB | CJ6: SB | CK6: NB | CL6: SB
B7: Segment | C7: 1 | D7: 1 | E7: 2 | F7: 2 | G7: 3 | H7: 3 | I7: 4 | J7: 4 | K7: 5 | L7: 5 | M7: 6 | N7: 6 | O7: 7 | P7: 7 | Q7: 8 | R7: 8 | S7: 9 | T7: 9 | U7: 10 | V7: 10 | X7: Segment | Y7: 1 | Z7: 1 | AA7: 2 | AB7: 2 | AC7: 3 | AD7: 3 | AE7: 4 | AF7: 4 | AG7: 5 | AH7: 5 | AI7: 6 | AJ7: 6 | AK7: 7 | AL7: 7 | AM7: 8 | AN7: 8 | AO7: 9 | AP7: 9 | AQ7: 10 | AR7: 10 | AU7: Segment | AV7: 1 | AW7: 1 | AX7: 2 | AY7: 2 | AZ7: 3 | BA7: 3 | BB7: 4 | BC7: 4 | BD7: 5 | BE7: 5 | BF7: 6 | BG7: 6 | BH7: 7 | BI7: 7 | BJ7: 8 | BK7: 8 | BL7: 9 | BM7: 9 | BN7: 10 | BO7: 10 | BR7: Segment | BS7: 1 | BT7: 1 | BU7: 2 | BV7: 2 | BW7: 3 | BX7: 3 | BY7: 4 | BZ7: 4 | CA7: 5 | CB7: 5 | CC7: 6 | CD7: 6 | CE7: 7 | CF7: 7 | CG7: 8 | CH7: 8 | CI7: 9 | CJ7: 9 | CK7: 10 | CL7: 10
B8: Period | X8: Period | AU8: Period | BR8: Period
B9: Night | C9: 0.21 | D9: 0.21 | E9: 0.22 | F9: 0.22 | G9: 0.22 | H9: 0.22 | I9: 0.2 | J9: 0.54 | K9: 0.54 | L9: 0.54 | M9: 0.54 | N9: 0.54 | O9: 0.54 | P9: 0.54 | Q9: 0.54 | R9: 0.54 | S9: 0.54 | T9: 0.54 | U9: 0.54 | V9: 0.54 | X9: Night | Y9: 1542.14 | Z9: 1532.65 | AA9: 1262.57 | AB9: 1177.08 | AC9: 430.22 | AD9: 530.17 | AE9: 1386.02 | AF9: 2769.98 | AG9: 3877.16 | AH9: 3413.62 | AI9: 7063.56 | AJ9: 6056.32 | AK9: 5557.73 | AL9: 4777.81 | AM9: 7051.13 | AN9: 6424.43 | AO9: 5521.12 | AP9: 4211.41 | AQ9: 7445.02 | AR9: 5904.67 | AU9: Night | AV9: 23776.47 | AW9: 23620.84 | AX9: 18559.96 | AY9: 17369.63 | AZ9: 6747.23 | BA9: 8031.37 | BB9: 27860.15 | BC9: 26324.26 | BD9: 36860.04 | BE9: 32532.78 | BF9: 66459.96 | BG9: 57493.04 | BH9: 52973.26 | BI9: 44967.34 | BJ9: 66332.95 | BK9: 60397.43 | BL9: 51710.74 | BM9: 39923.31 | BN9: 70180.43 | BO9: 55608.53 | BR9: Night | BS9: 25318.61 | BT9: 25153.49 | BU9: 19822.53 | BV9: 18546.71 | BW9: 7177.45 | BX9: 8561.54 | BY9: 29246.17 | BZ9: 29094.24 | CA9: 40737.2 | CB9: 35946.4 | CC9: 73523.52 | CD9: 63549.36 | CE9: 58530.99 | CF9: 49745.15 | CG9: 73384.08 | CH9: 66821.86 | CI9: 57231.86 | CJ9: 44134.72 | CK9: 77625.45 | CL9: 61513.2
B10: AM-Early | C10: 0.43 | D10: 0.3 | E10: 0.26 | F10: 0.2 | G10: 0.48 | H10: 0.23 | I10: 0.32 | J10: 0.67 | K10: 0.42 | L10: 0.5 | M10: 0.66 | N10: 0.52 | O10: 0.72 | P10: 0.59 | Q10: 0.67 | R10: 0.44 | S10: 0.62 | T10: 0.43 | U10: 0.4 | V10: 0.24 | X10: AM-Early | Y10: 2180.59 | Z10: 1352.9 | AA10: 2232.63 | AB10: 1451.09 | AC10: 571.87 | AD10: 710.28 | AE10: 3000.94 | AF10: 2110.19 | AG10: 3501.89 | AH10: 2438.28 | AI10: 5951.35 | AJ10: 4414.2 | AK10: 4274.75 | AL10: 3791.29 | AM10: 5285.56 | AN10: 4747.29 | AO10: 4599.41 | AP10: 3507.33 | AQ10: 6944.86 | AR10: 4413.2 | AU10: AM-Early | AV10: 8151.91 | AW10: 5359.81 | AX10: 7358.38 | AY10: 4921.75 | AZ10: 1948.83 | BA10: 2388.67 | BB10: 10244.64 | BC10: 7465.49 | BD10: 13045.78 | BE10: 9323.32 | BF10: 22987.66 | BG10: 17111.64 | BH10: 16305.97 | BI10: 14689.54 | BJ10: 20492.32 | BK10: 18353.82 | BL10: 17761.25 | BM10: 13880.26 | BN10: 28339.28 | BO10: 18018.15 | BR10: AM-Early | BS10: 10332.5 | BT10: 6712.72 | BU10: 9591.01 | BV10: 6372.85 | BW10: 2520.7 | BX10: 3098.95 | BY10: 13245.58 | BZ10: 9575.68 | CA10: 16547.67 | CB10: 11761.6 | CC10: 28939.01 | CD10: 21525.84 | CE10: 20580.72 | CF10: 18480.83 | CG10: 25777.87 | CH10: 23101.11 | CI10: 22360.66 | CJ10: 17387.59 | CK10: 35284.14 | CL10: 22431.35
B11: AM-Peak | C11: 3.6 | D11: 0.37 | E11: 3.19 | F11: 0.57 | G11: 1.8 | H11: 2.86 | I11: 1.8 | J11: 1.04 | K11: 1.8 | L11: 0.99 | M11: 1.8 | N11: 1.05 | O11: 1.8 | P11: 1.09 | Q11: 1.8 | R11: 1.01 | S11: 1.19 | T11: 0.84 | U11: 0.82 | V11: 0.73 | X11: AM-Peak | Y11: 7116.39 | Z11: 3383.64 | AA11: 7550.9 | AB11: 2313.36 | AC11: 3020.6 | AD11: 3082.23 | AE11: 10892.32 | AF11: 7194.6 | AG11: 13965.61 | AH11: 8033.16 | AI11: 25121.24 | AJ11: 14123.23 | AK11: 19269.65 | AL11: 11448.3 | AM11: 24439.69 | AN11: 14503.15 | AO11: 14225.15 | AP11: 11429.6 | AQ11: 14840.79 | AR11: 13293.79 | AU11: AM-Peak | AV11: 29600.12 | AW11: 13741.24 | AX11: 27743.19 | AY11: 12168 | AZ11: 7797.45 | BA11: 10906.04 | BB11: 35342.33 | BC11: 26642.27 | BD11: 45554.39 | BE11: 32355.31 | BF11: 82014.76 | BG11: 58729.97 | BH11: 60804.42 | BI11: 48008.44 | BJ11: 75324.61 | BK11: 60315.29 | BL11: 59122.88 | BM11: 48065.11 | BN11: 62321.98 | BO11: 56375.91 | BR11: AM-Peak | BS11: 36716.51 | BT11: 17124.88 | BU11: 35294.09 | BV11: 14481.36 | BW11: 10818.04 | BX11: 13988.27 | BY11: 46234.65 | BZ11: 33836.87 | CA11: 59520 | CB11: 40388.47 | CC11: 107136 | CD11: 72853.2 | CE11: 80074.06 | CF11: 59456.74 | CG11: 99764.3 | CH11: 74818.44 | CI11: 73348.03 | CJ11: 59494.71 | CK11: 77162.77 | CL11: 69669.7
B12: AM-Shoulder | C12: 1.79 | D12: 0.57 | E12: 1.45 | F12: 0.21 | G12: 1.73 | H12: 1.46 | I12: 1.4 | J12: 0.89 | K12: 1.45 | L12: 0.76 | M12: 1.56 | N12: 0.75 | O12: 1.53 | P12: 0.77 | Q12: 1.26 | R12: 0.69 | S12: 0.67 | T12: 0.64 | U12: 0.61 | V12: 0.58 | X12: AM-Shoulder | Y12: 2064.78 | Z12: 1194.79 | AA12: 2281.54 | AB12: 1335.21 | AC12: 699.87 | AD12: 916.9 | AE12: 2868.03 | AF12: 2384.9 | AG12: 3325.34 | AH12: 2689.6 | AI12: 5790.82 | AJ12: 4606.2 | AK12: 4690.39 | AL12: 3697.55 | AM12: 5782.66 | AN12: 4651.43 | AO12: 4207.7 | AP12: 3740 | AQ12: 4986.64 | AR12: 4650.07 | AU12: AM-Shoulder | AV12: 8762.07 | AW12: 5212.99 | AX12: 7988.37 | AY12: 4658.24 | AZ12: 2675.71 | BA12: 3403.1 | BB12: 10955.97 | BC12: 9328.66 | BD12: 13954.66 | BE12: 11172.33 | BF12: 25313.18 | BG12: 19691.6 | BH12: 20365.61 | BI12: 15990.05 | BJ12: 25122.91 | BK12: 19872.89 | BL12: 17669.34 | BM12: 16733.79 | BN12: 21793.58 | BO12: 20760.12 | BR12: AM-Shoulder | BS12: 10826.85 | BT12: 6407.78 | BU12: 10269.92 | BV12: 5993.46 | BW12: 3375.58 | BX12: 4320 | BY12: 13824 | BZ12: 11713.56 | CA12: 17280 | CB12: 13861.93 | CC12: 31104 | CD12: 24297.8 | CE12: 25056 | CF12: 19687.61 | CG12: 30905.58 | CH12: 24524.32 | CI12: 21877.04 | CJ12: 20473.79 | CK12: 26780.22 | CL12: 25410.19
B13: MD | C13: 1.75 | D13: 1.4 | E13: 1.27 | F13: 0.29 | G13: 1.58 | H13: 1.48 | I13: 0.38 | J13: 1.29 | K13: 1 | L13: 1.2 | M13: 0.88 | N13: 0.74 | O13: 0.76 | P13: 0.66 | Q13: 0.69 | R13: 0.63 | S13: 0.64 | T13: 0.5 | U13: 0.56 | V13: 0.33 | X13: MD | Y13: 7365.65 | Z13: 9482.77 | AA13: 10985.64 | AB13: 11776.81 | AC13: 2982.34 | AD13: 3372.71 | AE13: 12497.27 | AF13: 12541.51 | AG13: 16137.7 | AH13: 16213.42 | AI13: 26872.9 | AJ13: 26993.23 | AK13: 20636.99 | AL13: 21462.37 | AM13: 25277.39 | AN13: 24527.42 | AO13: 21029.61 | AP13: 20406.53 | AQ13: 26334.65 | AR13: 29251.32 | AU13: MD | AV13: 29775.12 | AW13: 38675.08 | AX13: 36970.3 | AY13: 39113.22 | AZ13: 10708.44 | BA13: 11892.72 | BB13: 44215.45 | BC13: 45815.29 | BD13: 63273.42 | BE13: 64683.58 | BF13: 107821.88 | BG13: 108758.54 | BH13: 82146.85 | BI13: 85707.13 | BJ13: 102506.63 | BK13: 98596.92 | BL13: 85419.29 | BM13: 82804.89 | BN13: 110409.78 | BO13: 122977.15 | BR13: MD | BS13: 37140.77 | BT13: 48157.85 | BU13: 47955.94 | BV13: 50890.03 | BW13: 13690.78 | BX13: 15265.44 | BY13: 56712.72 | BZ13: 58356.8 | CA13: 79411.12 | CB13: 80897 | CC13: 134694.79 | CD13: 135751.77 | CE13: 102783.84 | CF13: 107169.5 | CG13: 127784.01 | CH13: 123124.34 | CI13: 106448.9 | CJ13: 103211.42 | CK13: 136744.43 | CL13: 152228.48
B14: PM-Shoulder | C14: 1.8 | D14: 1.77 | E14: 1.39 | F14: 1.29 | G14: 1.8 | H14: 1.8 | I14: 0.66 | J14: 1.8 | K14: 0.56 | L14: 1.22 | M14: 0.67 | N14: 1.15 | O14: 0.67 | P14: 1.07 | Q14: 0.67 | R14: 1.08 | S14: 0.63 | T14: 0.88 | U14: 0.57 | V14: 0.45 | X14: PM-Shoulder | Y14: 1844.73 | Z14: 1896.79 | AA14: 2561.09 | AB14: 2640.62 | AC14: 634.88 | AD14: 700.81 | AE14: 2366.42 | AF14: 1877.38 | AG14: 2967.64 | AH14: 3693.08 | AI14: 5695.66 | AJ14: 6922.15 | AK14: 4537.07 | AL14: 5494.39 | AM14: 5849.58 | AN14: 7090.72 | AO14: 4955.22 | AP14: 6082.54 | AQ14: 5949.76 | AR14: 5858.61 | AU14: PM-Shoulder | AV14: 6891.46 | AW14: 7006.28 | AX14: 8670.91 | AY14: 8591.38 | AZ14: 2175.43 | BA14: 2488.59 | BB14: 8231.12 | BC14: 6793.63 | BD14: 10335.9 | BE14: 13156.86 | BF14: 20042.2 | BG14: 24181.85 | BH14: 16044.19 | BI14: 19074.73 | BJ14: 20890.53 | BK14: 24976.21 | BL14: 18047.29 | BM14: 21099.31 | BN14: 22251.93 | BO14: 20512.85 | BR14: PM-Shoulder | BS14: 8736.19 | BT14: 8903.07 | BU14: 11232 | BV14: 11232 | BW14: 2810.3 | BX14: 3189.4 | BY14: 10597.55 | BZ14: 8671.01 | CA14: 13303.53 | CB14: 16849.94 | CC14: 25737.86 | CD14: 31104 | CE14: 20581.26 | CF14: 24569.11 | CG14: 26740.1 | CH14: 32066.92 | CI14: 23002.51 | CJ14: 27181.85 | CK14: 28201.69 | CL14: 26371.46
B15: PM-Peak | C15: 3.4 | D15: 3.35 | E15: 1.75 | F15: 2.82 | G15: 1.8 | H15: 3.5 | I15: 1.35 | J15: 1.8 | K15: 0.99 | L15: 1.8 | M15: 1.1 | N15: 1.8 | O15: 1.12 | P15: 1.8 | Q15: 1.27 | R15: 1.51 | S15: 1 | T15: 1.02 | U15: 0.92 | V15: 0.87 | X15: PM-Peak | Y15: 7067.85 | Z15: 7429.24 | AA15: 7398.72 | AB15: 8755.63 | AC15: 3049.06 | AD15: 2700.91 | AE15: 7816.12 | AF15: 9560.54 | AG15: 9446.12 | AH15: 14441.98 | AI15: 17510.82 | AJ15: 26004.61 | AK15: 14053.72 | AL15: 19719.73 | AM15: 18944.06 | AN15: 20485.26 | AO15: 14815.44 | AP15: 15304.78 | AQ15: 18190.45 | AR15: 18137.85 | AU15: PM-Peak | AV15: 26318.28 | AW15: 27975.49 | AX15: 25167.18 | AY15: 29932.37 | AZ15: 7176.37 | BA15: 9968.27 | BB15: 28049.53 | BC15: 23646.22 | BD15: 33824.29 | BE15: 45078.02 | BF15: 63399.64 | BG15: 81131.39 | BH15: 51254.35 | BI15: 64194.82 | BJ15: 70426.68 | BK15: 75563.84 | BL15: 55863.94 | BM15: 56850.2 | BN15: 69534.42 | BO15: 68138.82 | BR15: PM-Peak | BS15: 33386.12 | BT15: 35404.74 | BU15: 32565.9 | BV15: 38688 | BW15: 10225.43 | BX15: 12669.18 | BY15: 35865.65 | BZ15: 33206.76 | CA15: 43270.41 | CB15: 59520 | CC15: 80910.47 | CD15: 107136 | CE15: 65308.07 | CF15: 83914.55 | CG15: 89370.74 | CH15: 96049.1 | CI15: 70679.38 | CJ15: 72154.98 | CK15: 87724.87 | CL15: 86276.67
B16: PM-Late | C16: 0.73 | D16: 0.93 | E16: 0.3 | F16: 0.22 | G16: 0.2 | H16: 0.27 | I16: 0.78 | J16: 1.46 | K16: 0.78 | L16: 1.28 | M16: 1.16 | N16: 1.27 | O16: 1.3 | P16: 1.13 | Q16: 1.15 | R16: 1 | S16: 1.05 | T16: 0.84 | U16: 0.88 | V16: 0.68 | X16: PM-Late | Y16: 3666.39 | Z16: 4609.15 | AA16: 2985.45 | AB16: 3595.84 | AC16: 220.23 | AD16: 1436.97 | AE16: 1220.21 | AF16: 4883.98 | AG16: 4637.16 | AH16: 6256.84 | AI16: 8117.84 | AJ16: 11623.95 | AK16: 6479.29 | AL16: 8819.32 | AM16: 8089.91 | AN16: 8978.93 | AO16: 6850.96 | AP16: 6928.46 | AQ16: 9383.46 | AR16: 9599.92 | AU16: PM-Late | AV16: 14523.21 | AW16: 17664.53 | AX16: 12168 | AY16: 12556.85 | AZ16: 4206.53 | BA16: 5389.35 | BB16: 14976 | BC16: 18496.59 | BD16: 18893.04 | BE16: 23477.42 | BF16: 33233.2 | BG16: 43591.25 | BH16: 26797.34 | BI16: 33808.94 | BJ16: 33523.51 | BK16: 35956.45 | BL16: 28106.48 | BM16: 28683.82 | BN16: 39047.79 | BO16: 41416.58 | BR16: PM-Late | BS16: 18189.6 | BT16: 22273.68 | BU16: 15153.45 | BV16: 16152.69 | BW16: 4426.76 | BX16: 6826.32 | BY16: 16196.21 | BZ16: 23380.57 | CA16: 23530.2 | CB16: 29734.25 | CC16: 41351.04 | CD16: 55215.2 | CE16: 33276.63 | CF16: 42628.26 | CG16: 41613.42 | CH16: 44935.38 | CI16: 34957.44 | CJ16: 35612.28 | CK16: 48431.25 | CL16: 51016.5
B19: CaptureRateLights | X19: ML Volume (PCE/Period) | AU19: GP Volume (PCE/Period) | BR19: Highway Volume
B20: Direction | C20: NB | D20: SB | E20: NB | F20: SB | G20: NB | H20: SB | I20: NB | J20: SB | K20: NB | L20: SB | M20: NB | N20: SB | O20: NB | P20: SB | Q20: NB | R20: SB | S20: NB | T20: SB | U20: NB | V20: SB | X20: Direction | Y20: NB | Z20: SB | AA20: NB | AB20: SB | AC20: NB | AD20: SB | AE20: NB | AF20: SB | AG20: NB | AH20: SB | AI20: NB | AJ20: SB | AK20: NB | AL20: SB | AM20: NB | AN20: SB | AO20: NB | AP20: SB | AQ20: NB | AR20: SB | AU20: Direction | AV20: NB | AW20: SB | AX20: NB | AY20: SB | AZ20: NB | BA20: SB | BB20: NB | BC20: SB | BD20: NB | BE20: SB | BF20: NB | BG20: SB | BH20: NB | BI20: SB | BJ20: NB | BK20: SB | BL20: NB | BM20: SB | BN20: NB | BO20: SB | BR20: Direction | BS20: NB | BT20: SB | BU20: NB | BV20: SB | BW20: NB | BX20: SB | BY20: NB | BZ20: SB | CA20: NB | CB20: SB | CC20: NB | CD20: SB | CE20: NB | CF20: SB | CG20: NB | CH20: SB | CI20: NB | CJ20: SB | CK20: NB | CL20: SB
B21: Segment | C21: 1 | D21: 1 | E21: 2 | F21: 2 | G21: 3 | H21: 3 | I21: 4 | J21: 4 | K21: 5 | L21: 5 | M21: 6 | N21: 6 | O21: 7 | P21: 7 | Q21: 8 | R21: 8 | S21: 9 | T21: 9 | U21: 10 | V21: 10 | X21: Segment | Y21: 1 | Z21: 1 | AA21: 2 | AB21: 2 | AC21: 3 | AD21: 3 | AE21: 4 | AF21: 4 | AG21: 5 | AH21: 5 | AI21: 6 | AJ21: 6 | AK21: 7 | AL21: 7 | AM21: 8 | AN21: 8 | AO21: 9 | AP21: 9 | AQ21: 10 | AR21: 10 | AU21: Segment | AV21: 1 | AW21: 1 | AX21: 2 | AY21: 2 | AZ21: 3 | BA21: 3 | BB21: 4 | BC21: 4 | BD21: 5 | BE21: 5 | BF21: 6 | BG21: 6 | BH21: 7 | BI21: 7 | BJ21: 8 | BK21: 8 | BL21: 9 | BM21: 9 | BN21: 10 | BO21: 10 | BR21: Segment | BS21: 1 | BT21: 1 | BU21: 2 | BV21: 2 | BW21: 3 | BX21: 3 | BY21: 4 | BZ21: 4 | CA21: 5 | CB21: 5 | CC21: 6 | CD21: 6 | CE21: 7 | CF21: 7 | CG21: 8 | CH21: 8 | CI21: 9 | CJ21: 9 | CK21: 10 | CL21: 10
B22: Period | X22: Period | AU22: Period | BR22: Period
B23: Night | C23: 0.07 | D23: 0.07 | E23: 0.07 | F23: 0.07 | G23: 0.07 | H23: 0.07 | I23: 0.05 | J23: 0.1 | K23: 0.1 | L23: 0.1 | M23: 0.1 | N23: 0.1 | O23: 0.1 | P23: 0.1 | Q23: 0.1 | R23: 0.1 | S23: 0.1 | T23: 0.1 | U23: 0.1 | V23: 0.1 | X23: Night | Y23: 1186.26 | Z23: 1178.96 | AA23: 971.21 | AB23: 905.45 | AC23: 860.45 | AD23: 1060.34 | AE23: 866.26 | AF23: 1731.24 | AG23: 1938.58 | AH23: 1706.81 | AI23: 1962.1 | AJ23: 1682.31 | AK23: 1916.46 | AL23: 1647.52 | AM23: 1855.56 | AN23: 1690.64 | AO23: 1623.86 | AP23: 1238.65 | AQ23: 1654.45 | AR23: 1312.15 | AU23: Night | AV23: 18289.59 | AW23: 18169.88 | AX23: 14276.89 | AY23: 13361.25 | AZ23: 13494.45 | BA23: 16062.74 | BB23: 17412.59 | BC23: 16452.66 | BD23: 18430.02 | BE23: 16266.39 | BF23: 18461.1 | BG23: 15970.29 | BH23: 18266.64 | BI23: 15505.98 | BJ23: 17456.04 | BK23: 15894.06 | BL23: 15209.04 | BM23: 11742.15 | BN23: 15595.65 | BO23: 12357.45 | BR23: Night | BS23: 19475.86 | BT23: 19348.84 | BU23: 15248.1 | BV23: 14266.7 | BW23: 14354.9 | BX23: 17123.08 | BY23: 18278.85 | BZ23: 18183.9 | CA23: 20368.6 | CB23: 17973.2 | CC23: 20423.2 | CD23: 17652.6 | CE23: 20183.1 | CF23: 17153.5 | CG23: 19311.6 | CH23: 17584.7 | CI23: 16832.9 | CJ23: 12980.8 | CK23: 17250.1 | CL23: 13669.6
B24: AM-Early | C24: 0.23 | D24: 0.23 | E24: 0.24 | F24: 0.25 | G24: 0.25 | H24: 0.25 | I24: 0.24 | J24: 0.25 | K24: 0.23 | L24: 0.23 | M24: 0.22 | N24: 0.23 | O24: 0.23 | P24: 0.23 | Q24: 0.22 | R24: 0.23 | S24: 0.23 | T24: 0.23 | U24: 0.22 | V24: 0.23 | X24: AM-Early | Y24: 1677.38 | Z24: 1040.7 | AA24: 1717.41 | AB24: 1116.23 | AC24: 1143.73 | AD24: 1420.55 | AE24: 1875.59 | AF24: 1318.87 | AG24: 1750.94 | AH24: 1219.14 | AI24: 1653.15 | AJ24: 1226.17 | AK24: 1474.05 | AL24: 1307.34 | AM24: 1390.94 | AN24: 1249.29 | AO24: 1352.77 | AP24: 1031.57 | AQ24: 1543.3 | AR24: 980.71 | AU24: AM-Early | AV24: 6270.7 | AW24: 4122.93 | AX24: 5660.29 | AY24: 3785.96 | AZ24: 3897.67 | BA24: 4777.34 | BB24: 6402.9 | BC24: 4665.93 | BD24: 6522.89 | BE24: 4661.66 | BF24: 6385.46 | BG24: 4753.23 | BH24: 5622.75 | BI24: 5065.36 | BJ24: 5392.71 | BK24: 4829.95 | BL24: 5223.9 | BM24: 4082.43 | BN24: 6297.62 | BO24: 4004.03 | BR24: AM-Early | BS24: 7948.08 | BT24: 5163.63 | BU24: 7377.7 | BV24: 4902.19 | BW24: 5041.4 | BX24: 6197.9 | BY24: 8278.49 | BZ24: 5984.8 | CA24: 8273.83 | CB24: 5880.8 | CC24: 8038.62 | CD24: 5979.4 | CE24: 7096.8 | CF24: 6372.7 | CG24: 6783.65 | CH24: 6079.24 | CI24: 6576.67 | CJ24: 5114 | CK24: 7840.92 | CL24: 4984.74
B25: AM-Peak | C25: 0.22 | D25: 0.23 | E25: 0.22 | F25: 0.17 | G25: 0.33 | H25: 0.24 | I25: 0.26 | J25: 0.24 | K25: 0.26 | L25: 0.23 | M25: 0.26 | N25: 0.22 | O25: 0.28 | P25: 0.23 | Q25: 0.28 | R25: 0.22 | S25: 0.22 | T25: 0.23 | U25: 0.23 | V25: 0.23 | X25: AM-Peak | Y25: 5474.15 | Z25: 2602.8 | AA25: 5808.39 | AB25: 1779.51 | AC25: 6041.19 | AD25: 6164.47 | AE25: 6807.7 | AF25: 4496.62 | AG25: 6982.81 | AH25: 4016.58 | AI25: 6978.12 | AJ25: 3923.12 | AK25: 6644.71 | AL25: 3947.69 | AM25: 6431.5 | AN25: 3816.62 | AO25: 4183.87 | AP25: 3361.65 | AQ25: 3297.95 | AR25: 2954.18 | AU25: AM-Peak | AV25: 22769.32 | AW25: 10570.19 | AX25: 21340.92 | AY25: 9360 | AZ25: 15594.9 | BA25: 21812.08 | BB25: 22088.95 | BC25: 16651.42 | BD25: 22777.19 | BE25: 16177.65 | BF25: 22781.88 | BG25: 16313.88 | BH25: 20967.04 | BI25: 16554.63 | BJ25: 19822.27 | BK25: 15872.45 | BL25: 17389.08 | BM25: 14136.8 | BN25: 13849.33 | BO25: 12527.98 | BR25: AM-Peak | BS25: 28243.47 | BT25: 13172.98 | BU25: 27149.3 | BV25: 11139.51 | BW25: 21636.09 | BX25: 27976.55 | BY25: 28896.66 | BZ25: 21148.05 | CA25: 29760 | CB25: 20194.24 | CC25: 29760 | CD25: 20237 | CE25: 27611.75 | CF25: 20502.32 | CG25: 26253.76 | CH25: 19689.06 | CI25: 21572.95 | CJ25: 17498.45 | CK25: 17147.28 | CL25: 15482.16
B26: AM-Shoulder | C26: 0.23 | D26: 0.23 | E26: 0.24 | F26: 0.25 | G26: 0.25 | H26: 0.25 | I26: 0.24 | J26: 0.24 | K26: 0.22 | L26: 0.23 | M26: 0.21 | N26: 0.23 | O26: 0.22 | P26: 0.23 | Q26: 0.22 | R26: 0.23 | S26: 0.23 | T26: 0.23 | U26: 0.23 | V26: 0.23 | X26: AM-Shoulder | Y26: 1588.29 | Z26: 919.07 | AA26: 1755.03 | AB26: 1027.09 | AC26: 1399.73 | AD26: 1833.8 | AE26: 1792.52 | AF26: 1490.56 | AG26: 1662.67 | AH26: 1344.8 | AI26: 1608.56 | AJ26: 1279.5 | AK26: 1617.37 | AL26: 1275.02 | AM26: 1521.75 | AN26: 1224.06 | AO26: 1237.56 | AP26: 1100 | AQ26: 1108.14 | AR26: 1033.35 | AU26: AM-Shoulder | AV26: 6740.05 | AW26: 4009.99 | AX26: 6144.9 | AY26: 3583.26 | AZ26: 5351.42 | BA26: 6806.2 | BB26: 6847.48 | BC26: 5830.41 | BD26: 6977.33 | BE26: 5586.16 | BF26: 7031.44 | BG26: 5469.89 | BH26: 7022.63 | BI26: 5513.81 | BJ26: 6611.29 | BK26: 5229.71 | BL26: 5196.86 | BM26: 4921.7 | BN26: 4843.02 | BO26: 4613.36 | BR26: AM-Shoulder | BS26: 8328.34 | BT26: 4929.06 | BU26: 7899.94 | BV26: 4610.35 | BW26: 6751.15 | BX26: 8640 | BY26: 8640 | BZ26: 7320.97 | CA26: 8640 | CB26: 6930.96 | CC26: 8640 | CD26: 6749.39 | CE26: 8640 | CF26: 6788.83 | CG26: 8133.05 | CH26: 6453.77 | CI26: 6434.42 | CJ26: 6021.7 | CK26: 5951.16 | CL26: 5646.71
B27: MD | C27: 0.23 | D27: 0.23 | E27: 0.24 | F27: 0.25 | G27: 0.25 | H27: 0.25 | I27: 0.25 | J27: 0.24 | K27: 0.23 | L27: 0.23 | M27: 0.22 | N27: 0.23 | O27: 0.23 | P27: 0.23 | Q27: 0.23 | R27: 0.23 | S27: 0.23 | T27: 0.23 | U27: 0.23 | V27: 0.23 | X27: MD | Y27: 5665.88 | Z27: 7294.44 | AA27: 8450.49 | AB27: 9059.09 | AC27: 5964.67 | AD27: 6745.43 | AE27: 7810.79 | AF27: 7838.44 | AG27: 8068.85 | AH27: 8106.71 | AI27: 7464.7 | AJ27: 7498.12 | AK27: 7116.2 | AL27: 7400.82 | AM27: 6651.94 | AN27: 6454.58 | AO27: 6185.18 | AP27: 6001.92 | AQ27: 5852.14 | AR27: 6500.29 | AU27: MD | AV27: 22903.94 | AW27: 29750.06 | AX27: 28438.69 | AY27: 30087.09 | AZ27: 21416.89 | BA27: 23785.45 | BB27: 27634.66 | BC27: 28634.56 | BD27: 31636.71 | BE27: 32341.79 | BF27: 29950.52 | BG27: 30210.71 | BH27: 28326.5 | BI27: 29554.18 | BJ27: 26975.43 | BK27: 25946.56 | BL27: 25123.32 | BM27: 24354.38 | BN27: 24535.51 | BO27: 27328.26 | BR27: MD | BS27: 28569.82 | BT27: 37044.5 | BU27: 36889.18 | BV27: 39146.17 | BW27: 27381.56 | BX27: 30530.87 | BY27: 35445.45 | BZ27: 36473 | CA27: 39705.56 | CB27: 40448.5 | CC27: 37415.22 | CD27: 37708.83 | CE27: 35442.7 | CF27: 36955 | CG27: 33627.37 | CH27: 32401.14 | CI27: 31308.5 | CJ27: 30356.3 | CK27: 30387.65 | CL27: 33828.55
B28: PM-Shoulder | C28: 0.25 | D28: 0.24 | E28: 0.24 | F28: 0.24 | G28: 0.26 | H28: 0.25 | I28: 0.24 | J28: 0.24 | K28: 0.24 | L28: 0.24 | M28: 0.24 | N28: 0.24 | O28: 0.24 | P28: 0.24 | Q28: 0.24 | R28: 0.24 | S28: 0.24 | T28: 0.24 | U28: 0.24 | V28: 0.24 | X28: PM-Shoulder | Y28: 1419.02 | Z28: 1459.07 | AA28: 1970.07 | AB28: 2031.25 | AC28: 1269.76 | AD28: 1401.61 | AE28: 1479.02 | AF28: 1173.36 | AG28: 1483.82 | AH28: 1846.54 | AI28: 1582.13 | AJ28: 1922.82 | AK28: 1564.51 | AL28: 1894.62 | AM28: 1539.36 | AN28: 1865.98 | AO28: 1457.42 | AP28: 1788.98 | AQ28: 1322.17 | AR28: 1301.91 | AU28: PM-Shoulder | AV28: 5301.12 | AW28: 5389.45 | AX28: 6669.93 | AY28: 6608.75 | AZ28: 4350.85 | BA28: 4977.18 | BB28: 5144.45 | BC28: 4246.02 | BD28: 5167.95 | BE28: 6578.43 | BF28: 5567.28 | BG28: 6717.18 | BH28: 5532.48 | BI28: 6577.49 | BJ28: 5497.51 | BK28: 6572.69 | BL28: 5308.03 | BM28: 6205.68 | BN28: 4944.87 | BO28: 4558.41 | BR28: PM-Shoulder | BS28: 6720.14 | BT28: 6848.52 | BU28: 8640 | BV28: 8640 | BW28: 5620.61 | BX28: 6378.79 | BY28: 6623.47 | BZ28: 5419.38 | CA28: 6651.77 | CB28: 8424.97 | CC28: 7149.41 | CD28: 8640 | CE28: 7096.99 | CF28: 8472.11 | CG28: 7036.87 | CH28: 8438.66 | CI28: 6765.44 | CJ28: 7994.66 | CK28: 6267.04 | CL28: 5860.32
B29: PM-Peak | C29: 0.24 | D29: 0.24 | E29: 0.24 | F29: 0.24 | G29: 0.34 | H29: 0.24 | I29: 0.24 | J29: 0.34 | K29: 0.24 | L29: 0.28 | M29: 0.24 | N29: 0.27 | O29: 0.24 | P29: 0.27 | Q29: 0.24 | R29: 0.24 | S29: 0.24 | T29: 0.24 | U29: 0.24 | V29: 0.24 | X29: PM-Peak | Y29: 5436.8 | Z29: 5714.8 | AA29: 5691.32 | AB29: 6735.1 | AC29: 6098.13 | AD29: 5401.82 | AE29: 4885.07 | AF29: 5975.34 | AG29: 4723.06 | AH29: 7220.99 | AI29: 4864.12 | AJ29: 7223.5 | AK29: 4846.11 | AL29: 6799.91 | AM29: 4985.28 | AN29: 5390.86 | AO29: 4357.48 | AP29: 4501.41 | AQ29: 4042.32 | AR29: 4030.63 | AU29: PM-Peak | AV29: 20244.83 | AW29: 21519.61 | AX29: 19359.37 | AY29: 23024.9 | AZ29: 14352.73 | BA29: 19936.55 | BB29: 17530.96 | BC29: 14778.89 | BD29: 16912.15 | BE29: 22539.01 | BF29: 17611.01 | BG29: 22536.5 | BH29: 17673.91 | BI29: 22136.15 | BJ29: 18533.34 | BK29: 19885.22 | BL29: 16430.57 | BM29: 16720.65 | BN29: 15452.09 | BO29: 15141.96 | BR29: PM-Peak | BS29: 25681.63 | BT29: 27234.41 | BU29: 25050.69 | BV29: 29760 | BW29: 20450.86 | BX29: 25338.37 | BY29: 22416.03 | BZ29: 20754.23 | CA29: 21635.2 | CB29: 29760 | CC29: 22475.13 | CD29: 29760 | CE29: 22520.02 | CF29: 28936.05 | CG29: 23518.62 | CH29: 25276.08 | CI29: 20788.05 | CJ29: 21222.05 | CK29: 19494.42 | CL29: 19172.59
B30: PM-Late | C30: 0.25 | D30: 0.24 | E30: 0.21 | F30: 0.24 | G30: 0.05 | H30: 0.24 | I30: 0.08 | J30: 0.24 | K30: 0.25 | L30: 0.24 | M30: 0.24 | N30: 0.24 | O30: 0.24 | P30: 0.24 | Q30: 0.24 | R30: 0.24 | S30: 0.25 | T30: 0.25 | U30: 0.24 | V30: 0.24 | X30: PM-Late | Y30: 2820.3 | Z30: 3545.5 | AA30: 2296.5 | AB30: 2766.03 | AC30: 440.47 | AD30: 2873.95 | AE30: 762.63 | AF30: 3052.49 | AG30: 2318.58 | AH30: 3128.42 | AI30: 2254.96 | AJ30: 3228.87 | AK30: 2234.24 | AL30: 3041.14 | AM30: 2128.92 | AN30: 2362.88 | AO30: 2014.99 | AP30: 2037.78 | AQ30: 2085.21 | AR30: 2133.32 | AU30: PM-Late | AV30: 11171.7 | AW30: 13588.1 | AX30: 9360 | AY30: 9659.12 | AZ30: 8413.06 | BA30: 10778.69 | BB30: 9360 | BC30: 11560.37 | BD30: 9446.52 | BE30: 11738.71 | BF30: 9231.44 | BG30: 12108.68 | BH30: 9240.46 | BI30: 11658.26 | BJ30: 8821.98 | BK30: 9462.22 | BL30: 8266.61 | BM30: 8436.42 | BN30: 8677.29 | BO30: 9203.68 | BR30: PM-Late | BS30: 13992 | BT30: 17133.6 | BU30: 11656.5 | BV30: 12425.14 | BW30: 8853.52 | BX30: 13652.64 | BY30: 10122.63 | BZ30: 14612.86 | CA30: 11765.1 | CB30: 14867.13 | CC30: 11486.4 | CD30: 15337.55 | CE30: 11474.7 | CF30: 14699.4 | CG30: 10950.9 | CH30: 11825.1 | CI30: 10281.6 | CJ30: 10474.2 | CK30: 10762.5 | CL30: 11337
B33: Revenue Per Period | X33: ML Flow (PCE/hr) | AU33: GP Flow (PCE/hr) | BR33: Highway Flow
B34: Direction | C34: NB | D34: SB | E34: NB | F34: SB | G34: NB | H34: SB | I34: NB | J34: SB | K34: NB | L34: SB | M34: NB | N34: SB | O34: NB | P34: SB | Q34: NB | R34: SB | S34: NB | T34: SB | U34: NB | V34: SB | X34: Direction | Y34: NB | Z34: SB | AA34: NB | AB34: SB | AC34: NB | AD34: SB | AE34: NB | AF34: SB | AG34: NB | AH34: SB | AI34: NB | AJ34: SB | AK34: NB | AL34: SB | AM34: NB | AN34: SB | AO34: NB | AP34: SB | AQ34: NB | AR34: SB | AU34: Direction | AV34: NB | AW34: SB | AX34: NB | AY34: SB | AZ34: NB | BA34: SB | BB34: NB | BC34: SB | BD34: NB | BE34: SB | BF34: NB | BG34: SB | BH34: NB | BI34: SB | BJ34: NB | BK34: SB | BL34: NB | BM34: SB | BN34: NB | BO34: SB | BR34: Direction | BS34: NB | BT34: SB | BU34: NB | BV34: SB | BW34: NB | BX34: SB | BY34: NB | BZ34: SB | CA34: NB | CB34: SB | CC34: NB | CD34: SB | CE34: NB | CF34: SB | CG34: NB | CH34: SB | CI34: NB | CJ34: SB | CK34: NB | CL34: SB
B35: Segment | C35: 1 | D35: 1 | E35: 2 | F35: 2 | G35: 3 | H35: 3 | I35: 4 | J35: 4 | K35: 5 | L35: 5 | M35: 6 | N35: 6 | O35: 7 | P35: 7 | Q35: 8 | R35: 8 | S35: 9 | T35: 9 | U35: 10 | V35: 10 | X35: Segment | Y35: 1 | Z35: 1 | AA35: 2 | AB35: 2 | AC35: 3 | AD35: 3 | AE35: 4 | AF35: 4 | AG35: 5 | AH35: 5 | AI35: 6 | AJ35: 6 | AK35: 7 | AL35: 7 | AM35: 8 | AN35: 8 | AO35: 9 | AP35: 9 | AQ35: 10 | AR35: 10 | AU35: Segment | AV35: 1 | AW35: 1 | AX35: 2 | AY35: 2 | AZ35: 3 | BA35: 3 | BB35: 4 | BC35: 4 | BD35: 5 | BE35: 5 | BF35: 6 | BG35: 6 | BH35: 7 | BI35: 7 | BJ35: 8 | BK35: 8 | BL35: 9 | BM35: 9 | BN35: 10 | BO35: 10 | BR35: Segment | BS35: 1 | BT35: 1 | BU35: 2 | BV35: 2 | BW35: 3 | BX35: 3 | BY35: 4 | BZ35: 4 | CA35: 5 | CB35: 5 | CC35: 6 | CD35: 6 | CE35: 7 | CF35: 7 | CG35: 8 | CH35: 8 | CI35: 9 | CJ35: 9 | CK35: 10 | CL35: 10
B36: Period | X36: Period | AU36: Period | BR36: Period
B37: Night | C37: 319.28 | D37: 317.41 | E37: 269.07 | F37: 250.69 | G37: 91.43 | H37: 112.44 | I37: 276.4 | J37: 1482.09 | K37: 2083.88 | L37: 1837.31 | M37: 3792.48 | N37: 3251.9 | O37: 2980.02 | P37: 2565.71 | Q37: 3784.41 | R37: 3446.86 | S37: 2956.09 | T37: 2256.75 | U37: 3985.36 | V37: 3158.93 | X37: Night | Y37: 169.47 | Z37: 168.42 | AA37: 138.74 | AB37: 129.35 | AC37: 122.92 | AD37: 151.48 | AE37: 123.75 | AF37: 247.32 | AG37: 276.94 | AH37: 243.83 | AI37: 280.3 | AJ37: 240.33 | AK37: 273.78 | AL37: 235.36 | AM37: 265.08 | AN37: 241.52 | AO37: 231.98 | AP37: 176.95 | AQ37: 236.35 | AR37: 187.45 | AU37: Night | AV37: 2612.8 | AW37: 2595.7 | AX37: 2039.56 | AY37: 1908.75 | AZ37: 1927.78 | BA37: 2294.68 | BB37: 2487.51 | BC37: 2350.38 | BD37: 2632.86 | BE37: 2323.77 | BF37: 2637.3 | BG37: 2281.47 | BH37: 2609.52 | BI37: 2215.14 | BJ37: 2493.72 | BK37: 2270.58 | BL37: 2172.72 | BM37: 1677.45 | BN37: 2227.95 | BO37: 1765.35 | BR37: Night | BS37: 2782.26 | BT37: 2764.12 | BU37: 2178.3 | BV37: 2038.1 | BW37: 2050.7 | BX37: 2446.15 | BY37: 2611.26 | BZ37: 2597.7 | CA37: 2909.8 | CB37: 2567.6 | CC37: 2917.6 | CD37: 2521.8 | CE37: 2883.3 | CF37: 2450.5 | CG37: 2758.8 | CH37: 2512.1 | CI37: 2404.7 | CJ37: 1854.4 | CK37: 2464.3 | CL37: 1952.8
B38: AM-Early | C38: 927.77 | D38: 396.35 | E38: 573.63 | F38: 286.92 | G38: 269.9 | H38: 160.38 | I38: 937.11 | J38: 1396.13 | K38: 1450.05 | L38: 1185.47 | M38: 3886.98 | N38: 2262.11 | O38: 3037.37 | P38: 2180.66 | Q38: 3492.34 | R38: 2061.64 | S38: 2825.85 | T38: 1469.02 | U38: 2719.75 | V38: 1024.93 | X38: AM-Early | Y38: 1677.38 | Z38: 1040.7 | AA38: 1717.41 | AB38: 1116.23 | AC38: 1143.73 | AD38: 1420.55 | AE38: 1875.59 | AF38: 1318.87 | AG38: 1750.94 | AH38: 1219.14 | AI38: 1653.15 | AJ38: 1226.17 | AK38: 1474.05 | AL38: 1307.34 | AM38: 1390.94 | AN38: 1249.29 | AO38: 1352.77 | AP38: 1031.57 | AQ38: 1543.3 | AR38: 980.71 | AU38: AM-Early | AV38: 6270.7 | AW38: 4122.93 | AX38: 5660.29 | AY38: 3785.96 | AZ38: 3897.67 | BA38: 4777.34 | BB38: 6402.9 | BC38: 4665.93 | BD38: 6522.89 | BE38: 4661.66 | BF38: 6385.46 | BG38: 4753.23 | BH38: 5622.75 | BI38: 5065.36 | BJ38: 5392.71 | BK38: 4829.95 | BL38: 5223.9 | BM38: 4082.43 | BN38: 6297.62 | BO38: 4004.03 | BR38: AM-Early | BS38: 7948.08 | BT38: 5163.63 | BU38: 7377.7 | BV38: 4902.19 | BW38: 5041.4 | BX38: 6197.9 | BY38: 8278.49 | BZ38: 5984.8 | CA38: 8273.83 | CB38: 5880.8 | CC38: 8038.62 | CD38: 5979.4 | CE38: 7096.8 | CF38: 6372.7 | CG38: 6783.65 | CH38: 6079.24 | CI38: 6576.67 | CJ38: 5114 | CK38: 7840.92 | CL38: 4984.74
B39: AM-Peak | C39: 25136.52 | D39: 1240.45 | E39: 23740.25 | F39: 1299.39 | G39: 5343.87 | H39: 8596.3 | I39: 19272.33 | J39: 7312.05 | K39: 24614.63 | L39: 7773.53 | M39: 44326.01 | N39: 14454.91 | O39: 33963.88 | P39: 12114.29 | Q39: 43128.11 | R39: 14256.96 | S39: 16605.97 | T39: 9373.61 | U39: 11945.05 | V39: 9444.38 | X39: AM-Peak | Y39: 1824.72 | Z39: 867.6 | AA39: 1936.13 | AB39: 593.17 | AC39: 2013.73 | AD39: 2054.82 | AE39: 2269.23 | AF39: 1498.87 | AG39: 2327.6 | AH39: 1338.86 | AI39: 2326.04 | AJ39: 1307.71 | AK39: 2214.9 | AL39: 1315.9 | AM39: 2143.83 | AN39: 1272.21 | AO39: 1394.62 | AP39: 1120.55 | AQ39: 1099.32 | AR39: 984.73 | AU39: AM-Peak | AV39: 7589.77 | AW39: 3523.4 | AX39: 7113.64 | AY39: 3120 | AZ39: 5198.3 | BA39: 7270.69 | BB39: 7362.98 | BC39: 5550.47 | BD39: 7592.4 | BE39: 5392.55 | BF39: 7593.96 | BG39: 5437.96 | BH39: 6989.01 | BI39: 5518.21 | BJ39: 6607.42 | BK39: 5290.82 | BL39: 5796.36 | BM39: 4712.27 | BN39: 4616.44 | BO39: 4175.99 | BR39: AM-Peak | BS39: 9414.49 | BT39: 4391 | BU39: 9049.77 | BV39: 3713.17 | BW39: 7212.03 | BX39: 9325.52 | BY39: 9632.22 | BZ39: 7049.35 | CA39: 9920 | CB39: 6731.41 | CC39: 9920 | CD39: 6745.67 | CE39: 9203.92 | CF39: 6834.11 | CG39: 8751.25 | CH39: 6563.02 | CI39: 7190.98 | CJ39: 5832.82 | CK39: 5715.76 | CL39: 5160.72
B40: AM-Shoulder | C40: 3622.48 | D40: 666.4 | E40: 3268.78 | F40: 273.14 | G40: 1188.32 | H40: 1318.01 | I40: 3931.53 | J40: 2087.69 | K40: 4743.77 | L40: 2004.93 | M40: 8842.89 | N40: 3375.89 | O40: 7029.37 | P40: 2787.51 | Q40: 7127.03 | R40: 3125.38 | S40: 2751.7 | T40: 2336.9 | U40: 2980.47 | V40: 2624.06 | X40: AM-Shoulder | Y40: 1588.29 | Z40: 919.07 | AA40: 1755.03 | AB40: 1027.09 | AC40: 1399.73 | AD40: 1833.8 | AE40: 1792.52 | AF40: 1490.56 | AG40: 1662.67 | AH40: 1344.8 | AI40: 1608.56 | AJ40: 1279.5 | AK40: 1617.37 | AL40: 1275.02 | AM40: 1521.75 | AN40: 1224.06 | AO40: 1237.56 | AP40: 1100 | AQ40: 1108.14 | AR40: 1033.35 | AU40: AM-Shoulder | AV40: 6740.05 | AW40: 4009.99 | AX40: 6144.9 | AY40: 3583.26 | AZ40: 5351.42 | BA40: 6806.2 | BB40: 6847.48 | BC40: 5830.41 | BD40: 6977.33 | BE40: 5586.16 | BF40: 7031.44 | BG40: 5469.89 | BH40: 7022.63 | BI40: 5513.81 | BJ40: 6611.29 | BK40: 5229.71 | BL40: 5196.86 | BM40: 4921.7 | BN40: 4843.02 | BO40: 4613.36 | BR40: AM-Shoulder | BS40: 8328.34 | BT40: 4929.06 | BU40: 7899.94 | BV40: 4610.35 | BW40: 6751.15 | BX40: 8640 | BY40: 8640 | BZ40: 7320.97 | CA40: 8640 | CB40: 6930.96 | CC40: 8640 | CD40: 6749.39 | CE40: 8640 | CF40: 6788.83 | CG40: 8133.05 | CH40: 6453.77 | CI40: 6434.42 | CJ40: 6021.7 | CK40: 5951.16 | CL40: 5646.71
B41: MD | C41: 12699.66 | D41: 13036.36 | E41: 13770.79 | F41: 3340.16 | G41: 4639.75 | H41: 4937.85 | I41: 4687.32 | J41: 15898.61 | K41: 15794.17 | L41: 19147.74 | M41: 23236.31 | N41: 19735.9 | O41: 15306.9 | P41: 13840.65 | Q41: 17178.59 | R41: 15287.6 | S41: 13115.91 | T41: 10026.17 | U41: 14444.89 | V41: 9355.73 | X41: MD | Y41: 1133.18 | Z41: 1458.89 | AA41: 1690.1 | AB41: 1811.82 | AC41: 1192.93 | AD41: 1349.09 | AE41: 1562.16 | AF41: 1567.69 | AG41: 1613.77 | AH41: 1621.34 | AI41: 1492.94 | AJ41: 1499.62 | AK41: 1423.24 | AL41: 1480.16 | AM41: 1330.39 | AN41: 1290.92 | AO41: 1237.04 | AP41: 1200.38 | AQ41: 1170.43 | AR41: 1300.06 | AU41: MD | AV41: 4580.79 | AW41: 5950.01 | AX41: 5687.74 | AY41: 6017.42 | AZ41: 4283.38 | BA41: 4757.09 | BB41: 5526.93 | BC41: 5726.91 | BD41: 6327.34 | BE41: 6468.36 | BF41: 5990.1 | BG41: 6042.14 | BH41: 5665.3 | BI41: 5910.84 | BJ41: 5395.09 | BK41: 5189.31 | BL41: 5024.66 | BM41: 4870.88 | BN41: 4907.1 | BO41: 5465.65 | BR41: MD | BS41: 5713.96 | BT41: 7408.9 | BU41: 7377.84 | BV41: 7829.24 | BW41: 5476.31 | BX41: 6106.17 | BY41: 7089.09 | BZ41: 7294.6 | CA41: 7941.11 | CB41: 8089.7 | CC41: 7483.04 | CD41: 7541.77 | CE41: 7088.54 | CF41: 7391 | CG41: 6725.47 | CH41: 6480.23 | CI41: 6261.7 | CJ41: 6071.26 | CK41: 6077.53 | CL41: 6765.71
B42: PM-Shoulder | C42: 3280.3 | D42: 3311.32 | E42: 3527.92 | F42: 3371.02 | G42: 1127.71 | H42: 1248.44 | I42: 1546.63 | J42: 3336.43 | K42: 1639.05 | L42: 4445.31 | M42: 3759.42 | N42: 7865.56 | O42: 2974.02 | P42: 5779.18 | Q42: 3825.82 | R42: 7541.82 | S42: 3071.62 | T42: 5313.93 | U42: 3321.79 | V42: 2599.79 | X42: PM-Shoulder | Y42: 1419.02 | Z42: 1459.07 | AA42: 1970.07 | AB42: 2031.25 | AC42: 1269.76 | AD42: 1401.61 | AE42: 1479.02 | AF42: 1173.36 | AG42: 1483.82 | AH42: 1846.54 | AI42: 1582.13 | AJ42: 1922.82 | AK42: 1564.51 | AL42: 1894.62 | AM42: 1539.36 | AN42: 1865.98 | AO42: 1457.42 | AP42: 1788.98 | AQ42: 1322.17 | AR42: 1301.91 | AU42: PM-Shoulder | AV42: 5301.12 | AW42: 5389.45 | AX42: 6669.93 | AY42: 6608.75 | AZ42: 4350.85 | BA42: 4977.18 | BB42: 5144.45 | BC42: 4246.02 | BD42: 5167.95 | BE42: 6578.43 | BF42: 5567.28 | BG42: 6717.18 | BH42: 5532.48 | BI42: 6577.49 | BJ42: 5497.51 | BK42: 6572.69 | BL42: 5308.03 | BM42: 6205.68 | BN42: 4944.87 | BO42: 4558.41 | BR42: PM-Shoulder | BS42: 6720.14 | BT42: 6848.52 | BU42: 8640 | BV42: 8640 | BW42: 5620.61 | BX42: 6378.79 | BY42: 6623.47 | BZ42: 5419.38 | CA42: 6651.77 | CB42: 8424.97 | CC42: 7149.41 | CD42: 8640 | CE42: 7096.99 | CF42: 8472.11 | CG42: 7036.87 | CH42: 8438.66 | CI42: 6765.44 | CJ42: 7994.66 | CK42: 6267.04 | CL42: 5860.32
B43: PM-Peak | C43: 23782.59 | D43: 24585.29 | E43: 12843.9 | F43: 24438.98 | G43: 5443.21 | H43: 9358.24 | I43: 10392.8 | J43: 17052.47 | K43: 9256.92 | L43: 25711.42 | M43: 18966.56 | N43: 46326.4 | O43: 15497.11 | P43: 35170.46 | Q43: 23831.13 | R43: 30643.63 | S43: 14673.6 | T43: 15436.36 | U43: 16476.91 | V43: 15551.28 | X43: PM-Peak | Y43: 1812.27 | Z43: 1904.93 | AA43: 1897.11 | AB43: 2245.03 | AC43: 2032.71 | AD43: 1800.61 | AE43: 1628.36 | AF43: 1991.78 | AG43: 1574.35 | AH43: 2407 | AI43: 1621.37 | AJ43: 2407.83 | AK43: 1615.37 | AL43: 2266.64 | AM43: 1661.76 | AN43: 1796.95 | AO43: 1452.49 | AP43: 1500.47 | AQ43: 1347.44 | AR43: 1343.54 | AU43: PM-Peak | AV43: 6748.28 | AW43: 7173.2 | AX43: 6453.12 | AY43: 7674.97 | AZ43: 4784.24 | BA43: 6645.52 | BB43: 5843.65 | BC43: 4926.3 | BD43: 5637.38 | BE43: 7513 | BF43: 5870.34 | BG43: 7512.17 | BH43: 5891.3 | BI43: 7378.72 | BJ43: 6177.78 | BK43: 6628.41 | BL43: 5476.86 | BM43: 5573.55 | BN43: 5150.7 | BO43: 5047.32 | BR43: PM-Peak | BS43: 8560.54 | BT43: 9078.14 | BU43: 8350.23 | BV43: 9920 | BW43: 6816.95 | BX43: 8446.12 | BY43: 7472.01 | BZ43: 6918.08 | CA43: 7211.73 | CB43: 9920 | CC43: 7491.71 | CD43: 9920 | CE43: 7506.67 | CF43: 9645.35 | CG43: 7839.54 | CH43: 8425.36 | CI43: 6929.35 | CJ43: 7074.02 | CK43: 6498.14 | CL43: 6390.86
B44: PM-Late | C44: 2637.9 | D44: 4276.03 | E44: 884.33 | F44: 777.37 | G44: 43.67 | H44: 385.44 | I44: 949.08 | J44: 7092.19 | K44: 3560.5 | L44: 8006.36 | M44: 9347.82 | N44: 14656.7 | O44: 8350.59 | P44: 9885.43 | Q44: 9238.58 | R44: 8876.81 | S44: 7143.57 | T44: 5811.55 | U44: 8174.18 | V44: 6470.9 | X44: PM-Late | Y44: 940.1 | Z44: 1181.83 | AA44: 765.5 | AB44: 922.01 | AC44: 146.82 | AD44: 957.98 | AE44: 254.21 | AF44: 1017.5 | AG44: 772.86 | AH44: 1042.81 | AI44: 751.65 | AJ44: 1076.29 | AK44: 744.75 | AL44: 1013.71 | AM44: 709.64 | AN44: 787.63 | AO44: 671.66 | AP44: 679.26 | AQ44: 695.07 | AR44: 711.11 | AU44: PM-Late | AV44: 3723.9 | AW44: 4529.37 | AX44: 3120 | AY44: 3219.71 | AZ44: 2804.35 | BA44: 3592.9 | BB44: 3120 | BC44: 3853.46 | BD44: 3148.84 | BE44: 3912.9 | BF44: 3077.15 | BG44: 4036.23 | BH44: 3080.15 | BI44: 3886.09 | BJ44: 2940.66 | BK44: 3154.07 | BL44: 2755.54 | BM44: 2812.14 | BN44: 2892.43 | BO44: 3067.89 | BR44: PM-Late | BS44: 4664 | BT44: 5711.2 | BU44: 3885.5 | BV44: 4141.72 | BW44: 2951.18 | BX44: 4550.88 | BY44: 3374.21 | BZ44: 4870.95 | CA44: 3921.7 | CB44: 4955.71 | CC44: 3828.8 | CD44: 5112.52 | CE44: 3824.9 | CF44: 4899.8 | CG44: 3650.3 | CH44: 3941.7 | CI44: 3427.2 | CJ44: 3491.4 | CK44: 3587.5 | CL44: 3779
B47: Revenue Per Period Lights | X47: ML V/C | AU47: GP V/C real | BR47: Highway Vol / GP Capacity
B48: Direction | C48: NB | D48: SB | E48: NB | F48: SB | G48: NB | H48: SB | I48: NB | J48: SB | K48: NB | L48: SB | M48: NB | N48: SB | O48: NB | P48: SB | Q48: NB | R48: SB | S48: NB | T48: SB | U48: NB | V48: SB | X48: Direction | Y48: NB | Z48: SB | AA48: NB | AB48: SB | AC48: NB | AD48: SB | AE48: NB | AF48: SB | AG48: NB | AH48: SB | AI48: NB | AJ48: SB | AK48: NB | AL48: SB | AM48: NB | AN48: SB | AO48: NB | AP48: SB | AQ48: NB | AR48: SB | AU48: Direction | AV48: NB | AW48: SB | AX48: NB | AY48: SB | AZ48: NB | BA48: SB | BB48: NB | BC48: SB | BD48: NB | BE48: SB | BF48: NB | BG48: SB | BH48: NB | BI48: SB | BJ48: NB | BK48: SB | BL48: NB | BM48: SB | BN48: NB | BO48: SB | BR48: Direction | BS48: NB | BT48: SB | BU48: NB | BV48: SB | BW48: NB | BX48: SB | BY48: NB | BZ48: SB | CA48: NB | CB48: SB | CC48: NB | CD48: SB | CE48: NB | CF48: SB | CG48: NB | CH48: SB | CI48: NB | CJ48: SB | CK48: NB | CL48: SB
B49: Segment | C49: 1 | D49: 1 | E49: 2 | F49: 2 | G49: 3 | H49: 3 | I49: 4 | J49: 4 | K49: 5 | L49: 5 | M49: 6 | N49: 6 | O49: 7 | P49: 7 | Q49: 8 | R49: 8 | S49: 9 | T49: 9 | U49: 10 | V49: 10 | X49: Segment | Y49: 1 | Z49: 1 | AA49: 2 | AB49: 2 | AC49: 3 | AD49: 3 | AE49: 4 | AF49: 4 | AG49: 5 | AH49: 5 | AI49: 6 | AJ49: 6 | AK49: 7 | AL49: 7 | AM49: 8 | AN49: 8 | AO49: 9 | AP49: 9 | AQ49: 10 | AR49: 10 | AU49: Segment | AV49: 1 | AW49: 1 | AX49: 2 | AY49: 2 | AZ49: 3 | BA49: 3 | BB49: 4 | BC49: 4 | BD49: 5 | BE49: 5 | BF49: 6 | BG49: 6 | BH49: 7 | BI49: 7 | BJ49: 8 | BK49: 8 | BL49: 9 | BM49: 9 | BN49: 10 | BO49: 10 | BR49: Segment | BS49: 1 | BT49: 1 | BU49: 2 | BV49: 2 | BW49: 3 | BX49: 3 | BY49: 4 | BZ49: 4 | CA49: 5 | CB49: 5 | CC49: 6 | CD49: 6 | CE49: 7 | CF49: 7 | CG49: 8 | CH49: 8 | CI49: 9 | CJ49: 9 | CK49: 10 | CL49: 10
B50: Period | X50: Period | AU50: Period | BR50: Period
B51: Night | C51: 211.58 | D51: 205.52 | E51: 209.71 | F51: 190.17 | G51: 59.73 | H51: 75.94 | I51: 175.25 | J51: 900.31 | K51: 1347.95 | L51: 1111.47 | M51: 2495.3 | N51: 1991.8 | O51: 1925.48 | P51: 1520.43 | Q51: 2444.18 | R51: 2142.82 | S51: 1913.79 | T51: 1183.03 | U51: 2376.13 | V51: 1538.21 | X51: Night | Y51: 0.05 | Z51: 0.05 | AA51: 0.04 | AB51: 0.04 | AC51: 0.03 | AD51: 0.04 | AE51: 0.03 | AF51: 0.07 | AG51: 0.08 | AH51: 0.07 | AI51: 0.08 | AJ51: 0.07 | AK51: 0.08 | AL51: 0.07 | AM51: 0.07 | AN51: 0.07 | AO51: 0.06 | AP51: 0.05 | AQ51: 0.07 | AR51: 0.05 | AU51: Night | AV51: 0.28 | AW51: 0.28 | AX51: 0.28 | AY51: 0.29 | AZ51: 0.28 | BA51: 0.28 | BB51: 0.28 | BC51: 0.73 | BD51: 0.67 | BE51: 0.73 | BF51: 0.81 | BG51: 0.71 | BH51: 0.82 | BI51: 0.69 | BJ51: 0.75 | BK51: 0.7 | BL51: 0.68 | BM51: 0.52 | BN51: 0.69 | BO51: 0.55 | BR51: Night | BS51: 0.29 | BT51: 0.29 | BU51: 0.3 | BV51: 0.3 | BW51: 0.3 | BX51: 0.3 | BY51: 0.29 | BZ51: 0.81 | CA51: 0.74 | CB51: 0.8 | CC51: 0.89 | CD51: 0.79 | CE51: 0.9 | CF51: 0.77 | CG51: 0.83 | CH51: 0.78 | CI51: 0.75 | CJ51: 0.58 | CK51: 0.77 | CL51: 0.61
B52: AM-Early | C52: 795.64 | D52: 321.96 | E52: 526.96 | F52: 249.67 | G52: 236.52 | H52: 133.51 | I52: 839.13 | J52: 1102.39 | K52: 1289.37 | L52: 939.63 | M52: 3458.81 | N52: 1785.25 | O52: 2623.29 | P52: 1804.11 | Q52: 3005.26 | R52: 1751.37 | S52: 2474.06 | T52: 1189.85 | U52: 2332.6 | V52: 823.09 | X52: AM-Early | Y52: 0.47 | Z52: 0.29 | AA52: 0.48 | AB52: 0.31 | AC52: 0.32 | AD52: 0.39 | AE52: 0.52 | AF52: 0.37 | AG52: 0.49 | AH52: 0.34 | AI52: 0.46 | AJ52: 0.34 | AK52: 0.41 | AL52: 0.36 | AM52: 0.39 | AN52: 0.35 | AO52: 0.38 | AP52: 0.29 | AQ52: 0.43 | AR52: 0.27 | AU52: AM-Early | AV52: 0.6 | AW52: 0.4 | AX52: 0.54 | AY52: 0.36 | AZ52: 0.51 | BA52: 0.46 | BB52: 0.62 | BC52: 0.64 | BD52: 0.66 | BE52: 0.58 | BF52: 0.71 | BG52: 0.59 | BH52: 0.7 | BI52: 0.63 | BJ52: 0.67 | BK52: 0.56 | BL52: 0.65 | BM52: 0.51 | BN52: 0.61 | BO52: 0.4 | BR52: AM-Early | BS52: 0.76 | BT52: 0.5 | BU52: 0.71 | BV52: 0.47 | BW52: 0.66 | BX52: 0.6 | BY52: 0.8 | BZ52: 0.82 | CA52: 0.83 | CB52: 0.74 | CC52: 0.89 | CD52: 0.75 | CE52: 0.89 | CF52: 0.8 | CG52: 0.85 | CH52: 0.71 | CI52: 0.82 | CJ52: 0.64 | CK52: 0.75 | CL52: 0.5
B53: AM-Peak | C53: 20765.26 | D53: 985.4 | E53: 20794.5 | F53: 1090.37 | G53: 4446.86 | H53: 6667.48 | I53: 16002.96 | J53: 5575.93 | K53: 19995.52 | L53: 5809.8 | M53: 36370.41 | N53: 10673.97 | O53: 27149.69 | P53: 9158.97 | Q53: 34690.12 | R53: 11120.05 | S53: 13351.52 | T53: 6843.27 | U53: 9294.56 | V53: 7225.96 | X53: AM-Peak | Y53: 0.51 | Z53: 0.24 | AA53: 0.54 | AB53: 0.16 | AC53: 0.56 | AD53: 0.57 | AE53: 0.63 | AF53: 0.42 | AG53: 0.65 | AH53: 0.37 | AI53: 0.65 | AJ53: 0.36 | AK53: 0.62 | AL53: 0.37 | AM53: 0.6 | AN53: 0.35 | AO53: 0.39 | AP53: 0.31 | AQ53: 0.31 | AR53: 0.27 | AU53: AM-Peak | AV53: 1 | AW53: 0.34 | AX53: 0.97 | AY53: 0.3 | AZ53: 0.89 | BA53: 0.97 | BB53: 0.92 | BC53: 0.69 | BD53: 0.95 | BE53: 0.67 | BF53: 0.95 | BG53: 0.68 | BH53: 0.94 | BI53: 0.69 | BJ53: 0.94 | BK53: 0.66 | BL53: 0.72 | BM53: 0.59 | BN53: 0.58 | BO53: 0.52 | BR53: AM-Peak | BS53: 1.24 | BT53: 0.42 | BU53: 1.24 | BV53: 0.36 | BW53: 1.24 | BX53: 1.24 | BY53: 1.2 | BZ53: 0.88 | CA53: 1.24 | CB53: 0.84 | CC53: 1.24 | CD53: 0.84 | CE53: 1.24 | CF53: 0.85 | CG53: 1.24 | CH53: 0.82 | CI53: 0.9 | CJ53: 0.73 | CK53: 0.71 | CL53: 0.65
B54: AM-Shoulder | C54: 2886.47 | D54: 527.2 | E54: 2852.57 | F54: 228.55 | G54: 958.25 | H54: 1074.43 | I54: 3080.12 | J54: 1646.79 | K54: 3711.56 | L54: 1523.84 | M54: 6866.42 | N54: 2529.63 | O54: 5363.45 | P54: 2144.86 | Q54: 5396.56 | R54: 2359.58 | S54: 2107.55 | T54: 1775.39 | U54: 2250.61 | V54: 1998.56 | X54: AM-Shoulder | Y54: 0.44 | Z54: 0.26 | AA54: 0.49 | AB54: 0.29 | AC54: 0.39 | AD54: 0.51 | AE54: 0.5 | AF54: 0.41 | AG54: 0.46 | AH54: 0.37 | AI54: 0.45 | AJ54: 0.36 | AK54: 0.45 | AL54: 0.35 | AM54: 0.42 | AN54: 0.34 | AO54: 0.34 | AP54: 0.31 | AQ54: 0.31 | AR54: 0.29 | AU54: AM-Shoulder | AV54: 0.87 | AW54: 0.5 | AX54: 0.84 | AY54: 0.34 | AZ54: 0.86 | BA54: 0.85 | BB54: 0.86 | BC54: 0.73 | BD54: 0.87 | BE54: 0.7 | BF54: 0.88 | BG54: 0.68 | BH54: 0.88 | BI54: 0.69 | BJ54: 0.83 | BK54: 0.65 | BL54: 0.65 | BM54: 0.62 | BN54: 0.61 | BO54: 0.58 | BR54: AM-Shoulder | BS54: 1.08 | BT54: 0.62 | BU54: 1.08 | BV54: 0.44 | BW54: 1.08 | BX54: 1.08 | BY54: 1.08 | BZ54: 0.92 | CA54: 1.08 | CB54: 0.87 | CC54: 1.08 | CD54: 0.84 | CE54: 1.08 | CF54: 0.85 | CG54: 1.02 | CH54: 0.81 | CI54: 0.8 | CJ54: 0.75 | CK54: 0.74 | CL54: 0.71
B55: MD | C55: 10527.9 | D55: 10854.67 | E55: 12106.28 | F55: 2937.56 | G55: 3897.57 | H55: 4189.57 | I55: 3807.26 | J55: 12924.45 | K55: 12721.22 | L55: 15680.02 | M55: 18788.09 | N55: 16289.21 | O55: 12271.92 | P55: 11442.99 | Q55: 13693.83 | R55: 12388.8 | S55: 10298.84 | T55: 8318.12 | U55: 11487.7 | V55: 7649.83 | X55: MD | Y55: 0.31 | Z55: 0.41 | AA55: 0.47 | AB55: 0.5 | AC55: 0.33 | AD55: 0.37 | AE55: 0.43 | AF55: 0.44 | AG55: 0.45 | AH55: 0.45 | AI55: 0.41 | AJ55: 0.42 | AK55: 0.4 | AL55: 0.41 | AM55: 0.37 | AN55: 0.36 | AO55: 0.34 | AP55: 0.33 | AQ55: 0.33 | AR55: 0.36 | AU55: MD | AV55: 0.84 | AW55: 0.81 | AX55: 0.81 | AY55: 0.58 | AZ55: 0.82 | BA55: 0.82 | BB55: 0.58 | BC55: 0.82 | BD55: 0.79 | BE55: 0.83 | BF55: 0.75 | BG55: 0.71 | BH55: 0.71 | BI55: 0.69 | BJ55: 0.67 | BK55: 0.65 | BL55: 0.64 | BM55: 0.58 | BN55: 0.6 | BO55: 0.53 | BR55: MD | BS55: 1.05 | BT55: 1.01 | BU55: 1.05 | BV55: 0.75 | BW55: 1.05 | BX55: 1.05 | BY55: 0.74 | BZ55: 1.05 | CA55: 0.99 | CB55: 1.04 | CC55: 0.94 | CD55: 0.89 | CE55: 0.89 | CF55: 0.86 | CG55: 0.84 | CH55: 0.81 | CI55: 0.8 | CJ55: 0.72 | CK55: 0.74 | CL55: 0.65
B56: PM-Shoulder | C56: 2835.64 | D56: 2926.34 | E56: 3214.15 | F56: 3093.98 | G56: 982.88 | H56: 1121.5 | I56: 1332.01 | J56: 2935.33 | K56: 1416.2 | L56: 3883.24 | M56: 3196.6 | N56: 6927 | O56: 2540.9 | P56: 5159.91 | Q56: 3253.93 | R56: 6563.8 | S56: 2565.81 | T56: 4782.22 | U56: 2788.48 | V56: 2272.19 | X56: PM-Shoulder | Y56: 0.39 | Z56: 0.41 | AA56: 0.55 | AB56: 0.56 | AC56: 0.35 | AD56: 0.39 | AE56: 0.41 | AF56: 0.33 | AG56: 0.41 | AH56: 0.51 | AI56: 0.44 | AJ56: 0.53 | AK56: 0.43 | AL56: 0.53 | AM56: 0.43 | AN56: 0.52 | AO56: 0.4 | AP56: 0.5 | AQ56: 0.37 | AR56: 0.36 | AU56: PM-Shoulder | AV56: 0.85 | AW56: 0.85 | AX56: 0.83 | AY56: 0.83 | AZ56: 0.84 | BA56: 0.84 | BB56: 0.64 | BC56: 0.85 | BD56: 0.65 | BE56: 0.84 | BF56: 0.7 | BG56: 0.84 | BH56: 0.69 | BI56: 0.82 | BJ56: 0.69 | BK56: 0.82 | BL56: 0.66 | BM56: 0.78 | BN56: 0.62 | BO56: 0.57 | BR56: PM-Shoulder | BS56: 1.08 | BT56: 1.08 | BU56: 1.08 | BV56: 1.08 | BW56: 1.08 | BX56: 1.08 | BY56: 0.83 | BZ56: 1.08 | CA56: 0.83 | CB56: 1.08 | CC56: 0.89 | CD56: 1.08 | CE56: 0.89 | CF56: 1.06 | CG56: 0.88 | CH56: 1.05 | CI56: 0.85 | CJ56: 1 | CK56: 0.78 | CL56: 0.73
B57: PM-Peak | C57: 21258.23 | D57: 21717.58 | E57: 11889.65 | F57: 22711.72 | G57: 4973.42 | H57: 8419.67 | I57: 9195.33 | J57: 15520.38 | K57: 8153.65 | L57: 23165.56 | M57: 16718.55 | N57: 41991.72 | O57: 13757.93 | P57: 31960.85 | Q57: 20953.91 | R57: 27040.65 | S57: 12714.58 | T57: 13834.65 | U57: 14374.98 | V57: 13717.16 | X57: PM-Peak | Y57: 0.5 | Z57: 0.53 | AA57: 0.53 | AB57: 0.62 | AC57: 0.56 | AD57: 0.5 | AE57: 0.45 | AF57: 0.55 | AG57: 0.44 | AH57: 0.67 | AI57: 0.45 | AJ57: 0.67 | AK57: 0.45 | AL57: 0.63 | AM57: 0.46 | AN57: 0.5 | AO57: 0.4 | AP57: 0.42 | AQ57: 0.37 | AR57: 0.37 | AU57: PM-Peak | AV57: 0.98 | AW57: 0.98 | AX57: 0.83 | AY57: 0.96 | AZ57: 0.87 | BA57: 0.98 | BB57: 0.75 | BC57: 0.88 | BD57: 0.7 | BE57: 0.94 | BF57: 0.73 | BG57: 0.94 | BH57: 0.74 | BI57: 0.92 | BJ57: 0.77 | BK57: 0.83 | BL57: 0.68 | BM57: 0.7 | BN57: 0.64 | BO57: 0.63 | BR57: PM-Peak | BS57: 1.24 | BT57: 1.24 | BU57: 1.07 | BV57: 1.24 | BW57: 1.24 | BX57: 1.24 | BY57: 0.96 | BZ57: 1.24 | CA57: 0.9 | CB57: 1.24 | CC57: 0.94 | CD57: 1.24 | CE57: 0.94 | CF57: 1.21 | CG57: 0.98 | CH57: 1.05 | CI57: 0.87 | CJ57: 0.88 | CK57: 0.81 | CL57: 0.8
B58: PM-Late | C58: 2342.28 | D58: 3920.28 | E58: 834.41 | F58: 733.82 | G58: 31.85 | H58: 358.06 | I58: 750.34 | J58: 6572.97 | K58: 3162.99 | L58: 7481.95 | M58: 8405.04 | N58: 13673.42 | O58: 7466.12 | P58: 9084.5 | Q58: 8332.47 | R58: 8058.14 | S58: 6313 | T58: 5244.37 | U58: 7220.87 | V58: 5736.04 | X58: PM-Late | Y58: 0.26 | Z58: 0.33 | AA58: 0.21 | AB58: 0.26 | AC58: 0.04 | AD58: 0.27 | AE58: 0.07 | AF58: 0.28 | AG58: 0.21 | AH58: 0.29 | AI58: 0.21 | AJ58: 0.3 | AK58: 0.21 | AL58: 0.28 | AM58: 0.2 | AN58: 0.22 | AO58: 0.19 | AP58: 0.19 | AQ58: 0.19 | AR58: 0.2 | AU58: PM-Late | AV58: 0.56 | AW58: 0.67 | AX58: 0.3 | AY58: 0.31 | AZ58: 0.29 | BA58: 0.35 | BB58: 0.3 | BC58: 0.78 | BD58: 0.59 | BE58: 0.77 | BF58: 0.71 | BG58: 0.77 | BH58: 0.74 | BI58: 0.74 | BJ58: 0.7 | BK58: 0.67 | BL58: 0.67 | BM58: 0.6 | BN58: 0.61 | BO58: 0.54 | BR58: PM-Late | BS58: 0.7 | BT58: 0.84 | BU58: 0.37 | BV58: 0.4 | BW58: 0.3 | BX58: 0.44 | BY58: 0.32 | BZ58: 0.98 | CA58: 0.73 | CB58: 0.98 | CC58: 0.88 | CD58: 0.98 | CE58: 0.92 | CF58: 0.93 | CG58: 0.87 | CH58: 0.83 | CI58: 0.83 | CJ58: 0.74 | CK58: 0.76 | CL58: 0.66
B61: Revenue Per Period Medium A | X61: ML Speed | AU61: GP Speed | BR61: Time Saving
B62: Direction | C62: NB | D62: SB | E62: NB | F62: SB | G62: NB | H62: SB | I62: NB | J62: SB | K62: NB | L62: SB | M62: NB | N62: SB | O62: NB | P62: SB | Q62: NB | R62: SB | S62: NB | T62: SB | U62: NB | V62: SB | X62: Direction | Y62: NB | Z62: SB | AA62: NB | AB62: SB | AC62: NB | AD62: SB | AE62: NB | AF62: SB | AG62: NB | AH62: SB | AI62: NB | AJ62: SB | AK62: NB | AL62: SB | AM62: NB | AN62: SB | AO62: NB | AP62: SB | AQ62: NB | AR62: SB | AU62: Direction | AV62: NB | AW62: SB | AX62: NB | AY62: SB | AZ62: NB | BA62: SB | BB62: NB | BC62: SB | BD62: NB | BE62: SB | BF62: NB | BG62: SB | BH62: NB | BI62: SB | BJ62: NB | BK62: SB | BL62: NB | BM62: SB | BN62: NB | BO62: SB | BR62: Direction | BS62: NB | BT62: SB | BU62: NB | BV62: SB | BW62: NB | BX62: SB | BY62: NB | BZ62: SB | CA62: NB | CB62: SB | CC62: NB | CD62: SB | CE62: NB | CF62: SB | CG62: NB | CH62: SB | CI62: NB | CJ62: SB | CK62: NB | CL62: SB
B63: Segment | C63: 1 | D63: 1 | E63: 2 | F63: 2 | G63: 3 | H63: 3 | I63: 4 | J63: 4 | K63: 5 | L63: 5 | M63: 6 | N63: 6 | O63: 7 | P63: 7 | Q63: 8 | R63: 8 | S63: 9 | T63: 9 | U63: 10 | V63: 10 | X63: Segment | Y63: 1 | Z63: 1 | AA63: 2 | AB63: 2 | AC63: 3 | AD63: 3 | AE63: 4 | AF63: 4 | AG63: 5 | AH63: 5 | AI63: 6 | AJ63: 6 | AK63: 7 | AL63: 7 | AM63: 8 | AN63: 8 | AO63: 9 | AP63: 9 | AQ63: 10 | AR63: 10 | AU63: Segment | AV63: 1 | AW63: 1 | AX63: 2 | AY63: 2 | AZ63: 3 | BA63: 3 | BB63: 4 | BC63: 4 | BD63: 5 | BE63: 5 | BF63: 6 | BG63: 6 | BH63: 7 | BI63: 7 | BJ63: 8 | BK63: 8 | BL63: 9 | BM63: 9 | BN63: 10 | BO63: 10 | BR63: Segment | BS63: 1 | BT63: 1 | BU63: 2 | BV63: 2 | BW63: 3 | BX63: 3 | BY63: 4 | BZ63: 4 | CA63: 5 | CB63: 5 | CC63: 6 | CD63: 6 | CE63: 7 | CF63: 7 | CG63: 8 | CH63: 8 | CI63: 9 | CJ63: 9 | CK63: 10 | CL63: 10
B64: Period | X64: Period | AU64: Period | BR64: Period
B65: Night | C65: 20.68 | D65: 21.81 | E65: 15.03 | F65: 15.03 | G65: 6.17 | H65: 9.26 | I65: 10.37 | J65: 85.58 | K65: 86.18 | L65: 79.19 | M65: 146.97 | N65: 146.97 | O65: 139.77 | P65: 109.07 | Q65: 142.56 | R65: 138.25 | S65: 142.34 | T65: 114.7 | U65: 190.51 | V65: 169.25 | X65: Night | Y65: 60 | Z65: 60 | AA65: 60 | AB65: 60 | AC65: 60 | AD65: 60 | AE65: 70 | AF65: 70 | AG65: 70 | AH65: 70 | AI65: 70 | AJ65: 70 | AK65: 70 | AL65: 70 | AM65: 70 | AN65: 70 | AO65: 70 | AP65: 70 | AQ65: 70 | AR65: 70 | AU65: Night | AV65: 54.98 | AW65: 54.98 | AX65: 54.97 | AY65: 54.97 | AZ65: 54.97 | BA65: 54.97 | BB65: 64.97 | BC65: 56.18 | BD65: 64.09 | BE65: 61.05 | BF65: 54.92 | BG65: 61.87 | BH65: 54.09 | BI65: 63.06 | BJ65: 59.31 | BK65: 62.43 | BL65: 63.75 | BM65: 68.58 | BN65: 63.08 | BO65: 68.08 | BR65: Night | BS65: -0.12 | BT65: -0.12 | BU65: -0.12 | BV65: -0.12 | BW65: -0.05 | BX65: -0.05 | BY65: -0.11 | BZ65: -0.34 | CA65: -0.16 | CB65: -0.25 | CC65: -0.85 | CD65: -0.41 | CE65: -0.73 | CF65: -0.27 | CG65: -0.59 | CH65: -0.39 | CI65: -0.29 | CJ65: -0.06 | CK65: -0.42 | CL65: -0.11
B66: AM-Early | C66: 77.22 | D66: 42.58 | E66: 25.65 | F66: 22.19 | G66: 20.03 | H66: 16.62 | I66: 59.56 | J66: 180.77 | K66: 99.86 | L66: 153.81 | M66: 279.08 | N66: 321.13 | O66: 263.17 | P66: 238.99 | Q66: 299.1 | R66: 192.3 | S66: 211.86 | T66: 164.42 | U66: 234.79 | V66: 114.53 | X66: AM-Early | Y66: 59.23 | Z66: 59.96 | AA66: 59.11 | AB66: 59.94 | AC66: 59.93 | AD66: 59.73 | AE66: 68.21 | AF66: 69.8 | AG66: 68.83 | AH66: 69.88 | AI66: 69.18 | AJ66: 69.87 | AK66: 69.6 | AL66: 69.81 | AM66: 69.72 | AN66: 69.86 | AO66: 69.77 | AP66: 69.96 | AQ66: 69.46 | AR66: 69.97 | AU66: AM-Early | AV66: 52.48 | AW66: 54.79 | AX66: 53.61 | AY66: 54.87 | AZ66: 54.04 | BA66: 54.49 | BB66: 61.64 | BC66: 60.85 | BD66: 64.85 | BE66: 67.36 | BF66: 62.06 | BG66: 67.04 | BH66: 62.47 | BI66: 65.76 | BJ66: 64 | BK66: 67.8 | BL66: 64.96 | BM66: 68.79 | BN66: 66.71 | BO66: 69.71 | BR66: AM-Early | BS66: -0.17 | BT66: -0.12 | BU66: -0.14 | BV66: -0.12 | BW66: -0.05 | BX66: -0.05 | BY66: -0.15 | BZ66: -0.2 | CA66: -0.11 | CB66: -0.06 | CC66: -0.36 | CD66: -0.13 | CE66: -0.29 | CF66: -0.15 | CG66: -0.29 | CH66: -0.1 | CI66: -0.22 | CJ66: -0.05 | CK66: -0.16 | CL66: -0.01
B67: AM-Peak | C67: 2787.41 | D67: 150.95 | E67: 2082.46 | F67: 133.9 | G67: 530.83 | H67: 1347.62 | I67: 2061.35 | J67: 1100.68 | K67: 3081.98 | L67: 1301.15 | M67: 5240.15 | N67: 2551.51 | O67: 4302.59 | P67: 1886.02 | Q67: 5202.52 | R67: 1991.61 | S67: 2109.58 | T67: 1633.75 | U67: 1644.65 | V67: 1359.02 | X67: AM-Peak | Y67: 58.7 | Z67: 59.99 | AA67: 58.13 | AB67: 60 | AC67: 57.63 | AD67: 57.32 | AE67: 64.37 | AF67: 69.55 | AG67: 63.49 | AH67: 69.78 | AI67: 63.51 | AJ67: 69.81 | AK67: 65.12 | AL67: 69.8 | AM67: 65.97 | AN67: 69.84 | AO67: 69.72 | AP67: 69.93 | AQ67: 69.94 | AR67: 69.97 | AU67: AM-Peak | AV67: 27.53 | AW67: 54.92 | AX67: 29.61 | AY67: 54.96 | AZ67: 36.7 | BA67: 30.28 | BB67: 40.43 | BC67: 58.48 | BD67: 40.45 | BE67: 64 | BF67: 40.43 | BG67: 63.71 | BH67: 41.25 | BI67: 63.19 | BJ67: 41.83 | BK67: 64.6 | BL67: 61.15 | BM67: 67.19 | BN67: 67.51 | BO67: 68.61 | BR67: AM-Peak | BS67: -1.5 | BT67: -0.12 | BU67: -1.29 | BV67: -0.12 | BW67: -0.3 | BX67: -0.47 | BY67: -0.88 | BZ67: -0.26 | CA67: -1.08 | CB67: -0.16 | CC67: -1.94 | CD67: -0.3 | CE67: -1.55 | CF67: -0.26 | CG67: -1.99 | CH67: -0.27 | CI67: -0.41 | CJ67: -0.12 | CK67: -0.14 | CL67: -0.08
B68: AM-Shoulder | C68: 434.57 | D68: 71.91 | E68: 262.64 | F68: 28.67 | G68: 138.15 | H68: 146.05 | I68: 508.78 | J68: 240.74 | K68: 594.27 | L68: 293.46 | M68: 1176.81 | N68: 527.23 | O68: 981.01 | P68: 369.26 | Q68: 1003.89 | R68: 441.22 | S68: 367.98 | T68: 306.38 | U68: 408.76 | V68: 329.07 | X68: AM-Shoulder | Y68: 59.45 | Z68: 59.98 | AA68: 58.98 | AB68: 59.96 | AC68: 59.75 | AD68: 58.66 | AE68: 68.64 | AF68: 69.57 | AG68: 69.15 | AH68: 69.77 | AI68: 69.31 | AJ68: 69.83 | AK68: 69.28 | AL68: 69.84 | AM68: 69.51 | AN68: 69.88 | AO68: 69.87 | AP68: 69.94 | AQ68: 69.93 | AR68: 69.96 | AU68: AM-Shoulder | AV68: 38.04 | AW68: 54.14 | AX68: 40.7 | AY68: 54.91 | AZ68: 39.47 | BA68: 39.88 | BB68: 46.65 | BC68: 56.53 | BD68: 48.61 | BE68: 62.73 | BF68: 47.91 | BG68: 63.51 | BH68: 48.03 | BI68: 63.22 | BJ68: 53.09 | BK68: 64.93 | BL68: 65.11 | BM68: 66.4 | BN68: 66.72 | BO68: 67.52 | BR68: AM-Shoulder | BS68: -0.74 | BT68: -0.14 | BU68: -0.59 | BV68: -0.12 | BW68: -0.26 | BX68: -0.24 | BY68: -0.66 | BZ68: -0.32 | CA68: -0.73 | CB68: -0.19 | CC68: -1.39 | CD68: -0.31 | CE68: -1.11 | CF68: -0.26 | CG68: -1.01 | CH68: -0.25 | CI68: -0.21 | CJ68: -0.16 | CK68: -0.19 | CL68: -0.14
B69: MD | C69: 1261.76 | D69: 1222.14 | E69: 1152.74 | F69: 290.81 | G69: 452.24 | H69: 435.76 | I69: 548.74 | J69: 1828.91 | K69: 1954.28 | L69: 2104.62 | M69: 2877.29 | N69: 2129.42 | O69: 1906.77 | P69: 1427.31 | Q69: 2114.87 | R69: 1727.27 | S69: 1697.05 | T69: 936.66 | U69: 1690.64 | V69: 948.86 | X69: MD | Y69: 59.93 | Z69: 59.68 | AA69: 59.19 | AB69: 58.76 | AC69: 59.91 | AD69: 59.8 | AE69: 69.42 | AF69: 69.41 | AG69: 69.29 | AH69: 69.27 | AI69: 69.57 | AJ69: 69.55 | AK69: 69.68 | AL69: 69.59 | AM69: 69.79 | AN69: 69.83 | AO69: 69.87 | AP69: 69.89 | AQ69: 69.91 | AR69: 69.82 | AU69: MD | AV69: 40.57 | AW69: 42.79 | AX69: 42.92 | AY69: 53.01 | AZ69: 42.09 | BA69: 42.32 | BB69: 62.69 | BC69: 49.65 | BD69: 56.23 | BE69: 52.72 | BF69: 59.51 | BG69: 61.81 | BH69: 62.16 | BI69: 63.36 | BJ69: 63.98 | BK69: 65.15 | BL69: 65.47 | BM69: 67.41 | BN69: 66.92 | BO69: 68.56 | BR69: MD | BS69: -0.62 | BT69: -0.52 | BU69: -0.5 | BV69: -0.14 | BW69: -0.21 | BX69: -0.21 | BY69: -0.15 | BZ69: -0.55 | CA69: -0.4 | CB69: -0.54 | CC69: -0.52 | CD69: -0.39 | CE69: -0.3 | CF69: -0.25 | CG69: -0.3 | CH69: -0.23 | CI69: -0.2 | CJ69: -0.11 | CK69: -0.17 | CL69: -0.07
B70: PM-Shoulder | C70: 242.19 | D70: 231.06 | E70: 205.78 | F70: 223.42 | G70: 86.37 | H70: 73.49 | I70: 147.44 | J70: 241.65 | K70: 152.47 | L70: 368.91 | M70: 388.21 | N70: 652.77 | O70: 286.09 | P70: 417.46 | Q70: 378.89 | R70: 663.11 | S70: 325.63 | T70: 357.2 | U70: 328.9 | V70: 217.14 | X70: PM-Shoulder | Y70: 59.73 | Z70: 59.68 | AA70: 57.92 | AB70: 57.5 | AC70: 59.87 | AD70: 59.75 | AE70: 69.59 | AF70: 69.9 | AG70: 69.58 | AH70: 68.37 | AI70: 69.38 | AJ70: 67.91 | AK70: 69.42 | AL70: 68.09 | AM70: 69.47 | AN70: 68.26 | AO70: 69.63 | AP70: 68.66 | AQ70: 69.8 | AR70: 69.82 | AU70: PM-Shoulder | AV70: 39.79 | AW70: 39.94 | AX70: 41.17 | AY70: 41.74 | AZ70: 41 | BA70: 40.5 | BB70: 60.71 | BC70: 47.55 | BD70: 65.26 | BE70: 51.48 | BF70: 62.86 | BG70: 51.84 | BH70: 63.1 | BI70: 53.48 | BJ70: 63.33 | BK70: 53.54 | BL70: 64.5 | BM70: 57.48 | BN70: 66.3 | BO70: 67.68 | BR70: PM-Shoulder | BS70: -0.65 | BT70: -0.65 | BU70: -0.55 | BV70: -0.51 | BW70: -0.23 | BX70: -0.24 | BY70: -0.2 | BZ70: -0.65 | CA70: -0.11 | CB70: -0.58 | CC70: -0.32 | CD70: -0.99 | CE70: -0.25 | CF70: -0.7 | CG70: -0.32 | CH70: -0.92 | CI70: -0.23 | CJ70: -0.58 | CK70: -0.2 | CL70: -0.12
B71: PM-Peak | C71: 1407.92 | D71: 1655.2 | E71: 632.49 | F71: 1170.34 | G71: 260.19 | H71: 503.59 | I71: 742.92 | J71: 887.84 | K71: 693.4 | L71: 1583.02 | M71: 1431.86 | N71: 2689.43 | O71: 1055.63 | P71: 1864.24 | Q71: 1692.93 | R71: 2202.72 | S71: 1139.34 | T71: 893.9 | U71: 1161.39 | V71: 1064.49 | X71: PM-Peak | Y71: 58.75 | Z71: 58.31 | AA71: 58.35 | AB71: 55.47 | AC71: 57.49 | AD71: 58.8 | AE71: 69.25 | AF71: 67.41 | AG71: 69.39 | AH71: 62.13 | AI71: 69.27 | AJ71: 62.11 | AK71: 69.29 | AL71: 64.41 | AM71: 69.15 | AN71: 68.62 | AO71: 69.63 | AP71: 69.55 | AQ71: 69.77 | AR71: 69.78 | AU71: PM-Peak | AV71: 29.38 | AW71: 29.18 | AX71: 41.41 | AY71: 30.9 | AZ71: 38.34 | BA71: 29.53 | BB71: 54.9 | BC71: 44.1 | BD71: 62.36 | BE71: 41.52 | BF71: 60.55 | BG71: 41.53 | BH71: 60.37 | BI71: 43.33 | BJ71: 57.75 | BK71: 52.89 | BL71: 63.47 | BM71: 62.82 | BN71: 65.35 | BO71: 65.85 | BR71: PM-Peak | BS71: -1.33 | BT71: -1.34 | BU71: -0.55 | BV71: -1.12 | BW71: -0.26 | BX71: -0.51 | BY71: -0.36 | BZ71: -0.75 | CA71: -0.19 | CB71: -0.96 | CC71: -0.45 | CD71: -1.72 | CE71: -0.37 | CF71: -1.31 | CG71: -0.65 | CH71: -0.99 | CI71: -0.28 | CJ71: -0.31 | CK71: -0.26 | CL71: -0.23
B72: PM-Late | C72: 154.09 | D72: 151.28 | E72: 24.66 | F72: 23.05 | G72: 2.02 | H72: 11.73 | I72: 47.91 | J72: 221.62 | K72: 192.53 | L72: 187.99 | M72: 372.45 | N72: 384.21 | O72: 363.32 | P72: 358.02 | Q72: 336.68 | R72: 340.61 | S72: 387.28 | T72: 219.15 | U72: 419.67 | V72: 255.19 | X72: PM-Late | Y72: 59.98 | Z72: 59.91 | AA72: 59.99 | AB72: 59.98 | AC72: 60 | AD72: 59.98 | AE72: 70 | AF72: 69.96 | AG72: 69.99 | AH72: 69.95 | AI72: 69.99 | AJ72: 69.94 | AK72: 69.99 | AL72: 69.96 | AM72: 70 | AN72: 69.99 | AO72: 70 | AP72: 70 | AQ72: 70 | AR72: 70 | AU72: PM-Late | AV72: 53.43 | AW72: 50.61 | AX72: 54.96 | AY72: 54.95 | AZ72: 54.97 | BA72: 54.91 | BB72: 64.95 | BC72: 53.4 | BD72: 67.24 | BE72: 57.63 | BF72: 62.19 | BG72: 57.64 | BH72: 59.99 | BI72: 60.47 | BJ72: 62.69 | BK72: 64.38 | BL72: 64.42 | BM72: 67.02 | BN72: 66.54 | BO72: 68.39 | BR72: PM-Late | BS72: -0.16 | BT72: -0.24 | BU72: -0.12 | BV72: -0.12 | BW72: -0.05 | BX72: -0.05 | BY72: -0.11 | BZ72: -0.43 | CA72: -0.07 | CB72: -0.37 | CC72: -0.39 | CD72: -0.66 | CE72: -0.41 | CF72: -0.39 | CG72: -0.38 | CH72: -0.28 | CI72: -0.25 | CJ72: -0.13 | CK72: -0.2 | CL72: -0.09
B75: Revenue Per Period Medium B | X75: ML time | AU75: GP Time | BR75: Difference in travel time
B76: Direction | C76: NB | D76: SB | E76: NB | F76: SB | G76: NB | H76: SB | I76: NB | J76: SB | K76: NB | L76: SB | M76: NB | N76: SB | O76: NB | P76: SB | Q76: NB | R76: SB | S76: NB | T76: SB | U76: NB | V76: SB | X76: Direction | Y76: NB | Z76: SB | AA76: NB | AB76: SB | AC76: NB | AD76: SB | AE76: NB | AF76: SB | AG76: NB | AH76: SB | AI76: NB | AJ76: SB | AK76: NB | AL76: SB | AM76: NB | AN76: SB | AO76: NB | AP76: SB | AQ76: NB | AR76: SB | AU76: Direction | AV76: NB | AW76: SB | AX76: NB | AY76: SB | AZ76: NB | BA76: SB | BB76: NB | BC76: SB | BD76: NB | BE76: SB | BF76: NB | BG76: SB | BH76: NB | BI76: SB | BJ76: NB | BK76: SB | BL76: NB | BM76: SB | BN76: NB | BO76: SB | BR76: Direction | BS76: NB | BT76: SB | BU76: NB | BV76: SB | BW76: NB | BX76: SB | BY76: NB | BZ76: SB | CA76: NB | CB76: SB | CC76: NB | CD76: SB | CE76: NB | CF76: SB | CG76: NB | CH76: SB | CI76: NB | CJ76: SB | CK76: NB | CL76: SB
B77: Segment | C77: 1 | D77: 1 | E77: 2 | F77: 2 | G77: 3 | H77: 3 | I77: 4 | J77: 4 | K77: 5 | L77: 5 | M77: 6 | N77: 6 | O77: 7 | P77: 7 | Q77: 8 | R77: 8 | S77: 9 | T77: 9 | U77: 10 | V77: 10 | X77: Segment | Y77: 1 | Z77: 1 | AA77: 2 | AB77: 2 | AC77: 3 | AD77: 3 | AE77: 4 | AF77: 4 | AG77: 5 | AH77: 5 | AI77: 6 | AJ77: 6 | AK77: 7 | AL77: 7 | AM77: 8 | AN77: 8 | AO77: 9 | AP77: 9 | AQ77: 10 | AR77: 10 | AU77: Segment | AV77: 1 | AW77: 1 | AX77: 2 | AY77: 2 | AZ77: 3 | BA77: 3 | BB77: 4 | BC77: 4 | BD77: 5 | BE77: 5 | BF77: 6 | BG77: 6 | BH77: 7 | BI77: 7 | BJ77: 8 | BK77: 8 | BL77: 9 | BM77: 9 | BN77: 10 | BO77: 10 | BR77: Segment | BS77: 1 | BT77: 1 | BU77: 2 | BV77: 2 | BW77: 3 | BX77: 3 | BY77: 4 | BZ77: 4 | CA77: 5 | CB77: 5 | CC77: 6 | CD77: 6 | CE77: 7 | CF77: 7 | CG77: 8 | CH77: 8 | CI77: 9 | CJ77: 9 | CK77: 10 | CL77: 10
B78: Period | X78: Period | AU78: Period | BR78: Period
B79: Night | C79: 3.9 | D79: 6.27 | E79: 3.05 | F79: 3.05 | G79: 1 | H79: 2.05 | I79: 8.9 | J79: 23.92 | K79: 52.13 | L79: 68.53 | M79: 52.87 | N79: 76.2 | O79: 47.58 | P79: 52.56 | Q79: 37.2 | R79: 37.2 | S79: 22.04 | T79: 38.68 | U79: 22.03 | V79: 29.77 | X79: Night | Y79: 1.3 | Z79: 1.3 | AA79: 1.3 | AB79: 1.3 | AC79: 0.5 | AD79: 0.5 | AE79: 1.37 | AF79: 1.37 | AG79: 1.71 | AH79: 1.71 | AI79: 3.09 | AJ79: 3.09 | AK79: 2.49 | AL79: 2.49 | AM79: 3.26 | AN79: 3.26 | AO79: 2.91 | AP79: 2.91 | AQ79: 3.86 | AR79: 3.86 | AU79: Night | AV79: 1.42 | AW79: 1.42 | AX79: 1.42 | AY79: 1.42 | AZ79: 0.55 | BA79: 0.55 | BB79: 1.48 | BC79: 1.71 | BD79: 1.87 | BE79: 1.97 | BF79: 3.93 | BG79: 3.49 | BH79: 3.22 | BI79: 2.76 | BJ79: 3.84 | BK79: 3.65 | BL79: 3.2 | BM79: 2.97 | BN79: 4.28 | BO79: 3.97 | BR79: Night | BS79: -0.08 | BT79: -0.08 | BU79: -0.08 | BV79: -0.08 | BW79: -0.08 | BX79: -0.08 | BY79: -0.07 | BZ79: -0.2 | CA79: -0.08 | CB79: -0.13 | CC79: -0.22 | CD79: -0.12 | CE79: -0.23 | CF79: -0.1 | CG79: -0.15 | CH79: -0.11 | CI79: -0.09 | CJ79: -0.02 | CK79: -0.1 | CL79: -0.03
B80: AM-Early | C80: 31.12 | D80: 14.66 | E80: 13.24 | F80: 7.76 | G80: 6.07 | H80: 6.25 | I80: 21.89 | J80: 65.36 | K80: 32.8 | L80: 53.82 | M80: 71.28 | N80: 76.28 | O80: 70.27 | P80: 66.71 | Q80: 87.26 | R80: 52.81 | S80: 58.71 | T80: 52.66 | U80: 55.54 | V80: 36.99 | X80: AM-Early | Y80: 1.32 | Z80: 1.3 | AA80: 1.32 | AB80: 1.3 | AC80: 0.5 | AD80: 0.5 | AE80: 1.41 | AF80: 1.38 | AG80: 1.74 | AH80: 1.72 | AI80: 3.12 | AJ80: 3.09 | AK80: 2.5 | AL80: 2.49 | AM80: 3.27 | AN80: 3.26 | AO80: 2.92 | AP80: 2.92 | AQ80: 3.89 | AR80: 3.86 | AU80: AM-Early | AV80: 1.49 | AW80: 1.42 | AX80: 1.46 | AY80: 1.42 | AZ80: 0.56 | BA80: 0.55 | BB80: 1.56 | BC80: 1.58 | BD80: 1.85 | BE80: 1.78 | BF80: 3.48 | BG80: 3.22 | BH80: 2.79 | BI80: 2.65 | BJ80: 3.56 | BK80: 3.36 | BL80: 3.14 | BM80: 2.97 | BN80: 4.05 | BO80: 3.87 | BR80: AM-Early | BS80: -0.11 | BT80: -0.09 | BU80: -0.09 | BV80: -0.08 | BW80: -0.1 | BX80: -0.09 | BY80: -0.1 | BZ80: -0.13 | CA80: -0.06 | CB80: -0.04 | CC80: -0.1 | CD80: -0.04 | CE80: -0.1 | CF80: -0.06 | CG80: -0.08 | CH80: -0.03 | CI80: -0.07 | CJ80: -0.02 | CK80: -0.04 | CL80: 0
B81: AM-Peak | C81: 524.95 | D81: 40.68 | E81: 402.42 | F81: 27.59 | G81: 90.78 | H81: 292.14 | I81: 548.93 | J81: 317.72 | K81: 650.45 | L81: 307.28 | M81: 1090.62 | N81: 516.77 | O81: 973.24 | P81: 442.8 | Q81: 1240.19 | R81: 466.26 | S81: 406.54 | T81: 359.53 | U81: 376.56 | V81: 314.23 | X81: AM-Peak | Y81: 1.33 | Z81: 1.3 | AA81: 1.34 | AB81: 1.3 | AC81: 0.52 | AD81: 0.52 | AE81: 1.49 | AF81: 1.38 | AG81: 1.89 | AH81: 1.72 | AI81: 3.4 | AJ81: 3.09 | AK81: 2.67 | AL81: 2.49 | AM81: 3.46 | AN81: 3.26 | AO81: 2.93 | AP81: 2.92 | AQ81: 3.86 | AR81: 3.86 | AU81: AM-Peak | AV81: 2.83 | AW81: 1.42 | AX81: 2.63 | AY81: 1.42 | AZ81: 0.82 | BA81: 0.99 | BB81: 2.37 | BC81: 1.64 | BD81: 2.97 | BE81: 1.88 | BF81: 5.34 | BG81: 3.39 | BH81: 4.22 | BI81: 2.75 | BJ81: 5.45 | BK81: 3.53 | BL81: 3.34 | BM81: 3.04 | BN81: 4 | BO81: 3.94 | BR81: AM-Peak | BS81: -0.53 | BT81: -0.08 | BU81: -0.49 | BV81: -0.08 | BW81: -0.36 | BX81: -0.47 | BY81: -0.37 | BZ81: -0.16 | CA81: -0.36 | CB81: -0.08 | CC81: -0.36 | CD81: -0.09 | CE81: -0.37 | CF81: -0.09 | CG81: -0.37 | CH81: -0.08 | CI81: -0.12 | CJ81: -0.04 | CK81: -0.03 | CL81: -0.02
B82: AM-Shoulder | C82: 92.77 | D82: 21.71 | E82: 70.22 | F82: 6.6 | G82: 26.98 | H82: 36.08 | I82: 164.49 | J82: 82.39 | K82: 211.92 | L82: 75.76 | M82: 360.29 | N82: 111.31 | O82: 314.3 | P82: 96.37 | Q82: 346.58 | R82: 138.89 | S82: 128.29 | T82: 85.15 | U82: 124.64 | V82: 110.3 | X82: AM-Shoulder | Y82: 1.31 | Z82: 1.3 | AA82: 1.32 | AB82: 1.3 | AC82: 0.5 | AD82: 0.51 | AE82: 1.4 | AF82: 1.38 | AG82: 1.74 | AH82: 1.72 | AI82: 3.12 | AJ82: 3.09 | AK82: 2.51 | AL82: 2.49 | AM82: 3.28 | AN82: 3.26 | AO82: 2.92 | AP82: 2.92 | AQ82: 3.86 | AR82: 3.86 | AU82: AM-Shoulder | AV82: 2.05 | AW82: 1.44 | AX82: 1.92 | AY82: 1.42 | AZ82: 0.76 | BA82: 0.75 | BB82: 2.06 | BC82: 1.7 | BD82: 2.47 | BE82: 1.91 | BF82: 4.51 | BG82: 3.4 | BH82: 3.62 | BI82: 2.75 | BJ82: 4.29 | BK82: 3.51 | BL82: 3.13 | BM82: 3.07 | BN82: 4.05 | BO82: 4 | BR82: AM-Shoulder | BS82: -0.36 | BT82: -0.1 | BU82: -0.31 | BV82: -0.08 | BW82: -0.34 | BX82: -0.32 | BY82: -0.32 | BZ82: -0.19 | CA82: -0.3 | CB82: -0.1 | CC82: -0.31 | CD82: -0.09 | CE82: -0.31 | CF82: -0.09 | CG82: -0.24 | CH82: -0.07 | CI82: -0.07 | CJ82: -0.05 | CK82: -0.05 | CL82: -0.03
B83: MD | C83: 265.25 | D83: 292.78 | E83: 215.86 | F83: 40.84 | G83: 88.91 | H83: 125.37 | I83: 157.72 | J83: 480.92 | K83: 503.46 | L83: 580.71 | M83: 620.65 | N83: 507.44 | O83: 465.86 | P83: 395.34 | Q83: 565.79 | R83: 486.21 | S83: 466.41 | T83: 293.65 | U83: 455.69 | V83: 252.44 | X83: MD | Y83: 1.3 | Z83: 1.31 | AA83: 1.32 | AB83: 1.33 | AC83: 0.5 | AD83: 0.5 | AE83: 1.38 | AF83: 1.38 | AG83: 1.73 | AH83: 1.73 | AI83: 3.1 | AJ83: 3.11 | AK83: 2.5 | AL83: 2.5 | AM83: 3.27 | AN83: 3.27 | AO83: 2.92 | AP83: 2.92 | AQ83: 3.86 | AR83: 3.87 | AU83: MD | AV83: 1.92 | AW83: 1.82 | AX83: 1.82 | AY83: 1.47 | AZ83: 0.71 | BA83: 0.71 | BB83: 1.53 | BC83: 1.93 | BD83: 2.13 | BE83: 2.28 | BF83: 3.63 | BG83: 3.49 | BH83: 2.8 | BI83: 2.75 | BJ83: 3.56 | BK83: 3.5 | BL83: 3.12 | BM83: 3.03 | BN83: 4.03 | BO83: 3.94 | BR83: MD | BS83: -0.32 | BT83: -0.28 | BU83: -0.27 | BV83: -0.1 | BW83: -0.3 | BX83: -0.29 | BY83: -0.1 | BZ83: -0.28 | CA83: -0.19 | CB83: -0.24 | CC83: -0.14 | CD83: -0.11 | CE83: -0.11 | CF83: -0.09 | CG83: -0.08 | CH83: -0.07 | CI83: -0.06 | CJ83: -0.04 | CK83: -0.04 | CL83: -0.02
B84: PM-Shoulder | C84: 57.64 | D84: 21.85 | E84: 43.39 | F84: 14.74 | G84: 15.4 | H84: 11.83 | I84: 23.68 | J84: 38.39 | K84: 24.2 | L84: 58.72 | M84: 61.09 | N84: 89.14 | O84: 55.16 | P84: 64.68 | Q84: 69.99 | R84: 110.21 | S84: 66.96 | T84: 46.68 | U84: 63.23 | V84: 38 | X84: PM-Shoulder | Y84: 1.31 | Z84: 1.31 | AA84: 1.35 | AB84: 1.36 | AC84: 0.5 | AD84: 0.5 | AE84: 1.38 | AF84: 1.37 | AG84: 1.72 | AH84: 1.76 | AI84: 3.11 | AJ84: 3.18 | AK84: 2.51 | AL84: 2.56 | AM84: 3.28 | AN84: 3.34 | AO84: 2.93 | AP84: 2.97 | AQ84: 3.87 | AR84: 3.87 | AU84: PM-Shoulder | AV84: 1.96 | AW84: 1.95 | AX84: 1.89 | AY84: 1.87 | AZ84: 0.73 | BA84: 0.74 | BB84: 1.58 | BC84: 2.02 | BD84: 1.84 | BE84: 2.33 | BF84: 3.44 | BG84: 4.17 | BH84: 2.76 | BI84: 3.25 | BJ84: 3.6 | BK84: 4.26 | BL84: 3.16 | BM84: 3.55 | BN84: 4.07 | BO84: 3.99 | BR84: PM-Shoulder | BS84: -0.33 | BT84: -0.33 | BU84: -0.29 | BV84: -0.27 | BW84: -0.32 | BX84: -0.32 | BY84: -0.13 | BZ84: -0.32 | CA84: -0.06 | CB84: -0.25 | CC84: -0.09 | CD84: -0.24 | CE84: -0.09 | CF84: -0.21 | CG84: -0.09 | CH84: -0.22 | CI84: -0.07 | CJ84: -0.16 | CK84: -0.05 | CL84: -0.03
B85: PM-Peak | C85: 215.39 | D85: 219.91 | E85: 86.59 | F85: 164.25 | G85: 48.57 | H85: 92.84 | I85: 125.68 | J85: 147.41 | K85: 121.14 | L85: 227.16 | M85: 205.48 | N85: 392.07 | O85: 164.02 | P85: 334.57 | Q85: 303.45 | R85: 350.42 | S85: 199.32 | T85: 146.61 | U85: 195.81 | V85: 141.68 | X85: PM-Peak | Y85: 1.33 | Z85: 1.34 | AA85: 1.34 | AB85: 1.41 | AC85: 0.52 | AD85: 0.51 | AE85: 1.39 | AF85: 1.42 | AG85: 1.73 | AH85: 1.93 | AI85: 3.12 | AJ85: 3.48 | AK85: 2.51 | AL85: 2.7 | AM85: 3.3 | AN85: 3.32 | AO85: 2.93 | AP85: 2.93 | AQ85: 3.87 | AR85: 3.87 | AU85: PM-Peak | AV85: 2.66 | AW85: 2.67 | AX85: 1.88 | AY85: 2.52 | AZ85: 0.78 | BA85: 1.02 | BB85: 1.75 | BC85: 2.18 | BD85: 1.92 | BE85: 2.89 | BF85: 3.57 | BG85: 5.2 | BH85: 2.88 | BI85: 4.02 | BJ85: 3.95 | BK85: 4.31 | BL85: 3.21 | BM85: 3.25 | BN85: 4.13 | BO85: 4.1 | BR85: PM-Peak | BS85: -0.5 | BT85: -0.5 | BU85: -0.29 | BV85: -0.44 | BW85: -0.33 | BX85: -0.5 | BY85: -0.21 | BZ85: -0.35 | CA85: -0.1 | CB85: -0.33 | CC85: -0.13 | CD85: -0.33 | CE85: -0.13 | CF85: -0.33 | CG85: -0.16 | CH85: -0.23 | CI85: -0.09 | CJ85: -0.1 | CK85: -0.06 | CL85: -0.06
B86: PM-Late | C86: 10.64 | D86: 24.44 | E86: 2.19 | F86: 2.43 | G86: 0.19 | H86: 1.16 | I86: 7.08 | J86: 23.82 | K86: 20.83 | L86: 47.51 | M86: 65.14 | N86: 57.74 | O86: 59.46 | P86: 29.67 | Q86: 39.64 | R86: 17.17 | S86: 16.26 | T86: 13.03 | U86: 35.91 | V86: 34.37 | X86: PM-Late | Y86: 1.3 | Z86: 1.3 | AA86: 1.3 | AB86: 1.3 | AC86: 0.5 | AD86: 0.5 | AE86: 1.37 | AF86: 1.37 | AG86: 1.71 | AH86: 1.72 | AI86: 3.09 | AJ86: 3.09 | AK86: 2.49 | AL86: 2.49 | AM86: 3.26 | AN86: 3.26 | AO86: 2.91 | AP86: 2.91 | AQ86: 3.86 | AR86: 3.86 | AU86: PM-Late | AV86: 1.46 | AW86: 1.54 | AX86: 1.42 | AY86: 1.42 | AZ86: 0.55 | BA86: 0.55 | BB86: 1.48 | BC86: 1.8 | BD86: 1.78 | BE86: 2.08 | BF86: 3.47 | BG86: 3.75 | BH86: 2.9 | BI86: 2.88 | BJ86: 3.64 | BK86: 3.54 | BL86: 3.17 | BM86: 3.04 | BN86: 4.06 | BO86: 3.95 | BR86: PM-Late | BS86: -0.11 | BT86: -0.16 | BU86: -0.08 | BV86: -0.08 | BW86: -0.08 | BX86: -0.08 | BY86: -0.07 | BZ86: -0.24 | CA86: -0.04 | CB86: -0.18 | CC86: -0.11 | CD86: -0.18 | CE86: -0.14 | CF86: -0.14 | CG86: -0.1 | CH86: -0.08 | CI86: -0.08 | CJ86: -0.04 | CK86: -0.05 | CL86: -0.02
B89: Revenue Per Period Heavy A | X89: ML light veh.Miles | AU89: GP light veh.Miles | BR89: LVr Toll
B90: Direction | C90: NB | D90: SB | E90: NB | F90: SB | G90: NB | H90: SB | I90: NB | J90: SB | K90: NB | L90: SB | M90: NB | N90: SB | O90: NB | P90: SB | Q90: NB | R90: SB | S90: NB | T90: SB | U90: NB | V90: SB | X90: Direction | Y90: NB | AI90: SB | AU90: Direction | AV90: NB | BF90: SB | BR90: Direction | BS90: NB | BT90: SB | BU90: NB | BV90: SB | BW90: NB | BX90: SB | BY90: NB | BZ90: SB | CA90: NB | CB90: SB | CC90: NB | CD90: SB | CE90: NB | CF90: SB | CG90: NB | CH90: SB | CI90: NB | CJ90: SB | CK90: NB | CL90: SB
B91: Segment | C91: 1 | D91: 1 | E91: 2 | F91: 2 | G91: 3 | H91: 3 | I91: 4 | J91: 4 | K91: 5 | L91: 5 | M91: 6 | N91: 6 | O91: 7 | P91: 7 | Q91: 8 | R91: 8 | S91: 9 | T91: 9 | U91: 10 | V91: 10 | X91: Segment | Y91: 1 | Z91: 10 | AA91: 2 | AB91: 3 | AC91: 4 | AD91: 5 | AE91: 6 | AF91: 7 | AG91: 8 | AH91: 9 | AI91: 1 | AJ91: 10 | AK91: 2 | AL91: 3 | AM91: 4 | AN91: 5 | AO91: 6 | AP91: 7 | AQ91: 8 | AR91: 9 | AU91: Segment | AV91: 1 | AW91: 10 | AX91: 2 | AY91: 3 | AZ91: 4 | BA91: 5 | BB91: 6 | BC91: 7 | BD91: 8 | BE91: 9 | BF91: 1 | BG91: 10 | BH91: 2 | BI91: 3 | BJ91: 4 | BK91: 5 | BL91: 6 | BM91: 7 | BN91: 8 | BO91: 9 | BR91: Segment | BS91: 1 | BT91: 1 | BU91: 2 | BV91: 2 | BW91: 3 | BX91: 3 | BY91: 4 | BZ91: 4 | CA91: 5 | CB91: 5 | CC91: 6 | CD91: 6 | CE91: 7 | CF91: 7 | CG91: 8 | CH91: 8 | CI91: 9 | CJ91: 9 | CK91: 10 | CL91: 10
B92: Period | X92: Period | AU92: Period | BR92: Period
B93: Night | C93: 83.13 | D93: 83.81 | E93: 41.29 | F93: 42.44 | G93: 24.52 | H93: 25.19 | I93: 81.88 | J93: 472.29 | K93: 597.62 | L93: 578.11 | M93: 1097.35 | N93: 1036.93 | O93: 867.2 | P93: 883.65 | Q93: 1160.47 | R93: 1128.58 | S93: 877.92 | T93: 920.33 | U93: 1396.69 | V93: 1421.7 | X93: Night | Y93: 1010.6 | Z93: 4400.23 | AA93: 974.69 | AB93: 277.76 | AC93: 876.26 | AD93: 2496.2 | AE93: 4620.92 | AF93: 3565.69 | AG93: 4526.26 | AH93: 3544.06 | AI93: 981.66 | AJ93: 2848.54 | AK93: 883.88 | AL93: 353.16 | AM93: 1667.23 | AN93: 2058.28 | AO93: 3688.52 | AP93: 2815.61 | AQ93: 3968.19 | AR93: 2190.79 | AU93: Night | AV93: 1010.6 | AW93: 4400.23 | AX93: 974.69 | AY93: 277.76 | AZ93: 876.26 | BA93: 2496.2 | BB93: 4620.92 | BC93: 3565.69 | BD93: 4526.26 | BE93: 3544.06 | BF93: 981.66 | BG93: 2848.54 | BH93: 883.88 | BI93: 353.16 | BJ93: 1667.23 | BK93: 2058.28 | BL93: 3688.52 | BM93: 2815.61 | BN93: 3968.19 | BO93: 2190.79 | BR93: Night | BS93: 0.27 | BT93: 0.27 | BU93: 0.28 | BV93: 0.28 | BW93: 0.11 | BX93: 0.11 | BY93: 0.32 | BZ93: 0.86 | CA93: 1.08 | CB93: 1.08 | CC93: 1.94 | CD93: 1.94 | CE93: 1.57 | CF93: 1.57 | CG93: 2.05 | CH93: 2.05 | CI93: 1.84 | CJ93: 1.84 | CK93: 2.43 | CL93: 2.43
B94: AM-Early | C94: 23.79 | D94: 17.16 | E94: 7.77 | F94: 7.3 | G94: 7.28 | H94: 4 | I94: 16.54 | J94: 47.61 | K94: 28.03 | L94: 38.22 | M94: 77.81 | N94: 79.45 | O94: 80.64 | P94: 70.86 | Q94: 100.72 | R94: 65.16 | S94: 81.21 | T94: 62.09 | U94: 96.81 | V94: 50.31 | X94: AM-Early | Y94: 1848.12 | Z94: 5872.03 | AA94: 2039.48 | AB94: 495.38 | AC94: 2662.21 | AD94: 3081.36 | AE94: 5234.32 | AF94: 3640.92 | AG94: 4487.53 | AH94: 3978.98 | AI94: 1081.45 | AJ94: 3484.23 | AK94: 1248.22 | AL94: 582.44 | AM94: 1634.81 | AN94: 1895.72 | AO94: 3403.44 | AP94: 3082.51 | AQ94: 3973.26 | AR94: 2792.6 | AU94: AM-Early | AV94: 1848.12 | AW94: 5872.03 | AX94: 2039.48 | AY94: 495.38 | AZ94: 2662.21 | BA94: 3081.36 | BB94: 5234.32 | BC94: 3640.92 | BD94: 4487.53 | BE94: 3978.98 | BF94: 1081.45 | BG94: 3484.23 | BH94: 1248.22 | BI94: 582.44 | BJ94: 1634.81 | BK94: 1895.72 | BL94: 3403.44 | BM94: 3082.51 | BN94: 3973.26 | BO94: 2792.6 | BR94: AM-Early | BS94: 0.56 | BT94: 0.39 | BU94: 0.34 | BV94: 0.26 | BW94: 0.24 | BX94: 0.11 | BY94: 0.5 | BZ94: 1.08 | CA94: 0.84 | CB94: 0.99 | CC94: 2.38 | CD94: 1.89 | CE94: 2.09 | CF94: 1.7 | CG94: 2.54 | CH94: 1.67 | CI94: 2.11 | CJ94: 1.45 | CK94: 1.79 | CL94: 1.06
B95: AM-Peak | C95: 1058.9 | D95: 63.43 | E95: 460.87 | F95: 47.52 | G95: 275.4 | H95: 289.05 | I95: 659.09 | J95: 317.72 | K95: 886.67 | L95: 355.3 | M95: 1624.83 | N95: 712.66 | O95: 1538.35 | P95: 626.5 | Q95: 1995.28 | R95: 679.03 | S95: 738.33 | T95: 537.06 | U95: 629.27 | V95: 545.17 | X95: AM-Peak | Y95: 5768.13 | Z95: 11287.76 | AA95: 6515.44 | AB95: 2470.48 | AC95: 8890.53 | AD95: 11108.62 | AE95: 20205.79 | AF95: 15083.16 | AG95: 19272.29 | AH95: 11192.08 | AI95: 2636.1 | AJ95: 9932.53 | AK95: 1907.71 | AL95: 2328.94 | AM95: 5358.31 | AN95: 5841.28 | AO95: 10123.37 | AP95: 8436.81 | AQ95: 11054.87 | AR95: 8106.11 | AU95: AM-Peak | AV95: 5768.13 | AW95: 11287.76 | AX95: 6515.44 | AY95: 2470.48 | AZ95: 8890.53 | BA95: 11108.62 | BB95: 20205.79 | BC95: 15083.16 | BD95: 19272.29 | BE95: 11192.08 | BF95: 2636.1 | BG95: 9932.53 | BH95: 1907.71 | BI95: 2328.94 | BJ95: 5358.31 | BK95: 5841.28 | BL95: 10123.37 | BM95: 8436.81 | BN95: 11054.87 | BO95: 8106.11 | BR95: AM-Peak | BS95: 4.68 | BT95: 0.49 | BU95: 4.15 | BV95: 0.74 | BW95: 0.9 | BX95: 1.43 | BY95: 2.88 | BZ95: 1.66 | CA95: 3.6 | CB95: 1.99 | CC95: 6.48 | CD95: 3.8 | CE95: 5.22 | CF95: 3.15 | CG95: 6.84 | CH95: 3.82 | CI95: 4.06 | CJ95: 2.87 | CK95: 3.71 | CL95: 3.27
B96: AM-Shoulder | C96: 208.66 | D96: 45.57 | E96: 83.35 | F96: 9.32 | G96: 64.95 | H96: 61.46 | I96: 178.13 | J96: 117.77 | K96: 226.03 | L96: 111.87 | M96: 439.37 | N96: 207.71 | O96: 370.61 | P96: 177.02 | Q96: 380 | R96: 185.68 | S96: 147.88 | T96: 169.98 | U96: 196.47 | V96: 186.14 | X96: AM-Shoulder | Y96: 1612.48 | Z96: 3686.41 | AA96: 1965.49 | AB96: 553.3 | AC96: 2203.08 | AD96: 2554.08 | AE96: 4404.92 | AF96: 3503.38 | AG96: 4287.61 | AH96: 3159.26 | AI96: 929.48 | AJ96: 3475.33 | AK96: 1098.01 | AL96: 734.05 | AM96: 1849.01 | AN96: 1996.55 | AO96: 3362.34 | AP96: 2785.06 | AQ96: 3436.5 | AR96: 2782.87 | AU96: AM-Shoulder | AV96: 1612.48 | AW96: 3686.41 | AX96: 1965.49 | AY96: 553.3 | AZ96: 2203.08 | BA96: 2554.08 | BB96: 4404.92 | BC96: 3503.38 | BD96: 4287.61 | BE96: 3159.26 | BF96: 929.48 | BG96: 3475.33 | BH96: 1098.01 | BI96: 734.05 | BJ96: 1849.01 | BK96: 1996.55 | BL96: 3362.34 | BM96: 2785.06 | BN96: 3436.5 | BO96: 2782.87 | BR96: AM-Shoulder | BS96: 2.33 | BT96: 0.74 | BU96: 1.89 | BV96: 0.27 | BW96: 0.87 | BX96: 0.73 | BY96: 2.24 | BZ96: 1.43 | CA96: 2.91 | CB96: 1.53 | CC96: 5.61 | CD96: 2.71 | CE96: 4.44 | CF96: 2.23 | CG96: 4.78 | CH96: 2.61 | CI96: 2.27 | CJ96: 2.17 | CK96: 2.75 | CL96: 2.59
B97: MD | C97: 644.75 | D97: 666.76 | E97: 295.91 | F97: 70.95 | G97: 201.02 | H97: 187.15 | I97: 173.6 | J97: 664.33 | K97: 615.21 | L97: 782.39 | M97: 950.27 | N97: 809.82 | O97: 662.35 | P97: 575 | Q97: 804.1 | R97: 685.33 | S97: 653.62 | T97: 477.74 | U97: 810.87 | V97: 504.6 | X97: MD | Y97: 6004.65 | Z97: 20554.84 | AA97: 9519.72 | AB97: 2463.99 | AC97: 9965.44 | AD97: 12740.64 | AE97: 21282.65 | AF97: 16211.77 | AG97: 19756.26 | AH97: 16176.39 | AI97: 7774.96 | AJ97: 23531.09 | AK97: 10197.57 | AL97: 2822.04 | AM97: 10008.35 | AN97: 13046.83 | AO97: 21887.2 | AP97: 17455.58 | AQ97: 19524.11 | AR97: 16688.11 | AU97: MD | AV97: 6004.65 | AW97: 20554.84 | AX97: 9519.72 | AY97: 2463.99 | AZ97: 9965.44 | BA97: 12740.64 | BB97: 21282.65 | BC97: 16211.77 | BD97: 19756.26 | BE97: 16176.39 | BF97: 7774.96 | BG97: 23531.09 | BH97: 10197.57 | BI97: 2822.04 | BJ97: 10008.35 | BK97: 13046.83 | BL97: 21887.2 | BM97: 17455.58 | BN97: 19524.11 | BO97: 16688.11 | BR97: MD | BS97: 2.28 | BT97: 1.81 | BU97: 1.65 | BV97: 0.37 | BW97: 0.79 | BX97: 0.74 | BY97: 0.61 | BZ97: 2.07 | CA97: 2 | CB97: 2.4 | CC97: 3.18 | CD97: 2.68 | CE97: 2.2 | CF97: 1.9 | CG97: 2.63 | CH97: 2.41 | CI97: 2.16 | CJ97: 1.69 | CK97: 2.51 | CL97: 1.46
B98: PM-Shoulder | C98: 144.84 | D98: 132.07 | E98: 64.6 | F98: 38.88 | G98: 43.07 | H98: 41.61 | I98: 43.5 | J98: 121.07 | K98: 46.17 | L98: 134.44 | M98: 113.52 | N98: 196.65 | O98: 91.87 | P98: 137.13 | Q98: 123.02 | R98: 204.7 | S98: 113.21 | T98: 127.83 | U98: 141.17 | V98: 72.46 | X98: PM-Shoulder | Y98: 1575.36 | Z98: 4910.65 | AA98: 2310.42 | AB98: 546.04 | AC98: 2004.22 | AD98: 2522.54 | AE98: 4755.79 | AF98: 3813.06 | AG98: 4891.07 | AH98: 4065.7 | AI98: 1654.73 | AJ98: 5046.59 | AK98: 2393.38 | AL98: 623.06 | AM98: 1630.74 | AN98: 3179.35 | AO98: 6006.19 | AP98: 4843.41 | AQ98: 6077.02 | AR98: 5408.01 | AU98: PM-Shoulder | AV98: 1575.36 | AW98: 4910.65 | AX98: 2310.42 | AY98: 546.04 | AZ98: 2004.22 | BA98: 2522.54 | BB98: 4755.79 | BC98: 3813.06 | BD98: 4891.07 | BE98: 4065.7 | BF98: 1654.73 | BG98: 5046.59 | BH98: 2393.38 | BI98: 623.06 | BJ98: 1630.74 | BK98: 3179.35 | BL98: 6006.19 | BM98: 4843.41 | BN98: 6077.02 | BO98: 5408.01 | BR98: PM-Shoulder | BS98: 2.34 | BT98: 2.3 | BU98: 1.81 | BV98: 1.68 | BW98: 0.9 | BX98: 0.9 | BY98: 1.06 | BZ98: 2.88 | CA98: 1.12 | CB98: 2.44 | CC98: 2.42 | CD98: 4.15 | CE98: 1.93 | CF98: 3.09 | CG98: 2.53 | CH98: 4.1 | CI98: 2.15 | CJ98: 3.01 | CK98: 2.56 | CL98: 2.03
B99: PM-Peak | C99: 901.05 | D99: 992.6 | E99: 235.17 | F99: 392.66 | G99: 161.04 | H99: 342.14 | I99: 328.87 | J99: 496.83 | K99: 288.73 | L99: 735.68 | M99: 610.67 | N99: 1253.18 | O99: 519.52 | P99: 1010.79 | Q99: 880.84 | R99: 1049.84 | S99: 620.36 | T99: 561.21 | U99: 744.73 | V99: 627.95 | X99: PM-Peak | Y99: 6251.71 | Z99: 15675.56 | AA99: 6788.7 | AB99: 2763.01 | AC99: 6829.69 | AD99: 8212.62 | AE99: 15228.99 | AF99: 12327.23 | AG99: 16453.04 | AH99: 12665.38 | AI99: 6483.65 | AJ99: 15802.89 | AK99: 8067.3 | AL99: 2407.53 | AM99: 8622.43 | AN99: 12869.76 | AO99: 23328.74 | AP99: 17756.03 | AQ99: 17849.22 | AR99: 13577.88 | AU99: PM-Peak | AV99: 6251.71 | AW99: 15675.56 | AX99: 6788.7 | AY99: 2763.01 | AZ99: 6829.69 | BA99: 8212.62 | BB99: 15228.99 | BC99: 12327.23 | BD99: 16453.04 | BE99: 12665.38 | BF99: 6483.65 | BG99: 15802.89 | BH99: 8067.3 | BI99: 2407.53 | BJ99: 8622.43 | BK99: 12869.76 | BL99: 23328.74 | BM99: 17756.03 | BN99: 17849.22 | BO99: 13577.88 | BR99: PM-Peak | BS99: 4.42 | BT99: 4.35 | BU99: 2.28 | BV99: 3.66 | BW99: 0.9 | BX99: 1.75 | BY99: 2.15 | BZ99: 2.88 | CA99: 1.99 | CB99: 3.6 | CC99: 3.95 | CD99: 6.48 | CE99: 3.24 | CF99: 5.22 | CG99: 4.84 | CH99: 5.76 | CI99: 3.41 | CJ99: 3.46 | CK99: 4.13 | CL99: 3.91
B100: PM-Late | C100: 130.89 | D100: 180.03 | E100: 23.07 | F100: 18.07 | G100: 9.61 | H100: 14.49 | I100: 143.76 | J100: 273.77 | K100: 184.16 | L100: 288.91 | M100: 505.18 | N100: 541.34 | O100: 461.69 | P100: 413.23 | Q100: 529.79 | R100: 460.89 | S100: 427.04 | T100: 334.99 | U100: 497.73 | V100: 445.3 | X100: PM-Late | Y100: 3219.75 | Z100: 8209.97 | AA100: 2802.29 | AB100: 159.27 | AC100: 956.05 | AD100: 4078.73 | AE100: 7248.57 | AF100: 5748.85 | AG100: 7248.08 | AH100: 5991.39 | AI100: 4199.4 | AJ100: 8449.49 | AK100: 3375.87 | AL100: 1327.39 | AM100: 4500.46 | AN100: 5824.61 | AO100: 10793.61 | AP100: 8049.91 | AQ100: 8090.98 | AR100: 6207.45 | AU100: PM-Late | AV100: 3219.75 | AW100: 8209.97 | AX100: 2802.29 | AY100: 159.27 | AZ100: 956.05 | BA100: 4078.73 | BB100: 7248.57 | BC100: 5748.85 | BD100: 7248.08 | BE100: 5991.39 | BF100: 4199.4 | BG100: 8449.49 | BH100: 3375.87 | BI100: 1327.39 | BJ100: 4500.46 | BK100: 5824.61 | BL100: 10793.61 | BM100: 8049.91 | BN100: 8090.98 | BO100: 6207.45 | BR100: PM-Late | BS100: 0.95 | BT100: 1.21 | BU100: 0.39 | BV100: 0.28 | BW100: 0.1 | BX100: 0.13 | BY100: 1.26 | BZ100: 2.34 | CA100: 1.55 | CB100: 2.57 | CC100: 4.17 | CD100: 4.56 | CE100: 3.77 | CF100: 3.27 | CG100: 4.37 | CH100: 3.78 | CI100: 3.58 | CJ100: 2.87 | CK100: 3.96 | CL100: 3.05
B103: % Workday Revenue | X103: ML light veh/period | AU103: GP light veh/period | BR103: Medium A Toll
B104: Direction | C104: NB | D104: SB | E104: NB | F104: SB | G104: NB | H104: SB | I104: NB | J104: SB | K104: NB | L104: SB | M104: NB | N104: SB | O104: NB | P104: SB | Q104: NB | R104: SB | S104: NB | T104: SB | U104: NB | V104: SB | X104: Direction | Y104: NB | Z104: SB | AA104: NB | AB104: SB | AC104: NB | AD104: SB | AE104: NB | AF104: SB | AG104: NB | AH104: SB | AI104: NB | AJ104: SB | AK104: NB | AL104: SB | AM104: NB | AN104: SB | AO104: NB | AP104: SB | AQ104: NB | AR104: SB | AU104: Direction | AV104: NB | AW104: SB | AX104: NB | AY104: SB | AZ104: NB | BA104: SB | BB104: NB | BC104: SB | BD104: NB | BE104: SB | BF104: NB | BG104: SB | BH104: NB | BI104: SB | BJ104: NB | BK104: SB | BL104: NB | BM104: SB | BN104: NB | BO104: SB | BR104: Direction | BS104: NB | BT104: SB | BU104: NB | BV104: SB | BW104: NB | BX104: SB | BY104: NB | BZ104: SB | CA104: NB | CB104: SB | CC104: NB | CD104: SB | CE104: NB | CF104: SB | CG104: NB | CH104: SB | CI104: NB | CJ104: SB | CK104: NB | CL104: SB
B105: Segment | C105: 1 | D105: 1 | E105: 2 | F105: 2 | G105: 3 | H105: 3 | I105: 4 | J105: 4 | K105: 5 | L105: 5 | M105: 6 | N105: 6 | O105: 7 | P105: 7 | Q105: 8 | R105: 8 | S105: 9 | T105: 9 | U105: 10 | V105: 10 | X105: Segment | Y105: 1 | Z105: 1 | AA105: 2 | AB105: 2 | AC105: 3 | AD105: 3 | AE105: 4 | AF105: 4 | AG105: 5 | AH105: 5 | AI105: 6 | AJ105: 6 | AK105: 7 | AL105: 7 | AM105: 8 | AN105: 8 | AO105: 9 | AP105: 9 | AQ105: 10 | AR105: 10 | AU105: Segment | AV105: 1 | AW105: 1 | AX105: 2 | AY105: 2 | AZ105: 3 | BA105: 3 | BB105: 4 | BC105: 4 | BD105: 5 | BE105: 5 | BF105: 6 | BG105: 6 | BH105: 7 | BI105: 7 | BJ105: 8 | BK105: 8 | BL105: 9 | BM105: 9 | BN105: 10 | BO105: 10 | BR105: Segment | BS105: 1 | BT105: 1 | BU105: 2 | BV105: 2 | BW105: 3 | BX105: 3 | BY105: 4 | BZ105: 4 | CA105: 5 | CB105: 5 | CC105: 6 | CD105: 6 | CE105: 7 | CF105: 7 | CG105: 8 | CH105: 8 | CI105: 9 | CJ105: 9 | CK105: 10 | CL105: 10
B106: Period | X106: Period | AU106: Period | BR106: Period
B107: Night | C107: 0.0044095489 | D107: 0.0066362657 | E107: 0.0045699062 | F107: 0.0073650752 | G107: 0.0050380596 | H107: 0.0043052253 | I107: 0.006582018 | J107: 0.02662868 | K107: 0.033002565 | L107: 0.026205331 | M107: 0.03264919 | N107: 0.029053143 | O107: 0.033431061 | P107: 0.030426846 | Q107: 0.033908658 | R107: 0.040436787 | S107: 0.046814828 | T107: 0.043378776 | U107: 0.062224193 | V107: 0.062889309 | X107: Night | Y107: 777.39 | Z107: 755.12 | AA107: 749.77 | AB107: 679.91 | AC107: 555.53 | AD107: 706.33 | AE107: 547.66 | AF107: 1042.02 | AG107: 1248.1 | AH107: 1029.14 | AI107: 1283.59 | AJ107: 1024.59 | AK107: 1229.55 | AL107: 970.9 | AM107: 1191.12 | AN107: 1044.26 | AO107: 1042.37 | AP107: 644.35 | AQ107: 977.83 | AR107: 633.01 | AU107: Night | AV107: 10694.53 | AW107: 10388.28 | AX107: 10392.83 | AY107: 9424.59 | AZ107: 7700.97 | BA107: 9791.36 | BB107: 10405.55 | BC107: 9378.18 | BD107: 11232.9 | BE107: 9262.26 | BF107: 11552.31 | BG107: 9221.31 | BH107: 11065.95 | BI107: 8738.1 | BJ107: 10720.08 | BK107: 9398.34 | BL107: 9381.33 | BM107: 5799.15 | BN107: 8800.47 | BO107: 5697.09 | BR107: Night | BS107: 0.68 | BT107: 0.68 | BU107: 0.7 | BV107: 0.7 | BW107: 0.27 | BX107: 0.27 | BY107: 0.8 | BZ107: 2.16 | CA107: 2.7 | CB107: 2.7 | CC107: 4.86 | CD107: 4.86 | CE107: 3.91 | CF107: 3.91 | CG107: 5.13 | CH107: 5.13 | CI107: 4.59 | CJ107: 4.59 | CK107: 6.07 | CL107: 6.07
B108: AM-Early | C108: 0.012813352 | D108: 0.0082867078 | E108: 0.0097425774 | F108: 0.0084294842 | G108: 0.014872277 | H108: 0.0061408043 | I108: 0.022315756 | J108: 0.025084238 | K108: 0.022964552 | L108: 0.016908216 | M108: 0.033462734 | N108: 0.020210156 | O108: 0.034074436 | P108: 0.025860524 | Q108: 0.031291684 | R108: 0.024186099 | S108: 0.044752251 | T108: 0.028237195 | U108: 0.04246398 | V108: 0.020404738 | X108: AM-Early | Y108: 1421.63 | Z108: 831.88 | AA108: 1568.83 | AB108: 960.17 | AC108: 990.76 | AD108: 1164.88 | AE108: 1663.88 | AF108: 1021.76 | AG108: 1540.68 | AH108: 947.86 | AI108: 1453.98 | AJ108: 945.4 | AK108: 1255.49 | AL108: 1062.94 | AM108: 1180.93 | AN108: 1045.6 | AO108: 1170.29 | AP108: 821.35 | AQ108: 1304.9 | AR108: 774.27 | AU108: AM-Early | AV108: 4769.99 | AW108: 2734.32 | AX108: 4868.65 | AY108: 2921.72 | AZ108: 2989.84 | BA108: 3524.79 | BB108: 5267.41 | BC108: 3133.64 | BD108: 5304.73 | BE108: 3152.44 | BF108: 5224.62 | BG108: 3199.2 | BH108: 4322.41 | BI108: 3593.16 | BJ108: 4090.49 | BK108: 3555.06 | BL108: 4006.79 | BM108: 2738.5 | BN108: 4649.89 | BO108: 2593.67 | BR108: AM-Early | BS108: 1.4 | BT108: 0.97 | BU108: 0.84 | BV108: 0.65 | BW108: 0.6 | BX108: 0.29 | BY108: 1.26 | BZ108: 2.7 | CA108: 2.09 | CB108: 2.48 | CC108: 5.95 | CD108: 4.72 | CE108: 5.22 | CF108: 4.24 | CG108: 6.36 | CH108: 4.19 | CI108: 5.29 | CJ108: 3.62 | CK108: 4.47 | CL108: 2.66
B109: AM-Peak | C109: 0.34715834 | D109: 0.025934771 | E109: 0.40320629 | F109: 0.038175057 | G109: 0.29446282 | H109: 0.32914451 | I109: 0.4589393 | J109: 0.13137545 | K109: 0.38982376 | L109: 0.11087292 | M109: 0.38159946 | N109: 0.12914314 | O109: 0.38102044 | P109: 0.14366379 | Q109: 0.38643179 | R109: 0.16725531 | S109: 0.26298442 | T109: 0.18017757 | U109: 0.18650037 | V109: 0.1880227 | X109: AM-Peak | Y109: 4437.02 | Z109: 2027.77 | AA109: 5011.88 | AB109: 1467.47 | AC109: 4940.96 | AD109: 4657.88 | AE109: 5556.58 | AF109: 3348.94 | AG109: 5554.31 | AH109: 2920.64 | AI109: 5612.72 | AJ109: 2812.05 | AK109: 5201.09 | AL109: 2909.24 | AM109: 5071.66 | AN109: 2909.18 | AO109: 3291.79 | AP109: 2384.15 | AQ109: 2508.39 | AR109: 2207.23 | AU109: AM-Peak | AV109: 15907.24 | AW109: 6668.44 | AX109: 17429.65 | AY109: 7212.21 | AZ109: 10083.91 | BA109: 14713.74 | BB109: 15653.35 | BC109: 10494.04 | BD109: 15803.18 | BE109: 9884.29 | BF109: 15909.7 | BG109: 9791.19 | BH109: 13649.38 | BI109: 9998.47 | BJ109: 12919.44 | BK109: 10129.52 | BL109: 11611.79 | BM109: 8084.04 | BN109: 8616.66 | BO109: 7481.89 | BR109: AM-Peak | BS109: 11.7 | BT109: 1.21 | BU109: 10.37 | BV109: 1.86 | BW109: 2.25 | BX109: 3.58 | BY109: 7.2 | BZ109: 4.16 | CA109: 9 | CB109: 4.97 | CC109: 16.2 | CD109: 9.49 | CE109: 13.05 | CF109: 7.87 | CG109: 17.1 | CH109: 9.56 | CI109: 10.14 | CJ109: 7.18 | CK109: 9.26 | CL109: 8.18
B110: AM-Shoulder | C110: 0.050029763 | D110: 0.013932792 | E110: 0.055517219 | F110: 0.0080246386 | G110: 0.065479897 | H110: 0.050465404 | I110: 0.093623015 | J110: 0.037509482 | K110: 0.075127445 | L110: 0.028596075 | M110: 0.076127811 | N110: 0.030160895 | O110: 0.078858294 | P110: 0.03305718 | Q110: 0.063858837 | R110: 0.036665349 | S110: 0.043577957 | T110: 0.044919402 | U110: 0.046534652 | V110: 0.052240892 | X110: AM-Shoulder | Y110: 1240.37 | Z110: 714.99 | AA110: 1511.91 | AB110: 844.62 | AC110: 1106.59 | AD110: 1468.1 | AE110: 1376.93 | AF110: 1155.63 | AG110: 1277.04 | AH110: 998.27 | AI110: 1223.59 | AJ110: 933.98 | AK110: 1208.06 | AL110: 960.37 | AM110: 1128.32 | AN110: 904.34 | AO110: 929.19 | AP110: 818.49 | AQ110: 819.2 | AR110: 772.29 | AU110: AM-Shoulder | AV110: 4199.33 | AW110: 2343.25 | AX110: 4802.41 | AY110: 2559.89 | AZ110: 3364.08 | BA110: 4503.35 | BB110: 4403.71 | BC110: 3572.75 | BD110: 4431.65 | BE110: 3338.64 | BF110: 4467.79 | BG110: 3169.5 | BH110: 4297.04 | BI110: 3231.82 | BJ110: 4018.36 | BK110: 3060.43 | BL110: 3136.54 | BM110: 2731.64 | BN110: 2759.85 | BO110: 2586 | BR110: AM-Shoulder | BS110: 5.82 | BT110: 1.84 | BU110: 4.72 | BV110: 0.68 | BW110: 2.16 | BX110: 1.83 | BY110: 5.59 | BZ110: 3.56 | CA110: 7.27 | CB110: 3.82 | CC110: 14.03 | CD110: 6.77 | CE110: 11.1 | CF110: 5.58 | CG110: 11.96 | CH110: 6.52 | CI110: 5.67 | CJ110: 5.42 | CK110: 6.87 | CL110: 6.47
B111: MD | C111: 0.17539392 | D111: 0.27255836 | E111: 0.23388419 | F111: 0.098131276 | G111: 0.25566375 | H111: 0.18906578 | I111: 0.11162093 | J111: 0.28564999 | K111: 0.25013347 | L111: 0.27310191 | M111: 0.20003974 | N111: 0.17632459 | O111: 0.17171895 | P111: 0.16413676 | Q111: 0.15392173 | R111: 0.17934625 | S111: 0.20771325 | T111: 0.19272094 | U111: 0.22553085 | V111: 0.18625781 | X111: MD | Y111: 4618.96 | Z111: 5980.74 | AA111: 7322.86 | AB111: 7844.29 | AC111: 4927.98 | AD111: 5644.08 | AE111: 6228.4 | AF111: 6255.22 | AG111: 6370.32 | AH111: 6523.41 | AI111: 5911.85 | AJ111: 6079.78 | AK111: 5590.27 | AL111: 6019.17 | AM111: 5199.02 | AN111: 5137.92 | AO111: 4757.76 | AP111: 4908.27 | AQ111: 4567.74 | AR111: 5229.13 | AU111: MD | AV111: 15096.17 | AW111: 19710.26 | AX111: 22686.7 | AY111: 24051.49 | AZ111: 14690.48 | BA111: 16863.2 | BB111: 18949.93 | BC111: 19299.28 | BD111: 21474.46 | BE111: 22105.09 | BF111: 20363.5 | BG111: 20876 | BH111: 18780.49 | BI111: 20298.21 | BJ111: 17522.18 | BK111: 17243.52 | BL111: 15806.24 | BM111: 16258.21 | BN111: 15237.86 | BO111: 17661.12 | BR111: MD | BS111: 5.7 | BT111: 4.54 | BU111: 4.13 | BV111: 0.94 | BW111: 1.98 | BX111: 1.86 | BY111: 1.53 | BZ111: 5.17 | CA111: 4.99 | CB111: 6.01 | CC111: 7.95 | CD111: 6.7 | CE111: 5.49 | CF111: 4.75 | CG111: 6.58 | CH111: 6.03 | CI111: 5.41 | CJ111: 4.24 | CK111: 6.29 | CL111: 3.66
B112: PM-Shoulder | C112: 0.045303944 | D112: 0.069231591 | E112: 0.059918473 | F112: 0.099037919 | G112: 0.062140109 | H112: 0.047801632 | I112: 0.036830487 | J112: 0.059945567 | K112: 0.025957759 | L112: 0.06340292 | M112: 0.032364579 | N112: 0.07027253 | O112: 0.03336375 | P112: 0.0685355 | Q112: 0.034279695 | R112: 0.088476749 | S112: 0.048644446 | T112: 0.10214325 | U112: 0.051863747 | V112: 0.051757715 | X112: PM-Shoulder | Y112: 1211.81 | Z112: 1272.87 | AA112: 1777.25 | AB112: 1841.06 | AC112: 1092.09 | AD112: 1246.11 | AE112: 1252.64 | AF112: 1019.21 | AG112: 1261.27 | AH112: 1589.68 | AI112: 1321.05 | AJ112: 1668.39 | AK112: 1314.85 | AL112: 1670.14 | AM112: 1287.12 | AN112: 1599.22 | AO112: 1195.79 | AP112: 1590.59 | AQ112: 1091.26 | AR112: 1121.47 | AU112: PM-Shoulder | AV112: 3675.77 | AW112: 3937.58 | AX112: 5615.53 | AY112: 5822.48 | AZ112: 3128.39 | BA112: 3835.52 | BB112: 3926.84 | BC112: 3181 | BD112: 3899.07 | BE112: 4949.84 | BF112: 4109.34 | BG112: 5260.86 | BH112: 4079.93 | BI112: 5234.36 | BJ112: 4002.91 | BK112: 5033.65 | BL112: 3708.3 | BM112: 4979.22 | BN112: 3384.69 | BO112: 3478.15 | BR112: PM-Shoulder | BS112: 5.85 | BT112: 5.75 | BU112: 4.52 | BV112: 4.2 | BW112: 2.25 | BX112: 2.25 | BY112: 2.66 | BZ112: 7.2 | CA112: 2.81 | CB112: 6.11 | CC112: 6.05 | CD112: 10.38 | CE112: 4.83 | CF112: 7.72 | CG112: 6.32 | CH112: 10.26 | CI112: 5.36 | CJ112: 7.52 | CK112: 6.39 | CL112: 5.07
B113: PM-Peak | C113: 0.32845932 | D113: 0.5140182 | E113: 0.21814182 | F113: 0.71799803 | G113: 0.29993674 | H113: 0.3583185 | I113: 0.24748769 | J113: 0.30638137 | K113: 0.14660254 | L113: 0.36671888 | M113: 0.16328176 | N113: 0.41388958 | O113: 0.1738528 | P113: 0.41708773 | Q113: 0.21352909 | R113: 0.35949529 | S113: 0.23238198 | T113: 0.29671448 | U113: 0.25725717 | V113: 0.30960143 | X113: PM-Peak | Y113: 4809.01 | Z113: 4987.43 | AA113: 5222.08 | AB113: 6205.61 | AC113: 5526.02 | AD113: 4815.05 | AE113: 4268.56 | AF113: 5389.02 | AG113: 4106.31 | AH113: 6434.88 | AI113: 4230.27 | AJ113: 6480.21 | AK113: 4250.77 | AL113: 6122.77 | AM113: 4329.75 | AN113: 4697.16 | AO113: 3725.11 | AP113: 3993.5 | AQ113: 3483.46 | AR113: 3511.75 | AU113: PM-Peak | AV113: 15036.81 | AW113: 15612.59 | AX113: 16541.9 | AY113: 19974.5 | AZ113: 10499.43 | BA113: 15133.18 | BB113: 13454.6 | BC113: 10564.15 | BD113: 12747.43 | BE113: 16873.07 | BF113: 13257.31 | BG113: 17180.61 | BH113: 13272.18 | BI113: 16879.02 | BJ113: 13612.23 | BK113: 14870.98 | BL113: 11603.91 | BM113: 12462.31 | BN113: 10865.05 | BO113: 10953.45 | BR113: PM-Peak | BS113: 11.05 | BT113: 10.89 | BU113: 5.69 | BV113: 9.15 | BW113: 2.25 | BX113: 4.37 | BY113: 5.39 | BZ113: 7.2 | CA113: 4.96 | CB113: 9 | CC113: 9.88 | CD113: 16.2 | CE113: 8.09 | CF113: 13.05 | CG113: 12.1 | CH113: 14.39 | CI113: 8.53 | CJ113: 8.66 | CK113: 10.32 | CL113: 9.77
B114: PM-Late | C114: 0.036431812 | D114: 0.089401314 | E114: 0.015019531 | F114: 0.02283852 | G114: 0.0024063443 | H114: 0.014758147 | I114: 0.022600802 | J114: 0.12742523 | K114: 0.056387908 | L114: 0.11419375 | M114: 0.080474717 | N114: 0.13094597 | O114: 0.093680271 | P114: 0.11723166 | Q114: 0.082778517 | R114: 0.10413816 | S114: 0.11313086 | T114: 0.1117084 | U114: 0.12762505 | V114: 0.1288254 | X114: PM-Late | Y114: 2476.73 | Z114: 3230.3 | AA114: 2155.61 | AB114: 2596.82 | AC114: 318.53 | AD114: 2654.78 | AE114: 597.53 | AF114: 2812.79 | AG114: 2039.36 | AH114: 2912.3 | AI114: 2013.49 | AJ114: 2998.22 | AK114: 1982.36 | AL114: 2775.83 | AM114: 1907.39 | AN114: 2129.21 | AO114: 1762.17 | AP114: 1825.72 | AQ114: 1824.44 | AR114: 1877.66 | AU114: PM-Late | AV114: 7625.47 | AW114: 9957.7 | AX114: 7937.95 | AY114: 8112.34 | AZ114: 6052.07 | BA114: 8286.66 | BB114: 6483.01 | BC114: 8806.73 | BD114: 6279.64 | BE114: 8991.7 | BF114: 6210.41 | BG114: 9290.29 | BH114: 6111.94 | BI114: 8576.47 | BJ114: 5881.81 | BK114: 6568.39 | BL114: 5429.73 | BM114: 5624.48 | BN114: 5624.26 | BO114: 5787.34 | BR114: PM-Late | BS114: 2.36 | BT114: 3.03 | BU114: 0.97 | BV114: 0.71 | BW114: 0.25 | BX114: 0.34 | BY114: 3.14 | BZ114: 5.84 | CA114: 3.88 | CB114: 6.42 | CC114: 10.44 | CD114: 11.4 | CE114: 9.42 | CF114: 8.18 | CG114: 10.92 | CH114: 9.46 | CI114: 8.96 | CJ114: 7.18 | CK114: 9.89 | CL114: 7.64
X117: ML medium A veh.Miles | AU117: GP medium A veh.Miles | BR117: Implied VOT
...

Sheet Year_2040
B1: Lenght
C2: 1 | D2: 2 | E2: 3 | F2: 4 | G2: 5 | H2: 6 | I2: 7 | J2: 8 | K2: 9 | L2: 10
B3: Length | C3: 1.3 | D3: 1.3 | E3: 0.5 | F3: 1.6 | G3: 2 | H3: 3.6 | I3: 2.9 | J3: 3.8 | K3: 3.4 | L3: 4.5
B5: TollLights | X5: ML PCE.Miles | AU5: GP PCE.Miles | BR5: Highway PCE.Miles
B6: Direction | C6: NB | D6: SB | E6: NB | F6: SB | G6: NB | H6: SB | I6: NB | J6: SB | K6: NB | L6: SB | M6: NB | N6: SB | O6: NB | P6: SB | Q6: NB | R6: SB | S6: NB | T6: SB | U6: NB | V6: SB | X6: Direction | Y6: NB | Z6: SB | AA6: NB | AB6: SB | AC6: NB | AD6: SB | AE6: NB | AF6: SB | AG6: NB | AH6: SB | AI6: NB | AJ6: SB | AK6: NB | AL6: SB | AM6: NB | AN6: SB | AO6: NB | AP6: SB | AQ6: NB | AR6: SB | AU6: Direction | AV6: NB | AW6: SB | AX6: NB | AY6: SB | AZ6: NB | BA6: SB | BB6: NB | BC6: SB | BD6: NB | BE6: SB | BF6: NB | BG6: SB | BH6: NB | BI6: SB | BJ6: NB | BK6: SB | BL6: NB | BM6: SB | BN6: NB | BO6: SB | BR6: Direction | BS6: NB | BT6: SB | BU6: NB | BV6: SB | BW6: NB | BX6: SB | BY6: NB | BZ6: SB | CA6: NB | CB6: SB | CC6: NB | CD6: SB | CE6: NB | CF6: SB | CG6: NB | CH6: SB | CI6: NB | CJ6: SB | CK6: NB | CL6: SB
B7: Segment | C7: 1 | D7: 1 | E7: 2 | F7: 2 | G7: 3 | H7: 3 | I7: 4 | J7: 4 | K7: 5 | L7: 5 | M7: 6 | N7: 6 | O7: 7 | P7: 7 | Q7: 8 | R7: 8 | S7: 9 | T7: 9 | U7: 10 | V7: 10 | X7: Segment | Y7: 1 | Z7: 1 | AA7: 2 | AB7: 2 | AC7: 3 | AD7: 3 | AE7: 4 | AF7: 4 | AG7: 5 | AH7: 5 | AI7: 6 | AJ7: 6 | AK7: 7 | AL7: 7 | AM7: 8 | AN7: 8 | AO7: 9 | AP7: 9 | AQ7: 10 | AR7: 10 | AU7: Segment | AV7: 1 | AW7: 1 | AX7: 2 | AY7: 2 | AZ7: 3 | BA7: 3 | BB7: 4 | BC7: 4 | BD7: 5 | BE7: 5 | BF7: 6 | BG7: 6 | BH7: 7 | BI7: 7 | BJ7: 8 | BK7: 8 | BL7: 9 | BM7: 9 | BN7: 10 | BO7: 10 | BR7: Segment | BS7: 1 | BT7: 1 | BU7: 2 | BV7: 2 | BW7: 3 | BX7: 3 | BY7: 4 | BZ7: 4 | CA7: 5 | CB7: 5 | CC7: 6 | CD7: 6 | CE7: 7 | CF7: 7 | CG7: 8 | CH7: 8 | CI7: 9 | CJ7: 9 | CK7: 10 | CL7: 10
B8: Period | X8: Period | AU8: Period | BR8: Period
B9: Night | C9: 0.63 | D9: 0.63 | E9: 0.63 | F9: 0.63 | G9: 0.63 | H9: 0.63 | I9: 0.63 | J9: 0.63 | K9: 0.63 | L9: 0.63 | M9: 0.63 | N9: 0.63 | O9: 0.63 | P9: 0.63 | Q9: 0.63 | R9: 0.63 | S9: 0.63 | T9: 0.63 | U9: 0.63 | V9: 0.63 | X9: Night | Y9: 2797.78 | Z9: 2785.33 | AA9: 2323.14 | AB9: 2173.81 | AC9: 807.34 | AD9: 977.32 | AE9: 3258.18 | AF9: 3241.55 | AG9: 4447.52 | AH9: 3915.38 | AI9: 7524.33 | AJ9: 6961.5 | AK9: 5859.82 | AL9: 5546.37 | AM9: 8056.37 | AN9: 7442.68 | AO9: 6330.8 | AP9: 4829.97 | AQ9: 8618.4 | AR9: 6837.07 | AU9: Night | AV9: 26282.27 | AW9: 26097.61 | AX9: 21410.57 | AY9: 20022.91 | AZ9: 7673.51 | BA9: 9138 | BB9: 31117.53 | BC9: 30806.45 | BD9: 42283.08 | BE9: 37313.22 | BF9: 70794.55 | BG9: 66085.74 | BH9: 55852.18 | BI9: 52201.04 | BJ9: 75789.21 | BK9: 69968.64 | BL9: 59297.7 | BM9: 45790.25 | BN9: 81241.65 | BO9: 64387.58 | BR9: Night | BS9: 29080.05 | BT9: 28882.95 | BU9: 23733.71 | BV9: 22196.72 | BW9: 8480.85 | BX9: 10115.32 | BY9: 34375.71 | BZ9: 34048 | CA9: 46730.6 | CB9: 41228.6 | CC9: 78318.88 | CD9: 73047.24 | CE9: 61712 | CF9: 57747.41 | CG9: 83845.59 | CH9: 77411.32 | CI9: 65628.5 | CJ9: 50620.22 | CK9: 89860.05 | CL9: 71224.65
B10: AM-Early | C10: 0.97 | D10: 0.52 | E10: 0.66 | F10: 0.36 | G10: 0.92 | H10: 0.43 | I10: 0.93 | J10: 1.52 | K10: 1.13 | L10: 1.01 | M10: 1.98 | N10: 1.12 | O10: 1.91 | P10: 1.34 | Q10: 1.7 | R10: 0.96 | S10: 1.45 | T10: 0.82 | U10: 1.09 | V10: 0.46 | X10: AM-Early | Y10: 2432.54 | Z10: 1544.24 | AA10: 2568.58 | AB10: 1722.49 | AC10: 672.81 | AD10: 833.55 | AE10: 3316.61 | AF10: 2423.1 | AG10: 3795.75 | AH10: 2748.63 | AI10: 6116.92 | AJ10: 4907.16 | AK10: 4647.89 | AL10: 4241.22 | AM10: 5723.69 | AN10: 5293.17 | AO10: 5021.5 | AP10: 3951.19 | AQ10: 7380.48 | AR10: 5004.67 | AU10: AM-Early | AV10: 9432.85 | AW10: 6165.99 | AX10: 8912.48 | AY10: 5906.48 | AZ10: 2305.24 | BA10: 2827.33 | BB10: 12252.44 | BC10: 8831.94 | BD10: 15185.82 | BE10: 10742.97 | BF10: 27148.73 | BG10: 19837.08 | BH10: 19244.05 | BI10: 17212.98 | BJ10: 24137.35 | BK10: 21468.49 | BL10: 20619.48 | BM10: 15987.17 | BN10: 33468 | BO10: 20963.82 | BR10: AM-Early | BS10: 11865.39 | BT10: 7710.23 | BU10: 11481.05 | BV10: 7628.97 | BW10: 2978.05 | BX10: 3660.87 | BY10: 15569.06 | BZ10: 11255.04 | CA10: 18981.57 | CB10: 13491.6 | CC10: 33265.66 | CD10: 24744.24 | CE10: 23891.94 | CF10: 21454.2 | CG10: 29861.04 | CH10: 26761.65 | CI10: 25640.98 | CJ10: 19938.36 | CK10: 40848.48 | CL10: 25968.49
B11: AM-Peak | C11: 6.3 | D11: 0.65 | E11: 5.51 | F11: 0.36 | G11: 6.3 | H11: 5.35 | I11: 5.17 | J11: 2.1 | K11: 5.31 | L11: 2.1 | M11: 5.75 | N11: 2.1 | O11: 2.1 | P11: 2.1 | Q11: 2.1 | R11: 2.1 | S11: 2.1 | T11: 1.69 | U11: 1.7 | V11: 1.43 | X11: AM-Peak | Y11: 7978.06 | Z11: 3861.4 | AA11: 8447.36 | AB11: 3943.68 | AC11: 2509.22 | AD11: 3337.09 | AE11: 10787.49 | AF11: 8689.7 | AG11: 12773.31 | AH11: 8992.17 | AI11: 22113.62 | AJ11: 16293.72 | AK11: 23405.05 | AL11: 13702.9 | AM11: 29800.06 | AN11: 16516.1 | AO11: 17491.83 | AP11: 12709.55 | AQ11: 16462.04 | AR11: 14933.76 | AU11: AM-Peak | AV11: 31107.26 | AW11: 15805.11 | AX11: 29123.77 | AY11: 13391.65 | AZ11: 9049.91 | BA11: 11553.65 | BB11: 39900.51 | BC11: 31082.01 | BD11: 50586.69 | BE11: 37338.06 | BF11: 91934.38 | BG11: 67451.4 | BH11: 61835.08 | BI11: 55321.93 | BJ11: 76400.65 | BK11: 70154.03 | BL11: 66616.7 | BM11: 55510.54 | BN11: 72875.04 | BO11: 65724.71 | BR11: AM-Peak | BS11: 39085.32 | BT11: 19666.51 | BU11: 37571.13 | BV11: 17335.32 | BW11: 11559.13 | BX11: 14890.74 | BY11: 50688 | BZ11: 39771.72 | CA11: 63360 | CB11: 46330.23 | CC11: 114048 | CD11: 83745.12 | CE11: 85240.13 | CF11: 69024.83 | CG11: 106200.71 | CH11: 86670.13 | CI11: 84108.53 | CJ11: 68220.09 | CK11: 89337.08 | CL11: 80658.47
B12: AM-Shoulder | C12: 2.1 | D12: 1.03 | E12: 2.1 | F12: 0.37 | G12: 2.1 | H12: 2.1 | I12: 2.1 | J12: 2.1 | K12: 2.1 | L12: 1.74 | M12: 2.1 | N12: 1.73 | O12: 2.1 | P12: 1.81 | Q12: 2.1 | R12: 1.56 | S12: 1.46 | T12: 1.31 | U12: 1.3 | V12: 1.17 | X12: AM-Shoulder | Y12: 2546.95 | Z12: 1366.27 | AA12: 2532.08 | AB12: 1586.2 | AC12: 859.54 | AD12: 1023.91 | AE12: 3141.15 | AF12: 2822.95 | AG12: 3724.85 | AH12: 3006.5 | AI12: 6705.79 | AJ12: 5089.11 | AK12: 5386.67 | AL12: 4150.32 | AM12: 7056.86 | AN12: 5193.57 | AO12: 4670.97 | AP12: 4203.74 | AQ12: 5606.04 | AR12: 5262.52 | AU12: AM-Shoulder | AV12: 8680.9 | AW12: 5991.93 | AX12: 8118.2 | AY12: 5588.9 | AZ12: 2641.05 | BA12: 3456.09 | BB12: 11194.85 | BC12: 10945.31 | BD12: 14195.15 | BE12: 12894.1 | BF12: 25550.21 | BG12: 22839.27 | BH12: 20597.33 | BI12: 18705.2 | BJ12: 26991.14 | BK12: 23216.32 | BL12: 20415.19 | BM12: 19272.63 | BN12: 25397.03 | BO12: 24156 | BR12: AM-Shoulder | BS12: 11227.84 | BT12: 7358.19 | BU12: 10650.29 | BV12: 7175.1 | BW12: 3500.6 | BX12: 4480 | BY12: 14336 | BZ12: 13768.27 | CA12: 17920 | CB12: 15900.6 | CC12: 32256 | CD12: 27928.37 | CE12: 25984 | CF12: 22855.52 | CG12: 34048 | CH12: 28409.89 | CI12: 25086.16 | CJ12: 23476.37 | CK12: 31003.06 | CL12: 29418.52
B13: MD | C13: 2.1 | D13: 2.1 | E13: 2.1 | F13: 0.81 | G13: 2.1 | H13: 2.1 | I13: 0.87 | J13: 2.1 | K13: 2.1 | L13: 2.1 | M13: 2.1 | N13: 1.97 | O13: 1.94 | P13: 1.68 | Q13: 1.68 | R13: 1.48 | S13: 1.39 | T13: 1.03 | U13: 1.21 | V13: 0.72 | X13: MD | Y13: 9050.47 | Z13: 11243.91 | AA13: 11329.84 | AB13: 13449.53 | AC13: 3455.49 | AD13: 3758.71 | AE13: 14264.52 | AF13: 13083.73 | AG13: 17127.19 | AH13: 16768.99 | AI13: 30438.53 | AJ13: 28806.43 | AK13: 22719.3 | AL13: 23582.15 | AM13: 27800.35 | AN13: 27149.89 | AO13: 23347.91 | AP13: 22773.71 | AQ13: 29437.28 | AR13: 32447 | AU13: MD | AV13: 29151.46 | AW13: 40238.34 | AX13: 37996.27 | AY13: 47471.79 | AZ13: 10626.46 | BA13: 11942.88 | BB13: 52395.08 | BC13: 47093.06 | BD13: 69272.81 | BE13: 67359.54 | BF13: 124384.34 | BG13: 127248.17 | BH13: 96608.68 | BI13: 100829.52 | BJ13: 120241.86 | BK13: 115493.35 | BL13: 98712.09 | BM13: 95568.65 | BN13: 128876.66 | BO13: 143789.88 | BR13: MD | BS13: 38201.93 | BT13: 51482.26 | BU13: 49326.11 | BV13: 60921.31 | BW13: 14081.95 | BX13: 15701.59 | BY13: 66659.6 | BZ13: 60176.79 | CA13: 86400 | CB13: 84128.53 | CC13: 154822.87 | CD13: 156054.6 | CE13: 119327.97 | CF13: 124411.67 | CG13: 148042.22 | CH13: 142643.24 | CI13: 122060 | CJ13: 118342.36 | CK13: 158313.94 | CL13: 176236.88
B14: PM-Shoulder | C14: 2.1 | D14: 2.1 | E14: 2.1 | F14: 2.1 | G14: 2.1 | H14: 2.1 | I14: 1.5 | J14: 2.1 | K14: 1.22 | L14: 2.1 | M14: 1.57 | N14: 2.1 | O14: 1.59 | P14: 2.1 | Q14: 1.57 | R14: 2.1 | S14: 1.39 | T14: 2.1 | U14: 1.22 | V14: 0.93 | X14: PM-Shoulder | Y14: 2330.73 | Z14: 2369.26 | AA14: 2811.25 | AB14: 2818.14 | AC14: 803.36 | AD14: 882.49 | AE14: 2767.28 | AF14: 2411.12 | AG14: 3387.92 | AH14: 3868.25 | AI14: 6473.31 | AJ14: 7091.39 | AK14: 5217.52 | AL14: 5714.38 | AM14: 6698.99 | AN14: 7476.51 | AO14: 5639.32 | AP14: 6697.86 | AQ14: 6836.19 | AR14: 6733.26 | AU14: PM-Shoulder | AV14: 6729.02 | AW14: 6863.55 | AX14: 8836.75 | AY14: 8829.86 | AZ14: 2111.03 | BA14: 2425.03 | BB14: 9689.45 | BC14: 6581.04 | BD14: 11872.4 | BE14: 13605.77 | BF14: 23113.13 | BG14: 25164.61 | BH14: 18675.85 | BI14: 20269.62 | BJ14: 24277.89 | BK14: 26571.49 | BL14: 20737.49 | BM14: 23766.14 | BN14: 25814.44 | BO14: 23798.09 | BR14: PM-Shoulder | BS14: 9059.75 | BT14: 9232.82 | BU14: 11648 | BV14: 11648 | BW14: 2914.39 | BX14: 3307.52 | BY14: 12456.73 | BZ14: 8992.16 | CA14: 15260.32 | CB14: 17474.01 | CC14: 29586.43 | CD14: 32256 | CE14: 23893.37 | CF14: 25984 | CG14: 30976.89 | CH14: 34048 | CI14: 26376.81 | CJ14: 30464 | CK14: 32650.64 | CL14: 30531.35
B15: PM-Peak | C15: 6.3 | D15: 6.3 | E15: 5.18 | F15: 5.6 | G15: 6.3 | H15: 6.3 | I15: 2.1 | J15: 2.1 | K15: 2.1 | L15: 5.03 | M15: 2.1 | N15: 5.12 | O15: 2.1 | P15: 5.13 | Q15: 2.1 | R15: 2.1 | S15: 2.1 | T15: 2.1 | U15: 1.92 | V15: 1.81 | X15: PM-Peak | Y15: 7783.94 | Z15: 8130.06 | AA15: 8815.6 | AB15: 9341.81 | AC15: 2550.98 | AD15: 3015.44 | AE15: 10669.85 | AF15: 11348.63 | AG15: 10866.88 | AH15: 13614.22 | AI15: 21220.77 | AJ15: 24313.23 | AK15: 17500.53 | AL15: 19563.86 | AM15: 24864.54 | AN15: 28541.26 | AO15: 16918.26 | AP15: 17688.82 | AQ15: 20800.26 | AR15: 20741.04 | AU15: PM-Peak | AV15: 27756.12 | AW15: 29558.85 | AX15: 30167.57 | AY15: 31842.19 | AZ15: 8334.15 | BA15: 10471.11 | BB15: 31487.23 | BC15: 24000.5 | BD15: 38766.62 | BE15: 49745.78 | BF15: 71785.79 | BG15: 89734.77 | BH15: 58319.95 | BI15: 72308.14 | BJ15: 78671.56 | BK15: 82726.62 | BL15: 64124.32 | BM15: 65049.18 | BN15: 80760.18 | BO15: 79148.66 | BR15: PM-Peak | BS15: 35540.07 | BT15: 37688.91 | BU15: 38983.17 | BV15: 41184 | BW15: 10885.13 | BX15: 13486.55 | BY15: 42157.08 | BZ15: 35349.14 | CA15: 49633.51 | CB15: 63360 | CC15: 93006.56 | CD15: 114048 | CE15: 75820.49 | CF15: 91872 | CG15: 103536.1 | CH15: 111267.88 | CI15: 81042.58 | CJ15: 82738 | CK15: 101560.44 | CL15: 99889.7
