Workbook

Sheet Year_2025
B1: Lenght
C2: 16
B3: Length | C3: 2.6
B5: TollLights | F5: ML PCE.Miles | K5: GP PCE.Miles | P5: Highway PCE.Miles
B6: Direction | C6: NB | D6: SB | F6: Direction | G6: NB | H6: SB | K6: Direction | L6: NB | M6: SB | P6: Direction | Q6: NB | R6: SB
B7: Segment | C7: 16 | D7: 16 | F7: Segment | G7: 16 | H7: 16 | K7: Segment | L7: 16 | M7: 16 | P7: Segment | Q7: 16 | R7: 16
B8: Period | F8: Period | K8: Period | P8: Period
B9: Night | C9: 0.2 | D9: 0.2 | F9: Night | G9: 1552.65 | H9: 1850.67 | K9: Night | L9: 28004.15 | M9: 33266.23 | P9: Night | Q9: 29556.8 | R9: 35116.9
B10: AM-Early | C10: 0.62 | D10: 0.66 | F10: AM-Early | G10: 1444.61 | H10: 1574.93 | K10: AM-Early | L10: 9953.79 | M10: 13313.97 | P10: AM-Early | Q10: 11398.4 | R10: 14888.9
B11: AM-Peak | C11: 0.68 | D11: 0.77 | F11: AM-Peak | G11: 3296.65 | H11: 3684.87 | K11: AM-Peak | L11: 24397.25 | M11: 27203.13 | P11: AM-Peak | Q11: 27693.9 | R11: 30888
B12: AM-Shoulder | C12: 0.56 | D12: 0.49 | F12: AM-Shoulder | G12: 1370.29 | H12: 620.1 | K12: AM-Shoulder | L12: 9857.81 | M12: 8112 | P12: AM-Shoulder | Q12: 11228.1 | R12: 8732.1
B13: MD | C13: 0.66 | D13: 0.56 | F13: MD | G13: 8102.78 | H13: 7158.83 | K13: MD | L13: 70566.72 | M13: 59999.17 | P13: MD | Q13: 78669.5 | R13: 67158
B14: PM-Shoulder | C14: 0.58 | D14: 0.47 | F14: PM-Shoulder | G14: 1512.51 | H14: 1280.97 | K14: PM-Shoulder | L14: 10560.59 | M14: 8468.03 | P14: PM-Shoulder | Q14: 12073.1 | R14: 9749
B15: PM-Peak | C15: 0.8 | D15: 0.8 | F15: PM-Peak | G15: 5116.43 | H15: 4514.77 | K15: PM-Peak | L15: 30742.49 | M15: 29389.86 | P15: PM-Peak | Q15: 35858.92 | R15: 33904.64
B16: PM-Late | C16: 0.59 | D16: 0.6 | F16: PM-Late | G16: 4186.53 | H16: 3787.61 | K16: PM-Late | L16: 21884.97 | M16: 17369.89 | P16: PM-Late | Q16: 26071.5 | R16: 21157.5
B19: CaptureRateLights | F19: ML Volume (PCE/Period) | K19: GP Volume (PCE/Period) | P19: Highway Volume
B20: Direction | C20: NB | D20: SB | F20: Direction | G20: NB | H20: SB | K20: Direction | L20: NB | M20: SB | P20: Direction | Q20: NB | R20: SB
B21: Segment | C21: 16 | D21: 16 | F21: Segment | G21: 16 | H21: 16 | K21: Segment | L21: 16 | M21: 16 | P21: Segment | Q21: 16 | R21: 16
B22: Period | F22: Period | K22: Period | P22: Period
B23: Night | C23: 0.05 | D23: 0.05 | F23: Night | G23: 597.17 | H23: 711.79 | K23: Night | L23: 10770.83 | M23: 12794.71 | P23: Night | Q23: 11368 | R23: 13506.5
B24: AM-Early | C24: 0.15 | D24: 0.12 | F24: AM-Early | G24: 555.62 | H24: 605.74 | K24: AM-Early | L24: 3828.38 | M24: 5120.76 | P24: AM-Early | Q24: 4384 | R24: 5726.5
B25: AM-Peak | C25: 0.15 | D25: 0.15 | F25: AM-Peak | G25: 1267.94 | H25: 1417.26 | K25: AM-Peak | L25: 9383.56 | M25: 10462.74 | P25: AM-Peak | Q25: 10651.5 | R25: 11880
B26: AM-Shoulder | C26: 0.15 | D26: 0.08 | F26: AM-Shoulder | G26: 527.03 | H26: 238.5 | K26: AM-Shoulder | L26: 3791.47 | M26: 3120 | P26: AM-Shoulder | Q26: 4318.5 | R26: 3358.5
B27: MD | C27: 0.12 | D27: 0.13 | F27: MD | G27: 3116.45 | H27: 2753.4 | K27: MD | L27: 27141.05 | M27: 23076.6 | P27: MD | Q27: 30257.5 | R27: 25830
B28: PM-Shoulder | C28: 0.14 | D28: 0.15 | F28: PM-Shoulder | G28: 581.74 | H28: 492.68 | K28: PM-Shoulder | L28: 4061.76 | M28: 3256.93 | P28: PM-Shoulder | Q28: 4643.5 | R28: 3749.62
B29: PM-Peak | C29: 0.16 | D29: 0.16 | F29: PM-Peak | G29: 1967.86 | H29: 1736.45 | K29: PM-Peak | L29: 11824.03 | M29: 11303.79 | P29: PM-Peak | Q29: 13791.89 | R29: 13040.24
B30: PM-Late | C30: 0.19 | D30: 0.21 | F30: PM-Late | G30: 1610.2 | H30: 1456.77 | K30: PM-Late | L30: 8417.3 | M30: 6680.73 | P30: PM-Late | Q30: 10027.5 | R30: 8137.5
B33: Revenue Per Period | F33: ML Flow (PCE/hr) | K33: GP Flow (PCE/hr) | P33: Highway Flow
B34: Direction | C34: NB | D34: SB | F34: Direction | G34: NB | H34: SB | K34: Direction | L34: NB | M34: SB | P34: Direction | Q34: NB | R34: SB
B35: Segment | C35: 16 | D35: 16 | F35: Segment | G35: 16 | H35: 16 | K35: Segment | L35: 16 | M35: 16 | P35: Segment | Q35: 16 | R35: 16
B36: Period | F36: Period | K36: Period | P36: Period
B37: Night | C37: 407.24 | D37: 464.65 | F37: Night | G37: 85.31 | H37: 101.68 | K37: Night | L37: 1538.69 | M37: 1827.82 | P37: Night | Q37: 1624 | R37: 1929.5
B38: AM-Early | C38: 1001.49 | D38: 1124.88 | F38: AM-Early | G38: 555.62 | H38: 605.74 | K38: AM-Early | L38: 3828.38 | M38: 5120.76 | P38: AM-Early | Q38: 4384 | R38: 5726.5
B39: AM-Peak | C39: 2511.21 | D39: 3179.89 | F39: AM-Peak | G39: 422.65 | H39: 472.42 | K39: AM-Peak | L39: 3127.85 | M39: 3487.58 | P39: AM-Peak | Q39: 3550.5 | R39: 3960
B40: AM-Shoulder | C40: 862.31 | D40: 352.35 | F40: AM-Shoulder | G40: 527.03 | H40: 238.5 | K40: AM-Shoulder | L40: 3791.47 | M40: 3120 | P40: AM-Shoulder | Q40: 4318.5 | R40: 3358.5
B41: MD | C41: 5823.87 | D41: 4447.9 | F41: MD | G41: 623.29 | H41: 550.68 | K41: MD | L41: 5428.21 | M41: 4615.32 | P41: MD | Q41: 6051.5 | R41: 5166
B42: PM-Shoulder | C42: 922.55 | D42: 647.36 | F42: PM-Shoulder | G42: 581.74 | H42: 492.68 | K42: PM-Shoulder | L42: 4061.76 | M42: 3256.93 | P42: PM-Shoulder | Q42: 4643.5 | R42: 3749.62
B43: PM-Peak | C43: 4314.28 | D43: 3893.39 | F43: PM-Peak | G43: 655.95 | H43: 578.82 | K43: PM-Peak | L43: 3941.34 | M43: 3767.93 | P43: PM-Peak | Q43: 4597.3 | R43: 4346.75
B44: PM-Late | C44: 2669.5 | D44: 2426.63 | F44: PM-Late | G44: 536.73 | H44: 485.59 | K44: PM-Late | L44: 2805.77 | M44: 2226.91 | P44: PM-Late | Q44: 3342.5 | R44: 2712.5
B47: Revenue Per Period Lights | F47: ML V/C | K47: GP V/C real | P47: Highway Vol / GP Capacity
B48: Direction | C48: NB | D48: SB | F48: Direction | G48: NB | H48: SB | K48: Direction | L48: NB | M48: SB | P48: Direction | Q48: NB | R48: SB
B49: Segment | C49: 16 | D49: 16 | F49: Segment | G49: 16 | H49: 16 | K49: Segment | L49: 16 | M49: 16 | P49: Segment | Q49: 16 | R49: 16
B50: Period | F50: Period | K50: Period | P50: Period
B51: Night | C51: 163.44 | D51: 226.67 | F51: Night | G51: 0.02 | H51: 0.03 | K51: Night | L51: 0.19 | M51: 0.23 | P51: Night | Q51: 0.2 | R51: 0.24
B52: AM-Early | C52: 741.47 | D52: 920.4 | F52: AM-Early | G52: 0.15 | H52: 0.17 | K52: AM-Early | L52: 0.52 | M52: 0.52 | P52: AM-Early | Q52: 0.6 | R52: 0.58
B53: AM-Peak | C53: 1795.46 | D53: 2344.47 | F53: AM-Peak | G53: 0.12 | H53: 0.13 | K53: AM-Peak | L53: 0.38 | M53: 0.43 | P53: AM-Peak | Q53: 0.43 | R53: 0.49
B54: AM-Shoulder | C54: 618.73 | D54: 234.29 | F54: AM-Shoulder | G54: 0.15 | H54: 0.07 | K54: AM-Shoulder | L54: 0.47 | M54: 0.3 | P54: AM-Shoulder | Q54: 0.54 | R54: 0.32
B55: MD | C55: 4632.04 | D55: 3378.58 | F55: MD | G55: 0.17 | H55: 0.15 | K55: MD | L55: 0.52 | M55: 0.46 | P55: MD | Q55: 0.58 | R55: 0.52
B56: PM-Shoulder | C56: 800.96 | D56: 544.56 | F56: PM-Shoulder | G56: 0.16 | H56: 0.14 | K56: PM-Shoulder | L56: 0.48 | M56: 0.41 | P56: PM-Shoulder | Q56: 0.55 | R56: 0.47
B57: PM-Peak | C57: 3751.97 | D57: 3179.48 | F57: PM-Peak | G57: 0.18 | H57: 0.16 | K57: PM-Peak | L57: 0.49 | M57: 0.47 | P57: PM-Peak | Q57: 0.57 | R57: 0.54
B58: PM-Late | C58: 2148.79 | D58: 2037.99 | F58: PM-Late | G58: 0.15 | H58: 0.13 | K58: PM-Late | L58: 0.52 | M58: 0.52 | P58: PM-Late | Q58: 0.61 | R58: 0.64
B61: Revenue Per Period Medium A | F61: ML Speed | K61: GP Speed | P61: Time Saving
B62: Direction | C62: NB | D62: SB | F62: Direction | G62: NB | H62: SB | K62: Direction | L62: NB | M62: SB | P62: Direction | Q62: NB | R62: SB
B63: Segment | C63: 16 | D63: 16 | F63: Segment | G63: 16 | H63: 16 | K63: Segment | L63: 16 | M63: 16 | P63: Segment | Q63: 16 | R63: 16
B64: Period | F64: Period | K64: Period | P64: Period
B65: Night | C65: 30.86 | D65: 25.44 | F65: Night | G65: 75 | H65: 75 | K65: Night | L65: 70 | M65: 69.99 | P65: Night | Q65: -0.15 | R65: -0.15
B66: AM-Early | C66: 52.92 | D66: 54.6 | F66: AM-Early | G66: 75 | H66: 75 | K66: AM-Early | L66: 68.65 | M66: 68.67 | P66: AM-Early | Q66: -0.19 | R66: -0.19
B67: AM-Peak | C67: 188.88 | D67: 245.87 | F67: AM-Peak | G67: 75 | H67: 75 | K67: AM-Peak | L67: 69.79 | M67: 69.56 | P67: AM-Peak | Q67: -0.16 | R67: -0.16
B68: AM-Shoulder | C68: 60.67 | D68: 27.46 | F68: AM-Shoulder | G68: 75 | H68: 75 | K68: AM-Shoulder | L68: 69.22 | M68: 69.95 | P68: AM-Shoulder | Q68: -0.17 | R68: -0.15
B69: MD | C69: 289.9 | D69: 284.99 | F69: MD | G69: 75 | H69: 75 | K69: MD | L69: 68.61 | M69: 69.34 | P69: MD | Q69: -0.19 | R69: -0.17
B70: PM-Shoulder | C70: 39.25 | D70: 28.72 | F70: PM-Shoulder | G70: 75 | H70: 75 | K70: PM-Shoulder | L70: 69.13 | M70: 69.68 | P70: PM-Shoulder | Q70: -0.18 | R70: -0.16
B71: PM-Peak | C71: 125.27 | D71: 116.59 | F71: PM-Peak | G71: 75 | H71: 75 | K71: PM-Peak | L71: 69.01 | M71: 69.24 | P71: PM-Peak | Q71: -0.18 | R71: -0.17
B72: PM-Late | C72: 54.55 | D72: 43.06 | F72: PM-Late | G72: 75 | H72: 75 | K72: PM-Late | L72: 68.7 | M72: 68.61 | P72: PM-Late | Q72: -0.19 | R72: -0.19
B75: Revenue Per Period Medium B | F75: ML time | K75: GP Time | P75: Difference in travel time
B76: Direction | C76: NB | D76: SB | F76: Direction | G76: NB | H76: SB | K76: Direction | L76: NB | M76: SB | P76: Direction | Q76: NB | R76: SB
B77: Segment | C77: 16 | D77: 16 | F77: Segment | G77: 16 | H77: 16 | K77: Segment | L77: 16 | M77: 16 | P77: Segment | Q77: 16 | R77: 16
B78: Period | F78: Period | K78: Period | P78: Period
B79: Night | C79: 1.54 | D79: 1.54 | F79: Night | G79: 2.08 | H79: 2.08 | K79: Night | L79: 2.23 | M79: 2.23 | P79: Night | Q79: -0.07 | R79: -0.07
B80: AM-Early | C80: 25.71 | D80: 19.97 | F80: AM-Early | G80: 2.08 | H80: 2.08 | K80: AM-Early | L80: 2.27 | M80: 2.27 | P80: AM-Early | Q80: -0.08 | R80: -0.08
B81: AM-Peak | C81: 53.08 | D81: 70.27 | F81: AM-Peak | G81: 2.08 | H81: 2.08 | K81: AM-Peak | L81: 2.24 | M81: 2.24 | P81: AM-Peak | Q81: -0.07 | R81: -0.07
B82: AM-Shoulder | C82: 16.83 | D82: 9.75 | F82: AM-Shoulder | G82: 2.08 | H82: 2.08 | K82: AM-Shoulder | L82: 2.25 | M82: 2.23 | P82: AM-Shoulder | Q82: -0.08 | R82: -0.07
B83: MD | C83: 115.98 | D83: 80.4 | F83: MD | G83: 2.08 | H83: 2.08 | K83: MD | L83: 2.27 | M83: 2.25 | P83: MD | Q83: -0.09 | R83: -0.08
B84: PM-Shoulder | C84: 12.72 | D84: 6.86 | F84: PM-Shoulder | G84: 2.08 | H84: 2.08 | K84: PM-Shoulder | L84: 2.26 | M84: 2.24 | P84: PM-Shoulder | Q84: -0.08 | R84: -0.07
B85: PM-Peak | C85: 26.36 | D85: 43.06 | F85: PM-Peak | G85: 2.08 | H85: 2.08 | K85: PM-Peak | L85: 2.26 | M85: 2.25 | P85: PM-Peak | Q85: -0.08 | R85: -0.08
B86: PM-Late | C86: 1.6 | D86: 1.79 | F86: PM-Late | G86: 2.08 | H86: 2.08 | K86: PM-Late | L86: 2.27 | M86: 2.27 | P86: PM-Late | Q86: -0.08 | R86: -0.09
B89: Revenue Per Period Heavy A | F89: ML light veh.Miles | K89: GP light veh.Miles | P89: LVr Toll
B90: Direction | C90: NB | D90: SB | F90: Direction | G90: NB | H90: SB | K90: Direction | L90: NB | M90: SB | P90: Direction | Q90: NB | R90: SB
B91: Segment | C91: 16 | D91: 16 | F91: Segment | G91: 16 | H91: 16 | K91: Segment | L91: 16 | M91: 16 | P91: Segment | Q91: 16 | R91: 16
B92: Period | F92: Period | K92: Period | P92: Period
B93: Night | C93: 211.4 | D93: 211 | F93: Night | G93: 817.19 | H93: 1133.35 | K93: Night | L93: 14652.81 | M93: 20269.85 | P93: Night | Q93: 0.52 | R93: 0.52
B94: AM-Early | C94: 181.4 | D94: 129.91 | F94: AM-Early | G94: 1190.88 | H94: 1387.21 | K94: AM-Early | L94: 6525.92 | M94: 9917.59 | P94: AM-Early | Q94: 1.62 | R94: 1.73
B95: AM-Peak | C95: 473.78 | D95: 519.29 | F95: AM-Peak | G95: 2653.12 | H95: 3027.39 | K95: AM-Peak | L95: 15279.08 | M95: 17728.41 | P95: AM-Peak | Q95: 1.76 | R95: 2.01
B96: AM-Shoulder | C96: 166.08 | D96: 80.85 | F96: AM-Shoulder | G96: 1105.66 | H96: 474.69 | K96: AM-Shoulder | L96: 6192.54 | M96: 5271.31 | P96: AM-Shoulder | Q96: 1.45 | R96: 1.28
B97: MD | C97: 785.96 | D97: 703.93 | F97: MD | G97: 7005.85 | H97: 6002.69 | K97: MD | L97: 50441.15 | M97: 40381.31 | P97: MD | Q97: 1.72 | R97: 1.46
B98: PM-Shoulder | C98: 69.61 | D98: 67.23 | F98: PM-Shoulder | G98: 1384.19 | H98: 1148.96 | K98: PM-Shoulder | L98: 8285.21 | M98: 6308.08 | P98: PM-Shoulder | Q98: 1.5 | R98: 1.23
B99: PM-Peak | C99: 410.69 | D99: 554.26 | F99: PM-Peak | G99: 4689.96 | H99: 3974.35 | K99: PM-Peak | L99: 24422.22 | M99: 21128.62 | P99: PM-Peak | Q99: 2.08 | R99: 2.08
B100: PM-Late | C100: 464.56 | D100: 343.79 | F100: PM-Late | G100: 3653.01 | H100: 3397.05 | K100: PM-Late | L100: 15394.59 | M100: 13084.35 | P100: PM-Late | Q100: 1.53 | R100: 1.56
B103: % Workday Revenue | F103: ML light veh/period | K103: GP light veh/period | P103: Medium A Toll
B104: Direction | C104: NB | D104: SB | F104: Direction | G104: NB | H104: SB | K104: Direction | L104: NB | M104: SB | P104: Direction | Q104: NB | R104: SB
B105: Segment | C105: 16 | D105: 16 | F105: Segment | G105: 16 | H105: 16 | K105: Segment | L105: 16 | M105: 16 | P105: Segment | Q105: 16 | R105: 16
B106: Period | F106: Period | K106: Period | P106: Period
B107: Night | C107: 0.021998169 | D107: 0.028097514 | F107: Night | G107: 314.31 | H107: 435.9 | K107: Night | L107: 5635.69 | M107: 7796.1 | P107: Night | Q107: 2.08 | R107: 2.08
B108: AM-Early | C108: 0.054098188 | D108: 0.068021806 | F108: AM-Early | G108: 458.03 | H108: 533.54 | K108: AM-Early | L108: 2509.97 | M108: 3814.46 | P108: AM-Early | Q108: 6.48 | R108: 6.9
B109: AM-Peak | C109: 0.13564979 | D109: 0.19228883 | F109: AM-Peak | G109: 1020.43 | H109: 1164.38 | K109: AM-Peak | L109: 5876.57 | M109: 6818.62 | P109: AM-Peak | Q109: 7.04 | R109: 8.05
B110: AM-Shoulder | C110: 0.046580004 | D110: 0.021306702 | F110: AM-Shoulder | G110: 425.25 | H110: 182.57 | K110: AM-Shoulder | L110: 2381.75 | M110: 2027.43 | P110: AM-Shoulder | Q110: 5.82 | R110: 5.13
B111: MD | C111: 0.31459207 | D111: 0.26896575 | F111: MD | G111: 2694.56 | H111: 2308.73 | K111: MD | L111: 19400.44 | M111: 15531.27 | P111: MD | Q111: 6.88 | R111: 5.85
B112: PM-Shoulder | C112: 0.049834031 | D112: 0.039146039 | F112: PM-Shoulder | G112: 532.38 | H112: 441.91 | K112: PM-Shoulder | L112: 3186.62 | M112: 2426.18 | P112: PM-Shoulder | Q112: 6.02 | R112: 4.93
B113: PM-Peak | C113: 0.23304749 | D113: 0.23543437 | F113: PM-Peak | G113: 1803.83 | H113: 1528.6 | K113: PM-Peak | L113: 9393.16 | M113: 8126.39 | P113: PM-Peak | Q113: 8.32 | R113: 8.32
B114: PM-Late | C114: 0.14420025 | D114: 0.14673899 | F114: PM-Late | G114: 1405 | H114: 1306.56 | K114: PM-Late | L114: 5921 | M114: 5032.44 | P114: PM-Late | Q114: 6.12 | R114: 6.24
F117: ML medium A veh.Miles | K117: GP medium A veh.Miles | P117: Implied VOT
...

Sheet Year_2032
B1: Lenght
C2: 16
B3: Length | C3: 2.6
B5: TollLights | F5: ML PCE.Miles | K5: GP PCE.Miles | P5: Highway PCE.Miles
B6: Direction | C6: NB | D6: SB | F6: Direction | G6: NB | H6: SB | K6: Direction | L6: NB | M6: SB | P6: Direction | Q6: NB | R6: SB
B7: Segment | C7: 16 | D7: 16 | F7: Segment | G7: 16 | H7: 16 | K7: Segment | L7: 16 | M7: 16 | P7: Segment | Q7: 16 | R7: 16
B8: Period | F8: Period | K8: Period | P8: Period
B9: Night | C9: 0.2 | D9: 0.2 | F9: Night | G9: 1853.98 | H9: 2209.38 | K9: Night | L9: 34886.36 | M9: 41438.77 | P9: Night | Q9: 36740.34 | R9: 43648.15
B10: AM-Early | C10: 0.8 | D10: 0.8 | F10: AM-Early | G10: 2382.4 | H10: 2721.24 | K10: AM-Early | L10: 11785.91 | M10: 15785.95 | P10: AM-Early | Q10: 14168.31 | R10: 18507.19
B11: AM-Peak | C11: 0.8 | D11: 0.8 | F11: AM-Peak | G11: 5499.95 | H11: 6743.17 | K11: AM-Peak | L11: 28924.96 | M11: 31651.16 | P11: AM-Peak | Q11: 34424.91 | R11: 38394.33
B12: AM-Shoulder | C12: 0.8 | D12: 0.6 | F12: AM-Shoulder | G12: 2047.74 | H12: 1147.17 | K12: AM-Shoulder | L12: 11908.67 | M12: 9706.27 | P12: AM-Shoulder | Q12: 13956.41 | R12: 10853.44
B13: MD | C13: 0.8 | D13: 0.8 | F13: MD | G13: 13988.3 | H13: 10706.17 | K13: MD | L13: 83800.95 | M13: 72770.73 | P13: MD | Q13: 97789.25 | R13: 83476.9
B14: PM-Shoulder | C14: 0.8 | D14: 0.8 | F14: PM-Shoulder | G14: 2354.55 | H14: 1639.81 | K14: PM-Shoulder | L14: 12652 | M14: 10478.26 | P14: PM-Shoulder | Q14: 15006.55 | R14: 12118.07
B15: PM-Peak | C15: 0.8 | D15: 0.8 | F15: PM-Peak | G15: 2216.97 | H15: 2095.21 | K15: PM-Peak | L15: 42354.51 | M15: 40047.01 | P15: PM-Peak | Q15: 44571.48 | R15: 42142.23
B16: PM-Late | C16: 0.8 | D16: 0.8 | F16: PM-Late | G16: 6646.54 | H16: 6101.68 | K16: PM-Late | L16: 25758.95 | M16: 20196.02 | P16: PM-Late | Q16: 32405.49 | R16: 26297.7
B19: CaptureRateLights | F19: ML Volume (PCE/Period) | K19: GP Volume (PCE/Period) | P19: Highway Volume
B20: Direction | C20: NB | D20: SB | F20: Direction | G20: NB | H20: SB | K20: Direction | L20: NB | M20: SB | P20: Direction | Q20: NB | R20: SB
B21: Segment | C21: 16 | D21: 16 | F21: Segment | G21: 16 | H21: 16 | K21: Segment | L21: 16 | M21: 16 | P21: Segment | Q21: 16 | R21: 16
B22: Period | F22: Period | K22: Period | P22: Period
B23: Night | C23: 0.05 | D23: 0.05 | F23: Night | G23: 713.07 | H23: 849.76 | K23: Night | L23: 13417.83 | M23: 15937.99 | P23: Night | Q23: 14130.9 | R23: 16787.75
B24: AM-Early | C24: 0.2 | D24: 0.17 | F24: AM-Early | G24: 916.31 | H24: 1046.63 | K24: AM-Early | L24: 4533.04 | M24: 6071.52 | P24: AM-Early | Q24: 5449.35 | R24: 7118.15
B25: AM-Peak | C25: 0.2 | D25: 0.21 | F25: AM-Peak | G25: 2115.37 | H25: 2593.53 | K25: AM-Peak | L25: 11124.98 | M25: 12173.52 | P25: AM-Peak | Q25: 13240.35 | R25: 14767.05
B26: AM-Shoulder | C26: 0.18 | D26: 0.13 | F26: AM-Shoulder | G26: 787.59 | H26: 441.22 | K26: AM-Shoulder | L26: 4580.26 | M26: 3733.18 | P26: AM-Shoulder | Q26: 5367.85 | R26: 4174.4
B27: MD | C27: 0.17 | D27: 0.15 | F27: MD | G27: 5380.12 | H27: 4117.76 | K27: MD | L27: 32231.13 | M27: 27988.74 | P27: MD | Q27: 37611.25 | R27: 32106.5
B28: PM-Shoulder | C28: 0.18 | D28: 0.16 | F28: PM-Shoulder | G28: 905.59 | H28: 630.7 | K28: PM-Shoulder | L28: 4866.16 | M28: 4030.1 | P28: PM-Shoulder | Q28: 5771.75 | R28: 4660.79
B29: PM-Peak | C29: 0.05 | D29: 0.05 | F29: PM-Peak | G29: 852.68 | H29: 805.85 | K29: PM-Peak | L29: 16290.2 | M29: 15402.7 | P29: PM-Peak | Q29: 17142.88 | R29: 16208.55
B30: PM-Late | C30: 0.24 | D30: 0.26 | F30: PM-Late | G30: 2556.36 | H30: 2346.8 | K30: PM-Late | L30: 9907.29 | M30: 7767.7 | P30: PM-Late | Q30: 12463.65 | R30: 10114.5
B33: Revenue Per Period | F33: ML Flow (PCE/hr) | K33: GP Flow (PCE/hr) | P33: Highway Flow
B34: Direction | C34: NB | D34: SB | F34: Direction | G34: NB | H34: SB | K34: Direction | L34: NB | M34: SB | P34: Direction | Q34: NB | R34: SB
B35: Segment | C35: 16 | D35: 16 | F35: Segment | G35: 16 | H35: 16 | K35: Segment | L35: 16 | M35: 16 | P35: Segment | Q35: 16 | R35: 16
B36: Period | F36: Period | K36: Period | P36: Period
B37: Night | C37: 485.45 | D37: 553.82 | F37: Night | G37: 101.87 | H37: 121.39 | K37: Night | L37: 1916.83 | M37: 2276.86 | P37: Night | Q37: 2018.7 | R37: 2398.25
B38: AM-Early | C38: 2134.45 | D38: 2354.65 | F38: AM-Early | G38: 916.31 | H38: 1046.63 | K38: AM-Early | L38: 4533.04 | M38: 6071.52 | P38: AM-Early | Q38: 5449.35 | R38: 7118.15
B39: AM-Peak | C39: 4983.97 | D39: 6058.79 | F39: AM-Peak | G39: 705.12 | H39: 864.51 | K39: AM-Peak | L39: 3708.33 | M39: 4057.84 | P39: AM-Peak | Q39: 4413.45 | R39: 4922.35
B40: AM-Shoulder | C40: 1849.32 | D40: 774.12 | F40: AM-Shoulder | G40: 787.59 | H40: 441.22 | K40: AM-Shoulder | L40: 4580.26 | M40: 3733.18 | P40: AM-Shoulder | Q40: 5367.85 | R40: 4174.4
B41: MD | C41: 12229.69 | D41: 9486.04 | F41: MD | G41: 1076.02 | H41: 823.55 | K41: MD | L41: 6446.23 | M41: 5597.75 | P41: MD | Q41: 7522.25 | R41: 6421.3
B42: PM-Shoulder | C42: 1991.5 | D42: 1404.65 | F42: PM-Shoulder | G42: 905.59 | H42: 630.7 | K42: PM-Shoulder | L42: 4866.16 | M42: 4030.1 | P42: PM-Shoulder | Q42: 5771.75 | R42: 4660.79
B43: PM-Peak | C43: 1985.47 | D43: 1955.61 | F43: PM-Peak | G43: 284.23 | H43: 268.62 | K43: PM-Peak | L43: 5430.07 | M43: 5134.23 | P43: PM-Peak | Q43: 5714.29 | R43: 5402.85
B44: PM-Late | C44: 5795.13 | D44: 5239.02 | F44: PM-Late | G44: 852.12 | H44: 782.27 | K44: PM-Late | L44: 3302.43 | M44: 2589.23 | P44: PM-Late | Q44: 4154.55 | R44: 3371.5
B47: Revenue Per Period Lights | F47: ML V/C | K47: GP V/C real | P47: Highway Vol / GP Capacity
B48: Direction | C48: NB | D48: SB | F48: Direction | G48: NB | H48: SB | K48: Direction | L48: NB | M48: SB | P48: Direction | Q48: NB | R48: SB
B49: Segment | C49: 16 | D49: 16 | F49: Segment | G49: 16 | H49: 16 | K49: Segment | L49: 16 | M49: 16 | P49: Segment | Q49: 16 | R49: 16
B50: Period | F50: Period | K50: Period | P50: Period
B51: Night | C51: 196.41 | D51: 271.95 | F51: Night | G51: 0.03 | H51: 0.03 | K51: Night | L51: 0.24 | M51: 0.28 | P51: Night | Q51: 0.25 | R51: 0.3
B52: AM-Early | C52: 1552.21 | D52: 1900.24 | F52: AM-Early | G52: 0.25 | H52: 0.29 | K52: AM-Early | L52: 0.62 | M52: 0.61 | P52: AM-Early | Q52: 0.74 | R52: 0.72
B53: AM-Peak | C53: 3492.67 | D53: 4358.32 | F53: AM-Peak | G53: 0.2 | H53: 0.24 | K53: AM-Peak | L53: 0.45 | M53: 0.5 | P53: AM-Peak | Q53: 0.53 | R53: 0.61
B54: AM-Shoulder | C54: 1310.84 | D54: 564.96 | F54: AM-Shoulder | G54: 0.22 | H54: 0.12 | K54: AM-Shoulder | L54: 0.57 | M54: 0.36 | P54: AM-Shoulder | Q54: 0.67 | R54: 0.4
B55: MD | C55: 9576.07 | D55: 7133.29 | F55: MD | G55: 0.3 | H55: 0.23 | K55: MD | L55: 0.62 | M55: 0.56 | P55: MD | Q55: 0.72 | R55: 0.64
B56: PM-Shoulder | C56: 1714.49 | D56: 1167.69 | F56: PM-Shoulder | G56: 0.25 | H56: 0.18 | K56: PM-Shoulder | L56: 0.58 | M56: 0.5 | P56: PM-Shoulder | Q56: 0.69 | R56: 0.58
B57: PM-Peak | C57: 1447.48 | D57: 1248.15 | F57: PM-Peak | G57: 0.08 | H57: 0.07 | K57: PM-Peak | L57: 0.68 | M57: 0.64 | P57: PM-Peak | Q57: 0.71 | R57: 0.68
B58: PM-Late | C58: 4592.37 | D58: 4338.43 | F58: PM-Late | G58: 0.24 | H58: 0.22 | K58: PM-Late | L58: 0.61 | M58: 0.61 | P58: PM-Late | Q58: 0.76 | R58: 0.79
B61: Revenue Per Period Medium A | F61: ML Speed | K61: GP Speed | P61: Time Saving
B62: Direction | C62: NB | D62: SB | F62: Direction | G62: NB | H62: SB | K62: Direction | L62: NB | M62: SB | P62: Direction | Q62: NB | R62: SB
B63: Segment | C63: 16 | D63: 16 | F63: Segment | G63: 16 | H63: 16 | K63: Segment | L63: 16 | M63: 16 | P63: Segment | Q63: 16 | R63: 16
B64: Period | F64: Period | K64: Period | P64: Period
B65: Night | C65: 36.6 | D65: 30.25 | F65: Night | G65: 75 | H65: 75 | K65: Night | L65: 69.99 | M65: 69.96 | P65: Night | Q65: -0.15 | R65: -0.15
B66: AM-Early | C66: 117.56 | D66: 120.4 | F66: AM-Early | G66: 74.98 | H66: 74.95 | K66: AM-Early | L66: 66.39 | M66: 66.43 | P66: AM-Early | Q66: -0.27 | R66: -0.27
B67: AM-Peak | C67: 390.58 | D67: 495.78 | F67: AM-Peak | G67: 75 | H67: 74.99 | K67: AM-Peak | L67: 69.43 | M67: 68.92 | P67: AM-Peak | Q67: -0.17 | R67: -0.18
B68: AM-Shoulder | C68: 133.47 | D68: 53.31 | F68: AM-Shoulder | G68: 74.99 | H68: 75 | K68: AM-Shoulder | L68: 67.62 | M68: 69.85 | P68: AM-Shoulder | Q68: -0.23 | R68: -0.15
B69: MD | C69: 639.95 | D69: 624.06 | F69: MD | G69: 74.94 | H69: 74.99 | K69: MD | L69: 66.24 | M69: 67.94 | P69: MD | Q69: -0.27 | R69: -0.22
B70: PM-Shoulder | C70: 88.87 | D70: 63.8 | F70: PM-Shoulder | G70: 74.98 | H70: 75 | K70: PM-Shoulder | L70: 67.48 | M70: 68.87 | P70: PM-Shoulder | Q70: -0.23 | R70: -0.18
B71: PM-Peak | C71: 108.76 | D71: 103.58 | F71: PM-Peak | G71: 75 | H71: 75 | K71: PM-Peak | L71: 63.76 | M71: 65.43 | P71: PM-Peak | Q71: -0.37 | R71: -0.3
B72: PM-Late | C72: 124.73 | D72: 98.52 | F72: PM-Late | G72: 74.99 | H72: 74.99 | K72: PM-Late | L72: 66.65 | M72: 66.66 | P72: PM-Late | Q72: -0.26 | R72: -0.26
B75: Revenue Per Period Medium B | F75: ML time | K75: GP Time | P75: Difference in travel time
B76: Direction | C76: NB | D76: SB | F76: Direction | G76: NB | H76: SB | K76: Direction | L76: NB | M76: SB | P76: Direction | Q76: NB | R76: SB
B77: Segment | C77: 16 | D77: 16 | F77: Segment | G77: 16 | H77: 16 | K77: Segment | L77: 16 | M77: 16 | P77: Segment | Q77: 16 | R77: 16
B78: Period | F78: Period | K78: Period | P78: Period
B79: Night | C79: 1.84 | D79: 1.84 | F79: Night | G79: 2.08 | H79: 2.08 | K79: Night | L79: 2.23 | M79: 2.23 | P79: Night | Q79: -0.07 | R79: -0.07
B80: AM-Early | C80: 57.11 | D80: 44.01 | F80: AM-Early | G80: 2.08 | H80: 2.08 | K80: AM-Early | L80: 2.35 | M80: 2.35 | P80: AM-Early | Q80: -0.11 | R80: -0.11
B81: AM-Peak | C81: 109.85 | D81: 141.62 | F81: AM-Peak | G81: 2.08 | H81: 2.08 | K81: AM-Peak | L81: 2.25 | M81: 2.26 | P81: AM-Peak | Q81: -0.07 | R81: -0.08
B82: AM-Shoulder | C82: 36.99 | D82: 18.92 | F82: AM-Shoulder | G82: 2.08 | H82: 2.08 | K82: AM-Shoulder | L82: 2.31 | M82: 2.23 | P82: AM-Shoulder | Q82: -0.1 | R82: -0.07
B83: MD | C83: 256.08 | D83: 176.04 | F83: MD | G83: 2.08 | H83: 2.08 | K83: MD | L83: 2.35 | M83: 2.3 | P83: MD | Q83: -0.12 | R83: -0.09
B84: PM-Shoulder | C84: 28.81 | D84: 15.32 | F84: PM-Shoulder | G84: 2.08 | H84: 2.08 | K84: PM-Shoulder | L84: 2.31 | M84: 2.26 | P84: PM-Shoulder | Q84: -0.1 | R84: -0.08
B85: PM-Peak | C85: 23.25 | D85: 38.2 | F85: PM-Peak | G85: 2.08 | H85: 2.08 | K85: PM-Peak | L85: 2.45 | M85: 2.38 | P85: PM-Peak | Q85: -0.15 | R85: -0.13
B86: PM-Late | C86: 3.54 | D86: 3.97 | F86: PM-Late | G86: 2.08 | H86: 2.08 | K86: PM-Late | L86: 2.34 | M86: 2.34 | P86: PM-Late | Q86: -0.11 | R86: -0.11
B89: Revenue Per Period Heavy A | F89: ML light veh.Miles | K89: GP light veh.Miles | P89: LVr Toll
B90: Direction | C90: NB | D90: SB | F90: Direction | G90: NB | H90: SB | K90: Direction | L90: NB | M90: SB | P90: Direction | Q90: NB | R90: SB
B91: Segment | C91: 16 | D91: 16 | F91: Segment | G91: 16 | H91: 16 | K91: Segment | L91: 16 | M91: 16 | P91: Segment | Q91: 16 | R91: 16
B92: Period | F92: Period | K92: Period | P92: Period
B93: Night | C93: 250.6 | D93: 249.77 | F93: Night | G93: 982.04 | H93: 1359.77 | K93: Night | L93: 18248.08 | M93: 25244.99 | P93: Night | Q93: 0.52 | R93: 0.52
B94: AM-Early | C94: 407.57 | D94: 290 | F94: AM-Early | G94: 1940.26 | H94: 2375.3 | K94: AM-Early | L94: 7651.92 | M94: 11676.66 | P94: AM-Early | Q94: 2.08 | R94: 2.08
B95: AM-Peak | C95: 990.87 | D95: 1063.06 | F95: AM-Peak | G95: 4365.83 | H95: 5447.91 | K95: AM-Peak | L95: 17924.23 | M95: 20352.15 | P95: AM-Peak | Q95: 2.08 | R95: 2.08
B96: AM-Shoulder | C96: 368.02 | D96: 136.93 | F96: AM-Shoulder | G96: 1638.55 | H96: 936.2 | K96: AM-Shoulder | L96: 7433.11 | M96: 6206.26 | P96: AM-Shoulder | Q96: 2.08 | R96: 1.57
B97: MD | C97: 1757.59 | D97: 1552.64 | F97: MD | G97: 11970.09 | H97: 8916.61 | K97: MD | L97: 59437.61 | M97: 48739.69 | P97: MD | Q97: 2.08 | R97: 2.08
B98: PM-Shoulder | C98: 159.32 | D98: 157.84 | F98: PM-Shoulder | G98: 2143.12 | H98: 1459.62 | K98: PM-Shoulder | L98: 9876.16 | M98: 7809.67 | P98: PM-Shoulder | Q98: 2.08 | R98: 2.08
B99: PM-Peak | C99: 405.98 | D99: 565.68 | F99: PM-Peak | G99: 1809.35 | H99: 1560.18 | K99: PM-Peak | L99: 34377.72 | M99: 29643.46 | P99: PM-Peak | Q99: 2.08 | R99: 2.08
B100: PM-Late | C100: 1074.5 | D100: 798.09 | F100: PM-Late | G100: 5740.46 | H100: 5423.04 | K100: PM-Late | L100: 17935.66 | M100: 15063.66 | P100: PM-Late | Q100: 2.08 | R100: 2.08
B103: % Workday Revenue | F103: ML light veh/period | K103: GP light veh/period | P103: Medium A Toll
B104: Direction | C104: NB | D104: SB | F104: Direction | G104: NB | H104: SB | K104: Direction | L104: NB | M104: SB | P104: Direction | Q104: NB | R104: SB
B105: Segment | C105: 16 | D105: 16 | F105: Segment | G105: 16 | H105: 16 | K105: Segment | L105: 16 | M105: 16 | P105: Segment | Q105: 16 | R105: 16
B106: Period | F106: Period | K106: Period | P106: Period
B107: Night | C107: 0.015433168 | D107: 0.019902468 | F107: Night | G107: 377.71 | H107: 522.99 | K107: Night | L107: 7018.49 | M107: 9709.61 | P107: Night | Q107: 2.08 | R107: 2.08
B108: AM-Early | C108: 0.0678573 | D108: 0.08461837 | F108: AM-Early | G108: 746.26 | H108: 913.58 | K108: AM-Early | L108: 2943.04 | M108: 4491.02 | P108: AM-Early | Q108: 8.32 | R108: 8.32
B109: AM-Peak | C109: 0.15844772 | D109: 0.21773297 | F109: AM-Peak | G109: 1679.17 | H109: 2095.35 | K109: AM-Peak | L109: 6893.93 | M109: 7827.75 | P109: AM-Peak | Q109: 8.32 | R109: 8.32
B110: AM-Shoulder | C110: 0.058792598 | D110: 0.027819325 | F110: AM-Shoulder | G110: 630.21 | H110: 360.08 | K110: AM-Shoulder | L110: 2858.89 | M110: 2387.02 | P110: AM-Shoulder | Q110: 8.32 | R110: 6.28
B111: MD | C111: 0.3887998 | D111: 0.34089705 | F111: MD | G111: 4603.88 | H111: 3429.46 | K111: MD | L111: 22860.62 | M111: 18746.04 | P111: MD | Q111: 8.32 | R111: 8.32
B112: PM-Shoulder | C112: 0.063312709 | D112: 0.050478497 | F112: PM-Shoulder | G112: 824.28 | H112: 561.39 | K112: PM-Shoulder | L112: 3798.52 | M112: 3003.72 | P112: PM-Shoulder | Q112: 8.32 | R112: 8.32
B113: PM-Peak | C113: 0.063121007 | D113: 0.070278186 | F113: PM-Peak | G113: 695.91 | H113: 600.07 | K113: PM-Peak | L113: 13222.2 | M113: 11401.33 | P113: PM-Peak | Q113: 8.32 | R113: 8.32
B114: PM-Late | C114: 0.18423569 | D114: 0.18827313 | F114: PM-Late | G114: 2207.87 | H114: 2085.78 | K114: PM-Late | L114: 6898.33 | M114: 5793.72 | P114: PM-Late | Q114: 8.32 | R114: 8.32
F117: ML medium A veh.Miles | K117: GP medium A veh.Miles | P117: Implied VOT
...

Sheet Year_2040
B1: Lenght
C2: 16
B3: Length | C3: 2.6
B5: TollLights | F5: ML PCE.Miles | K5: GP PCE.Miles | P5: Highway PCE.Miles
B6: Direction | C6: NB | D6: SB | F6: Direction | G6: NB | H6: SB | K6: Direction | L6: NB | M6: SB | P6: Direction | Q6: NB | R6: SB
B7: Segment | C7: 16 | D7: 16 | F7: Segment | G7: 16 | H7: 16 | K7: Segment | L7: 16 | M7: 16 | P7: Segment | Q7: 16 | R7: 16
B8: Period | F8: Period | K8: Period | P8: Period
B9: Night | C9: 0.2 | D9: 0.2 | F9: Night | G9: 2197.4 | H9: 6610.24 | K9: Night | L9: 40128.52 | M9: 43680 | P9: Night | Q9: 42325.92 | R9: 50290.24
B10: AM-Early | C10: 0.85 | D10: 1.14 | F10: AM-Early | G10: 3718.92 | H10: 3642.96 | K10: AM-Early | L10: 12603.1 | M10: 17677.69 | P10: AM-Early | Q10: 16322.02 | R10: 21320.65
B11: AM-Peak | C11: 0.8 | D11: 0.8 | F11: AM-Peak | G11: 8308.16 | H11: 9890.53 | K11: AM-Peak | L11: 31351.72 | M11: 34340.15 | P11: AM-Peak | Q11: 39659.88 | R11: 44230.68
B12: AM-Shoulder | C12: 0.8 | D12: 0.8 | F12: AM-Shoulder | G12: 3313.7 | H12: 1603.9 | K12: AM-Shoulder | L12: 12764.18 | M12: 10900.02 | P12: AM-Shoulder | Q12: 16077.88 | R12: 12503.92
B13: MD | C13: 1.18 | D13: 0.8 | F13: MD | G13: 18451.48 | H13: 17261.7 | K13: MD | L13: 94200.67 | M13: 78905.8 | P13: MD | Q13: 112652.15 | R13: 96167.5
B14: PM-Shoulder | C14: 0.84 | D14: 0.8 | F14: PM-Shoulder | G14: 3662.46 | H14: 2778.79 | K14: PM-Shoulder | L14: 13626.5 | M14: 11181.69 | P14: PM-Shoulder | Q14: 17288.96 | R14: 13960.48
B15: PM-Peak | C15: 0.8 | D15: 0.8 | F15: PM-Peak | G15: 2554.02 | H15: 2413.81 | K15: PM-Peak | L15: 48795.85 | M15: 46138.77 | P15: PM-Peak | Q15: 51349.87 | R15: 48552.58
B16: PM-Late | C16: 0.8 | D16: 0.8 | F16: PM-Late | G16: 10473.91 | H16: 9553.2 | K16: PM-Late | L16: 26858.06 | M16: 20742.78 | P16: PM-Late | Q16: 37331.97 | R16: 30295.98
B19: CaptureRateLights | F19: ML Volume (PCE/Period) | K19: GP Volume (PCE/Period) | P19: Highway Volume
B20: Direction | C20: NB | D20: SB | F20: Direction | G20: NB | H20: SB | K20: Direction | L20: NB | M20: SB | P20: Direction | Q20: NB | R20: SB
B21: Segment | C21: 16 | D21: 16 | F21: Segment | G21: 16 | H21: 16 | K21: Segment | L21: 16 | M21: 16 | P21: Segment | Q21: 16 | R21: 16
B22: Period | F22: Period | K22: Period | P22: Period
B23: Night | C23: 0.05 | D23: 0.17 | F23: Night | G23: 845.15 | H23: 2542.4 | K23: Night | L23: 15434.05 | M23: 16800 | P23: Night | Q23: 16279.2 | R23: 19342.4
B24: AM-Early | C24: 0.3 | D24: 0.2 | F24: AM-Early | G24: 1430.35 | H24: 1401.14 | K24: AM-Early | L24: 4847.35 | M24: 6799.11 | P24: AM-Early | Q24: 6277.7 | R24: 8200.25
B25: AM-Peak | C25: 0.25 | D25: 0.27 | F25: AM-Peak | G25: 3195.45 | H25: 3804.05 | K25: AM-Peak | L25: 12058.35 | M25: 13207.75 | P25: AM-Peak | Q25: 15253.8 | R25: 17011.8
B26: AM-Shoulder | C26: 0.25 | D26: 0.16 | F26: AM-Shoulder | G26: 1274.5 | H26: 616.89 | K26: AM-Shoulder | L26: 4909.3 | M26: 4192.31 | P26: AM-Shoulder | Q26: 6183.8 | R26: 4809.2
B27: MD | C27: 0.19 | D27: 0.21 | F27: MD | G27: 7096.72 | H27: 6639.12 | K27: MD | L27: 36231.03 | M27: 30348.38 | P27: MD | Q27: 43327.75 | R27: 36987.5
B28: PM-Shoulder | C28: 0.24 | D28: 0.23 | F28: PM-Shoulder | G28: 1408.64 | H28: 1068.77 | K28: PM-Shoulder | L28: 5240.96 | M28: 4300.65 | P28: PM-Shoulder | Q28: 6649.6 | R28: 5369.42
B29: PM-Peak | C29: 0.05 | D29: 0.05 | F29: PM-Peak | G29: 982.31 | H29: 928.39 | K29: PM-Peak | L29: 18767.63 | M29: 17745.68 | P29: PM-Peak | Q29: 19749.95 | R29: 18674.07
B30: PM-Late | C30: 0.33 | D30: 0.35 | F30: PM-Late | G30: 4028.43 | H30: 3674.31 | K30: PM-Late | L30: 10330.02 | M30: 7977.99 | P30: PM-Late | Q30: 14358.45 | R30: 11652.3
B33: Revenue Per Period | F33: ML Flow (PCE/hr) | K33: GP Flow (PCE/hr) | P33: Highway Flow
B34: Direction | C34: NB | D34: SB | F34: Direction | G34: NB | H34: SB | K34: Direction | L34: NB | M34: SB | P34: Direction | Q34: NB | R34: SB
B35: Segment | C35: 16 | D35: 16 | F35: Segment | G35: 16 | H35: 16 | K35: Segment | L35: 16 | M35: 16 | P35: Segment | Q35: 16 | R35: 16
B36: Period | F36: Period | K36: Period | P36: Period
B37: Night | C37: 572.37 | D37: 1497.54 | F37: Night | G37: 120.74 | H37: 363.2 | K37: Night | L37: 2204.86 | M37: 2400 | P37: Night | Q37: 2325.6 | R37: 2763.2
B38: AM-Early | C38: 3385.07 | D38: 4502.87 | F38: AM-Early | G38: 1430.35 | H38: 1401.14 | K38: AM-Early | L38: 4847.35 | M38: 6799.11 | P38: AM-Early | Q38: 6277.7 | R38: 8200.25
B39: AM-Peak | C39: 7577.94 | D39: 8936.74 | F39: AM-Peak | G39: 1065.15 | H39: 1268.02 | K39: AM-Peak | L39: 4019.45 | M39: 4402.58 | P39: AM-Peak | Q39: 5084.6 | R39: 5670.6
B40: AM-Shoulder | C40: 3016.59 | D40: 1440.3 | F40: AM-Shoulder | G40: 1274.5 | H40: 616.89 | K40: AM-Shoulder | L40: 4909.3 | M40: 4192.31 | P40: AM-Shoulder | Q40: 6183.8 | R40: 4809.2
B41: MD | C41: 23852.24 | D41: 15398.83 | F41: MD | G41: 1419.34 | H41: 1327.82 | K41: MD | L41: 7246.21 | M41: 6069.68 | P41: MD | Q41: 8665.55 | R41: 7397.5
B42: PM-Shoulder | C42: 3269.07 | D42: 2387.5 | F42: PM-Shoulder | G42: 1408.64 | H42: 1068.77 | K42: PM-Shoulder | L42: 5240.96 | M42: 4300.65 | P42: PM-Shoulder | Q42: 6649.6 | R42: 5369.42
B43: PM-Peak | C43: 2287.35 | D43: 2253.03 | F43: PM-Peak | G43: 327.44 | H43: 309.46 | K43: PM-Peak | L43: 6255.88 | M43: 5915.23 | P43: PM-Peak | Q43: 6583.32 | R43: 6224.69
B44: PM-Late | C44: 9205.93 | D44: 8274.42 | F44: PM-Late | G44: 1342.81 | H44: 1224.77 | K44: PM-Late | L44: 3443.34 | M44: 2659.33 | P44: PM-Late | Q44: 4786.15 | R44: 3884.1
B47: Revenue Per Period Lights | F47: ML V/C | K47: GP V/C real | P47: Highway Vol / GP Capacity
B48: Direction | C48: NB | D48: SB | F48: Direction | G48: NB | H48: SB | K48: Direction | L48: NB | M48: SB | P48: Direction | Q48: NB | R48: SB
B49: Segment | C49: 16 | D49: 16 | F49: Segment | G49: 16 | H49: 16 | K49: Segment | L49: 16 | M49: 16 | P49: Segment | Q49: 16 | R49: 16
B50: Period | F50: Period | K50: Period | P50: Period
B51: Night | C51: 237.36 | D51: 1056.1 | F51: Night | G51: 0.03 | H51: 0.1 | K51: Night | L51: 0.28 | M51: 0.3 | P51: Night | Q51: 0.29 | R51: 0.35
B52: AM-Early | C52: 2841.6 | D52: 3607.94 | F52: AM-Early | G52: 0.4 | H52: 0.39 | K52: AM-Early | L52: 0.66 | M52: 0.69 | P52: AM-Early | Q52: 0.85 | R52: 0.83
B53: AM-Peak | C53: 5199.9 | D53: 6314.89 | F53: AM-Peak | G53: 0.3 | H53: 0.35 | K53: AM-Peak | L53: 0.49 | M53: 0.54 | P53: AM-Peak | Q53: 0.62 | R53: 0.7
B54: AM-Shoulder | C54: 2084.22 | D54: 1038.73 | F54: AM-Shoulder | G54: 0.35 | H54: 0.17 | K54: AM-Shoulder | L54: 0.61 | M54: 0.4 | P54: AM-Shoulder | Q54: 0.77 | R54: 0.46
B55: MD | C55: 18541.77 | D55: 11339.62 | F55: MD | G55: 0.39 | H55: 0.37 | K55: MD | L55: 0.7 | M55: 0.61 | P55: MD | Q55: 0.83 | R55: 0.74
B56: PM-Shoulder | C56: 2777.35 | D56: 1967.36 | F56: PM-Shoulder | G56: 0.39 | H56: 0.3 | K56: PM-Shoulder | L56: 0.62 | M56: 0.54 | P56: PM-Shoulder | Q56: 0.79 | R56: 0.67
B57: PM-Peak | C57: 1667.5 | D57: 1437.85 | F57: PM-Peak | G57: 0.09 | H57: 0.09 | K57: PM-Peak | L57: 0.78 | M57: 0.74 | P57: PM-Peak | Q57: 0.82 | R57: 0.78
B58: PM-Late | C58: 7125.27 | D58: 6683.72 | F58: PM-Late | G58: 0.37 | H58: 0.34 | K58: PM-Late | L58: 0.63 | M58: 0.62 | P58: PM-Late | Q58: 0.88 | R58: 0.91
B61: Revenue Per Period Medium A | F61: ML Speed | K61: GP Speed | P61: Time Saving
B62: Direction | C62: NB | D62: SB | F62: Direction | G62: NB | H62: SB | K62: Direction | L62: NB | M62: SB | P62: Direction | Q62: NB | R62: SB
B63: Segment | C63: 16 | D63: 16 | F63: Segment | G63: 16 | H63: 16 | K63: Segment | L63: 16 | M63: 16 | P63: Segment | Q63: 16 | R63: 16
B64: Period | F64: Period | K64: Period | P64: Period
B65: Night | C65: 42.45 | D65: 41.22 | F65: Night | G65: 75 | H65: 75 | K65: Night | L65: 69.97 | M65: 69.95 | P65: Night | Q65: -0.15 | R65: -0.15
B66: AM-Early | C66: 189.88 | D66: 236.21 | F66: AM-Early | G66: 74.64 | H66: 74.69 | K66: AM-Early | L66: 64.74 | M66: 63.28 | P66: AM-Early | Q66: -0.32 | R66: -0.38
B67: AM-Peak | C67: 618.45 | D67: 759.89 | F67: AM-Peak | G67: 74.94 | H67: 74.83 | K67: AM-Peak | L67: 69.08 | M67: 68.26 | P67: AM-Peak | Q67: -0.18 | R67: -0.2
B68: AM-Shoulder | C68: 229.01 | D68: 101.82 | F68: AM-Shoulder | G68: 74.83 | H68: 75 | K68: AM-Shoulder | L68: 66.45 | M68: 69.7 | P68: AM-Shoulder | Q68: -0.26 | R68: -0.16
B69: MD | C69: 1276.27 | D69: 1067.68 | F69: MD | G69: 74.66 | H69: 74.78 | K69: MD | L69: 62.81 | M69: 66.71 | P69: MD | Q69: -0.39 | R69: -0.25
B70: PM-Shoulder | C70: 156.52 | D70: 115.86 | F70: PM-Shoulder | G70: 74.68 | H70: 74.94 | K70: PM-Shoulder | L70: 66.14 | M70: 68.35 | P70: PM-Shoulder | Q70: -0.27 | R70: -0.2
B71: PM-Peak | C71: 125.26 | D71: 119.35 | F71: PM-Peak | G71: 75 | H71: 75 | K71: PM-Peak | L71: 56.97 | M71: 60.17 | P71: PM-Peak | Q71: -0.66 | R71: -0.51
B72: PM-Late | C72: 212.46 | D72: 170.04 | F72: PM-Late | G72: 74.76 | H72: 74.87 | K72: PM-Late | L72: 65.75 | M72: 66.11 | P72: PM-Late | Q72: -0.29 | R72: -0.28
B75: Revenue Per Period Medium B | F75: ML time | K75: GP Time | P75: Difference in travel time
B76: Direction | C76: NB | D76: SB | F76: Direction | G76: NB | H76: SB | K76: Direction | L76: NB | M76: SB | P76: Direction | Q76: NB | R76: SB
B77: Segment | C77: 16 | D77: 16 | F77: Segment | G77: 16 | H77: 16 | K77: Segment | L77: 16 | M77: 16 | P77: Segment | Q77: 16 | R77: 16
B78: Period | F78: Period | K78: Period | P78: Period
B79: Night | C79: 2.15 | D79: 2.18 | F79: Night | G79: 2.08 | H79: 2.08 | K79: Night | L79: 2.23 | M79: 2.23 | P79: Night | Q79: -0.07 | R79: -0.07
B80: AM-Early | C80: 92.23 | D80: 86.41 | F80: AM-Early | G80: 2.09 | H80: 2.09 | K80: AM-Early | L80: 2.41 | M80: 2.47 | P80: AM-Early | Q80: -0.13 | R80: -0.15
B81: AM-Peak | C81: 173.79 | D81: 217.16 | F81: AM-Peak | G81: 2.08 | H81: 2.08 | K81: AM-Peak | L81: 2.26 | M81: 2.29 | P81: AM-Peak | Q81: -0.08 | R81: -0.09
B82: AM-Shoulder | C82: 63.5 | D82: 36.16 | F82: AM-Shoulder | G82: 2.08 | H82: 2.08 | K82: AM-Shoulder | L82: 2.35 | M82: 2.24 | P82: AM-Shoulder | Q82: -0.11 | R82: -0.07
B83: MD | C83: 510.88 | D83: 301.09 | F83: MD | G83: 2.09 | H83: 2.09 | K83: MD | L83: 2.48 | M83: 2.34 | P83: MD | Q83: -0.16 | R83: -0.11
B84: PM-Shoulder | C84: 50.69 | D84: 27.68 | F84: PM-Shoulder | G84: 2.09 | H84: 2.08 | K84: PM-Shoulder | L84: 2.36 | M84: 2.28 | P84: PM-Shoulder | Q84: -0.11 | R84: -0.09
B85: PM-Peak | C85: 26.88 | D85: 44.1 | F85: PM-Peak | G85: 2.08 | H85: 2.08 | K85: PM-Peak | L85: 2.74 | M85: 2.59 | P85: PM-Peak | Q85: -0.24 | R85: -0.2
B86: PM-Late | C86: 6.11 | D86: 6.91 | F86: PM-Late | G86: 2.09 | H86: 2.08 | K86: PM-Late | L86: 2.37 | M86: 2.36 | P86: PM-Late | Q86: -0.12 | R86: -0.12
B89: Revenue Per Period Heavy A | F89: ML light veh.Miles | K89: GP light veh.Miles | P89: LVr Toll
B90: Direction | C90: NB | D90: SB | F90: Direction | G90: NB | H90: SB | K90: Direction | L90: NB | M90: SB | P90: Direction | Q90: NB | R90: SB
B91: Segment | C91: 16 | D91: 16 | F91: Segment | G91: 16 | H91: 16 | K91: Segment | L91: 16 | M91: 16 | P91: Segment | Q91: 16 | R91: 16
B92: Period | F92: Period | K92: Period | P92: Period
B93: Night | C93: 290.41 | D93: 398.04 | F93: Night | G93: 1186.78 | H93: 5280.48 | K93: Night | L93: 20966.26 | M93: 25368.32 | P93: Night | Q93: 0.52 | R93: 0.52
B94: AM-Early | C94: 261.35 | D94: 572.31 | F94: AM-Early | G94: 3328.69 | H94: 3164.87 | K94: AM-Early | L94: 7721.57 | M94: 13023.25 | P94: AM-Early | Q94: 2.22 | R94: 2.96
B95: AM-Peak | C95: 1585.8 | D95: 1644.8 | F95: AM-Peak | G95: 6499.87 | H95: 7893.61 | K95: AM-Peak | L95: 19178.51 | M95: 21828.29 | P95: AM-Peak | Q95: 2.08 | R95: 2.08
B96: AM-Shoulder | C96: 639.86 | D96: 263.6 | F96: AM-Shoulder | G96: 2605.28 | H96: 1298.41 | K96: AM-Shoulder | L96: 7845.42 | M96: 6929.55 | P96: AM-Shoulder | Q96: 2.08 | R96: 2.08
B97: MD | C97: 3523.32 | D97: 2690.44 | F97: MD | G97: 15713.37 | H97: 14174.52 | K97: MD | L97: 66548.03 | M97: 52245.08 | P97: MD | Q97: 3.07 | R97: 2.08
B98: PM-Shoulder | C98: 284.52 | D98: 276.61 | F98: PM-Shoulder | G98: 3305.19 | H98: 2459.2 | K98: PM-Shoulder | L98: 10541.11 | M98: 8219.07 | P98: PM-Shoulder | Q98: 2.18 | R98: 2.08
B99: PM-Peak | C99: 467.7 | D99: 651.73 | F99: PM-Peak | G99: 2084.38 | H99: 1797.31 | K99: PM-Peak | L99: 39603.23 | M99: 34148.9 | P99: PM-Peak | Q99: 2.08 | R99: 2.08
B100: PM-Late | C100: 1862.09 | D100: 1413.74 | F100: PM-Late | G100: 8906.58 | H100: 8354.65 | K100: PM-Late | L100: 18369.24 | M100: 15245.81 | P100: PM-Late | Q100: 2.08 | R100: 2.08
B103: % Workday Revenue | F103: ML light veh/period | K103: GP light veh/period | P103: Medium A Toll
B104: Direction | C104: NB | D104: SB | F104: Direction | G104: NB | H104: SB | K104: Direction | L104: NB | M104: SB | P104: Direction | Q104: NB | R104: SB
B105: Segment | C105: 16 | D105: 16 | F105: Segment | G105: 16 | H105: 16 | K105: Segment | L105: 16 | M105: 16 | P105: Segment | Q105: 16 | R105: 16
B106: Period | F106: Period | K106: Period | P106: Period
B107: Night | C107: 0.010765602 | D107: 0.033508588 | F107: Night | G107: 456.45 | H107: 2030.95 | K107: Night | L107: 8063.95 | M107: 9757.05 | P107: Night | Q107: 2.08 | R107: 2.08
B108: AM-Early | C108: 0.063669156 | D108: 0.10075511 | F108: AM-Early | G108: 1280.27 | H108: 1217.26 | K108: AM-Early | L108: 2969.83 | M108: 5008.94 | P108: AM-Early | Q108: 8.88 | R108: 11.86
B109: AM-Peak | C109: 0.14253207 | D109: 0.1999663 | F109: AM-Peak | G109: 2499.95 | H109: 3036.01 | K109: AM-Peak | L109: 7376.35 | M109: 8395.49 | P109: AM-Peak | Q109: 8.32 | R109: 8.32
B110: AM-Shoulder | C110: 0.056738484 | D110: 0.0322278 | F110: AM-Shoulder | G110: 1002.03 | H110: 499.39 | K110: AM-Shoulder | L110: 3017.47 | M110: 2665.21 | P110: AM-Shoulder | Q110: 8.32 | R110: 8.32
B111: MD | C111: 0.44863237 | D111: 0.34456044 | F111: MD | G111: 6043.61 | H111: 5451.74 | K111: MD | L111: 25595.39 | M111: 20094.26 | P111: MD | Q111: 12.27 | R111: 8.32
B112: PM-Shoulder | C112: 0.061487333 | D112: 0.053422114 | F112: PM-Shoulder | G112: 1271.23 | H112: 945.85 | K112: PM-Shoulder | L112: 4054.27 | M112: 3161.18 | P112: PM-Shoulder | Q112: 8.74 | R112: 8.32
B113: PM-Peak | C113: 0.043022343 | D113: 0.050413247 | F113: PM-Peak | G113: 801.68 | H113: 691.27 | K113: PM-Peak | L113: 15232.01 | M113: 13134.19 | P113: PM-Peak | Q113: 8.32 | R113: 8.32
B114: PM-Late | C114: 0.17315264 | D114: 0.18514639 | F114: PM-Late | G114: 3425.61 | H114: 3213.33 | K114: PM-Late | L114: 7065.09 | M114: 5863.77 | P114: PM-Late | Q114: 8.32 | R114: 8.32
F117: ML medium A veh.Miles | K117: GP medium A veh.Miles | P117: Implied VOT
...

Sheet Year_2050
B1: Lenght
C2: 16
B3: Length | C3: 2.6
B5: TollLights | F5: ML PCE.Miles | K5: GP PCE.Miles | P5: Highway PCE.Miles
B6: Direction | C6: NB | D6: SB | F6: Direction | G6: NB | H6: SB | K6: Direction | L6: NB | M6: SB | P6: Direction | Q6: NB | R6: SB
B7: Segment | C7: 16 | D7: 16 | F7: Segment | G7: 16 | H7: 16 | K7: Segment | L7: 16 | M7: 16 | P7: Segment | Q7: 16 | R7: 16
B8: Period | F8: Period | K8: Period | P8: Period
B9: Night | C9: 0.2 | D9: 0.2 | F9: Night | G9: 5661.11 | H9: 14940.38 | K9: Night | L9: 43680 | M9: 43680 | P9: Night | Q9: 49341.11 | R9: 58620.38
B10: AM-Early | C10: 2.49 | D10: 2.57 | F10: AM-Early | G10: 3684.45 | H10: 4141.51 | K10: AM-Early | L10: 15343.13 | M10: 20713.06 | P10: AM-Early | Q10: 19027.58 | R10: 24854.57
B11: AM-Peak | C11: 0.97 | D11: 1.69 | F11: AM-Peak | G11: 10977.87 | H11: 10949.65 | K11: AM-Peak | L11: 35254.29 | M11: 40612.64 | P11: AM-Peak | Q11: 46232.16 | R11: 51562.29
B12: AM-Shoulder | C12: 1.59 | D12: 0.8 | F12: AM-Shoulder | G12: 3860.6 | H12: 722.32 | K12: AM-Shoulder | L12: 14882.41 | M12: 13854.32 | P12: AM-Shoulder | Q12: 18743.01 | R12: 14576.64
B13: MD | C13: 3.43 | D13: 1.95 | F13: MD | G13: 18223.22 | H13: 18212.03 | K13: MD | L13: 113103.43 | M13: 93895.42 | P13: MD | Q13: 131326.65 | R13: 112107.45
B14: PM-Shoulder | C14: 2.43 | D14: 1.15 | F14: PM-Shoulder | G14: 3646.55 | H14: 3640.57 | K14: PM-Shoulder | L14: 16507.22 | M14: 12633.33 | P14: PM-Shoulder | Q14: 20153.77 | R14: 16273.9
B15: PM-Peak | C15: 0.8 | D15: 0.8 | F15: PM-Peak | G15: 10643.56 | H15: 10068.79 | K15: PM-Peak | L15: 49218.06 | M15: 46531.08 | P15: PM-Peak | Q15: 59861.62 | R15: 56599.87
B16: PM-Late | C16: 2.17 | D16: 1.61 | F16: PM-Late | G16: 10956.22 | H16: 10969.31 | K16: PM-Late | L16: 32567.39 | M16: 23949.83 | P16: PM-Late | Q16: 43523.61 | R16: 34919.14
B19: CaptureRateLights | F19: ML Volume (PCE/Period) | K19: GP Volume (PCE/Period) | P19: Highway Volume
B20: Direction | C20: NB | D20: SB | F20: Direction | G20: NB | H20: SB | K20: Direction | L20: NB | M20: SB | P20: Direction | Q20: NB | R20: SB
B21: Segment | C21: 16 | D21: 16 | F21: Segment | G21: 16 | H21: 16 | K21: Segment | L21: 16 | M21: 16 | P21: Segment | Q21: 16 | R21: 16
B22: Period | F22: Period | K22: Period | P22: Period
B23: Night | C23: 0.16 | D23: 0.28 | F23: Night | G23: 2177.35 | H23: 5746.3 | K23: Night | L23: 16800 | M23: 16800 | P23: Night | Q23: 18977.35 | R23: 22546.3
B24: AM-Early | C24: 0.25 | D24: 0.19 | F24: AM-Early | G24: 1417.1 | H24: 1592.89 | K24: AM-Early | L24: 5901.2 | M24: 7966.56 | P24: AM-Early | Q24: 7318.3 | R24: 9559.45
B25: AM-Peak | C25: 0.28 | D25: 0.25 | F25: AM-Peak | G25: 4222.26 | H25: 4211.4 | K25: AM-Peak | L25: 13559.34 | M25: 15620.25 | P25: AM-Peak | Q25: 17781.6 | R25: 19831.65
B26: AM-Shoulder | C26: 0.25 | D26: 0.05 | F26: AM-Shoulder | G26: 1484.84 | H26: 277.82 | K26: AM-Shoulder | L26: 5724.01 | M26: 5328.58 | P26: AM-Shoulder | Q26: 7208.85 | R26: 5606.4
B27: MD | C27: 0.16 | D27: 0.19 | F27: MD | G27: 7008.93 | H27: 7004.63 | K27: MD | L27: 43501.32 | M27: 36113.62 | P27: MD | Q27: 50510.25 | R27: 43118.25
B28: PM-Shoulder | C28: 0.2 | D28: 0.26 | F28: PM-Shoulder | G28: 1402.52 | H28: 1400.22 | K28: PM-Shoulder | L28: 6348.93 | M28: 4858.97 | P28: PM-Shoulder | Q28: 7751.45 | R28: 6259.19
B29: PM-Peak | C29: 0.18 | D29: 0.18 | F29: PM-Peak | G29: 4093.68 | H29: 3872.61 | K29: PM-Peak | L29: 18930.02 | M29: 17896.57 | P29: PM-Peak | Q29: 23023.7 | R29: 21769.18
B30: PM-Late | C30: 0.29 | D30: 0.35 | F30: PM-Late | G30: 4213.93 | H30: 4218.97 | K30: PM-Late | L30: 12525.92 | M30: 9211.47 | P30: PM-Late | Q30: 16739.85 | R30: 13430.44
B33: Revenue Per Period | F33: ML Flow (PCE/hr) | K33: GP Flow (PCE/hr) | P33: Highway Flow
B34: Direction | C34: NB | D34: SB | F34: Direction | G34: NB | H34: SB | K34: Direction | L34: NB | M34: SB | P34: Direction | Q34: NB | R34: SB
B35: Segment | C35: 16 | D35: 16 | F35: Segment | G35: 16 | H35: 16 | K35: Segment | L35: 16 | M35: 16 | P35: Segment | Q35: 16 | R35: 16
B36: Period | F36: Period | K36: Period | P36: Period
B37: Night | C37: 1349.67 | D37: 3644.04 | F37: Night | G37: 311.05 | H37: 820.9 | K37: Night | L37: 2400 | M37: 2400 | P37: Night | Q37: 2711.05 | R37: 3220.9
B38: AM-Early | C38: 9875.84 | D38: 11565.74 | F38: AM-Early | G38: 1417.1 | H38: 1592.89 | K38: AM-Early | L38: 5901.2 | M38: 7966.56 | P38: AM-Early | Q38: 7318.3 | R38: 9559.45
B39: AM-Peak | C39: 12242.93 | D39: 20936.19 | F39: AM-Peak | G39: 1407.42 | H39: 1403.8 | K39: AM-Peak | L39: 4519.78 | M39: 5206.75 | P39: AM-Peak | Q39: 5927.2 | R39: 6610.55
B40: AM-Shoulder | C40: 7006.77 | D40: 703.11 | F40: AM-Shoulder | G40: 1484.84 | H40: 277.82 | K40: AM-Shoulder | L40: 5724.01 | M40: 5328.58 | P40: AM-Shoulder | Q40: 7208.85 | R40: 5606.4
B41: MD | C41: 68232.84 | D41: 39618.88 | F41: MD | G41: 1401.79 | H41: 1400.93 | K41: MD | L41: 8700.26 | M41: 7222.72 | P41: MD | Q41: 10102.05 | R41: 8623.65
B42: PM-Shoulder | C42: 9407.81 | D42: 4526.48 | F42: PM-Shoulder | G42: 1402.52 | H42: 1400.22 | K42: PM-Shoulder | L42: 6348.93 | M42: 4858.97 | P42: PM-Shoulder | Q42: 7751.45 | R42: 6259.19
B43: PM-Peak | C43: 9510.27 | D43: 9378.29 | F43: PM-Peak | G43: 1364.56 | H43: 1290.87 | K43: PM-Peak | L43: 6310.01 | M43: 5965.52 | P43: PM-Peak | Q43: 7674.57 | R43: 7256.39
B44: PM-Late | C44: 26104.59 | D44: 19145.75 | F44: PM-Late | G44: 1404.64 | H44: 1406.32 | K44: PM-Late | L44: 4175.31 | M44: 3070.49 | P44: PM-Late | Q44: 5579.95 | R44: 4476.81
B47: Revenue Per Period Lights | F47: ML V/C | K47: GP V/C real | P47: Highway Vol / GP Capacity
B48: Direction | C48: NB | D48: SB | F48: Direction | G48: NB | H48: SB | K48: Direction | L48: NB | M48: SB | P48: Direction | Q48: NB | R48: SB
B49: Segment | C49: 16 | D49: 16 | F49: Segment | G49: 16 | H49: 16 | K49: Segment | L49: 16 | M49: 16 | P49: Segment | Q49: 16 | R49: 16
B50: Period | F50: Period | K50: Period | P50: Period
B51: Night | C51: 801.22 | D51: 1998.32 | F51: Night | G51: 0.09 | H51: 0.23 | K51: Night | L51: 0.3 | M51: 0.3 | P51: Night | Q51: 0.34 | R51: 0.4
B52: AM-Early | C52: 8114.24 | D52: 9260.29 | F52: AM-Early | G52: 0.39 | H52: 0.44 | K52: AM-Early | L52: 0.8 | M52: 0.81 | P52: AM-Early | Q52: 0.99 | R52: 0.97
B53: AM-Peak | C53: 8312.59 | D53: 14852.98 | F53: AM-Peak | G53: 0.39 | H53: 0.39 | K53: AM-Peak | L53: 0.55 | M53: 0.64 | P53: AM-Peak | Q53: 0.72 | R53: 0.81
B54: AM-Shoulder | C54: 4841.52 | D54: 383.68 | F54: AM-Shoulder | G54: 0.41 | H54: 0.08 | K54: AM-Shoulder | L54: 0.72 | M54: 0.51 | P54: AM-Shoulder | Q54: 0.9 | R54: 0.54
B55: MD | C55: 53511.27 | D55: 29366.34 | F55: MD | G55: 0.39 | H55: 0.39 | K55: MD | L55: 0.84 | M55: 0.72 | P55: MD | Q55: 0.97 | R55: 0.86
B56: PM-Shoulder | C56: 8050.77 | D56: 3704.95 | F56: PM-Shoulder | G56: 0.39 | H56: 0.39 | K56: PM-Shoulder | L56: 0.75 | M56: 0.61 | P56: PM-Shoulder | Q56: 0.92 | R56: 0.78
B57: PM-Peak | C57: 6983.66 | D57: 6028.78 | F57: PM-Peak | G57: 0.38 | H57: 0.36 | K57: PM-Peak | L57: 0.79 | M57: 0.75 | P57: PM-Peak | Q57: 0.96 | R57: 0.91
B58: PM-Late | C58: 20379.42 | D58: 15544.61 | F58: PM-Late | G58: 0.39 | H58: 0.39 | K58: PM-Late | L58: 0.77 | M58: 0.72 | P58: PM-Late | Q58: 1.03 | R58: 1.05
B61: Revenue Per Period Medium A | F61: ML Speed | K61: GP Speed | P61: Time Saving
B62: Direction | C62: NB | D62: SB | F62: Direction | G62: NB | H62: SB | K62: Direction | L62: NB | M62: SB | P62: Direction | Q62: NB | R62: SB
B63: Segment | C63: 16 | D63: 16 | F63: Segment | G63: 16 | H63: 16 | K63: Segment | L63: 16 | M63: 16 | P63: Segment | Q63: 16 | R63: 16
B64: Period | F64: Period | K64: Period | P64: Period
B65: Night | C65: 73.66 | D65: 88.44 | F65: Night | G65: 75 | H65: 74.99 | K65: Night | L65: 69.95 | M65: 69.95 | P65: Night | Q65: -0.15 | R65: -0.15
B66: AM-Early | C66: 579.89 | D66: 609.94 | F66: AM-Early | G66: 74.66 | H66: 74.3 | K66: AM-Early | L66: 55.35 | M66: 54.92 | P66: AM-Early | Q66: -0.73 | R66: -0.74
B67: AM-Peak | C67: 1018.53 | D67: 1765.22 | F67: AM-Peak | G67: 74.68 | H67: 74.68 | K67: AM-Peak | L67: 68.17 | M67: 65.43 | P67: AM-Peak | Q67: -0.2 | R67: -0.3
B68: AM-Shoulder | C68: 531.77 | D68: 74.3 | F68: AM-Shoulder | G68: 74.55 | H68: 75 | K68: AM-Shoulder | L68: 61.72 | M68: 68.76 | P68: AM-Shoulder | Q68: -0.43 | R68: -0.19
B69: MD | C69: 3553.87 | D69: 2703.34 | F69: MD | G69: 74.69 | H69: 74.69 | K69: MD | L69: 52.13 | M69: 61.41 | P69: MD | Q69: -0.9 | R69: -0.45
B70: PM-Shoulder | C70: 433.89 | D70: 225.68 | F70: PM-Shoulder | G70: 74.69 | H70: 74.69 | K70: PM-Shoulder | L70: 59.1 | M70: 66.65 | P70: PM-Shoulder | Q70: -0.55 | R70: -0.25
B71: PM-Peak | C71: 502.75 | D71: 484.28 | F71: PM-Peak | G71: 74.73 | H71: 74.81 | K71: PM-Peak | L71: 56.42 | M71: 59.73 | P71: PM-Peak | Q71: -0.68 | R71: -0.53
B72: PM-Late | C72: 587.88 | D72: 388.8 | F72: PM-Late | G72: 74.68 | H72: 74.68 | K72: PM-Late | L72: 58.07 | M72: 61.43 | P72: PM-Late | Q72: -0.6 | R72: -0.45
B75: Revenue Per Period Medium B | F75: ML time | K75: GP Time | P75: Difference in travel time
B76: Direction | C76: NB | D76: SB | F76: Direction | G76: NB | H76: SB | K76: Direction | L76: NB | M76: SB | P76: Direction | Q76: NB | R76: SB
B77: Segment | C77: 16 | D77: 16 | F77: Segment | G77: 16 | H77: 16 | K77: Segment | L77: 16 | M77: 16 | P77: Segment | Q77: 16 | R77: 16
B78: Period | F78: Period | K78: Period | P78: Period
B79: Night | C79: 3.64 | D79: 4.47 | F79: Night | G79: 2.08 | H79: 2.08 | K79: Night | L79: 2.23 | M79: 2.23 | P79: Night | Q79: -0.07 | R79: -0.07
B80: AM-Early | C80: 280.13 | D80: 223.27 | F80: AM-Early | G80: 2.09 | H80: 2.1 | K80: AM-Early | L80: 2.82 | M80: 2.84 | P80: AM-Early | Q80: -0.26 | R80: -0.26
B81: AM-Peak | C81: 286.39 | D81: 504.57 | F81: AM-Peak | G81: 2.09 | H81: 2.09 | K81: AM-Peak | L81: 2.29 | M81: 2.38 | P81: AM-Peak | Q81: -0.09 | R81: -0.12
B82: AM-Shoulder | C82: 147.43 | D82: 26.37 | F82: AM-Shoulder | G82: 2.09 | H82: 2.08 | K82: AM-Shoulder | L82: 2.53 | M82: 2.27 | P82: AM-Shoulder | Q82: -0.17 | R82: -0.08
B83: MD | C83: 1420.98 | D83: 763.05 | F83: MD | G83: 2.09 | H83: 2.09 | K83: MD | L83: 2.99 | M83: 2.54 | P83: MD | Q83: -0.3 | R83: -0.18
B84: PM-Shoulder | C84: 140.54 | D84: 53.92 | F84: PM-Shoulder | G84: 2.09 | H84: 2.09 | K84: PM-Shoulder | L84: 2.64 | M84: 2.34 | P84: PM-Shoulder | Q84: -0.21 | R84: -0.11
B85: PM-Peak | C85: 106.2 | D85: 177.63 | F85: PM-Peak | G85: 2.09 | H85: 2.09 | K85: PM-Peak | L85: 2.77 | M85: 2.61 | P85: PM-Peak | Q85: -0.25 | R85: -0.2
B86: PM-Late | C86: 17.6 | D86: 16.48 | F86: PM-Late | G86: 2.09 | H86: 2.09 | K86: PM-Late | L86: 2.69 | M86: 2.54 | P86: PM-Late | Q86: -0.22 | R86: -0.18
B89: Revenue Per Period Heavy A | F89: ML light veh.Miles | K89: GP light veh.Miles | P89: LVr Toll
B90: Direction | C90: NB | D90: SB | F90: Direction | G90: NB | H90: SB | K90: Direction | L90: NB | M90: SB | P90: Direction | Q90: NB | R90: SB
B91: Segment | C91: 16 | D91: 16 | F91: Segment | G91: 16 | H91: 16 | K91: Segment | L91: 16 | M91: 16 | P91: Segment | Q91: 16 | R91: 16
B92: Period | F92: Period | K92: Period | P92: Period
B93: Night | C93: 471.15 | D93: 1552.81 | F93: Night | G93: 4006.08 | H93: 9991.6 | K93: Night | L93: 21817.9 | M93: 25736.82 | P93: Night | Q93: 0.52 | R93: 0.52
B94: AM-Early | C94: 901.58 | D94: 1472.24 | F94: AM-Early | G94: 3252.2 | H94: 3596.23 | K94: AM-Early | L94: 9629.76 | M94: 15275.09 | P94: AM-Early | Q94: 6.49 | R94: 6.69
B95: AM-Peak | C95: 2625.42 | D95: 3813.42 | F95: AM-Peak | G95: 8525.74 | H95: 8762.82 | K95: AM-Peak | L95: 21409.1 | M95: 25885.56 | P95: AM-Peak | Q95: 2.53 | R95: 4.41
B96: AM-Shoulder | C96: 1486.05 | D96: 218.76 | F96: AM-Shoulder | G96: 3035.44 | H96: 479.6 | K96: AM-Shoulder | L96: 9147.64 | M96: 9112.32 | P96: AM-Shoulder | Q96: 4.15 | R96: 2.08
B97: MD | C97: 9746.72 | D97: 6786.16 | F97: MD | G97: 15610.21 | H97: 15021.14 | K97: MD | L97: 80288.19 | M97: 62409.46 | P97: MD | Q97: 8.91 | R97: 5.08
B98: PM-Shoulder | C98: 782.61 | D98: 541.92 | F98: PM-Shoulder | G98: 3306.27 | H98: 3207.75 | K98: PM-Shoulder | L98: 12835.05 | M98: 9240.39 | P98: PM-Shoulder | Q98: 6.33 | R98: 3
B99: PM-Peak | C99: 1917.66 | D99: 2687.6 | F99: PM-Peak | G99: 8729.57 | H99: 7535.97 | K99: PM-Peak | L99: 39868.08 | M99: 34369.09 | P99: PM-Peak | Q99: 2.08 | R99: 2.08
B100: PM-Late | C100: 5119.7 | D100: 3195.85 | F100: PM-Late | G100: 9369.89 | H100: 9625.15 | K100: PM-Late | L100: 22426.81 | M100: 17575.56 | P100: PM-Late | Q100: 5.65 | R100: 4.2
B103: % Workday Revenue | F103: ML light veh/period | K103: GP light veh/period | P103: Medium A Toll
B104: Direction | C104: NB | D104: SB | F104: Direction | G104: NB | H104: SB | K104: Direction | L104: NB | M104: SB | P104: Direction | Q104: NB | R104: SB
B105: Segment | C105: 16 | D105: 16 | F105: Segment | G105: 16 | H105: 16 | K105: Segment | L105: 16 | M105: 16 | P105: Segment | Q105: 16 | R105: 16
B106: Period | F106: Period | K106: Period | P106: Period
B107: Night | C107: 0.0093902681 | D107: 0.033273289 | F107: Night | G107: 1540.8 | H107: 3842.92 | K107: Night | L107: 8391.5 | M107: 9898.78 | P107: Night | Q107: 2.08 | R107: 2.08
B108: AM-Early | C108: 0.068710711 | D108: 0.10560537 | F108: AM-Early | G108: 1250.85 | H108: 1383.17 | K108: AM-Early | L108: 3703.75 | M108: 5875.03 | P108: AM-Early | Q108: 25.95 | R108: 26.78
B109: AM-Peak | C109: 0.085179633 | D109: 0.19116582 | F109: AM-Peak | G109: 3279.13 | H109: 3370.31 | K109: AM-Peak | L109: 8234.27 | M109: 9955.99 | P109: AM-Peak | Q109: 10.14 | R109: 17.63
B110: AM-Shoulder | C110: 0.048749286 | D110: 0.0064200124 | F110: AM-Shoulder | G110: 1167.48 | H110: 184.46 | K110: AM-Shoulder | L110: 3518.32 | M110: 3504.74 | P110: AM-Shoulder | Q110: 16.59 | R110: 8.32
B111: MD | C111: 0.47472691 | D111: 0.3617552 | F111: MD | G111: 6003.93 | H111: 5777.36 | K111: MD | L111: 30880.07 | M111: 24003.64 | P111: MD | Q111: 35.65 | R111: 20.33
B112: PM-Shoulder | C112: 0.065454414 | D112: 0.041330742 | F112: PM-Shoulder | G112: 1271.64 | H112: 1233.75 | K112: PM-Shoulder | L112: 4936.56 | M112: 3554 | P112: PM-Shoulder | Q112: 25.32 | R112: 12.01
B113: PM-Peak | C113: 0.066167274 | D113: 0.085632032 | F113: PM-Peak | G113: 3357.53 | H113: 2898.45 | K113: PM-Peak | L113: 15333.88 | M113: 13218.88 | P113: PM-Peak | Q113: 8.32 | R113: 8.32
B114: PM-Late | C114: 0.18162151 | D114: 0.17481753 | F114: PM-Late | G114: 3603.81 | H114: 3701.98 | K114: PM-Late | L114: 8625.69 | M114: 6759.83 | P114: PM-Late | Q114: 22.62 | R114: 16.8
F117: ML medium A veh.Miles | K117: GP medium A veh.Miles | P117: Implied VOT
...

Sheet Sheet1
B1: 2025-2032 | F1: 2025-2032
B2: GP Flow (PCE/hr) | F2: CaptureRateLights
B3: Direction | C3: NB | D3: SB | F3: Direction | G3: NB | H3: SB
B4: Segment | C4: 16 | D4: 16 | F4: Segment | G4: 16 | H4: 16
B5: Period | F5: Period
B6: Night | C6: =Year_2032!L37/Year_2025!L37-1 -> 0.24575451 | D6: =Year_2032!M37/Year_2025!M37-1 -> 0.2456697 | F6: Night | G6: =Year_2032!C23/Year_2025!C23-1 -> 0 | H6: =Year_2032!D23/Year_2025!D23-1 -> 0
B7: AM-Early | C7: =Year_2032!L38/Year_2025!L38-1 -> 0.18406219 | D7: =Year_2032!M38/Year_2025!M38-1 -> 0.18566775 | F7: AM-Early | G7: =Year_2032!C24/Year_2025!C24-1 -> 0.33333333 | H7: =Year_2032!D24/Year_2025!D24-1 -> 0.41666667
B8: AM-Peak | C8: =Year_2032!L39/Year_2025!L39-1 -> 0.18558435 | D8: =Year_2032!M39/Year_2025!M39-1 -> 0.16351166 | F8: AM-Peak | G8: =Year_2032!C25/Year_2025!C25-1 -> 0.33333333 | H8: =Year_2032!D25/Year_2025!D25-1 -> 0.4
B9: AM-Shoulder | C9: =Year_2032!L40/Year_2025!L40-1 -> 0.20804332 | D9: =Year_2032!M40/Year_2025!M40-1 -> 0.19653205 | F9: AM-Shoulder | G9: =Year_2032!C26/Year_2025!C26-1 -> 0.2 | H9: =Year_2032!D26/Year_2025!D26-1 -> 0.625
B10: MD | C10: =Year_2032!L41/Year_2025!L41-1 -> 0.18754249 | D10: =Year_2032!M41/Year_2025!M41-1 -> 0.21286281 | F10: MD | G10: =Year_2032!C27/Year_2025!C27-1 -> 0.41666667 | H10: =Year_2032!D27/Year_2025!D27-1 -> 0.15384615
B11: PM-Shoulder | C11: =Year_2032!L42/Year_2025!L42-1 -> 0.19804223 | D11: =Year_2032!M42/Year_2025!M42-1 -> 0.23739227 | F11: PM-Shoulder | G11: =Year_2032!C28/Year_2025!C28-1 -> 0.28571429 | H11: =Year_2032!D28/Year_2025!D28-1 -> 0.066666667
B12: PM-Peak | C12: =Year_2032!L43/Year_2025!L43-1 -> 0.37772179 | D12: =Year_2032!M43/Year_2025!M43-1 -> 0.36261289 | F12: PM-Peak | G12: =Year_2032!C29/Year_2025!C29-1 -> -0.6875 | H12: =Year_2032!D29/Year_2025!D29-1 -> -0.6875
B13: PM-Late | C13: =Year_2032!L44/Year_2025!L44-1 -> 0.1770138 | D13: =Year_2032!M44/Year_2025!M44-1 -> 0.16270078 | F13: PM-Late | G13: =Year_2032!C30/Year_2025!C30-1 -> 0.26315789 | H13: =Year_2032!D30/Year_2025!D30-1 -> 0.23809524
B16: 2032-2040 | F16: 2032-2040
B17: GP Flow (PCE/hr) | F17: CaptureRateLights
B18: Direction | C18: NB | D18: SB | F18: Direction | G18: NB | H18: SB
B19: Segment | C19: 16 | D19: 16 | F19: Segment | G19: 16 | H19: 16
B20: Period | F20: Period
B21: Night | C21: =Year_2040!L37/Year_2032!L37-1 -> 0.15026372 | D21: =Year_2040!M37/Year_2032!M37-1 -> 0.054083255 | F21: Night | G21: =Year_2040!C23/Year_2032!C23-1 -> 0 | H21: =Year_2040!D23/Year_2032!D23-1 -> 2.4
B22: AM-Early | C22: =Year_2040!L38/Year_2032!L38-1 -> 0.069337575 | D22: =Year_2040!M38/Year_2032!M38-1 -> 0.11983655 | F22: AM-Early | G22: =Year_2040!C24/Year_2032!C24-1 -> 0.5 | H22: =Year_2040!D24/Year_2032!D24-1 -> 0.17647059
B23: AM-Peak | C23: =Year_2040!L39/Year_2032!L39-1 -> 0.083897604 | D23: =Year_2040!M39/Year_2032!M39-1 -> 0.084956529 | F23: AM-Peak | G23: =Year_2040!C25/Year_2032!C25-1 -> 0.25 | H23: =Year_2040!D25/Year_2032!D25-1 -> 0.28571429
B24: AM-Shoulder | C24: =Year_2040!L40/Year_2032!L40-1 -> 0.071838717 | D24: =Year_2040!M40/Year_2032!M40-1 -> 0.1229863 | F24: AM-Shoulder | G24: =Year_2040!C26/Year_2032!C26-1 -> 0.38888889 | H24: =Year_2040!D26/Year_2032!D26-1 -> 0.23076923
B25: MD | C25: =Year_2040!L41/Year_2032!L41-1 -> 0.12410044 | D25: =Year_2040!M41/Year_2032!M41-1 -> 0.084307088 | F25: MD | G25: =Year_2040!C27/Year_2032!C27-1 -> 0.11764706 | H25: =Year_2040!D27/Year_2032!D27-1 -> 0.4
B26: PM-Shoulder | C26: =Year_2040!L42/Year_2032!L42-1 -> 0.077021717 | D26: =Year_2040!M42/Year_2032!M42-1 -> 0.067132329 | F26: PM-Shoulder | G26: =Year_2040!C28/Year_2032!C28-1 -> 0.33333333 | H26: =Year_2040!D28/Year_2032!D28-1 -> 0.4375
B27: PM-Peak | C27: =Year_2040!L43/Year_2032!L43-1 -> 0.15208091 | D27: =Year_2040!M43/Year_2032!M43-1 -> 0.15211629 | F27: PM-Peak | G27: =Year_2040!C29/Year_2032!C29-1 -> 0 | H27: =Year_2040!D29/Year_2032!D29-1 -> 0
B28: PM-Late | C28: =Year_2040!L44/Year_2032!L44-1 -> 0.04266858 | D28: =Year_2040!M44/Year_2032!M44-1 -> 0.027073686 | F28: PM-Late | G28: =Year_2040!C30/Year_2032!C30-1 -> 0.375 | H28: =Year_2040!D30/Year_2032!D30-1 -> 0.34615385
B31: 2040-2050 | F31: 2032-2040
B32: GP Flow (PCE/hr) | F32: CaptureRateLights
B33: Direction | C33: NB | D33: SB | F33: Direction | G33: NB | H33: SB
B34: Segment | C34: 16 | D34: 16 | F34: Segment | G34: 16 | H34: 16
B35: Period | F35: Period
B36: Night | C36: =Year_2050!L37/Year_2040!L37-1 -> 0.088504486 | D36: =Year_2050!M37/Year_2040!M37-1 -> 0 | F36: Night | G36: =Year_2050!C23/Year_2040!C23-1 -> 2.2 | H36: =Year_2050!D23/Year_2040!D23-1 -> 0.64705882
B37: AM-Early | C37: =Year_2050!L38/Year_2040!L38-1 -> 0.21740745 | D37: =Year_2050!M38/Year_2040!M38-1 -> 0.1717063 | F37: AM-Early | G37: =Year_2050!C24/Year_2040!C24-1 -> -0.16666667 | H37: =Year_2050!D24/Year_2040!D24-1 -> -0.05
B38: AM-Peak | C38: =Year_2050!L39/Year_2040!L39-1 -> 0.12447723 | D38: =Year_2050!M39/Year_2040!M39-1 -> 0.1826588 | F38: AM-Peak | G38: =Year_2050!C25/Year_2040!C25-1 -> 0.12 | H38: =Year_2050!D25/Year_2040!D25-1 -> -0.074074074
B39: AM-Shoulder | C39: =Year_2050!L40/Year_2040!L40-1 -> 0.16595238 | D39: =Year_2050!M40/Year_2040!M40-1 -> 0.27103673 | F39: AM-Shoulder | G39: =Year_2050!C26/Year_2040!C26-1 -> 0 | H39: =Year_2050!D26/Year_2040!D26-1 -> -0.6875
B40: MD | C40: =Year_2050!L41/Year_2040!L41-1 -> 0.20066352 | D40: =Year_2050!M41/Year_2040!M41-1 -> 0.18996718 | F40: MD | G40: =Year_2050!C27/Year_2040!C27-1 -> -0.15789474 | H40: =Year_2050!D27/Year_2040!D27-1 -> -0.095238095
B41: PM-Shoulder | C41: =Year_2050!L42/Year_2040!L42-1 -> 0.21140593 | D41: =Year_2050!M42/Year_2040!M42-1 -> 0.12982224 | F41: PM-Shoulder | G41: =Year_2050!C28/Year_2040!C28-1 -> -0.16666667 | H41: =Year_2050!D28/Year_2040!D28-1 -> 0.13043478
B42: PM-Peak | C42: =Year_2050!L43/Year_2040!L43-1 -> 0.0086526596 | D42: =Year_2050!M43/Year_2040!M43-1 -> 0.0085017827 | F42: PM-Peak | G42: =Year_2050!C29/Year_2040!C29-1 -> 2.6 | H42: =Year_2050!D29/Year_2040!D29-1 -> 2.6
B43: PM-Late | C43: =Year_2050!L44/Year_2040!L44-1 -> 0.21257558 | D43: =Year_2050!M44/Year_2040!M44-1 -> 0.15461037 | F43: PM-Late | G43: =Year_2050!C30/Year_2040!C30-1 -> -0.12121212 | H43: =Year_2050!D30/Year_2040!D30-1 -> 0
