Workbook

Sheet Year_2025
B1: Lenght
C2: 1 | D2: 2 | E2: 3 | F2: 4 | G2: 5 | H2: 6 | I2: 7 | J2: 8 | K2: 9 | L2: 10
B3: Length | C3: 1.3 | D3: 1.3 | E3: 0.5 | F3: 1.6 | G3: 2 | H3: 3.6 | I3: 2.9 | J3: 3.8 | K3: 3.4 | L3: 4.5
B5: TollLights | X5: ML PCE.Miles | AU5: GP PCE.Miles | BR5: Highway PCE.Miles
B6: Direction | C6: NB | D6: SB | E6: NB | F6: SB | G6: NB | H6: SB | I6: NB | J6: SB | K6: NB | L6: SB | M6: NB | N6: SB | O6: NB | P6: SB | Q6: NB | R6: SB | S6: NB | T6: SB | U6: NB | V6: SB | X6: Direction | Y6: NB | Z6: SB | AA6: NB | AB6: SB | AC6: NB | AD6: SB | AE6: NB | AF6: SB | AG6: NB | AH6: SB | AI6: NB | AJ6: SB | AK6: NB | AL6: SB | AM6: NB | AN6: SB | AO6: NB | AP6: SB | AQ6: NB | AR6: SB | AU6: Direction | AV6: NB | AW6: SB | AX6: NB | AY6: SB | AZ6: NB | BA6: SB | BB6: NB | BC6: SB | BD6: NB | BE6: SB | BF6: NB | BG6: SB | BH6: NB | BI6: SB | BJ6: NB | BK6: SB | BL6: NB | BM6: SB | BN6: NB | BO6: SB | BR6: Direction | BS6: NB | BT6: SB | BU6: NB | BV6: SB | BW6: NB | BX6: SB | BY6: NB | BZ6: SB | CA6: NB | CB6: SB | CC6: NB | CD6: SB | CE6: NB | CF6: SB | CG6: NB | CH6: SB | CI6: NB | CJ6: SB | CK6: NB | CL6: SB
B7: Segment | C7: 1 | D7: 1 | E7: 2 | F7: 2 | G7: 3 | H7: 3 | I7: 4 | J7: 4 | K7: 5 | L7: 5 | M7: 6 | N7: 6 | O7: 7 | P7: 7 | Q7: 8 | R7: 8 | S7: 9 | T7: 9 | U7: 10 | V7: 10 | X7: Segment | Y7: 1 | Z7: 1 | AA7: 2 | AB7: 2 | AC7: 3 | AD7: 3 | AE7: 4 | AF7: 4 | AG7: 5 | AH7: 5 | AI7: 6 | AJ7: 6 | AK7: 7 | AL7: 7 | AM7: 8 | AN7: 8 | AO7: 9 | AP7: 9 | AQ7: 10 | AR7: 10 | AU7: Segment | AV7: 1 | AW7: 1 | AX7: 2 | AY7: 2 | AZ7: 3 | BA7: 3 | BB7: 4 | BC7: 4 | BD7: 5 | BE7: 5 | BF7: 6 | BG7: 6 | BH7: 7 | BI7: 7 | BJ7: 8 | BK7: 8 | BL7: 9 | BM7: 9 | BN7: 10 | BO7: 10 | BR7: Segment | BS7: 1 | BT7: 1 | BU7: 2 | BV7: 2 | BW7: 3 | BX7: 3 | BY7: 4 | BZ7: 4 | CA7: 5 | CB7: 5 | CC7: 6 | CD7: 6 | CE7: 7 | CF7: 7 | CG7: 8 | CH7: 8 | CI7: 9 | CJ7: 9 | CK7: 10 | CL7: 10
B8: Period | X8: Period | AU8: Period | BR8: Period
B9: Night | C9: 0.2 | D9: 0.2 | E9: 0.2 | F9: 0.2 | G9: 0.2 | H9: 0.2 | I9: 0.2 | J9: 0.2 | K9: 0.2 | L9: 0.2 | M9: 0.2 | N9: 0.2 | O9: 0.2 | P9: 0.2 | Q9: 0.2 | R9: 0.2 | S9: 0.2 | T9: 0.2 | U9: 0.2 | V9: 0.2 | X9: Night | Y9: 340.76 | Z9: 338.1 | AA9: 294.72 | AB9: 270.97 | AC9: 96.77 | AD9: 121.72 | AE9: 238.39 | AF9: 243.89 | AG9: 323.32 | AH9: 284.64 | AI9: 588.18 | AJ9: 504.34 | AK9: 458.8 | AL9: 394.39 | AM9: 583.44 | AN9: 531.54 | AO9: 460.68 | AP9: 351.44 | AQ9: 614.57 | AR9: 487.45 | AU9: Night | AV9: 20165.18 | AW9: 20029.52 | AX9: 15211.68 | AY9: 14234.43 | AZ9: 5587.23 | BA9: 6657.95 | BB9: 23020.65 | BC9: 22895.31 | BD9: 32758.68 | BE9: 28905.36 | BF9: 59035.02 | BG9: 51029.66 | BH9: 46596.6 | BI9: 39596.61 | BJ9: 58548.36 | BK9: 53306.86 | BL9: 46044.52 | BM9: 35515.16 | BN9: 61786.93 | BO9: 48967.55 | BR9: Night | BS9: 20505.94 | BT9: 20367.62 | BU9: 15506.4 | BV9: 14505.4 | BW9: 5684 | BX9: 6779.68 | BY9: 23259.04 | BZ9: 23139.2 | CA9: 33082 | CB9: 29190 | CC9: 59623.2 | CD9: 51534 | CE9: 47055.4 | CF9: 39991 | CG9: 59131.8 | CH9: 53838.4 | CI9: 46505.2 | CJ9: 35866.6 | CK9: 62401.5 | CL9: 49455
B10: AM-Early | C10: 0.47 | D10: 0.33 | E10: 0.37 | F10: 0.27 | G10: 0.46 | H10: 0.33 | I10: 0.41 | J10: 0.58 | K10: 0.45 | L10: 0.46 | M10: 0.54 | N10: 0.48 | O10: 0.58 | P10: 0.51 | Q10: 0.55 | R10: 0.42 | S10: 0.53 | T10: 0.4 | U10: 0.4 | V10: 0.27 | X10: AM-Early | Y10: 1259.23 | Z10: 772.69 | AA10: 1252.59 | AB10: 801.78 | AC10: 318.47 | AD10: 394.04 | AE10: 1724.83 | AF10: 1183.3 | AG10: 2055.65 | AH10: 1393.62 | AI10: 3573.99 | AJ10: 2530 | AK10: 2480.59 | AL10: 2170.37 | AM10: 3090.09 | AN10: 2740.27 | AO10: 2698.09 | AP10: 2022.46 | AQ10: 4115.39 | AR10: 2529.69 | AU10: AM-Early | AV10: 7107.89 | AW10: 4663.78 | AX10: 6248.8 | AY10: 4182.68 | AZ10: 1677.53 | BA10: 2059.81 | BB10: 8810.29 | BC10: 6432.7 | BD10: 11383.05 | BE10: 8158.38 | BF10: 19894.05 | BG10: 14926.4 | BH10: 14063.91 | BI10: 12686.33 | BJ10: 17678.82 | BK10: 15872.89 | BL10: 15472.24 | BM10: 12106.54 | BN10: 24249.24 | BO10: 15502.26 | BR10: AM-Early | BS10: 8367.12 | BT10: 5436.47 | BU10: 7501.39 | BV10: 4984.46 | BW10: 1996 | BX10: 2453.85 | BY10: 10535.12 | BZ10: 7616 | CA10: 13438.7 | CB10: 9552 | CC10: 23468.04 | CD10: 17456.4 | CE10: 16544.5 | CF10: 14856.7 | CG10: 20768.9 | CH10: 18613.16 | CI10: 18170.33 | CJ10: 14129.01 | CK10: 28364.62 | CL10: 18031.95
B11: AM-Peak | C11: 1.6 | D11: 0.2 | E11: 2.65 | F11: 0.2 | G11: 1.6 | H11: 1.6 | I11: 1.5 | J11: 0.9 | K11: 1.6 | L11: 0.87 | M11: 1.6 | N11: 0.88 | O11: 1.6 | P11: 0.89 | Q11: 1.6 | R11: 0.84 | S11: 0.95 | T11: 0.75 | U11: 0.71 | V11: 0.65 | X11: AM-Peak | Y11: 5753.96 | Z11: 578.51 | AA11: 5720.99 | AB11: 504.21 | AC11: 1579.57 | AD11: 3016.75 | AE11: 5684.06 | AF11: 4069 | AG11: 7566.43 | AH11: 4603.66 | AI11: 15974.38 | AJ11: 8199.13 | AK11: 16717.76 | AL11: 6589.03 | AM11: 18242.95 | AN11: 8447.18 | AO11: 8422.63 | AP11: 6576.73 | AQ11: 8575.27 | AR11: 7626.94 | AU11: AM-Peak | AV11: 27060.71 | AW11: 11829.54 | AX11: 30123.13 | AY11: 9629.74 | AZ11: 7802.7 | BA11: 11118.63 | BB11: 31090.22 | BC11: 22842.93 | BD11: 41429.47 | BE11: 28197.57 | BF11: 77644.3 | BG11: 50878.64 | BH11: 66802.24 | BI11: 41207.9 | BJ11: 81235.73 | BK11: 51835.63 | BL11: 51179.67 | BM11: 41768.22 | BN11: 53456.83 | BO11: 48381.74 | BR11: AM-Peak | BS11: 32814.67 | BT11: 12408.04 | BU11: 35844.12 | BV11: 10133.96 | BW11: 9382.27 | BX11: 14135.38 | BY11: 36774.29 | BZ11: 26911.93 | CA11: 48995.9 | CB11: 32801.23 | CC11: 93618.67 | CD11: 59077.77 | CE11: 83520 | CF11: 47796.93 | CG11: 99478.68 | CH11: 60282.81 | CI11: 59602.3 | CJ11: 48344.94 | CK11: 62032.1 | CL11: 56008.68
B12: AM-Shoulder | C12: 1.6 | D12: 0.49 | E12: 1.57 | F12: 0.2 | G12: 1.6 | H12: 1.6 | I12: 0.97 | J12: 0.68 | K12: 1.12 | L12: 0.61 | M12: 1.2 | N12: 0.59 | O12: 1.2 | P12: 0.59 | Q12: 0.79 | R12: 0.55 | S12: 0.55 | T12: 0.52 | U12: 0.5 | V12: 0.47 | X12: AM-Shoulder | Y12: 1625.16 | Z12: 687.54 | AA12: 1735.66 | AB12: 208.57 | AC12: 564.18 | AD12: 644.99 | AE12: 1722.25 | AF12: 1358.94 | AG12: 2127.24 | AH12: 1546.32 | AI12: 3882.83 | AJ12: 2661.82 | AK12: 3093.41 | AL12: 2126.11 | AM12: 3439.74 | AN12: 2685.22 | AO12: 2447.13 | AP12: 2173.37 | AQ12: 2873.61 | AR12: 2685.46 | AU12: AM-Shoulder | AV12: 9294.84 | AW12: 4501.28 | AX12: 9184.34 | AY12: 3986.01 | AZ12: 3030.19 | BA12: 3555.01 | BB12: 9734.47 | BC12: 7957.35 | BD12: 13097.12 | BE12: 9711.36 | BF12: 24129.09 | BG12: 17041.14 | BH12: 19418.51 | BI12: 13700.4 | BJ12: 21460.58 | BK12: 17074.88 | BL12: 15329.58 | BM12: 14463.45 | BN12: 18654.36 | BO12: 17741 | BR12: AM-Shoulder | BS12: 10920 | BT12: 5188.82 | BU12: 10920 | BV12: 4194.58 | BW12: 3594.36 | BX12: 4200 | BY12: 11456.72 | BZ12: 9316.29 | CA12: 15224.36 | CB12: 11257.68 | CC12: 28011.92 | CD12: 19702.96 | CE12: 22511.92 | CF12: 15826.51 | CG12: 24900.32 | CH12: 19760.1 | CI12: 17776.71 | CJ12: 16636.82 | CK12: 21527.97 | CL12: 20426.46
B13: MD | C13: 1.59 | D13: 0.92 | E13: 0.88 | F13: 0.4 | G13: 1.06 | H13: 1.57 | I13: 0.43 | J13: 0.86 | K13: 0.73 | L13: 0.81 | M13: 0.66 | N13: 0.59 | O13: 0.6 | P13: 0.54 | Q13: 0.56 | R13: 0.53 | S13: 0.54 | T13: 0.45 | U13: 0.48 | V13: 0.34 | X13: MD | Y13: 4943 | Z13: 5489.05 | AA13: 6321.52 | AB13: 6525.47 | AC13: 1713.69 | AD13: 2308.18 | AE13: 7031.93 | AF13: 7137.12 | AG13: 9379.15 | AH13: 9498.81 | AI13: 15782.7 | AJ13: 15889.78 | AK13: 11859.52 | AL13: 12422.27 | AM13: 14623.64 | AN13: 14181.82 | AO13: 12166.46 | AP13: 11879.65 | AQ13: 15187.11 | AR13: 17004.01 | AU13: MD | AV13: 30228.5 | AW13: 33510.95 | AX13: 32262.48 | AY13: 33278.58 | AZ13: 9476.31 | BA13: 12521.1 | BB13: 38074.07 | BC13: 39278.88 | BD13: 55113.71 | BE13: 56201.19 | BF13: 93442.41 | BG13: 94200.02 | BH13: 70770.04 | BI13: 73726.58 | BJ13: 88339.12 | BK13: 85023.55 | BL13: 74329.54 | BM13: 71987.3 | BN13: 94744.51 | BO13: 105367.87 | BR13: MD | BS13: 35171.5 | BT13: 39000 | BU13: 38584 | BV13: 39804.05 | BW13: 11190 | BX13: 14829.28 | BY13: 45106 | BZ13: 46416 | CA13: 64492.85 | CB13: 65700 | CC13: 109225.11 | CD13: 110089.8 | CE13: 82629.57 | CF13: 86148.85 | CG13: 102962.77 | CH13: 99205.37 | CI13: 86496 | CJ13: 83866.95 | CK13: 109931.62 | CL13: 122371.87
B14: PM-Shoulder | C14: 1.46 | D14: 1.42 | E14: 0.67 | F14: 0.97 | G14: 1.39 | H14: 1.3 | I14: 0.41 | J14: 1.29 | K14: 0.41 | L14: 1.12 | M14: 0.46 | N14: 0.78 | O14: 0.45 | P14: 0.61 | Q14: 0.45 | R14: 0.62 | S14: 0.44 | T14: 0.55 | U14: 0.4 | V14: 0.34 | X14: PM-Shoulder | Y14: 1586.93 | Z14: 1645.21 | AA14: 1825.54 | AB14: 2145.54 | AC14: 559.59 | AD14: 649.22 | AE14: 1638.73 | AF14: 1740.26 | AG14: 1957.41 | AH14: 2960.94 | AI14: 3731.91 | AJ14: 4828.44 | AK14: 2960.85 | AL14: 3596.07 | AM14: 3819.29 | AN14: 4628.03 | AO14: 3265.42 | AP14: 4023.52 | AQ14: 3890.06 | AR14: 3830.11 | AU14: PM-Shoulder | AV14: 7715.49 | AW14: 7834.91 | AX14: 7279.89 | AY14: 8415.5 | AZ14: 2432.86 | BA14: 2746.89 | BB14: 6790.3 | BC14: 7492.76 | BD14: 8847.02 | BE14: 13839.06 | BF14: 17140.91 | BG14: 22127.09 | BH14: 13583.75 | BI14: 16155.17 | BJ14: 17725.76 | BK14: 21209.59 | BL14: 15425.52 | BM14: 18065.26 | BN14: 18782.18 | BO14: 17369.59 | BR14: PM-Shoulder | BS14: 9302.42 | BT14: 9480.12 | BU14: 9105.43 | BV14: 10561.04 | BW14: 2992.45 | BX14: 3396.12 | BY14: 8429.03 | BZ14: 9233.02 | CA14: 10804.42 | CB14: 16800 | CC14: 20872.82 | CD14: 26955.53 | CE14: 16544.6 | CF14: 19751.25 | CG14: 21545.04 | CH14: 25837.62 | CI14: 18690.94 | CJ14: 22088.78 | CK14: 22672.24 | CL14: 21199.7
B15: PM-Peak | C15: 2.09 | D15: 1.6 | E15: 0.84 | F15: 1.15 | G15: 1.6 | H15: 1.76 | I15: 0.75 | J15: 1.6 | K15: 0.71 | L15: 2.08 | M15: 0.76 | N15: 1.6 | O15: 0.75 | P15: 1.22 | Q15: 0.83 | R15: 0.93 | S15: 0.71 | T15: 0.71 | U15: 0.65 | V15: 0.63 | X15: PM-Peak | Y15: 5648.65 | Z15: 6894.94 | AA15: 5237.78 | AB15: 6053.91 | AC15: 1777.5 | AD15: 2283.41 | AE15: 5616.69 | AF15: 8201.21 | AG15: 6258.78 | AH15: 9551.04 | AI15: 11534.41 | AJ15: 16010.57 | AK15: 9221.36 | AL15: 11726.5 | AM15: 12443.17 | AN15: 13421.92 | AO15: 9827.14 | AP15: 10186.66 | AQ15: 11965.71 | AR15: 11910.82 | AU15: PM-Peak | AV15: 27096.34 | AW15: 27932.04 | AX15: 20987.57 | AY15: 24323.28 | AZ15: 7477.12 | BA15: 9879.56 | BB15: 23836.81 | BC15: 26994.9 | BD15: 28882.62 | BE15: 46277.81 | BF15: 54078.73 | BG15: 76683.37 | BH15: 43278.38 | BI15: 55729.46 | BJ15: 59567.02 | BK15: 63967.21 | BL15: 47603.6 | BM15: 48444.55 | BN15: 58556.34 | BO15: 57447.57 | BR15: PM-Peak | BS15: 32744.98 | BT15: 34826.98 | BU15: 26225.35 | BV15: 30377.19 | BW15: 9254.62 | BX15: 12162.98 | BY15: 29453.5 | BZ15: 35196.11 | CA15: 35141.41 | CB15: 55828.85 | CC15: 65613.15 | CD15: 92693.94 | CE15: 52499.74 | CF15: 67455.96 | CG15: 72010.19 | CH15: 77389.13 | CI15: 57430.74 | CJ15: 58631.22 | CK15: 70522.05 | CL15: 69358.39
B16: PM-Late | C16: 0.48 | D16: 0.58 | E16: 0.2 | F16: 0.2 | G16: 0.2 | H16: 0.34 | I16: 0.2 | J16: 0.84 | K16: 0.49 | L16: 0.83 | M16: 0.66 | N16: 0.78 | O16: 0.71 | P16: 0.64 | Q16: 0.65 | R16: 0.59 | S16: 0.6 | T16: 0.52 | U16: 0.53 | V16: 0.43 | X16: PM-Late | Y16: 2448.39 | Z16: 3099.2 | AA16: 587.61 | AB16: 626.15 | AC16: 170.36 | AD16: 725.02 | AE16: 622.21 | AF16: 3788.16 | AG16: 3114.32 | AH16: 4604.7 | AI16: 5483.18 | AJ16: 8300.12 | AK16: 4334.43 | AL16: 5883.63 | AM16: 5435.68 | AN16: 6012.78 | AO16: 4722.59 | AP16: 4686.14 | AQ16: 6259.46 | AR16: 6438.72 | AU16: PM-Late | AV16: 12281.91 | AW16: 14938.3 | AX16: 11264.68 | AY16: 12007.9 | AZ16: 3335.14 | BA16: 4680 | BB16: 12259.79 | BC16: 16597.44 | BD16: 15995.68 | BE16: 21681.3 | BF16: 28050.82 | BG16: 39122.68 | BH16: 22418.07 | BI16: 28385.67 | BJ16: 28091.72 | BK16: 30193.62 | BL16: 23684.41 | BM16: 24251.26 | BN16: 32674.54 | BO16: 34574.28 | BR16: PM-Late | BS16: 14730.3 | BT16: 18037.5 | BU16: 11852.3 | BV16: 12634.05 | BW16: 3505.5 | BX16: 5405.02 | BY16: 12882 | BZ16: 20385.6 | CA16: 19110 | CB16: 26286 | CC16: 33534 | CD16: 47422.8 | CE16: 26752.5 | CF16: 34269.3 | CG16: 33527.4 | CH16: 36206.4 | CI16: 28407 | CJ16: 28937.4 | CK16: 38934 | CL16: 41013
B19: CaptureRateLights | X19: ML Volume (PCE/Period) | AU19: GP Volume (PCE/Period) | BR19: Highway Volume
B20: Direction | C20: NB | D20: SB | E20: NB | F20: SB | G20: NB | H20: SB | I20: NB | J20: SB | K20: NB | L20: SB | M20: NB | N20: SB | O20: NB | P20: SB | Q20: NB | R20: SB | S20: NB | T20: SB | U20: NB | V20: SB | X20: Direction | Y20: NB | Z20: SB | AA20: NB | AB20: SB | AC20: NB | AD20: SB | AE20: NB | AF20: SB | AG20: NB | AH20: SB | AI20: NB | AJ20: SB | AK20: NB | AL20: SB | AM20: NB | AN20: SB | AO20: NB | AP20: SB | AQ20: NB | AR20: SB | AU20: Direction | AV20: NB | AW20: SB | AX20: NB | AY20: SB | AZ20: NB | BA20: SB | BB20: NB | BC20: SB | BD20: NB | BE20: SB | BF20: NB | BG20: SB | BH20: NB | BI20: SB | BJ20: NB | BK20: SB | BL20: NB | BM20: SB | BN20: NB | BO20: SB | BR20: Direction | BS20: NB | BT20: SB | BU20: NB | BV20: SB | BW20: NB | BX20: SB | BY20: NB | BZ20: SB | CA20: NB | CB20: SB | CC20: NB | CD20: SB | CE20: NB | CF20: SB | CG20: NB | CH20: SB | CI20: NB | CJ20: SB | CK20: NB | CL20: SB
B21: Segment | C21: 1 | D21: 1 | E21: 2 | F21: 2 | G21: 3 | H21: 3 | I21: 4 | J21: 4 | K21: 5 | L21: 5 | M21: 6 | N21: 6 | O21: 7 | P21: 7 | Q21: 8 | R21: 8 | S21: 9 | T21: 9 | U21: 10 | V21: 10 | X21: Segment | Y21: 1 | Z21: 1 | AA21: 2 | AB21: 2 | AC21: 3 | AD21: 3 | AE21: 4 | AF21: 4 | AG21: 5 | AH21: 5 | AI21: 6 | AJ21: 6 | AK21: 7 | AL21: 7 | AM21: 8 | AN21: 8 | AO21: 9 | AP21: 9 | AQ21: 10 | AR21: 10 | AU21: Segment | AV21: 1 | AW21: 1 | AX21: 2 | AY21: 2 | AZ21: 3 | BA21: 3 | BB21: 4 | BC21: 4 | BD21: 5 | BE21: 5 | BF21: 6 | BG21: 6 | BH21: 7 | BI21: 7 | BJ21: 8 | BK21: 8 | BL21: 9 | BM21: 9 | BN21: 10 | BO21: 10 | BR21: Segment | BS21: 1 | BT21: 1 | BU21: 2 | BV21: 2 | BW21: 3 | BX21: 3 | BY21: 4 | BZ21: 4 | CA21: 5 | CB21: 5 | CC21: 6 | CD21: 6 | CE21: 7 | CF21: 7 | CG21: 8 | CH21: 8 | CI21: 9 | CJ21: 9 | CK21: 10 | CL21: 10
B22: Period | X22: Period | AU22: Period | BR22: Period
B23: Night | C23: 0.02 | D23: 0.02 | E23: 0.02 | F23: 0.02 | G23: 0.02 | H23: 0.02 | I23: 0.01 | J23: 0.01 | K23: 0.01 | L23: 0.01 | M23: 0.01 | N23: 0.01 | O23: 0.01 | P23: 0.01 | Q23: 0.01 | R23: 0.01 | S23: 0.01 | T23: 0.01 | U23: 0.01 | V23: 0.01 | X23: Night | Y23: 262.12 | Z23: 260.07 | AA23: 226.71 | AB23: 208.44 | AC23: 193.55 | AD23: 243.44 | AE23: 148.99 | AF23: 152.43 | AG23: 161.66 | AH23: 142.32 | AI23: 163.38 | AJ23: 140.09 | AK23: 158.21 | AL23: 136 | AM23: 153.54 | AN23: 139.88 | AO23: 135.49 | AP23: 103.36 | AQ23: 136.57 | AR23: 108.32 | AU23: Night | AV23: 15511.68 | AW23: 15407.33 | AX23: 11701.29 | AY23: 10949.56 | AZ23: 11174.45 | BA23: 13315.91 | BB23: 14387.91 | BC23: 14309.57 | BD23: 16379.34 | BE23: 14452.68 | BF23: 16398.62 | BG23: 14174.91 | BH23: 16067.79 | BI23: 13654 | BJ23: 15407.46 | BK23: 14028.12 | BL23: 13542.51 | BM23: 10445.64 | BN23: 13730.43 | BO23: 10881.68 | BR23: Night | BS23: 15773.8 | BT23: 15667.4 | BU23: 11928 | BV23: 11158 | BW23: 11368 | BX23: 13559.35 | BY23: 14536.9 | BZ23: 14462 | CA23: 16541 | CB23: 14595 | CC23: 16562 | CD23: 14315 | CE23: 16226 | CF23: 13790 | CG23: 15561 | CH23: 14168 | CI23: 13678 | CJ23: 10549 | CK23: 13867 | CL23: 10990
B24: AM-Early | C24: 0.16 | D24: 0.17 | E24: 0.18 | F24: 0.18 | G24: 0.18 | H24: 0.18 | I24: 0.17 | J24: 0.18 | K24: 0.16 | L24: 0.17 | M24: 0.16 | N24: 0.16 | O24: 0.16 | P24: 0.16 | Q24: 0.16 | R24: 0.16 | S24: 0.16 | T24: 0.16 | U24: 0.16 | V24: 0.16 | X24: AM-Early | Y24: 968.64 | Z24: 594.38 | AA24: 963.53 | AB24: 616.75 | AC24: 636.93 | AD24: 788.09 | AE24: 1078.02 | AF24: 739.56 | AG24: 1027.82 | AH24: 696.81 | AI24: 992.78 | AJ24: 702.78 | AK24: 855.38 | AL24: 748.4 | AM24: 813.18 | AN24: 721.12 | AO24: 793.56 | AP24: 594.84 | AQ24: 914.53 | AR24: 562.15 | AU24: AM-Early | AV24: 5467.61 | AW24: 3587.52 | AX24: 4806.77 | AY24: 3217.45 | AZ24: 3355.07 | BA24: 4119.61 | BB24: 5506.43 | BC24: 4020.44 | BD24: 5691.53 | BE24: 4079.19 | BF24: 5526.12 | BG24: 4146.22 | BH24: 4849.62 | BI24: 4374.6 | BJ24: 4652.32 | BK24: 4177.08 | BL24: 4550.66 | BM24: 3560.75 | BN24: 5388.72 | BO24: 3444.95 | BR24: AM-Early | BS24: 6436.25 | BT24: 4181.9 | BU24: 5770.3 | BV24: 3834.2 | BW24: 3992 | BX24: 4907.7 | BY24: 6584.45 | BZ24: 4760 | CA24: 6719.35 | CB24: 4776 | CC24: 6518.9 | CD24: 4849 | CE24: 5705 | CF24: 5123 | CG24: 5465.5 | CH24: 4898.2 | CI24: 5344.21 | CJ24: 4155.59 | CK24: 6303.25 | CL24: 4007.1
B25: AM-Peak | C25: 0.2 | D25: 0.05 | E25: 0.17 | F25: 0.05 | G25: 0.2 | H25: 0.24 | I25: 0.17 | J25: 0.18 | K25: 0.17 | L25: 0.16 | M25: 0.19 | N25: 0.16 | O25: 0.23 | P25: 0.16 | Q25: 0.21 | R25: 0.16 | S25: 0.16 | T25: 0.16 | U25: 0.16 | V25: 0.16 | X25: AM-Peak | Y25: 4426.12 | Z25: 445 | AA25: 4400.76 | AB25: 387.86 | AC25: 3159.14 | AD25: 6033.5 | AE25: 3552.54 | AF25: 2543.12 | AG25: 3783.21 | AH25: 2301.83 | AI25: 4437.33 | AJ25: 2277.54 | AK25: 5764.74 | AL25: 2272.08 | AM25: 4800.78 | AN25: 2222.94 | AO25: 2477.24 | AP25: 1934.33 | AQ25: 1905.61 | AR25: 1694.88 | AU25: AM-Peak | AV25: 20815.93 | AW25: 9099.65 | AX25: 23171.64 | AY25: 7407.49 | AZ25: 15605.41 | BA25: 22237.25 | BB25: 19431.39 | BC25: 14276.83 | BD25: 20714.73 | BE25: 14098.78 | BF25: 21567.86 | BG25: 14132.96 | BH25: 23035.26 | BI25: 14209.62 | BJ25: 21377.82 | BK25: 13640.96 | BL25: 15052.85 | BM25: 12284.77 | BN25: 11879.3 | BO25: 10751.5 | BR25: AM-Peak | BS25: 25242.05 | BT25: 9544.65 | BU25: 27572.4 | BV25: 7795.35 | BW25: 18764.55 | BX25: 28270.75 | BY25: 22983.93 | BZ25: 16819.95 | CA25: 24497.95 | CB25: 16400.62 | CC25: 26005.19 | CD25: 16410.49 | CE25: 28800 | CF25: 16481.7 | CG25: 26178.6 | CH25: 15863.9 | CI25: 17530.09 | CJ25: 14219.1 | CK25: 13784.91 | CL25: 12446.37
B26: AM-Shoulder | C26: 0.18 | D26: 0.17 | E26: 0.17 | F26: 0.05 | G26: 0.19 | H26: 0.18 | I26: 0.17 | J26: 0.18 | K26: 0.16 | L26: 0.17 | M26: 0.16 | N26: 0.16 | O26: 0.16 | P26: 0.16 | Q26: 0.16 | R26: 0.16 | S26: 0.16 | T26: 0.17 | U26: 0.16 | V26: 0.17 | X26: AM-Shoulder | Y26: 1250.12 | Z26: 528.88 | AA26: 1335.12 | AB26: 160.44 | AC26: 1128.35 | AD26: 1289.98 | AE26: 1076.41 | AF26: 849.34 | AG26: 1063.62 | AH26: 773.16 | AI26: 1078.56 | AJ26: 739.4 | AK26: 1066.69 | AL26: 733.14 | AM26: 905.19 | AN26: 706.64 | AO26: 719.74 | AP26: 639.23 | AQ26: 638.58 | AR26: 596.77 | AU26: AM-Shoulder | AV26: 7149.88 | AW26: 3462.52 | AX26: 7064.88 | AY26: 3066.16 | AZ26: 6060.38 | BA26: 7110.02 | BB26: 6084.04 | BC26: 4973.35 | BD26: 6548.56 | BE26: 4855.68 | BF26: 6702.52 | BG26: 4733.65 | BH26: 6696.04 | BI26: 4724.28 | BJ26: 5647.52 | BK26: 4493.39 | BL26: 4508.7 | BM26: 4253.96 | BN26: 4145.41 | BO26: 3942.45 | BR26: AM-Shoulder | BS26: 8400 | BT26: 3991.4 | BU26: 8400 | BV26: 3226.6 | BW26: 7188.73 | BX26: 8400 | BY26: 7160.45 | BZ26: 5822.68 | CA26: 7612.18 | CB26: 5628.84 | CC26: 7781.09 | CD26: 5473.04 | CE26: 7762.73 | CF26: 5457.42 | CG26: 6552.71 | CH26: 5200.03 | CI26: 5228.44 | CJ26: 4893.18 | CK26: 4783.99 | CL26: 4539.21
B27: MD | C27: 0.17 | D27: 0.17 | E27: 0.18 | F27: 0.18 | G27: 0.18 | H27: 0.18 | I27: 0.18 | J27: 0.18 | K27: 0.17 | L27: 0.17 | M27: 0.17 | N27: 0.17 | O27: 0.17 | P27: 0.17 | Q27: 0.17 | R27: 0.17 | S27: 0.17 | T27: 0.17 | U27: 0.17 | V27: 0.17 | X27: MD | Y27: 3802.31 | Z27: 4222.34 | AA27: 4862.71 | AB27: 5019.59 | AC27: 3427.38 | AD27: 4616.36 | AE27: 4394.96 | AF27: 4460.7 | AG27: 4689.57 | AH27: 4749.4 | AI27: 4384.08 | AJ27: 4413.83 | AK27: 4089.49 | AL27: 4283.54 | AM27: 3848.33 | AN27: 3732.06 | AO27: 3578.37 | AP27: 3494.01 | AQ27: 3374.91 | AR27: 3778.67 | AU27: MD | AV27: 23252.69 | AW27: 25777.66 | AX27: 24817.29 | AY27: 25598.91 | AZ27: 18952.62 | BA27: 25042.21 | BB27: 23796.29 | BC27: 24549.3 | BD27: 27556.85 | BE27: 28100.6 | BF27: 25956.23 | BG27: 26166.67 | BH27: 24403.46 | BI27: 25422.96 | BJ27: 23247.14 | BK27: 22374.62 | BL27: 21861.63 | BM27: 21172.74 | BN27: 21054.34 | BO27: 23415.08 | BR27: MD | BS27: 27055 | BT27: 30000 | BU27: 29680 | BV27: 30618.5 | BW27: 22380 | BX27: 29658.56 | BY27: 28191.25 | BZ27: 29010 | CA27: 32246.43 | CB27: 32850 | CC27: 30340.31 | CD27: 30580.5 | CE27: 28492.95 | CF27: 29706.5 | CG27: 27095.46 | CH27: 26106.68 | CI27: 25440 | CJ27: 24666.75 | CK27: 24429.25 | CL27: 27193.75
B28: PM-Shoulder | C28: 0.2 | D28: 0.2 | E28: 0.21 | F28: 0.21 | G28: 0.22 | H28: 0.22 | I28: 0.22 | J28: 0.21 | K28: 0.2 | L28: 0.2 | M28: 0.2 | N28: 0.2 | O28: 0.2 | P28: 0.2 | Q28: 0.2 | R28: 0.2 | S28: 0.2 | T28: 0.2 | U28: 0.2 | V28: 0.2 | X28: PM-Shoulder | Y28: 1220.71 | Z28: 1265.54 | AA28: 1404.26 | AB28: 1650.41 | AC28: 1119.18 | AD28: 1298.45 | AE28: 1024.21 | AF28: 1087.66 | AG28: 978.7 | AH28: 1480.47 | AI28: 1036.64 | AJ28: 1341.23 | AK28: 1020.98 | AL28: 1240.03 | AM28: 1005.08 | AN28: 1217.9 | AO28: 960.42 | AP28: 1183.39 | AQ28: 864.46 | AR28: 851.14 | AU28: PM-Shoulder | AV28: 5934.99 | AW28: 6026.86 | AX28: 5599.92 | AY28: 6473.46 | AZ28: 4865.72 | BA28: 5493.79 | BB28: 4243.94 | BC28: 4682.98 | BD28: 4423.51 | BE28: 6919.53 | BF28: 4761.36 | BG28: 6146.41 | BH28: 4684.05 | BI28: 5570.75 | BJ28: 4664.67 | BK28: 5581.47 | BL28: 4536.92 | BM28: 5313.31 | BN28: 4173.82 | BO28: 3859.91 | BR28: PM-Shoulder | BS28: 7155.71 | BT28: 7292.4 | BU28: 7004.18 | BV28: 8123.88 | BW28: 5984.91 | BX28: 6792.23 | BY28: 5268.14 | BZ28: 5770.64 | CA28: 5402.21 | CB28: 8400 | CC28: 5798 | CD28: 7487.65 | CE28: 5705.03 | CF28: 6810.78 | CG28: 5669.75 | CH28: 6799.37 | CI28: 5497.34 | CJ28: 6496.7 | CK28: 5038.28 | CL28: 4711.05
B29: PM-Peak | C29: 0.2 | D29: 0.23 | E29: 0.21 | F29: 0.21 | G29: 0.22 | H29: 0.21 | I29: 0.21 | J29: 0.27 | K29: 0.2 | L29: 0.19 | M29: 0.2 | N29: 0.19 | O29: 0.2 | P29: 0.2 | Q29: 0.2 | R29: 0.2 | S29: 0.2 | T29: 0.2 | U29: 0.2 | V29: 0.2 | X29: PM-Peak | Y29: 4345.11 | Z29: 5303.8 | AA29: 4029.06 | AB29: 4656.85 | AC29: 3555 | AD29: 4566.83 | AE29: 3510.43 | AF29: 5125.75 | AG29: 3129.39 | AH29: 4775.52 | AI29: 3204 | AJ29: 4447.38 | AK29: 3179.78 | AL29: 4043.62 | AM29: 3274.52 | AN29: 3532.08 | AO29: 2890.33 | AP29: 2996.08 | AQ29: 2659.05 | AR29: 2646.85 | AU29: PM-Peak | AV29: 20843.34 | AW29: 21486.19 | AX29: 16144.29 | AY29: 18710.21 | AZ29: 14954.25 | BA29: 19759.12 | BB29: 14898.01 | BC29: 16871.81 | BD29: 14441.31 | BE29: 23138.91 | BF29: 15021.87 | BG29: 21300.94 | BH29: 14923.58 | BI29: 19217.06 | BJ29: 15675.53 | BK29: 16833.48 | BL29: 14001.06 | BM29: 14248.4 | BN29: 13012.52 | BO29: 12766.13 | BR29: PM-Peak | BS29: 25188.45 | BT29: 26789.99 | BU29: 20173.35 | BV29: 23367.07 | BW29: 18509.25 | BX29: 24325.95 | BY29: 18408.44 | BZ29: 21997.57 | CA29: 17570.7 | CB29: 27914.42 | CC29: 18225.87 | CD29: 25748.32 | CE29: 18103.36 | CF29: 23260.68 | CG29: 18950.05 | CH29: 20365.56 | CI29: 16891.39 | CJ29: 17244.48 | CK29: 15671.57 | CL29: 15412.98
B30: PM-Late | C30: 0.2 | D30: 0.2 | E30: 0.05 | F30: 0.05 | G30: 0.05 | H30: 0.15 | I30: 0.05 | J30: 0.22 | K30: 0.2 | L30: 0.2 | M30: 0.2 | N30: 0.2 | O30: 0.2 | P30: 0.2 | Q30: 0.2 | R30: 0.2 | S30: 0.21 | T30: 0.2 | U30: 0.2 | V30: 0.2 | X30: PM-Late | Y30: 1883.38 | Z30: 2384 | AA30: 452.01 | AB30: 481.65 | AC30: 340.72 | AD30: 1450.05 | AE30: 388.88 | AF30: 2367.6 | AG30: 1557.16 | AH30: 2302.35 | AI30: 1523.11 | AJ30: 2305.59 | AK30: 1494.63 | AL30: 2028.84 | AM30: 1430.44 | AN30: 1582.31 | AO30: 1389 | AP30: 1378.28 | AQ30: 1390.99 | AR30: 1430.83 | AU30: PM-Late | AV30: 9447.62 | AW30: 11491 | AX30: 8665.14 | AY30: 9236.85 | AZ30: 6670.28 | BA30: 9360 | BB30: 7662.37 | BC30: 10373.4 | BD30: 7997.84 | BE30: 10840.65 | BF30: 7791.89 | BG30: 10867.41 | BH30: 7730.37 | BI30: 9788.16 | BJ30: 7392.56 | BK30: 7945.69 | BL30: 6966 | BM30: 7132.72 | BN30: 7261.01 | BO30: 7683.17 | BR30: PM-Late | BS30: 11331 | BT30: 13875 | BU30: 9117.15 | BV30: 9718.5 | BW30: 7011 | BX30: 10810.05 | BY30: 8051.25 | BZ30: 12741 | CA30: 9555 | CB30: 13143 | CC30: 9315 | CD30: 13173 | CE30: 9225 | CF30: 11817 | CG30: 8823 | CH30: 9528 | CI30: 8355 | CJ30: 8511 | CK30: 8652 | CL30: 9114
B33: Revenue Per Period | X33: ML Flow (PCE/hr) | AU33: GP Flow (PCE/hr) | BR33: Highway Flow
B34: Direction | C34: NB | D34: SB | E34: NB | F34: SB | G34: NB | H34: SB | I34: NB | J34: SB | K34: NB | L34: SB | M34: NB | N34: SB | O34: NB | P34: SB | Q34: NB | R34: SB | S34: NB | T34: SB | U34: NB | V34: SB | X34: Direction | Y34: NB | Z34: SB | AA34: NB | AB34: SB | AC34: NB | AD34: SB | AE34: NB | AF34: SB | AG34: NB | AH34: SB | AI34: NB | AJ34: SB | AK34: NB | AL34: SB | AM34: NB | AN34: SB | AO34: NB | AP34: SB | AQ34: NB | AR34: SB | AU34: Direction | AV34: NB | AW34: SB | AX34: NB | AY34: SB | AZ34: NB | BA34: SB | BB34: NB | BC34: SB | BD34: NB | BE34: SB | BF34: NB | BG34: SB | BH34: NB | BI34: SB | BJ34: NB | BK34: SB | BL34: NB | BM34: SB | BN34: NB | BO34: SB | BR34: Direction | BS34: NB | BT34: SB | BU34: NB | BV34: SB | BW34: NB | BX34: SB | BY34: NB | BZ34: SB | CA34: NB | CB34: SB | CC34: NB | CD34: SB | CE34: NB | CF34: SB | CG34: NB | CH34: SB | CI34: NB | CJ34: SB | CK34: NB | CL34: SB
B35: Segment | C35: 1 | D35: 1 | E35: 2 | F35: 2 | G35: 3 | H35: 3 | I35: 4 | J35: 4 | K35: 5 | L35: 5 | M35: 6 | N35: 6 | O35: 7 | P35: 7 | Q35: 8 | R35: 8 | S35: 9 | T35: 9 | U35: 10 | V35: 10 | X35: Segment | Y35: 1 | Z35: 1 | AA35: 2 | AB35: 2 | AC35: 3 | AD35: 3 | AE35: 4 | AF35: 4 | AG35: 5 | AH35: 5 | AI35: 6 | AJ35: 6 | AK35: 7 | AL35: 7 | AM35: 8 | AN35: 8 | AO35: 9 | AP35: 9 | AQ35: 10 | AR35: 10 | AU35: Segment | AV35: 1 | AW35: 1 | AX35: 2 | AY35: 2 | AZ35: 3 | BA35: 3 | BB35: 4 | BC35: 4 | BD35: 5 | BE35: 5 | BF35: 6 | BG35: 6 | BH35: 7 | BI35: 7 | BJ35: 8 | BK35: 8 | BL35: 9 | BM35: 9 | BN35: 10 | BO35: 10 | BR35: Segment | BS35: 1 | BT35: 1 | BU35: 2 | BV35: 2 | BW35: 3 | BX35: 3 | BY35: 4 | BZ35: 4 | CA35: 5 | CB35: 5 | CC35: 6 | CD35: 6 | CE35: 7 | CF35: 7 | CG35: 8 | CH35: 8 | CI35: 9 | CJ35: 9 | CK35: 10 | CL35: 10
B36: Period | X36: Period | AU36: Period | BR36: Period
B37: Night | C37: 76.5 | D37: 76.08 | E37: 63.1 | F37: 58.34 | G37: 21.84 | H37: 26.9 | I37: 56.38 | J37: 58.73 | K37: 76.97 | L37: 68.83 | M37: 140.2 | N37: 122.19 | O37: 109.44 | P37: 96.89 | Q37: 140.4 | R37: 129.36 | S37: 110.22 | T37: 89.25 | U37: 151.38 | V37: 126.47 | X37: Night | Y37: 37.45 | Z37: 37.15 | AA37: 32.39 | AB37: 29.78 | AC37: 27.65 | AD37: 34.78 | AE37: 21.28 | AF37: 21.78 | AG37: 23.09 | AH37: 20.33 | AI37: 23.34 | AJ37: 20.01 | AK37: 22.6 | AL37: 19.43 | AM37: 21.93 | AN37: 19.98 | AO37: 19.36 | AP37: 14.77 | AQ37: 19.51 | AR37: 15.47 | AU37: Night | AV37: 2215.95 | AW37: 2201.05 | AX37: 1671.61 | AY37: 1564.22 | AZ37: 1596.35 | BA37: 1902.27 | BB37: 2055.42 | BC37: 2044.22 | BD37: 2339.91 | BE37: 2064.67 | BF37: 2342.66 | BG37: 2024.99 | BH37: 2295.4 | BI37: 1950.57 | BJ37: 2201.07 | BK37: 2004.02 | BL37: 1934.64 | BM37: 1492.23 | BN37: 1961.49 | BO37: 1554.53 | BR37: Night | BS37: 2253.4 | BT37: 2238.2 | BU37: 1704 | BV37: 1594 | BW37: 1624 | BX37: 1937.05 | BY37: 2076.7 | BZ37: 2066 | CA37: 2363 | CB37: 2085 | CC37: 2366 | CD37: 2045 | CE37: 2318 | CF37: 1970 | CG37: 2223 | CH37: 2024 | CI37: 1954 | CJ37: 1507 | CK37: 1981 | CL37: 1570
B38: AM-Early | C38: 608.66 | D38: 267.81 | E38: 465.46 | F38: 224.54 | G38: 149.65 | H38: 134.26 | I38: 717.61 | J38: 705.73 | K38: 931.99 | L38: 666.61 | M38: 1977.96 | N38: 1245.67 | O38: 1471.03 | P38: 1135.3 | Q38: 1735 | R38: 1184.4 | S38: 1469.23 | T38: 842.46 | U38: 1678.38 | V38: 705.01 | X38: AM-Early | Y38: 968.64 | Z38: 594.38 | AA38: 963.53 | AB38: 616.75 | AC38: 636.93 | AD38: 788.09 | AE38: 1078.02 | AF38: 739.56 | AG38: 1027.82 | AH38: 696.81 | AI38: 992.78 | AJ38: 702.78 | AK38: 855.38 | AL38: 748.4 | AM38: 813.18 | AN38: 721.12 | AO38: 793.56 | AP38: 594.84 | AQ38: 914.53 | AR38: 562.15 | AU38: AM-Early | AV38: 5467.61 | AW38: 3587.52 | AX38: 4806.77 | AY38: 3217.45 | AZ38: 3355.07 | BA38: 4119.61 | BB38: 5506.43 | BC38: 4020.44 | BD38: 5691.53 | BE38: 4079.19 | BF38: 5526.12 | BG38: 4146.22 | BH38: 4849.62 | BI38: 4374.6 | BJ38: 4652.32 | BK38: 4177.08 | BL38: 4550.66 | BM38: 3560.75 | BN38: 5388.72 | BO38: 3444.95 | BR38: AM-Early | BS38: 6436.25 | BT38: 4181.9 | BU38: 5770.3 | BV38: 3834.2 | BW38: 3992 | BX38: 4907.7 | BY38: 6584.45 | BZ38: 4760 | CA38: 6719.35 | CB38: 4776 | CC38: 6518.9 | CD38: 4849 | CE38: 5705 | CF38: 5123 | CG38: 5465.5 | CH38: 4898.2 | CI38: 5344.21 | CJ38: 4155.59 | CK38: 6303.25 | CL38: 4007.1
B39: AM-Peak | C39: 9572.4 | D39: 132.09 | E39: 15405.78 | F39: 108.6 | G39: 2636.43 | H39: 4993.83 | I39: 8792.11 | J39: 3822.63 | K39: 12499.34 | L39: 4172.85 | M39: 26435.94 | N39: 7533.17 | O39: 27926.4 | P39: 6131.6 | Q39: 30440.84 | R39: 7362.73 | S39: 8303.59 | T39: 5188.03 | U39: 6422.19 | V39: 5185.45 | X39: AM-Peak | Y39: 1475.37 | Z39: 148.33 | AA39: 1466.92 | AB39: 129.29 | AC39: 1053.05 | AD39: 2011.17 | AE39: 1184.18 | AF39: 847.71 | AG39: 1261.07 | AH39: 767.28 | AI39: 1479.11 | AJ39: 759.18 | AK39: 1921.58 | AL39: 757.36 | AM39: 1600.26 | AN39: 740.98 | AO39: 825.75 | AP39: 644.78 | AQ39: 635.2 | AR39: 564.96 | AU39: AM-Peak | AV39: 6938.64 | AW39: 3033.22 | AX39: 7723.88 | AY39: 2469.16 | AZ39: 5201.8 | BA39: 7412.42 | BB39: 6477.13 | BC39: 4758.94 | BD39: 6904.91 | BE39: 4699.59 | BF39: 7189.29 | BG39: 4710.99 | BH39: 7678.42 | BI39: 4736.54 | BJ39: 7125.94 | BK39: 4546.99 | BL39: 5017.62 | BM39: 4094.92 | BN39: 3959.77 | BO39: 3583.83 | BR39: AM-Peak | BS39: 8414.02 | BT39: 3181.55 | BU39: 9190.8 | BV39: 2598.45 | BW39: 6254.85 | BX39: 9423.58 | BY39: 7661.31 | BZ39: 5606.65 | CA39: 8165.98 | CB39: 5466.87 | CC39: 8668.4 | CD39: 5470.16 | CE39: 9600 | CF39: 5493.9 | CG39: 8726.2 | CH39: 5287.97 | CI39: 5843.36 | CJ39: 4739.7 | CK39: 4594.97 | CL39: 4148.79
B40: AM-Shoulder | C40: 2740.33 | D40: 357.4 | E40: 2788.17 | F40: 45.89 | G40: 949.52 | H40: 1076.65 | I40: 1736.23 | J40: 965.25 | K40: 2475.21 | L40: 994.01 | M40: 4853.81 | N40: 1671.08 | O40: 3875.71 | P40: 1336.99 | Q40: 2859.8 | R40: 1558.31 | S40: 1409.37 | T40: 1212.94 | U40: 1525.22 | V40: 1357.87 | X40: AM-Shoulder | Y40: 1250.12 | Z40: 528.88 | AA40: 1335.12 | AB40: 160.44 | AC40: 1128.35 | AD40: 1289.98 | AE40: 1076.41 | AF40: 849.34 | AG40: 1063.62 | AH40: 773.16 | AI40: 1078.56 | AJ40: 739.4 | AK40: 1066.69 | AL40: 733.14 | AM40: 905.19 | AN40: 706.64 | AO40: 719.74 | AP40: 639.23 | AQ40: 638.58 | AR40: 596.77 | AU40: AM-Shoulder | AV40: 7149.88 | AW40: 3462.52 | AX40: 7064.88 | AY40: 3066.16 | AZ40: 6060.38 | BA40: 7110.02 | BB40: 6084.04 | BC40: 4973.35 | BD40: 6548.56 | BE40: 4855.68 | BF40: 6702.52 | BG40: 4733.65 | BH40: 6696.04 | BI40: 4724.28 | BJ40: 5647.52 | BK40: 4493.39 | BL40: 4508.7 | BM40: 4253.96 | BN40: 4145.41 | BO40: 3942.45 | BR40: AM-Shoulder | BS40: 8400 | BT40: 3991.4 | BU40: 8400 | BV40: 3226.6 | BW40: 7188.73 | BX40: 8400 | BY40: 7160.45 | BZ40: 5822.68 | CA40: 7612.18 | CB40: 5628.84 | CC40: 7781.09 | CD40: 5473.04 | CE40: 7762.73 | CF40: 5457.42 | CG40: 6552.71 | CH40: 5200.03 | CI40: 5228.44 | CJ40: 4893.18 | CK40: 4783.99 | CL40: 4539.21
B41: MD | C41: 8252.97 | D41: 5292.43 | E41: 5692.05 | F41: 2642.99 | G41: 1885.19 | H41: 3754.97 | I41: 3110.49 | J41: 6351.9 | K41: 7079.81 | L41: 8005.25 | M41: 10750.51 | N41: 9700.61 | O41: 7347 | P41: 6996.9 | Q41: 8508.72 | R41: 7775.83 | S41: 6807.49 | T41: 5600.65 | U41: 7589.24 | V41: 6138.58 | X41: MD | Y41: 760.46 | Z41: 844.47 | AA41: 972.54 | AB41: 1003.92 | AC41: 685.48 | AD41: 923.27 | AE41: 878.99 | AF41: 892.14 | AG41: 937.91 | AH41: 949.88 | AI41: 876.82 | AJ41: 882.77 | AK41: 817.9 | AL41: 856.71 | AM41: 769.67 | AN41: 746.41 | AO41: 715.67 | AP41: 698.8 | AQ41: 674.98 | AR41: 755.73 | AU41: MD | AV41: 4650.54 | AW41: 5155.53 | AX41: 4963.46 | AY41: 5119.78 | AZ41: 3790.52 | BA41: 5008.44 | BB41: 4759.26 | BC41: 4909.86 | BD41: 5511.37 | BE41: 5620.12 | BF41: 5191.25 | BG41: 5233.33 | BH41: 4880.69 | BI41: 5084.59 | BJ41: 4649.43 | BK41: 4474.92 | BL41: 4372.33 | BM41: 4234.55 | BN41: 4210.87 | BO41: 4683.02 | BR41: MD | BS41: 5411 | BT41: 6000 | BU41: 5936 | BV41: 6123.7 | BW41: 4476 | BX41: 5931.71 | BY41: 5638.25 | BZ41: 5802 | CA41: 6449.29 | CB41: 6570 | CC41: 6068.06 | CD41: 6116.1 | CE41: 5698.59 | CF41: 5941.3 | CG41: 5419.09 | CH41: 5221.34 | CI41: 5088 | CJ41: 4933.35 | CK41: 4885.85 | CL41: 5438.75
B42: PM-Shoulder | C42: 2396.28 | D42: 2416.42 | E42: 1236.08 | F42: 2105.19 | G42: 803.44 | H42: 867.15 | I42: 687.88 | J42: 2303.6 | K42: 818.13 | L42: 3384.29 | M42: 1773.09 | N42: 3849.18 | O42: 1369.1 | P42: 2229.31 | Q42: 1775.38 | R42: 2937.37 | S42: 1481.48 | T42: 2265.65 | U42: 1608.49 | V42: 1344.82 | X42: PM-Shoulder | Y42: 1220.71 | Z42: 1265.54 | AA42: 1404.26 | AB42: 1650.41 | AC42: 1119.18 | AD42: 1298.45 | AE42: 1024.21 | AF42: 1087.66 | AG42: 978.7 | AH42: 1480.47 | AI42: 1036.64 | AJ42: 1341.23 | AK42: 1020.98 | AL42: 1240.03 | AM42: 1005.08 | AN42: 1217.9 | AO42: 960.42 | AP42: 1183.39 | AQ42: 864.46 | AR42: 851.14 | AU42: PM-Shoulder | AV42: 5934.99 | AW42: 6026.86 | AX42: 5599.92 | AY42: 6473.46 | AZ42: 4865.72 | BA42: 5493.79 | BB42: 4243.94 | BC42: 4682.98 | BD42: 4423.51 | BE42: 6919.53 | BF42: 4761.36 | BG42: 6146.41 | BH42: 4684.05 | BI42: 5570.75 | BJ42: 4664.67 | BK42: 5581.47 | BL42: 4536.92 | BM42: 5313.31 | BN42: 4173.82 | BO42: 3859.91 | BR42: PM-Shoulder | BS42: 7155.71 | BT42: 7292.4 | BU42: 7004.18 | BV42: 8123.88 | BW42: 5984.91 | BX42: 6792.23 | BY42: 5268.14 | BZ42: 5770.64 | CA42: 5402.21 | CB42: 8400 | CC42: 5798 | CD42: 7487.65 | CE42: 5705.03 | CF42: 6810.78 | CG42: 5669.75 | CH42: 6799.37 | CI42: 5497.34 | CJ42: 6496.7 | CK42: 5038.28 | CL42: 4711.05
B43: PM-Peak | C43: 12153.61 | D43: 11407.67 | E43: 4472.8 | F43: 7038.18 | G43: 2919.63 | H43: 4129.72 | I43: 4287.43 | J43: 13534.74 | K43: 4539.25 | L43: 20441.4 | M43: 9014.1 | N43: 26259.02 | O43: 7137.58 | P43: 14635.26 | Q43: 10594.42 | R43: 12829.38 | S43: 7180.17 | T43: 7480.59 | U43: 8043.32 | V43: 7702.66 | X43: PM-Peak | Y43: 1448.37 | Z43: 1767.93 | AA43: 1343.02 | AB43: 1552.28 | AC43: 1185 | AD43: 1522.28 | AE43: 1170.14 | AF43: 1708.58 | AG43: 1043.13 | AH43: 1591.84 | AI43: 1068 | AJ43: 1482.46 | AK43: 1059.93 | AL43: 1347.87 | AM43: 1091.51 | AN43: 1177.36 | AO43: 963.44 | AP43: 998.69 | AQ43: 886.35 | AR43: 882.28 | AU43: PM-Peak | AV43: 6947.78 | AW43: 7162.06 | AX43: 5381.43 | AY43: 6236.74 | AZ43: 4984.75 | BA43: 6586.37 | BB43: 4966 | BC43: 5623.94 | BD43: 4813.77 | BE43: 7712.97 | BF43: 5007.29 | BG43: 7100.31 | BH43: 4974.53 | BI43: 6405.69 | BJ43: 5225.18 | BK43: 5611.16 | BL43: 4667.02 | BM43: 4749.47 | BN43: 4337.51 | BO43: 4255.38 | BR43: PM-Peak | BS43: 8396.15 | BT43: 8930 | BU43: 6724.45 | BV43: 7789.02 | BW43: 6169.75 | BX43: 8108.65 | BY43: 6136.15 | BZ43: 7332.52 | CA43: 5856.9 | CB43: 9304.81 | CC43: 6075.29 | CD43: 8582.77 | CE43: 6034.45 | CF43: 7753.56 | CG43: 6316.68 | CH43: 6788.52 | CI43: 5630.46 | CJ43: 5748.16 | CK43: 5223.86 | CL43: 5137.66
B44: PM-Late | C44: 1232.83 | D44: 1854.63 | E44: 125.6 | F44: 133.9 | G44: 39.14 | H44: 254.18 | I44: 143.87 | J44: 3258.44 | K44: 1581.27 | L44: 3922.47 | M44: 3780.49 | N44: 6629.13 | O44: 3211.49 | P44: 3876.12 | Q44: 3698.62 | R44: 3665.85 | S44: 2994.05 | T44: 2540.76 | U44: 3475.38 | V44: 2900.86 | X44: PM-Late | Y44: 627.79 | Z44: 794.67 | AA44: 150.67 | AB44: 160.55 | AC44: 113.57 | AD44: 483.35 | AE44: 129.63 | AF44: 789.2 | AG44: 519.05 | AH44: 767.45 | AI44: 507.7 | AJ44: 768.53 | AK44: 498.21 | AL44: 676.28 | AM44: 476.81 | AN44: 527.44 | AO44: 463 | AP44: 459.43 | AQ44: 463.66 | AR44: 476.94 | AU44: PM-Late | AV44: 3149.21 | AW44: 3830.33 | AX44: 2888.38 | AY44: 3078.95 | AZ44: 2223.43 | BA44: 3120 | BB44: 2554.12 | BC44: 3457.8 | BD44: 2665.95 | BE44: 3613.55 | BF44: 2597.3 | BG44: 3622.47 | BH44: 2576.79 | BI44: 3262.72 | BJ44: 2464.19 | BK44: 2648.56 | BL44: 2322 | BM44: 2377.57 | BN44: 2420.34 | BO44: 2561.06 | BR44: PM-Late | BS44: 3777 | BT44: 4625 | BU44: 3039.05 | BV44: 3239.5 | BW44: 2337 | BX44: 3603.35 | BY44: 2683.75 | BZ44: 4247 | CA44: 3185 | CB44: 4381 | CC44: 3105 | CD44: 4391 | CE44: 3075 | CF44: 3939 | CG44: 2941 | CH44: 3176 | CI44: 2785 | CJ44: 2837 | CK44: 2884 | CL44: 3038
B47: Revenue Per Period Lights | X47: ML V/C | AU47: GP V/C real | BR47: Highway Vol / GP Capacity
B48: Direction | C48: NB | D48: SB | E48: NB | F48: SB | G48: NB | H48: SB | I48: NB | J48: SB | K48: NB | L48: SB | M48: NB | N48: SB | O48: NB | P48: SB | Q48: NB | R48: SB | S48: NB | T48: SB | U48: NB | V48: SB | X48: Direction | Y48: NB | Z48: SB | AA48: NB | AB48: SB | AC48: NB | AD48: SB | AE48: NB | AF48: SB | AG48: NB | AH48: SB | AI48: NB | AJ48: SB | AK48: NB | AL48: SB | AM48: NB | AN48: SB | AO48: NB | AP48: SB | AQ48: NB | AR48: SB | AU48: Direction | AV48: NB | AW48: SB | AX48: NB | AY48: SB | AZ48: NB | BA48: SB | BB48: NB | BC48: SB | BD48: NB | BE48: SB | BF48: NB | BG48: SB | BH48: NB | BI48: SB | BJ48: NB | BK48: SB | BL48: NB | BM48: SB | BN48: NB | BO48: SB | BR48: Direction | BS48: NB | BT48: SB | BU48: NB | BV48: SB | BW48: NB | BX48: SB | BY48: NB | BZ48: SB | CA48: NB | CB48: SB | CC48: NB | CD48: SB | CE48: NB | CF48: SB | CG48: NB | CH48: SB | CI48: NB | CJ48: SB | CK48: NB | CL48: SB
B49: Segment | C49: 1 | D49: 1 | E49: 2 | F49: 2 | G49: 3 | H49: 3 | I49: 4 | J49: 4 | K49: 5 | L49: 5 | M49: 6 | N49: 6 | O49: 7 | P49: 7 | Q49: 8 | R49: 8 | S49: 9 | T49: 9 | U49: 10 | V49: 10 | X49: Segment | Y49: 1 | Z49: 1 | AA49: 2 | AB49: 2 | AC49: 3 | AD49: 3 | AE49: 4 | AF49: 4 | AG49: 5 | AH49: 5 | AI49: 6 | AJ49: 6 | AK49: 7 | AL49: 7 | AM49: 8 | AN49: 8 | AO49: 9 | AP49: 9 | AQ49: 10 | AR49: 10 | AU49: Segment | AV49: 1 | AW49: 1 | AX49: 2 | AY49: 2 | AZ49: 3 | BA49: 3 | BB49: 4 | BC49: 4 | BD49: 5 | BE49: 5 | BF49: 6 | BG49: 6 | BH49: 7 | BI49: 7 | BJ49: 8 | BK49: 8 | BL49: 9 | BM49: 9 | BN49: 10 | BO49: 10 | BR49: Segment | BS49: 1 | BT49: 1 | BU49: 2 | BV49: 2 | BW49: 3 | BX49: 3 | BY49: 4 | BZ49: 4 | CA49: 5 | CB49: 5 | CC49: 6 | CD49: 6 | CE49: 7 | CF49: 7 | CG49: 8 | CH49: 8 | CI49: 9 | CJ49: 9 | CK49: 10 | CL49: 10
B50: Period | X50: Period | AU50: Period | BR50: Period
B51: Night | C51: 50.55 | D51: 48.98 | E51: 49.03 | F51: 44.35 | G51: 14.17 | H51: 18.16 | I51: 30.76 | J51: 29.86 | K51: 41.63 | L51: 34.33 | M51: 76.96 | N51: 61.43 | O51: 58.87 | P51: 46.48 | Q51: 74.9 | R51: 65.66 | S51: 59.14 | T51: 36.56 | U51: 72.65 | V51: 47.03 | X51: Night | Y51: 0.01 | Z51: 0.01 | AA51: 0.01 | AB51: 0.01 | AC51: 0.01 | AD51: 0.01 | AE51: 0.01 | AF51: 0.01 | AG51: 0.01 | AH51: 0.01 | AI51: 0.01 | AJ51: 0.01 | AK51: 0.01 | AL51: 0.01 | AM51: 0.01 | AN51: 0.01 | AO51: 0.01 | AP51: 0 | AQ51: 0.01 | AR51: 0 | AU51: Night | AV51: 0.28 | AW51: 0.28 | AX51: 0.21 | AY51: 0.2 | AZ51: 0.2 | BA51: 0.24 | BB51: 0.26 | BC51: 0.26 | BD51: 0.29 | BE51: 0.26 | BF51: 0.29 | BG51: 0.25 | BH51: 0.29 | BI51: 0.24 | BJ51: 0.28 | BK51: 0.25 | BL51: 0.24 | BM51: 0.19 | BN51: 0.25 | BO51: 0.19 | BR51: Night | BS51: 0.28 | BT51: 0.28 | BU51: 0.21 | BV51: 0.2 | BW51: 0.2 | BX51: 0.24 | BY51: 0.26 | BZ51: 0.26 | CA51: 0.3 | CB51: 0.26 | CC51: 0.3 | CD51: 0.26 | CE51: 0.29 | CF51: 0.25 | CG51: 0.28 | CH51: 0.25 | CI51: 0.24 | CJ51: 0.19 | CK51: 0.25 | CL51: 0.2
B52: AM-Early | C52: 507.09 | D52: 206.79 | E52: 420.79 | F52: 189.79 | G52: 127.12 | H52: 108.73 | I52: 630.69 | J52: 536.99 | K52: 812.35 | L52: 510.46 | M52: 1728.14 | N52: 950.17 | O52: 1236.67 | P52: 907.92 | Q52: 1449.04 | R52: 972.91 | S52: 1247.05 | T52: 650.58 | U52: 1388.49 | V52: 535.3 | X52: AM-Early | Y52: 0.27 | Z52: 0.17 | AA52: 0.27 | AB52: 0.17 | AC52: 0.18 | AD52: 0.22 | AE52: 0.3 | AF52: 0.21 | AG52: 0.29 | AH52: 0.19 | AI52: 0.28 | AJ52: 0.2 | AK52: 0.24 | AL52: 0.21 | AM52: 0.23 | AN52: 0.2 | AO52: 0.22 | AP52: 0.17 | AQ52: 0.25 | AR52: 0.16 | AU52: AM-Early | AV52: 0.53 | AW52: 0.34 | AX52: 0.46 | AY52: 0.31 | AZ52: 0.44 | BA52: 0.4 | BB52: 0.53 | BC52: 0.55 | BD52: 0.57 | BE52: 0.51 | BF52: 0.61 | BG52: 0.52 | BH52: 0.61 | BI52: 0.55 | BJ52: 0.58 | BK52: 0.49 | BL52: 0.57 | BM52: 0.45 | BN52: 0.52 | BO52: 0.35 | BR52: AM-Early | BS52: 0.62 | BT52: 0.4 | BU52: 0.55 | BV52: 0.37 | BW52: 0.52 | BX52: 0.47 | BY52: 0.63 | BZ52: 0.65 | CA52: 0.68 | CB52: 0.6 | CC52: 0.72 | CD52: 0.61 | CE52: 0.71 | CF52: 0.64 | CG52: 0.68 | CH52: 0.57 | CI52: 0.67 | CJ52: 0.52 | CK52: 0.61 | CL52: 0.4
B53: AM-Peak | C53: 7551.03 | D53: 77 | E53: 13297.82 | F53: 78.96 | G53: 2033.9 | H53: 3724.48 | I53: 7011.05 | J53: 2787.87 | K53: 9786.56 | L53: 2980.55 | M53: 20800.42 | N53: 5314.49 | O53: 20915.74 | P53: 4400.08 | Q53: 22957.22 | R53: 5476.82 | S53: 6396.16 | T53: 3572.2 | U53: 4731.1 | V53: 3730.23 | X53: AM-Peak | Y53: 0.41 | Z53: 0.04 | AA53: 0.41 | AB53: 0.04 | AC53: 0.29 | AD53: 0.56 | AE53: 0.33 | AF53: 0.24 | AG53: 0.35 | AH53: 0.21 | AI53: 0.41 | AJ53: 0.21 | AK53: 0.53 | AL53: 0.21 | AM53: 0.44 | AN53: 0.21 | AO53: 0.23 | AP53: 0.18 | AQ53: 0.18 | AR53: 0.16 | AU53: AM-Peak | AV53: 0.87 | AW53: 0.29 | AX53: 0.97 | AY53: 0.24 | AZ53: 0.81 | BA53: 0.93 | BB53: 0.81 | BC53: 0.59 | BD53: 0.86 | BE53: 0.59 | BF53: 0.9 | BG53: 0.59 | BH53: 0.96 | BI53: 0.59 | BJ53: 0.92 | BK53: 0.57 | BL53: 0.63 | BM53: 0.51 | BN53: 0.49 | BO53: 0.45 | BR53: AM-Peak | BS53: 1.05 | BT53: 0.31 | BU53: 1.15 | BV53: 0.25 | BW53: 0.98 | BX53: 1.18 | BY53: 0.96 | BZ53: 0.7 | CA53: 1.02 | CB53: 0.68 | CC53: 1.08 | CD53: 0.68 | CE53: 1.2 | CF53: 0.69 | CG53: 1.13 | CH53: 0.66 | CI53: 0.73 | CJ53: 0.59 | CK53: 0.57 | CL53: 0.52
B54: AM-Shoulder | C54: 2042.68 | D54: 260.5 | E54: 2368.47 | F54: 30.97 | G54: 717.41 | H54: 832.54 | I54: 1297.24 | J54: 713.49 | K54: 1839.8 | L54: 710.85 | M54: 3590.92 | N54: 1173.71 | O54: 2802.29 | P54: 958.4 | Q54: 2051.41 | R54: 1101.66 | S54: 1016.45 | T54: 847.73 | U54: 1069.43 | V54: 952.61 | X54: AM-Shoulder | Y54: 0.35 | Z54: 0.15 | AA54: 0.37 | AB54: 0.04 | AC54: 0.31 | AD54: 0.36 | AE54: 0.3 | AF54: 0.24 | AG54: 0.3 | AH54: 0.21 | AI54: 0.3 | AJ54: 0.21 | AK54: 0.3 | AL54: 0.2 | AM54: 0.25 | AN54: 0.2 | AO54: 0.2 | AP54: 0.18 | AQ54: 0.18 | AR54: 0.17 | AU54: AM-Shoulder | AV54: 0.89 | AW54: 0.43 | AX54: 0.88 | AY54: 0.29 | AZ54: 0.89 | BA54: 0.89 | BB54: 0.76 | BC54: 0.62 | BD54: 0.82 | BE54: 0.61 | BF54: 0.84 | BG54: 0.59 | BH54: 0.84 | BI54: 0.59 | BJ54: 0.71 | BK54: 0.56 | BL54: 0.56 | BM54: 0.53 | BN54: 0.52 | BO54: 0.49 | BR54: AM-Shoulder | BS54: 1.05 | BT54: 0.5 | BU54: 1.05 | BV54: 0.31 | BW54: 1.05 | BX54: 1.05 | BY54: 0.9 | BZ54: 0.73 | CA54: 0.95 | CB54: 0.7 | CC54: 0.97 | CD54: 0.68 | CE54: 0.97 | CF54: 0.68 | CG54: 0.82 | CH54: 0.65 | CI54: 0.65 | CJ54: 0.61 | CK54: 0.6 | CL54: 0.57
B55: MD | C55: 6454.88 | D55: 4155.95 | E55: 4904.03 | F55: 2279.54 | G55: 1507.46 | H55: 3048.04 | I55: 2427.6 | J55: 4938.88 | K55: 5479.7 | L55: 6278.8 | M55: 8352.52 | N55: 7676.28 | O55: 5630.21 | P55: 5530.79 | Q55: 6453.12 | R55: 6001.96 | S55: 5062.59 | T55: 4397.83 | U55: 5669.23 | V55: 4726.27 | X55: MD | Y55: 0.21 | Z55: 0.23 | AA55: 0.27 | AB55: 0.28 | AC55: 0.19 | AD55: 0.26 | AE55: 0.24 | AF55: 0.25 | AG55: 0.26 | AH55: 0.26 | AI55: 0.24 | AJ55: 0.25 | AK55: 0.23 | AL55: 0.24 | AM55: 0.21 | AN55: 0.21 | AO55: 0.2 | AP55: 0.19 | AQ55: 0.19 | AR55: 0.21 | AU55: MD | AV55: 0.85 | AW55: 0.7 | AX55: 0.71 | AY55: 0.49 | AZ55: 0.73 | BA55: 0.86 | BB55: 0.5 | BC55: 0.7 | BD55: 0.69 | BE55: 0.72 | BF55: 0.65 | BG55: 0.62 | BH55: 0.61 | BI55: 0.59 | BJ55: 0.58 | BK55: 0.56 | BL55: 0.56 | BM55: 0.5 | BN55: 0.51 | BO55: 0.45 | BR55: MD | BS55: 0.99 | BT55: 0.82 | BU55: 0.84 | BV55: 0.59 | BW55: 0.86 | BX55: 1.02 | BY55: 0.59 | BZ55: 0.83 | CA55: 0.81 | CB55: 0.84 | CC55: 0.76 | CD55: 0.72 | CE55: 0.71 | CF55: 0.69 | CG55: 0.68 | CH55: 0.65 | CI55: 0.65 | CJ55: 0.59 | CK55: 0.6 | CL55: 0.52
B56: PM-Shoulder | C56: 1991.55 | D56: 2069.78 | E56: 1115.84 | F56: 1931.09 | G56: 677.22 | H56: 761.17 | I56: 584.88 | J56: 1979.95 | K56: 694.54 | L56: 2893.6 | M56: 1480.35 | N56: 3339.7 | O56: 1145.99 | P56: 1960.68 | Q56: 1478.28 | R56: 2514.39 | S56: 1206.15 | T56: 2007.03 | U56: 1308.15 | V56: 1153.67 | X56: PM-Shoulder | Y56: 0.34 | Z56: 0.35 | AA56: 0.39 | AB56: 0.46 | AC56: 0.31 | AD56: 0.36 | AE56: 0.28 | AF56: 0.3 | AG56: 0.27 | AH56: 0.41 | AI56: 0.29 | AJ56: 0.37 | AK56: 0.28 | AL56: 0.34 | AM56: 0.28 | AN56: 0.34 | AO56: 0.27 | AP56: 0.33 | AQ56: 0.24 | AR56: 0.24 | AU56: PM-Shoulder | AV56: 0.87 | AW56: 0.87 | AX56: 0.7 | AY56: 0.81 | AZ56: 0.85 | BA56: 0.85 | BB56: 0.53 | BC56: 0.85 | BD56: 0.55 | BE56: 0.86 | BF56: 0.6 | BG56: 0.77 | BH56: 0.59 | BI56: 0.7 | BJ56: 0.58 | BK56: 0.7 | BL56: 0.57 | BM56: 0.66 | BN56: 0.52 | BO56: 0.48 | BR56: PM-Shoulder | BS56: 1.05 | BT56: 1.05 | BU56: 0.88 | BV56: 1.02 | BW56: 1.05 | BX56: 1.05 | BY56: 0.66 | BZ56: 1.05 | CA56: 0.68 | CB56: 1.05 | CC56: 0.72 | CD56: 0.94 | CE56: 0.71 | CF56: 0.85 | CG56: 0.71 | CH56: 0.85 | CI56: 0.69 | CJ56: 0.81 | CK56: 0.63 | CL56: 0.59
B57: PM-Peak | C57: 10529.45 | D57: 9723.44 | E57: 4101.84 | F57: 6494.22 | G57: 2536.75 | H57: 3622.73 | I57: 3723.06 | J57: 11569.7 | K57: 3907.92 | L57: 17713.27 | M57: 7764.28 | N57: 22962.3 | O57: 6177.29 | P57: 12851.33 | Q57: 9051.18 | R57: 11036.52 | S57: 6017.49 | T57: 6508.65 | U57: 6762.79 | V57: 6580.51 | X57: PM-Peak | Y57: 0.4 | Z57: 0.49 | AA57: 0.37 | AB57: 0.43 | AC57: 0.33 | AD57: 0.42 | AE57: 0.33 | AF57: 0.47 | AG57: 0.29 | AH57: 0.44 | AI57: 0.3 | AJ57: 0.41 | AK57: 0.29 | AL57: 0.37 | AM57: 0.3 | AN57: 0.33 | AO57: 0.27 | AP57: 0.28 | AQ57: 0.25 | AR57: 0.25 | AU57: PM-Peak | AV57: 0.92 | AW57: 0.9 | AX57: 0.67 | AY57: 0.78 | AZ57: 0.83 | BA57: 0.88 | BB57: 0.62 | BC57: 0.92 | BD57: 0.6 | BE57: 0.96 | BF57: 0.63 | BG57: 0.89 | BH57: 0.62 | BI57: 0.8 | BJ57: 0.65 | BK57: 0.7 | BL57: 0.58 | BM57: 0.59 | BN57: 0.54 | BO57: 0.53 | BR57: PM-Peak | BS57: 1.11 | BT57: 1.12 | BU57: 0.84 | BV57: 0.97 | BW57: 1.02 | BX57: 1.09 | BY57: 0.77 | BZ57: 1.2 | CA57: 0.73 | CB57: 1.16 | CC57: 0.76 | CD57: 1.07 | CE57: 0.75 | CF57: 0.97 | CG57: 0.79 | CH57: 0.85 | CI57: 0.7 | CJ57: 0.72 | CK57: 0.65 | CL57: 0.64
B58: PM-Late | C58: 1050.47 | D58: 1637.65 | E58: 102.63 | F58: 108.89 | G58: 25.22 | H58: 222.9 | I58: 90.11 | J58: 2934.16 | K58: 1343.92 | L58: 3544.92 | M58: 3238.18 | N58: 5980.87 | O58: 2733.39 | P58: 3434.46 | Q58: 3168.44 | R58: 3179.38 | S58: 2510.72 | T58: 2178.05 | U58: 2911.82 | V58: 2415.97 | X58: PM-Late | Y58: 0.17 | Z58: 0.22 | AA58: 0.04 | AB58: 0.04 | AC58: 0.03 | AD58: 0.13 | AE58: 0.04 | AF58: 0.22 | AG58: 0.14 | AH58: 0.21 | AI58: 0.14 | AJ58: 0.21 | AK58: 0.14 | AL58: 0.19 | AM58: 0.13 | AN58: 0.15 | AO58: 0.13 | AP58: 0.13 | AQ58: 0.13 | AR58: 0.13 | AU58: PM-Late | AV58: 0.47 | AW58: 0.56 | AX58: 0.28 | AY58: 0.3 | AZ58: 0.23 | BA58: 0.3 | BB58: 0.25 | BC58: 0.7 | BD58: 0.5 | BE58: 0.71 | BF58: 0.6 | BG58: 0.69 | BH58: 0.62 | BI58: 0.62 | BJ58: 0.59 | BK58: 0.56 | BL58: 0.56 | BM58: 0.5 | BN58: 0.51 | BO58: 0.45 | BR58: PM-Late | BS58: 0.56 | BT58: 0.68 | BU58: 0.29 | BV58: 0.31 | BW58: 0.24 | BX58: 0.35 | BY58: 0.26 | BZ58: 0.85 | CA58: 0.59 | CB58: 0.87 | CC58: 0.71 | CD58: 0.84 | CE58: 0.74 | CF58: 0.75 | CG58: 0.7 | CH58: 0.67 | CI58: 0.67 | CJ58: 0.6 | CK58: 0.61 | CL58: 0.53
B61: Revenue Per Period Medium A | X61: ML Speed | AU61: GP Speed | BR61: Time Saving
B62: Direction | C62: NB | D62: SB | E62: NB | F62: SB | G62: NB | H62: SB | I62: NB | J62: SB | K62: NB | L62: SB | M62: NB | N62: SB | O62: NB | P62: SB | Q62: NB | R62: SB | S62: NB | T62: SB | U62: NB | V62: SB | X62: Direction | Y62: NB | Z62: SB | AA62: NB | AB62: SB | AC62: NB | AD62: SB | AE62: NB | AF62: SB | AG62: NB | AH62: SB | AI62: NB | AJ62: SB | AK62: NB | AL62: SB | AM62: NB | AN62: SB | AO62: NB | AP62: SB | AQ62: NB | AR62: SB | AU62: Direction | AV62: NB | AW62: SB | AX62: NB | AY62: SB | AZ62: NB | BA62: SB | BB62: NB | BC62: SB | BD62: NB | BE62: SB | BF62: NB | BG62: SB | BH62: NB | BI62: SB | BJ62: NB | BK62: SB | BL62: NB | BM62: SB | BN62: NB | BO62: SB | BR62: Direction | BS62: NB | BT62: SB | BU62: NB | BV62: SB | BW62: NB | BX62: SB | BY62: NB | BZ62: SB | CA62: NB | CB62: SB | CC62: NB | CD62: SB | CE62: NB | CF62: SB | CG62: NB | CH62: SB | CI62: NB | CJ62: SB | CK62: NB | CL62: SB
B63: Segment | C63: 1 | D63: 1 | E63: 2 | F63: 2 | G63: 3 | H63: 3 | I63: 4 | J63: 4 | K63: 5 | L63: 5 | M63: 6 | N63: 6 | O63: 7 | P63: 7 | Q63: 8 | R63: 8 | S63: 9 | T63: 9 | U63: 10 | V63: 10 | X63: Segment | Y63: 1 | Z63: 1 | AA63: 2 | AB63: 2 | AC63: 3 | AD63: 3 | AE63: 4 | AF63: 4 | AG63: 5 | AH63: 5 | AI63: 6 | AJ63: 6 | AK63: 7 | AL63: 7 | AM63: 8 | AN63: 8 | AO63: 9 | AP63: 9 | AQ63: 10 | AR63: 10 | AU63: Segment | AV63: 1 | AW63: 1 | AX63: 2 | AY63: 2 | AZ63: 3 | BA63: 3 | BB63: 4 | BC63: 4 | BD63: 5 | BE63: 5 | BF63: 6 | BG63: 6 | BH63: 7 | BI63: 7 | BJ63: 8 | BK63: 8 | BL63: 9 | BM63: 9 | BN63: 10 | BO63: 10 | BR63: Segment | BS63: 1 | BT63: 1 | BU63: 2 | BV63: 2 | BW63: 3 | BX63: 3 | BY63: 4 | BZ63: 4 | CA63: 5 | CB63: 5 | CC63: 6 | CD63: 6 | CE63: 7 | CF63: 7 | CG63: 8 | CH63: 8 | CI63: 9 | CJ63: 9 | CK63: 10 | CL63: 10
B64: Period | X64: Period | AU64: Period | BR64: Period
B65: Night | C65: 4 | D65: 4.21 | E65: 2.85 | F65: 2.81 | G65: 1.18 | H65: 1.79 | I65: 2.4 | J65: 3.27 | K65: 3.19 | L65: 2.93 | M65: 5.43 | N65: 5.43 | O65: 5.13 | P65: 4 | Q65: 5.24 | R65: 5.08 | S65: 5.28 | T65: 4.25 | U65: 6.99 | V65: 6.21 | X65: Night | Y65: 60 | Z65: 60 | AA65: 60 | AB65: 60 | AC65: 60 | AD65: 60 | AE65: 70 | AF65: 70 | AG65: 70 | AH65: 70 | AI65: 70 | AJ65: 70 | AK65: 70 | AL65: 70 | AM65: 70 | AN65: 70 | AO65: 70 | AP65: 70 | AQ65: 70 | AR65: 70 | AU65: Night | AV65: 54.98 | AW65: 54.98 | AX65: 55 | AY65: 55 | AZ65: 55 | BA65: 54.99 | BB65: 64.98 | BC65: 64.98 | BD65: 69.96 | BE65: 69.98 | BF65: 69.96 | BG65: 69.98 | BH65: 69.96 | BI65: 69.99 | BJ65: 69.97 | BK65: 69.98 | BL65: 69.99 | BM65: 70 | BN65: 69.98 | BO65: 70 | BR65: Night | BS65: -0.12 | BT65: -0.12 | BU65: -0.12 | BV65: -0.12 | BW65: -0.05 | BX65: -0.05 | BY65: -0.11 | BZ65: -0.11 | CA65: 0 | CB65: 0 | CC65: 0 | CD65: 0 | CE65: 0 | CF65: 0 | CG65: 0 | CH65: 0 | CI65: 0 | CJ65: 0 | CK65: 0 | CL65: 0
B66: AM-Early | C66: 43.56 | D66: 24.29 | E66: 18.12 | F66: 14.97 | G66: 9.56 | H66: 12.02 | I66: 39.51 | J66: 78.04 | K66: 55.48 | L66: 74.09 | M66: 122.24 | N66: 151.14 | O66: 109.41 | P66: 106.37 | Q66: 127.06 | R66: 94.39 | S66: 94.26 | T66: 79.67 | U66: 122.68 | V66: 65.99 | X66: AM-Early | Y66: 59.98 | Z66: 60 | AA66: 59.98 | AB66: 60 | AC66: 60 | AD66: 59.99 | AE66: 69.94 | AF66: 69.99 | AG66: 69.96 | AH66: 70 | AI66: 69.97 | AJ66: 70 | AK66: 69.99 | AL66: 69.99 | AM66: 69.99 | AN66: 70 | AO66: 69.99 | AP66: 70 | AQ66: 69.98 | AR66: 70 | AU66: AM-Early | AV66: 53.86 | AW66: 54.91 | AX66: 54.47 | AY66: 54.95 | AZ66: 54.6 | BA66: 54.79 | BB66: 63.6 | BC66: 63.24 | BD66: 67.63 | BE66: 68.79 | BF66: 66.43 | BG66: 68.66 | BH66: 66.69 | BI66: 68.18 | BJ66: 67.39 | BK66: 69.06 | BL66: 67.71 | BM66: 69.46 | BN66: 68.67 | BO66: 69.88 | BR66: AM-Early | BS66: -0.15 | BT66: -0.12 | BU66: -0.13 | BV66: -0.12 | BW66: -0.05 | BX66: -0.05 | BY66: -0.14 | BZ66: -0.15 | CA66: -0.06 | CB66: -0.03 | CC66: -0.16 | CD66: -0.06 | CE66: -0.12 | CF66: -0.07 | CG66: -0.13 | CH66: -0.04 | CI66: -0.1 | CJ66: -0.02 | CK66: -0.07 | CL66: -0.01
B67: AM-Peak | C67: 886.59 | D67: 10.47 | E67: 1162.42 | F67: 7.96 | G67: 278.01 | H67: 664.17 | I67: 826.25 | J67: 486.37 | K67: 1368.96 | L67: 590.4 | M67: 2734.23 | N67: 1118.89 | O67: 3195.67 | P67: 799.37 | Q67: 3394.32 | R67: 863.92 | S67: 888.21 | T67: 753.99 | U67: 738.55 | V67: 620.16 | X67: AM-Peak | Y67: 59.65 | Z67: 60 | AA67: 59.67 | AB67: 60 | AC67: 59.96 | AD67: 57.65 | AE67: 69.9 | AF67: 69.99 | AG67: 69.85 | AH67: 69.99 | AI67: 69.59 | AJ67: 69.99 | AK67: 67.92 | AL67: 69.99 | AM67: 69.33 | AN67: 69.99 | AO67: 69.99 | AP67: 70 | AQ67: 70 | AR67: 70 | AU67: AM-Peak | AV67: 38.58 | AW67: 54.97 | AX67: 30.32 | AY67: 54.99 | AZ67: 42.64 | BA67: 33.69 | BB67: 50.71 | BC67: 62.24 | BD67: 49.52 | BE67: 67.24 | BF67: 45.85 | BG67: 67.2 | BH67: 39.29 | BI67: 67.11 | BJ67: 43.37 | BK67: 67.72 | BL67: 65.98 | BM67: 68.76 | BN67: 68.99 | BO67: 69.44 | BR67: AM-Peak | BS67: -0.71 | BT67: -0.12 | BU67: -1.27 | BV67: -0.12 | BW67: -0.2 | BX67: -0.37 | BY67: -0.52 | BZ67: -0.17 | CA67: -0.71 | CB67: -0.07 | CC67: -1.61 | CD67: -0.13 | CE67: -1.87 | CF67: -0.11 | CG67: -1.97 | CH67: -0.11 | CI67: -0.18 | CJ67: -0.05 | CK67: -0.06 | CL67: -0.03
B68: AM-Shoulder | C68: 271.95 | D68: 31.56 | E68: 192.7 | F68: 3.45 | G68: 91.8 | H68: 100.32 | I68: 188.78 | J68: 92.33 | K68: 259.58 | L68: 121.23 | M68: 538.5 | N68: 216.18 | O68: 450.21 | P68: 146.01 | Q68: 334.73 | R68: 182.17 | S68: 156.99 | T68: 129.61 | U68: 171.82 | V68: 138.85 | X68: AM-Shoulder | Y68: 59.88 | Z68: 60 | AA68: 59.82 | AB68: 60 | AC68: 59.94 | AD68: 59.85 | AE68: 69.94 | AF68: 69.99 | AG68: 69.95 | AH68: 69.99 | AI68: 69.94 | AJ68: 69.99 | AK68: 69.95 | AL68: 70 | AM68: 69.98 | AN68: 70 | AO68: 70 | AP68: 70 | AQ68: 70 | AR68: 70 | AU68: AM-Shoulder | AV68: 36.43 | AW68: 54.64 | AX68: 37.3 | AY68: 54.96 | AZ68: 37.13 | BA68: 36.84 | BB68: 54.46 | BC68: 61.45 | BD68: 53.81 | BE68: 66.67 | BF68: 52.01 | BG68: 67.12 | BH68: 52.09 | BI68: 67.15 | BJ68: 62.29 | BK68: 67.87 | BL68: 67.83 | BM68: 68.45 | BN68: 68.67 | BO68: 69.01 | BR68: AM-Shoulder | BS68: -0.84 | BT68: -0.13 | BU68: -0.79 | BV68: -0.12 | BW68: -0.31 | BX68: -0.31 | BY68: -0.39 | BZ68: -0.19 | CA68: -0.51 | CB68: -0.09 | CC68: -1.06 | CD68: -0.13 | CE68: -0.85 | CF68: -0.11 | CG68: -0.4 | CH68: -0.1 | CI68: -0.09 | CJ68: -0.07 | CK68: -0.07 | CL68: -0.06
B69: MD | C69: 685.46 | D69: 413.87 | E69: 411.84 | F69: 199.41 | G69: 155.16 | H69: 281.27 | I69: 309.46 | J69: 616.72 | K69: 742.3 | L69: 742.51 | M69: 1124.15 | N69: 882.62 | O69: 771.88 | P69: 608.18 | Q69: 878.97 | R69: 738.29 | S69: 737.08 | T69: 437.75 | U69: 736.73 | V69: 516.92 | X69: MD | Y69: 59.99 | Z69: 59.99 | AA69: 59.97 | AB69: 59.97 | AC69: 60 | AD69: 59.98 | AE69: 69.98 | AF69: 69.98 | AG69: 69.98 | AH69: 69.97 | AI69: 69.98 | AJ69: 69.98 | AK69: 69.99 | AL69: 69.99 | AM69: 69.99 | AN69: 69.99 | AO69: 70 | AP69: 70 | AQ69: 70 | AR69: 69.99 | AU69: MD | AV69: 39.58 | AW69: 49.08 | AX69: 48.92 | AY69: 54.23 | AZ69: 47.94 | BA69: 39.06 | BB69: 64.04 | BC69: 57.9 | BD69: 63.24 | BE69: 61.35 | BF69: 65.14 | BG69: 66.29 | BH69: 66.57 | BI69: 67.15 | BJ69: 67.4 | BK69: 67.92 | BL69: 67.96 | BM69: 68.86 | BN69: 68.74 | BO69: 69.42 | BR69: MD | BS69: -0.67 | BT69: -0.29 | BU69: -0.29 | BV69: -0.14 | BW69: -0.13 | BX69: -0.27 | BY69: -0.13 | BZ69: -0.29 | CA69: -0.18 | CB69: -0.24 | CC69: -0.23 | CD69: -0.17 | CE69: -0.13 | CF69: -0.11 | CG69: -0.13 | CH69: -0.1 | CI69: -0.09 | CJ69: -0.05 | CK69: -0.07 | CL69: -0.03
B70: PM-Shoulder | C70: 147.12 | D70: 139.23 | E70: 59.88 | F70: 116.97 | G70: 53.64 | H70: 42.59 | I70: 54.55 | J70: 137.93 | K70: 63.67 | L70: 233.53 | M70: 152.51 | N70: 265.03 | O70: 109.59 | P70: 133.95 | Q70: 146 | R70: 213.9 | S70: 130.08 | T70: 126.71 | U70: 131.1 | V70: 93.69 | X70: PM-Shoulder | Y70: 59.89 | Z70: 59.87 | AA70: 59.75 | AB70: 59.3 | AC70: 59.94 | AD70: 59.84 | AE70: 69.96 | AF70: 69.94 | AG70: 69.97 | AH70: 69.59 | AI70: 69.96 | AJ70: 69.78 | AK70: 69.96 | AL70: 69.86 | AM70: 69.96 | AN70: 69.88 | AO70: 69.97 | AP70: 69.9 | AQ70: 69.99 | AR70: 69.99 | AU70: PM-Shoulder | AV70: 38.29 | AW70: 38.54 | AX70: 49.21 | AY70: 42.94 | AZ70: 39.65 | BA70: 39.99 | BB70: 63.58 | BC70: 47.01 | BD70: 68.05 | BE70: 49.34 | BF70: 67.02 | BG70: 58.06 | BH70: 67.29 | BI70: 62.84 | BJ70: 67.35 | BK70: 62.76 | BL70: 67.75 | BM70: 64.47 | BN70: 68.62 | BO70: 69.13 | BR70: PM-Shoulder | BS70: -0.73 | BT70: -0.72 | BU70: -0.28 | BV70: -0.5 | BW70: -0.26 | BX70: -0.25 | BY70: -0.14 | BZ70: -0.67 | CA70: -0.05 | CB70: -0.71 | CC70: -0.14 | CD70: -0.62 | CE70: -0.1 | CF70: -0.28 | CG70: -0.13 | CH70: -0.37 | CI70: -0.1 | CJ70: -0.25 | CK70: -0.08 | CL70: -0.05
B71: PM-Peak | C71: 590.49 | D71: 625.63 | E71: 182.6 | F71: 277.15 | G71: 159.4 | H71: 182.39 | I71: 252.56 | J71: 779.59 | K71: 282.26 | L71: 1172.42 | M71: 561.83 | N71: 1415.33 | O71: 401.1 | P71: 698.51 | Q71: 616.7 | R71: 754.56 | S71: 457.05 | T71: 356.15 | U71: 463.03 | V71: 432.64 | X71: PM-Peak | Y71: 59.69 | Z71: 58.93 | AA71: 59.81 | AB71: 59.52 | AC71: 59.91 | AD71: 59.58 | AE71: 69.91 | AF71: 68.99 | AG71: 69.95 | AH71: 69.35 | AI71: 69.95 | AJ71: 69.58 | AK71: 69.95 | AL71: 69.77 | AM71: 69.94 | AN71: 69.9 | AO71: 69.97 | AP71: 69.97 | AQ71: 69.98 | AR71: 69.98 | AU71: PM-Peak | AV71: 34.33 | AW71: 36.31 | AX71: 50.34 | AY71: 44.92 | AZ71: 41.6 | BA71: 37.32 | BB71: 61.48 | BC71: 40.43 | BD71: 66.83 | BE71: 38.82 | BF71: 66.03 | BG71: 47.02 | BH71: 66.17 | BI71: 55.4 | BJ71: 64.96 | BK71: 62.55 | BL71: 67.35 | BM71: 67.06 | BN71: 68.27 | BO71: 68.45 | BR71: PM-Peak | BS71: -0.97 | BT71: -0.82 | BU71: -0.25 | BV71: -0.43 | BW71: -0.22 | BX71: -0.3 | BY71: -0.19 | BZ71: -0.98 | CA71: -0.08 | CB71: -1.36 | CC71: -0.18 | CD71: -1.49 | CE71: -0.14 | CF71: -0.65 | CG71: -0.25 | CH71: -0.38 | CI71: -0.11 | CJ71: -0.13 | CK71: -0.1 | CL71: -0.09
B72: PM-Late | C72: 58.95 | D72: 53.85 | E72: 2.45 | F72: 2.89 | G72: 1.11 | H72: 6.43 | I72: 3.97 | J72: 83.48 | K72: 69.85 | L72: 75.87 | M72: 122.45 | N72: 143.07 | O72: 113.48 | P72: 115.27 | Q72: 109.12 | R72: 114.41 | S72: 131.53 | T72: 77.75 | U72: 144.52 | V72: 91.8 | X72: PM-Late | Y72: 60 | Z72: 59.99 | AA72: 60 | AB72: 60 | AC72: 60 | AD72: 60 | AE72: 70 | AF72: 69.99 | AG72: 70 | AH72: 69.99 | AI72: 70 | AJ72: 69.99 | AK72: 70 | AL72: 70 | AM72: 70 | AN72: 70 | AO72: 70 | AP72: 70 | AQ72: 70 | AR72: 70 | AU72: PM-Late | AV72: 54.42 | AW72: 53.31 | AX72: 54.97 | AY72: 54.96 | AZ72: 54.99 | BA72: 54.96 | BB72: 64.99 | BC72: 58.38 | BD72: 68.96 | BE72: 61.77 | BF72: 66.96 | BG72: 62.94 | BH72: 66.21 | BI72: 66.34 | BJ72: 67.28 | BK72: 67.92 | BL72: 67.9 | BM72: 68.88 | BN72: 68.77 | BO72: 69.45 | BR72: PM-Late | BS72: -0.13 | BT72: -0.16 | BU72: -0.12 | BV72: -0.12 | BW72: -0.05 | BX72: -0.05 | BY72: -0.11 | BZ72: -0.27 | CA72: -0.03 | CB72: -0.23 | CC72: -0.14 | CD72: -0.35 | CE72: -0.14 | CF72: -0.14 | CG72: -0.13 | CH72: -0.1 | CI72: -0.09 | CJ72: -0.05 | CK72: -0.07 | CL72: -0.03
B75: Revenue Per Period Medium B | X75: ML time | AU75: GP Time | BR75: Difference in travel time
B76: Direction | C76: NB | D76: SB | E76: NB | F76: SB | G76: NB | H76: SB | I76: NB | J76: SB | K76: NB | L76: SB | M76: NB | N76: SB | O76: NB | P76: SB | Q76: NB | R76: SB | S76: NB | T76: SB | U76: NB | V76: SB | X76: Direction | Y76: NB | Z76: SB | AA76: NB | AB76: SB | AC76: NB | AD76: SB | AE76: NB | AF76: SB | AG76: NB | AH76: SB | AI76: NB | AJ76: SB | AK76: NB | AL76: SB | AM76: NB | AN76: SB | AO76: NB | AP76: SB | AQ76: NB | AR76: SB | AU76: Direction | AV76: NB | AW76: SB | AX76: NB | AY76: SB | AZ76: NB | BA76: SB | BB76: NB | BC76: SB | BD76: NB | BE76: SB | BF76: NB | BG76: SB | BH76: NB | BI76: SB | BJ76: NB | BK76: SB | BL76: NB | BM76: SB | BN76: NB | BO76: SB | BR76: Direction | BS76: NB | BT76: SB | BU76: NB | BV76: SB | BW76: NB | BX76: SB | BY76: NB | BZ76: SB | CA76: NB | CB76: SB | CC76: NB | CD76: SB | CE76: NB | CF76: SB | CG76: NB | CH76: SB | CI76: NB | CJ76: SB | CK76: NB | CL76: SB
B77: Segment | C77: 1 | D77: 1 | E77: 2 | F77: 2 | G77: 3 | H77: 3 | I77: 4 | J77: 4 | K77: 5 | L77: 5 | M77: 6 | N77: 6 | O77: 7 | P77: 7 | Q77: 8 | R77: 8 | S77: 9 | T77: 9 | U77: 10 | V77: 10 | X77: Segment | Y77: 1 | Z77: 1 | AA77: 2 | AB77: 2 | AC77: 3 | AD77: 3 | AE77: 4 | AF77: 4 | AG77: 5 | AH77: 5 | AI77: 6 | AJ77: 6 | AK77: 7 | AL77: 7 | AM77: 8 | AN77: 8 | AO77: 9 | AP77: 9 | AQ77: 10 | AR77: 10 | AU77: Segment | AV77: 1 | AW77: 1 | AX77: 2 | AY77: 2 | AZ77: 3 | BA77: 3 | BB77: 4 | BC77: 4 | BD77: 5 | BE77: 5 | BF77: 6 | BG77: 6 | BH77: 7 | BI77: 7 | BJ77: 8 | BK77: 8 | BL77: 9 | BM77: 9 | BN77: 10 | BO77: 10 | BR77: Segment | BS77: 1 | BT77: 1 | BU77: 2 | BV77: 2 | BW77: 3 | BX77: 3 | BY77: 4 | BZ77: 4 | CA77: 5 | CB77: 5 | CC77: 6 | CD77: 6 | CE77: 7 | CF77: 7 | CG77: 8 | CH77: 8 | CI77: 9 | CJ77: 9 | CK77: 10 | CL77: 10
B78: Period | X78: Period | AU78: Period | BR78: Period
B79: Night | C79: 1.09 | D79: 1.73 | E79: 0.83 | F79: 0.82 | G79: 0.27 | H79: 0.57 | I79: 1.47 | J79: 0.72 | K79: 1.38 | L79: 1.81 | M79: 1.4 | N79: 2.02 | O79: 1.25 | P79: 1.38 | Q79: 0.98 | R79: 0.98 | S79: 0.59 | T79: 1.03 | U79: 0.58 | V79: 0.78 | X79: Night | Y79: 1.3 | Z79: 1.3 | AA79: 1.3 | AB79: 1.3 | AC79: 0.5 | AD79: 0.5 | AE79: 1.37 | AF79: 1.37 | AG79: 1.71 | AH79: 1.71 | AI79: 3.09 | AJ79: 3.09 | AK79: 2.49 | AL79: 2.49 | AM79: 3.26 | AN79: 3.26 | AO79: 2.91 | AP79: 2.91 | AQ79: 3.86 | AR79: 3.86 | AU79: Night | AV79: 1.42 | AW79: 1.42 | AX79: 1.42 | AY79: 1.42 | AZ79: 0.55 | BA79: 0.55 | BB79: 1.48 | BC79: 1.48 | BD79: 1.72 | BE79: 1.71 | BF79: 3.09 | BG79: 3.09 | BH79: 2.49 | BI79: 2.49 | BJ79: 3.26 | BK79: 3.26 | BL79: 2.91 | BM79: 2.91 | BN79: 3.86 | BO79: 3.86 | BR79: Night | BS79: -0.08 | BT79: -0.08 | BU79: -0.08 | BV79: -0.08 | BW79: -0.08 | BX79: -0.08 | BY79: -0.07 | BZ79: -0.07 | CA79: 0 | CB79: 0 | CC79: 0 | CD79: 0 | CE79: 0 | CF79: 0 | CG79: 0 | CH79: 0 | CI79: 0 | CJ79: 0 | CK79: 0 | CL79: 0
B80: AM-Early | C80: 22.79 | D80: 10.82 | E80: 12.16 | F80: 6.77 | G80: 3.75 | H80: 5.84 | I80: 18.94 | J80: 36.58 | K80: 23.78 | L80: 33.6 | M80: 41.06 | N80: 46.71 | O80: 38.13 | P80: 38.62 | Q80: 48.41 | R80: 33.71 | S80: 34.04 | T80: 33.09 | U80: 38.14 | V80: 27.64 | X80: AM-Early | Y80: 1.3 | Z80: 1.3 | AA80: 1.3 | AB80: 1.3 | AC80: 0.5 | AD80: 0.5 | AE80: 1.37 | AF80: 1.37 | AG80: 1.72 | AH80: 1.71 | AI80: 3.09 | AJ80: 3.09 | AK80: 2.49 | AL80: 2.49 | AM80: 3.26 | AN80: 3.26 | AO80: 2.91 | AP80: 2.91 | AQ80: 3.86 | AR80: 3.86 | AU80: AM-Early | AV80: 1.45 | AW80: 1.42 | AX80: 1.43 | AY80: 1.42 | AZ80: 0.55 | BA80: 0.55 | BB80: 1.51 | BC80: 1.52 | BD80: 1.77 | BE80: 1.74 | BF80: 3.25 | BG80: 3.15 | BH80: 2.61 | BI80: 2.55 | BJ80: 3.38 | BK80: 3.3 | BL80: 3.01 | BM80: 2.94 | BN80: 3.93 | BO80: 3.86 | BR80: AM-Early | BS80: -0.1 | BT80: -0.08 | BU80: -0.09 | BV80: -0.08 | BW80: -0.09 | BX80: -0.09 | BY80: -0.09 | BZ80: -0.1 | CA80: -0.03 | CB80: -0.02 | CC80: -0.05 | CD80: -0.02 | CE80: -0.05 | CF80: -0.03 | CG80: -0.04 | CH80: -0.01 | CI80: -0.03 | CJ80: -0.01 | CK80: -0.02 | CL80: 0
B81: AM-Peak | C81: 219.62 | D81: 3.65 | E81: 298.38 | F81: 2.29 | G81: 51.73 | H81: 187.6 | I81: 278 | J81: 182.7 | K81: 361.17 | L81: 181.3 | M81: 708.93 | N81: 296.29 | O81: 870.03 | P81: 244.85 | Q81: 958.99 | R81: 264.44 | S81: 224.51 | T81: 216.02 | U81: 220.66 | V81: 186.52 | X81: AM-Peak | Y81: 1.31 | Z81: 1.3 | AA81: 1.31 | AB81: 1.3 | AC81: 0.5 | AD81: 0.52 | AE81: 1.37 | AF81: 1.37 | AG81: 1.72 | AH81: 1.71 | AI81: 3.1 | AJ81: 3.09 | AK81: 2.56 | AL81: 2.49 | AM81: 3.29 | AN81: 3.26 | AO81: 2.91 | AP81: 2.91 | AQ81: 3.86 | AR81: 3.86 | AU81: AM-Peak | AV81: 2.02 | AW81: 1.42 | AX81: 2.57 | AY81: 1.42 | AZ81: 0.7 | BA81: 0.89 | BB81: 1.89 | BC81: 1.54 | BD81: 2.42 | BE81: 1.78 | BF81: 4.71 | BG81: 3.21 | BH81: 4.43 | BI81: 2.59 | BJ81: 5.26 | BK81: 3.37 | BL81: 3.09 | BM81: 2.97 | BN81: 3.91 | BO81: 3.89 | BR81: AM-Peak | BS81: -0.35 | BT81: -0.08 | BU81: -0.49 | BV81: -0.08 | BW81: -0.29 | BX81: -0.42 | BY81: -0.27 | BZ81: -0.11 | CA81: -0.29 | CB81: -0.04 | CC81: -0.34 | CD81: -0.04 | CE81: -0.42 | CF81: -0.04 | CG81: -0.37 | CH81: -0.03 | CI81: -0.06 | CJ81: -0.02 | CK81: -0.01 | CL81: -0.01
B82: AM-Shoulder | C82: 75.49 | D82: 12.31 | E82: 67.24 | F82: 1.03 | G82: 23.21 | H82: 32.12 | I82: 79.76 | J82: 41.04 | K82: 121.01 | L82: 40.62 | M82: 217.62 | N82: 59.36 | O82: 189.37 | P82: 49.53 | Q82: 151.78 | R82: 74.54 | S82: 71.12 | T82: 46.74 | U82: 68.07 | V82: 60.42 | X82: AM-Shoulder | Y82: 1.3 | Z82: 1.3 | AA82: 1.3 | AB82: 1.3 | AC82: 0.5 | AD82: 0.5 | AE82: 1.37 | AF82: 1.37 | AG82: 1.72 | AH82: 1.71 | AI82: 3.09 | AJ82: 3.09 | AK82: 2.49 | AL82: 2.49 | AM82: 3.26 | AN82: 3.26 | AO82: 2.91 | AP82: 2.91 | AQ82: 3.86 | AR82: 3.86 | AU82: AM-Shoulder | AV82: 2.14 | AW82: 1.43 | AX82: 2.09 | AY82: 1.42 | AZ82: 0.81 | BA82: 0.81 | BB82: 1.76 | BC82: 1.56 | BD82: 2.23 | BE82: 1.8 | BF82: 4.15 | BG82: 3.22 | BH82: 3.34 | BI82: 2.59 | BJ82: 3.66 | BK82: 3.36 | BL82: 3.01 | BM82: 2.98 | BN82: 3.93 | BO82: 3.91 | BR82: AM-Shoulder | BS82: -0.39 | BT82: -0.09 | BU82: -0.38 | BV82: -0.08 | BW82: -0.38 | BX82: -0.38 | BY82: -0.22 | BZ82: -0.12 | CA82: -0.23 | CB82: -0.05 | CC82: -0.26 | CD82: -0.04 | CE82: -0.26 | CF82: -0.04 | CG82: -0.11 | CH82: -0.03 | CI82: -0.03 | CJ82: -0.02 | CK82: -0.02 | CL82: -0.01
B83: MD | C83: 186.97 | D83: 128.97 | E83: 100.68 | F83: 36.5 | G83: 39.5 | H83: 104.98 | I83: 115.84 | J83: 211.68 | K83: 249.85 | L83: 267.83 | M83: 318.02 | N83: 275.87 | O83: 246.2 | P83: 220.17 | Q83: 307.16 | R83: 271.53 | S83: 263.93 | T83: 178.76 | U83: 259.16 | V83: 179.66 | X83: MD | Y83: 1.3 | Z83: 1.3 | AA83: 1.3 | AB83: 1.3 | AC83: 0.5 | AD83: 0.5 | AE83: 1.37 | AF83: 1.37 | AG83: 1.71 | AH83: 1.71 | AI83: 3.09 | AJ83: 3.09 | AK83: 2.49 | AL83: 2.49 | AM83: 3.26 | AN83: 3.26 | AO83: 2.91 | AP83: 2.91 | AQ83: 3.86 | AR83: 3.86 | AU83: MD | AV83: 1.97 | AW83: 1.59 | AX83: 1.59 | AY83: 1.44 | AZ83: 0.63 | BA83: 0.77 | BB83: 1.5 | BC83: 1.66 | BD83: 1.9 | BE83: 1.96 | BF83: 3.32 | BG83: 3.26 | BH83: 2.61 | BI83: 2.59 | BJ83: 3.38 | BK83: 3.36 | BL83: 3 | BM83: 2.96 | BN83: 3.93 | BO83: 3.89 | BR83: MD | BS83: -0.34 | BT83: -0.18 | BU83: -0.18 | BV83: -0.1 | BW83: -0.2 | BX83: -0.35 | BY83: -0.08 | BZ83: -0.17 | CA83: -0.1 | CB83: -0.12 | CC83: -0.07 | CD83: -0.05 | CE83: -0.05 | CF83: -0.04 | CG83: -0.04 | CH83: -0.03 | CI83: -0.03 | CJ83: -0.02 | CK83: -0.02 | CL83: -0.01
B84: PM-Shoulder | C84: 49.47 | D84: 18.82 | E84: 18.47 | F84: 11.3 | G84: 13.41 | H84: 9.94 | I84: 12.78 | J84: 31.93 | K84: 14.43 | L84: 53.15 | M84: 34.35 | N84: 52.02 | O84: 30.18 | P84: 29.77 | Q84: 38.59 | R84: 51.01 | S84: 38.21 | T84: 23.76 | U84: 36.06 | V84: 23.43 | X84: PM-Shoulder | Y84: 1.3 | Z84: 1.3 | AA84: 1.31 | AB84: 1.32 | AC84: 0.5 | AD84: 0.5 | AE84: 1.37 | AF84: 1.37 | AG84: 1.72 | AH84: 1.72 | AI84: 3.09 | AJ84: 3.1 | AK84: 2.49 | AL84: 2.49 | AM84: 3.26 | AN84: 3.26 | AO84: 2.92 | AP84: 2.92 | AQ84: 3.86 | AR84: 3.86 | AU84: PM-Shoulder | AV84: 2.04 | AW84: 2.02 | AX84: 1.59 | AY84: 1.82 | AZ84: 0.76 | BA84: 0.75 | BB84: 1.51 | BC84: 2.04 | BD84: 1.76 | BE84: 2.43 | BF84: 3.22 | BG84: 3.72 | BH84: 2.59 | BI84: 2.77 | BJ84: 3.39 | BK84: 3.63 | BL84: 3.01 | BM84: 3.16 | BN84: 3.93 | BO84: 3.91 | BR84: PM-Shoulder | BS84: -0.36 | BT84: -0.36 | BU84: -0.18 | BV84: -0.28 | BW84: -0.34 | BX84: -0.33 | BY84: -0.09 | BZ84: -0.33 | CA84: -0.03 | CB84: -0.29 | CC84: -0.04 | CD84: -0.17 | CE84: -0.04 | CF84: -0.1 | CG84: -0.04 | CH84: -0.1 | CI84: -0.03 | CJ84: -0.08 | CK84: -0.02 | CL84: -0.01
B85: PM-Peak | C85: 129.37 | D85: 119.18 | E85: 36.52 | F85: 57.15 | G85: 34.42 | H85: 49.03 | I85: 62.52 | J85: 153.38 | K85: 70.57 | L85: 223.79 | M85: 115.4 | N85: 275.06 | O85: 89.15 | P85: 169.95 | Q85: 158.62 | R85: 172.7 | S85: 114.28 | T85: 83.55 | U85: 111.78 | V85: 82.42 | X85: PM-Peak | Y85: 1.31 | Z85: 1.32 | AA85: 1.3 | AB85: 1.31 | AC85: 0.5 | AD85: 0.5 | AE85: 1.37 | AF85: 1.39 | AG85: 1.72 | AH85: 1.73 | AI85: 3.09 | AJ85: 3.1 | AK85: 2.49 | AL85: 2.49 | AM85: 3.26 | AN85: 3.26 | AO85: 2.92 | AP85: 2.92 | AQ85: 3.86 | AR85: 3.86 | AU85: PM-Peak | AV85: 2.27 | AW85: 2.15 | AX85: 1.55 | AY85: 1.74 | AZ85: 0.72 | BA85: 0.8 | BB85: 1.56 | BC85: 2.37 | BD85: 1.8 | BE85: 3.09 | BF85: 3.27 | BG85: 4.59 | BH85: 2.63 | BI85: 3.14 | BJ85: 3.51 | BK85: 3.64 | BL85: 3.03 | BM85: 3.04 | BN85: 3.96 | BO85: 3.94 | BR85: PM-Peak | BS85: -0.42 | BT85: -0.38 | BU85: -0.16 | BV85: -0.25 | BW85: -0.31 | BX85: -0.37 | BY85: -0.12 | BZ85: -0.41 | CA85: -0.04 | CB85: -0.44 | CC85: -0.06 | CD85: -0.32 | CE85: -0.05 | CF85: -0.21 | CG85: -0.07 | CH85: -0.11 | CI85: -0.04 | CJ85: -0.04 | CK85: -0.02 | CL85: -0.02
B86: PM-Late | C86: 5.78 | D86: 12.43 | E86: 0.33 | F86: 0.44 | G86: 0.13 | H86: 0.92 | I86: 1.23 | J86: 13.04 | K86: 10.75 | L86: 27.31 | M86: 30.61 | N86: 30.66 | O86: 26.48 | P86: 13.56 | Q86: 18.19 | R86: 8.17 | S86: 7.74 | T86: 6.48 | U86: 17.52 | V86: 17.65 | X86: PM-Late | Y86: 1.3 | Z86: 1.3 | AA86: 1.3 | AB86: 1.3 | AC86: 0.5 | AD86: 0.5 | AE86: 1.37 | AF86: 1.37 | AG86: 1.71 | AH86: 1.71 | AI86: 3.09 | AJ86: 3.09 | AK86: 2.49 | AL86: 2.49 | AM86: 3.26 | AN86: 3.26 | AO86: 2.91 | AP86: 2.91 | AQ86: 3.86 | AR86: 3.86 | AU86: PM-Late | AV86: 1.43 | AW86: 1.46 | AX86: 1.42 | AY86: 1.42 | AZ86: 0.55 | BA86: 0.55 | BB86: 1.48 | BC86: 1.64 | BD86: 1.74 | BE86: 1.94 | BF86: 3.23 | BG86: 3.43 | BH86: 2.63 | BI86: 2.62 | BJ86: 3.39 | BK86: 3.36 | BL86: 3 | BM86: 2.96 | BN86: 3.93 | BO86: 3.89 | BR86: PM-Late | BS86: -0.09 | BT86: -0.11 | BU86: -0.08 | BV86: -0.08 | BW86: -0.08 | BX86: -0.08 | BY86: -0.07 | BZ86: -0.17 | CA86: -0.01 | CB86: -0.12 | CC86: -0.04 | CD86: -0.1 | CE86: -0.05 | CF86: -0.05 | CG86: -0.04 | CH86: -0.03 | CI86: -0.03 | CJ86: -0.02 | CK86: -0.02 | CL86: -0.01
B89: Revenue Per Period Heavy A | X89: ML light veh.Miles | AU89: GP light veh.Miles | BR89: LVr Toll
B90: Direction | C90: NB | D90: SB | E90: NB | F90: SB | G90: NB | H90: SB | I90: NB | J90: SB | K90: NB | L90: SB | M90: NB | N90: SB | O90: NB | P90: SB | Q90: NB | R90: SB | S90: NB | T90: SB | U90: NB | V90: SB | X90: Direction | Y90: NB | AI90: SB | AU90: Direction | AV90: NB | BF90: SB | BR90: Direction | BS90: NB | BT90: SB | BU90: NB | BV90: SB | BW90: NB | BX90: SB | BY90: NB | BZ90: SB | CA90: NB | CB90: SB | CC90: NB | CD90: SB | CE90: NB | CF90: SB | CG90: NB | CH90: SB | CI90: NB | CJ90: SB | CK90: NB | CL90: SB
B91: Segment | C91: 1 | D91: 1 | E91: 2 | F91: 2 | G91: 3 | H91: 3 | I91: 4 | J91: 4 | K91: 5 | L91: 5 | M91: 6 | N91: 6 | O91: 7 | P91: 7 | Q91: 8 | R91: 8 | S91: 9 | T91: 9 | U91: 10 | V91: 10 | X91: Segment | Y91: 1 | Z91: 10 | AA91: 2 | AB91: 3 | AC91: 4 | AD91: 5 | AE91: 6 | AF91: 7 | AG91: 8 | AH91: 9 | AI91: 1 | AJ91: 10 | AK91: 2 | AL91: 3 | AM91: 4 | AN91: 5 | AO91: 6 | AP91: 7 | AQ91: 8 | AR91: 9 | AU91: Segment | AV91: 1 | AW91: 10 | AX91: 2 | AY91: 3 | AZ91: 4 | BA91: 5 | BB91: 6 | BC91: 7 | BD91: 8 | BE91: 9 | BF91: 1 | BG91: 10 | BH91: 2 | BI91: 3 | BJ91: 4 | BK91: 5 | BL91: 6 | BM91: 7 | BN91: 8 | BO91: 9 | BR91: Segment | BS91: 1 | BT91: 1 | BU91: 2 | BV91: 2 | BW91: 3 | BX91: 3 | BY91: 4 | BZ91: 4 | CA91: 5 | CB91: 5 | CC91: 6 | CD91: 6 | CE91: 7 | CF91: 7 | CG91: 8 | CH91: 8 | CI91: 9 | CJ91: 9 | CK91: 10 | CL91: 10
B92: Period | X92: Period | AU92: Period | BR92: Period
B93: Night | C93: 20.87 | D93: 21.16 | E93: 10.4 | F93: 10.35 | G93: 6.21 | H93: 6.39 | I93: 21.75 | J93: 24.88 | K93: 30.76 | L93: 29.76 | M93: 56.41 | N93: 53.31 | O93: 44.19 | P93: 45.03 | Q93: 59.27 | R93: 57.63 | S93: 45.21 | T93: 47.41 | U93: 71.16 | V93: 72.45 | X93: Night | Y93: 252.73 | Z93: 363.25 | AA93: 245.14 | AB93: 70.86 | AC93: 153.79 | AD93: 208.16 | AE93: 384.79 | AF93: 294.33 | AG93: 374.48 | AH93: 295.71 | AI93: 244.91 | AJ93: 235.16 | AK93: 221.76 | AL93: 90.79 | AM93: 149.3 | AN93: 171.65 | AO93: 307.16 | AP93: 232.42 | AQ93: 328.32 | AR93: 182.81 | AU93: Night | AV93: 11824.34 | AW93: 35011.25 | AX93: 11084.36 | AY93: 3198.14 | AZ93: 13784.61 | BA93: 20063.84 | BB93: 37087.61 | BC93: 28369.27 | BD93: 36094.12 | BE93: 28502.29 | BF93: 11486.35 | BG93: 22665.34 | BH93: 10052.14 | BI93: 4065.46 | BJ93: 13111.5 | BK93: 16544.35 | BL93: 29605.24 | BM93: 22402.08 | BN93: 31644.88 | BO93: 17619.59 | BR93: Night | BS93: 0.26 | BT93: 0.26 | BU93: 0.26 | BV93: 0.26 | BW93: 0.1 | BX93: 0.1 | BY93: 0.32 | BZ93: 0.32 | CA93: 0.4 | CB93: 0.4 | CC93: 0.72 | CD93: 0.72 | CE93: 0.58 | CF93: 0.58 | CG93: 0.76 | CH93: 0.76 | CI93: 0.68 | CJ93: 0.68 | CK93: 0.9 | CL93: 0.9
B94: AM-Early | C94: 35.22 | D94: 25.92 | E94: 14.39 | F94: 13.01 | G94: 9.22 | H94: 7.67 | I94: 28.47 | J94: 54.11 | K94: 40.38 | L94: 48.46 | M94: 86.53 | N94: 97.64 | O94: 86.82 | P94: 82.38 | Q94: 110.49 | R94: 83.39 | S94: 93.87 | T94: 79.12 | U94: 129.06 | V94: 76.08 | X94: AM-Early | Y94: 1073.95 | Z94: 3512.63 | AA94: 1146.57 | AB94: 277.35 | AC94: 1540.35 | AD94: 1823.36 | AE94: 3178.2 | AF94: 2135.81 | AG94: 2648.25 | AH94: 2350.14 | AI94: 620.64 | AJ94: 2007.41 | AK94: 693.77 | AL94: 326.57 | AM94: 928.87 | AN94: 1099.15 | AO94: 1992.3 | AP94: 1787.58 | AQ94: 2316.19 | AR94: 1622.79 | AU94: AM-Early | AV94: 5444.38 | AW94: 18029.1 | AX94: 5398.93 | AY94: 1298.65 | AZ94: 7280.21 | BA94: 9295.44 | BB94: 16319.22 | BC94: 10867.79 | BD94: 13491.64 | BE94: 11952.95 | BF94: 3133.76 | BG94: 10176.34 | BH94: 3253.29 | BI94: 1530.2 | BJ94: 4359.13 | BK94: 5560.85 | BL94: 10107.3 | BM94: 9067.12 | BN94: 11770.03 | BO94: 8212.44 | BR94: AM-Early | BS94: 0.61 | BT94: 0.43 | BU94: 0.48 | BV94: 0.36 | BW94: 0.23 | BX94: 0.17 | BY94: 0.66 | BZ94: 0.92 | CA94: 0.89 | CB94: 0.93 | CC94: 1.96 | CD94: 1.72 | CE94: 1.68 | CF94: 1.47 | CG94: 2.08 | CH94: 1.6 | CI94: 1.8 | CJ94: 1.36 | CK94: 1.78 | CL94: 1.2
B95: AM-Peak | C95: 915.17 | D95: 40.98 | E95: 647.16 | F95: 19.39 | G95: 272.79 | H95: 417.59 | I95: 676.81 | J95: 365.68 | K95: 982.65 | L95: 420.62 | M95: 2192.36 | N95: 803.5 | O95: 2944.97 | P95: 687.29 | Q95: 3130.31 | R95: 757.54 | S95: 794.7 | T95: 645.81 | U95: 731.89 | V95: 648.54 | X95: AM-Peak | Y95: 4719.39 | Z95: 6618.95 | AA95: 5022.59 | AB95: 1271.19 | AC95: 4676.62 | AD95: 6116.6 | AE95: 13000.26 | AF95: 13072.34 | AG95: 14348.27 | AH95: 6746.11 | AI95: 384.99 | AJ95: 5775.48 | AK95: 394.82 | AL95: 2327.8 | AM95: 3085.62 | AN95: 3426.41 | AO95: 6042.09 | AP95: 4950.29 | AQ95: 6553.2 | AR95: 4765.69 | AU95: AM-Peak | AV95: 18917.52 | AW95: 33627.26 | AX95: 24605.32 | AY95: 5244.14 | AZ95: 22314.57 | BA95: 29046.43 | BB95: 54707.16 | BC95: 43945.56 | BD95: 53823.73 | BE95: 34429.76 | BF95: 7806.37 | BG95: 29275.72 | BH95: 7501.51 | BI95: 7459.9 | BJ95: 14530.6 | BK95: 17372.17 | BL95: 30751.58 | BM95: 25141.49 | BN95: 33368.28 | BO95: 24155.5 | BR95: AM-Peak | BS95: 2.08 | BT95: 0.26 | BU95: 3.44 | BV95: 0.26 | BW95: 0.8 | BX95: 0.8 | BY95: 2.4 | BZ95: 1.45 | CA95: 3.2 | CB95: 1.74 | CC95: 5.76 | CD95: 3.17 | CE95: 4.64 | CF95: 2.58 | CG95: 6.08 | CH95: 3.18 | CI95: 3.22 | CJ95: 2.55 | CK95: 3.22 | CL95: 2.91
B96: AM-Shoulder | C96: 350.2 | D96: 53.02 | E96: 159.76 | F96: 10.44 | G96: 117.11 | H96: 111.67 | I96: 170.45 | J96: 118.39 | K96: 254.81 | L96: 121.31 | M96: 506.77 | N96: 221.83 | O96: 433.84 | P96: 183.05 | Q96: 321.88 | R96: 199.94 | S96: 164.82 | T96: 188.85 | U96: 215.9 | V96: 205.98 | X96: AM-Shoulder | Y96: 1276.68 | Z96: 2135.81 | AA96: 1508.98 | AB96: 448.38 | AC96: 1339.4 | AD96: 1649.06 | AE96: 2997.77 | AF96: 2341.5 | AG96: 2583.73 | AH96: 1851.5 | AI96: 532.77 | AJ96: 2005.67 | AK96: 154.87 | AL96: 520.34 | AM96: 1056.32 | AN96: 1162.58 | AO96: 1974.42 | AP96: 1612.37 | AQ96: 2001.04 | AR96: 1619.88 | AU96: AM-Shoulder | AV96: 5855.77 | AW96: 10811.55 | AX96: 7219.07 | AY96: 1931.9 | AZ96: 6325.62 | BA96: 8409.85 | BB96: 15454.81 | BC96: 12002.45 | BD96: 13174.18 | BE96: 9381.26 | BF96: 2686.85 | BG96: 10143.07 | BH96: 2942.45 | BI96: 2382.5 | BJ96: 4960.85 | BK96: 5881.72 | BL96: 10005.07 | BM96: 8160.69 | BN96: 10138.29 | BO96: 8188.27 | BR96: AM-Shoulder | BS96: 2.08 | BT96: 0.64 | BU96: 2.04 | BV96: 0.26 | BW96: 0.8 | BX96: 0.8 | BY96: 1.55 | BZ96: 1.08 | CA96: 2.23 | CB96: 1.22 | CC96: 4.31 | CD96: 2.14 | CE96: 3.47 | CF96: 1.72 | CG96: 3.02 | CH96: 2.09 | CI96: 1.87 | CJ96: 1.78 | CK96: 2.25 | CL96: 2.14
B97: MD | C97: 925.66 | D97: 593.63 | E97: 275.49 | F97: 127.54 | G97: 183.08 | H97: 320.67 | I97: 257.6 | J97: 584.62 | K97: 607.97 | L97: 716.12 | M97: 955.82 | N97: 865.84 | O97: 698.71 | P97: 637.77 | Q97: 869.48 | R97: 764.05 | S97: 743.89 | T97: 586.31 | U97: 924.11 | V97: 715.73 | X97: MD | Y97: 4047.66 | Z97: 11925.78 | AA97: 5553.88 | AB97: 1425.7 | AC97: 5676.14 | AD97: 7517.58 | AE97: 12714.42 | AF97: 9447.67 | AG97: 11563.39 | AH97: 9461.51 | AI97: 4512.82 | AJ97: 13732.33 | AK97: 5738.9 | AL97: 1939.9 | AM97: 5761.54 | AN97: 7726.73 | AO97: 13039.44 | AP97: 10190.9 | AQ97: 11394.42 | AR97: 9736.01 | AU97: MD | AV97: 20223.34 | AW97: 59723.22 | AX97: 25834.62 | AY97: 6591.8 | AZ97: 26365.46 | BA97: 37709.77 | BB97: 63992.9 | BC97: 47367.16 | BD97: 58002.96 | BE97: 47352.49 | BF97: 22533.68 | BG97: 69074.42 | BH97: 26692.2 | BI97: 8992.17 | BJ97: 26758.46 | BK97: 38773.27 | BL97: 65654.76 | BM97: 51162.95 | BN97: 57131.67 | BO97: 48743.14 | BR97: MD | BS97: 2.07 | BT97: 1.2 | BU97: 1.15 | BV97: 0.52 | BW97: 0.53 | BX97: 0.79 | BY97: 0.68 | BZ97: 1.37 | CA97: 1.46 | CB97: 1.63 | CC97: 2.36 | CD97: 2.12 | CE97: 1.73 | CF97: 1.57 | CG97: 2.12 | CH97: 2 | CI97: 1.82 | CJ97: 1.54 | CK97: 2.14 | CL97: 1.55
B98: PM-Shoulder | C98: 208.13 | D98: 188.59 | E98: 41.9 | F98: 45.84 | G98: 59.17 | H98: 53.45 | I98: 35.67 | J98: 153.79 | K98: 45.5 | L98: 204.01 | M98: 105.88 | N98: 192.43 | O98: 83.33 | P98: 104.9 | Q98: 112.51 | R98: 158.06 | S98: 107.04 | T98: 108.14 | U98: 133.18 | V98: 74.03 | X98: PM-Shoulder | Y98: 1366.37 | Z98: 3272.07 | AA98: 1670.61 | AB98: 485.99 | AC98: 1422.87 | AD98: 1699.51 | AE98: 3192.02 | AF98: 2540.2 | AG98: 3262.85 | AH98: 2737.67 | AI98: 1454.61 | AJ98: 3359.68 | AK98: 1985.39 | AL98: 584.28 | AM98: 1536.79 | AN98: 2594.19 | AO98: 4274.83 | AP98: 3223.43 | AQ98: 4048.74 | AR98: 3633.63 | AU98: PM-Shoulder | AV98: 5399.42 | AW98: 12919.82 | AX98: 6120.49 | AY98: 1760.91 | AZ98: 5168.41 | BA98: 6682.16 | BB98: 12661.39 | BC98: 10036.48 | BD98: 12933.94 | BE98: 10811.23 | BF98: 5757.96 | BG98: 13279.88 | BH98: 7382.27 | BI98: 2121.18 | BJ98: 5619.03 | BK98: 10446.21 | BL98: 17342.9 | BM98: 12872.87 | BN98: 16259.57 | BO98: 14517.53 | BR98: PM-Shoulder | BS98: 1.89 | BT98: 1.85 | BU98: 0.87 | BV98: 1.26 | BW98: 0.7 | BX98: 0.65 | BY98: 0.66 | BZ98: 2.06 | CA98: 0.82 | CB98: 2.23 | CC98: 1.67 | CD98: 2.81 | CE98: 1.31 | CF98: 1.76 | CG98: 1.72 | CH98: 2.36 | CI98: 1.5 | CJ98: 1.88 | CK98: 1.8 | CL98: 1.55
B99: PM-Peak | C99: 904.3 | D99: 939.42 | E99: 151.83 | F99: 209.66 | G99: 189.07 | H99: 275.57 | I99: 249.29 | J99: 1032.07 | K99: 278.5 | L99: 1331.92 | M99: 572.59 | N99: 1606.33 | O99: 470.03 | P99: 915.46 | Q99: 767.92 | R99: 865.6 | S99: 591.36 | T99: 532.24 | U99: 705.71 | V99: 607.09 | X99: PM-Peak | Y99: 5043.9 | Z99: 10426.65 | AA99: 4869.5 | AB99: 1585.47 | AC99: 4993.47 | AD99: 5523.86 | AE99: 10194.16 | AF99: 8196.63 | AG99: 10948.06 | AH99: 8516.39 | AI99: 6077.15 | AJ99: 10506.85 | AK99: 5653.39 | AL99: 2058.02 | AM99: 7231.07 | AN99: 8497.82 | AO99: 14351.67 | AP99: 10561.38 | AQ99: 11866.51 | AR99: 9122.76 | AU99: PM-Peak | AV99: 20260.47 | AW99: 41480.52 | AX99: 17915.35 | AY99: 5666.43 | AZ99: 18293.53 | BA99: 21850.98 | BB99: 40858.98 | BC99: 32654.31 | BD99: 43985.6 | BE99: 33834.77 | BF99: 20265.71 | BG99: 41821.64 | BH99: 21069.64 | BI99: 7517.46 | BJ99: 19823.36 | BK99: 35227.43 | BL99: 59343.9 | BM99: 43062.37 | BN99: 48046.17 | BO99: 36340.93 | BR99: PM-Peak | BS99: 2.71 | BT99: 2.08 | BU99: 1.1 | BV99: 1.49 | BW99: 0.8 | BX99: 0.88 | BY99: 1.19 | BZ99: 2.56 | CA99: 1.41 | CB99: 4.17 | CC99: 2.74 | CD99: 5.76 | CE99: 2.19 | CF99: 3.53 | CG99: 3.14 | CH99: 3.53 | CI99: 2.4 | CJ99: 2.43 | CK99: 2.92 | CL99: 2.82
B100: PM-Late | C100: 117.63 | D100: 150.7 | E100: 20.19 | F100: 21.67 | G100: 12.68 | H100: 23.92 | I100: 48.56 | J100: 227.76 | K100: 156.76 | L100: 274.36 | M100: 389.25 | N100: 474.53 | O100: 338.14 | P100: 312.82 | Q100: 402.87 | R100: 363.89 | S100: 344.06 | T100: 278.48 | U100: 401.53 | V100: 375.43 | X100: PM-Late | Y100: 2169.01 | Z100: 5498.55 | AA100: 513.14 | AB100: 126.11 | AC100: 450.53 | AD100: 2756.15 | AE100: 4898.36 | AF100: 3851.36 | AG100: 4868.63 | AH100: 4151.03 | AI100: 2828.55 | AJ100: 5655.23 | AK100: 544.45 | AL100: 660.69 | AM100: 3509.27 | AN100: 4281.28 | AO100: 7709.2 | AP100: 5387.14 | AQ100: 5430.48 | AR100: 4201.36 | AU100: PM-Late | AV100: 8466.29 | AW100: 21447.45 | AX100: 9749.71 | AY100: 2396.14 | AZ100: 8560.03 | BA100: 10755.85 | BB100: 19110.04 | BC100: 15018.94 | BD100: 18980.17 | BE100: 15718.57 | BF100: 11055.45 | BG100: 22073.77 | BH100: 10344.54 | BI100: 3671.31 | BJ100: 12700.33 | BK100: 16766.72 | BL100: 30285.2 | BM100: 21078.26 | BN100: 21199.92 | BO100: 16382.24 | BR100: PM-Late | BS100: 0.63 | BT100: 0.75 | BU100: 0.26 | BV100: 0.26 | BW100: 0.1 | BX100: 0.17 | BY100: 0.32 | BZ100: 1.34 | CA100: 0.98 | CB100: 1.66 | CC100: 2.38 | CD100: 2.79 | CE100: 2.06 | CF100: 1.85 | CG100: 2.47 | CH100: 2.22 | CI100: 2.06 | CJ100: 1.76 | CK100: 2.38 | CL100: 1.92
B103: % Workday Revenue | X103: ML light veh/period | AU103: GP light veh/period | BR103: Medium A Toll
B104: Direction | C104: NB | D104: SB | E104: NB | F104: SB | G104: NB | H104: SB | I104: NB | J104: SB | K104: NB | L104: SB | M104: NB | N104: SB | O104: NB | P104: SB | Q104: NB | R104: SB | S104: NB | T104: SB | U104: NB | V104: SB | X104: Direction | Y104: NB | Z104: SB | AA104: NB | AB104: SB | AC104: NB | AD104: SB | AE104: NB | AF104: SB | AG104: NB | AH104: SB | AI104: NB | AJ104: SB | AK104: NB | AL104: SB | AM104: NB | AN104: SB | AO104: NB | AP104: SB | AQ104: NB | AR104: SB | AU104: Direction | AV104: NB | AW104: SB | AX104: NB | AY104: SB | AZ104: NB | BA104: SB | BB104: NB | BC104: SB | BD104: NB | BE104: SB | BF104: NB | BG104: SB | BH104: NB | BI104: SB | BJ104: NB | BK104: SB | BL104: NB | BM104: SB | BN104: NB | BO104: SB | BR104: Direction | BS104: NB | BT104: SB | BU104: NB | BV104: SB | BW104: NB | BX104: SB | BY104: NB | BZ104: SB | CA104: NB | CB104: SB | CC104: NB | CD104: SB | CE104: NB | CF104: SB | CG104: NB | CH104: SB | CI104: NB | CJ104: SB | CK104: NB | CL104: SB
B105: Segment | C105: 1 | D105: 1 | E105: 2 | F105: 2 | G105: 3 | H105: 3 | I105: 4 | J105: 4 | K105: 5 | L105: 5 | M105: 6 | N105: 6 | O105: 7 | P105: 7 | Q105: 8 | R105: 8 | S105: 9 | T105: 9 | U105: 10 | V105: 10 | X105: Segment | Y105: 1 | Z105: 1 | AA105: 2 | AB105: 2 | AC105: 3 | AD105: 3 | AE105: 4 | AF105: 4 | AG105: 5 | AH105: 5 | AI105: 6 | AJ105: 6 | AK105: 7 | AL105: 7 | AM105: 8 | AN105: 8 | AO105: 9 | AP105: 9 | AQ105: 10 | AR105: 10 | AU105: Segment | AV105: 1 | AW105: 1 | AX105: 2 | AY105: 2 | AZ105: 3 | BA105: 3 | BB105: 4 | BC105: 4 | BD105: 5 | BE105: 5 | BF105: 6 | BG105: 6 | BH105: 7 | BI105: 7 | BJ105: 8 | BK105: 8 | BL105: 9 | BM105: 9 | BN105: 10 | BO105: 10 | BR105: Segment | BS105: 1 | BT105: 1 | BU105: 2 | BV105: 2 | BW105: 3 | BX105: 3 | BY105: 4 | BZ105: 4 | CA105: 5 | CB105: 5 | CC105: 6 | CD105: 6 | CE105: 7 | CF105: 7 | CG105: 8 | CH105: 8 | CI105: 9 | CJ105: 9 | CK105: 10 | CL105: 10
B106: Period | X106: Period | AU106: Period | BR106: Period
B107: Night | C107: 0.0020656928 | D107: 0.0034891832 | E107: 0.0020860166 | F107: 0.00472097 | G107: 0.0023222086 | H107: 0.0017653629 | I107: 0.0028865452 | J107: 0.0018944538 | K107: 0.0025654982 | L107: 0.0016523545 | M107: 0.0023873542 | N107: 0.0021433063 | O107: 0.0020866481 | P107: 0.0026590103 | Q107: 0.0023496657 | R107: 0.0034548302 | S107: 0.0037041767 | T107: 0.0035388117 | U107: 0.0049643204 | V107: 0.0049670643 | X107: Night | Y107: 194.41 | Z107: 188.39 | AA107: 188.57 | AB107: 170.58 | AC107: 141.73 | AD107: 181.57 | AE107: 96.12 | AF107: 93.31 | AG107: 104.08 | AH107: 85.82 | AI107: 106.89 | AJ107: 85.32 | AK107: 101.49 | AL107: 80.15 | AM107: 98.55 | AN107: 86.4 | AO107: 86.97 | AP107: 53.77 | AQ107: 80.72 | AR107: 52.26 | AU107: Night | AV107: 9095.64 | AW107: 8835.66 | AX107: 8526.43 | AY107: 7732.42 | AZ107: 6396.27 | BA107: 8130.93 | BB107: 8615.38 | BC107: 8194.69 | BD107: 10031.92 | BE107: 8272.18 | BF107: 10302.11 | BG107: 8223.68 | BH107: 9782.51 | BI107: 7724.85 | BJ107: 9498.45 | BK107: 8327.6 | BL107: 8383.03 | BM107: 5182.23 | BN107: 7780.28 | BO107: 5036.74 | BR107: Night | BS107: 0.78 | BT107: 0.78 | BU107: 0.78 | BV107: 0.78 | BW107: 0.3 | BX107: 0.3 | BY107: 0.96 | BZ107: 0.96 | CA107: 1.2 | CB107: 1.2 | CC107: 2.16 | CD107: 2.16 | CE107: 1.74 | CF107: 1.74 | CG107: 2.28 | CH107: 2.28 | CI107: 2.04 | CJ107: 2.04 | CK107: 2.7 | CL107: 2.7
B108: AM-Early | C108: 0.016435354 | D108: 0.01228231 | E108: 0.015387596 | F108: 0.018170151 | G108: 0.01591202 | H108: 0.0088110642 | I108: 0.036740221 | J108: 0.022764735 | K108: 0.031064293 | L108: 0.016002848 | M108: 0.033681106 | N108: 0.021850007 | O108: 0.028047533 | P108: 0.031156717 | Q108: 0.029036112 | R108: 0.031631886 | S108: 0.049376588 | T108: 0.033404004 | U108: 0.055040402 | V108: 0.027689017 | X108: AM-Early | Y108: 826.12 | Z108: 477.42 | AA108: 881.97 | AB108: 533.67 | AC108: 554.7 | AD108: 653.15 | AE108: 962.72 | AF108: 580.55 | AG108: 911.68 | AH108: 549.57 | AI108: 882.83 | AJ108: 553.42 | AK108: 736.49 | AL108: 616.41 | AM108: 696.91 | AN108: 609.52 | AO108: 691.22 | AP108: 477.29 | AQ108: 780.58 | AR108: 446.09 | AU108: AM-Early | AV108: 4187.98 | AW108: 2410.58 | AX108: 4153.03 | AY108: 2502.53 | AZ108: 2597.3 | BA108: 3060.4 | BB108: 4550.13 | BC108: 2724.45 | BD108: 4647.72 | BE108: 2780.43 | BF108: 4533.12 | BG108: 2807.58 | BH108: 3747.51 | BI108: 3126.59 | BJ108: 3550.43 | BK108: 3097.38 | BL108: 3515.57 | BM108: 2415.42 | BN108: 4006.47 | BO108: 2261.41 | BR108: AM-Early | BS108: 1.84 | BT108: 1.3 | BU108: 1.43 | BV108: 1.07 | BW108: 0.69 | BX108: 0.5 | BY108: 1.97 | BZ108: 2.77 | CA108: 2.67 | CB108: 2.79 | CC108: 5.87 | CD108: 5.15 | CE108: 5.04 | CF108: 4.42 | CG108: 6.24 | CH108: 4.79 | CI108: 5.41 | CJ108: 4.09 | CK108: 5.34 | CL108: 3.6
B109: AM-Peak | C109: 0.25847893 | D109: 0.0060579155 | E109: 0.50929815 | F109: 0.0087880929 | G109: 0.28032694 | H109: 0.32772945 | I109: 0.45013875 | J109: 0.12330659 | K109: 0.41661731 | L109: 0.10017474 | M109: 0.45015657 | N109: 0.13213758 | O109: 0.53246135 | P109: 0.16827317 | Q109: 0.50944301 | R109: 0.19663715 | S109: 0.27905974 | T109: 0.20570825 | U109: 0.2106078 | V109: 0.20365671 | X109: AM-Peak | Y109: 3630.3 | Z109: 296.15 | AA109: 3863.53 | AB109: 303.71 | AC109: 2542.37 | AD109: 4655.61 | AE109: 2922.89 | AF109: 1928.51 | AG109: 3058.3 | AH109: 1713.21 | AI109: 3611.18 | AJ109: 1678.36 | AK109: 4507.7 | AL109: 1707 | AM109: 3775.86 | AN109: 1724.53 | AO109: 1984.15 | AP109: 1401.67 | AQ109: 1470.88 | AR109: 1283.44 | AU109: AM-Peak | AV109: 14551.94 | AW109: 6004.9 | AX109: 18927.17 | AY109: 5770.39 | AZ109: 10488.28 | BA109: 14919.81 | BB109: 13946.6 | BC109: 9081.62 | BD109: 14523.21 | BE109: 8686.08 | BF109: 15196.43 | BG109: 8542.11 | BH109: 15153.64 | BI109: 8669.48 | BJ109: 14164.14 | BK109: 8781.13 | BL109: 10126.4 | BM109: 7104.56 | BN109: 7472.72 | BO109: 6505.72 | BR109: AM-Peak | BS109: 6.24 | BT109: 0.78 | BU109: 10.33 | BV109: 0.78 | BW109: 2.4 | BX109: 2.4 | BY109: 7.2 | BZ109: 4.34 | CA109: 9.6 | CB109: 5.22 | CC109: 17.28 | CD109: 9.5 | CE109: 13.92 | CF109: 7.73 | CG109: 18.24 | CH109: 9.53 | CI109: 9.67 | CJ109: 7.65 | CK109: 9.65 | CL109: 8.72
B110: AM-Shoulder | C110: 0.073995817 | D110: 0.016391089 | E110: 0.092173834 | F110: 0.0037134952 | G110: 0.10096078 | H110: 0.070657174 | I110: 0.088891563 | J110: 0.031136072 | K110: 0.082501582 | L110: 0.023862515 | M110: 0.082651666 | N110: 0.029312025 | O110: 0.073896592 | P110: 0.036691817 | Q110: 0.047860214 | R110: 0.041617937 | S110: 0.047364866 | T110: 0.04809374 | U110: 0.050017709 | V110: 0.053329861 | X110: AM-Shoulder | Y110: 982.06 | Z110: 409.82 | AA110: 1160.75 | AB110: 119.13 | AC110: 896.77 | AD110: 1040.68 | AE110: 837.12 | AF110: 660.2 | AG110: 824.53 | AH110: 581.29 | AI110: 832.71 | AJ110: 548.45 | AK110: 807.42 | AL110: 555.99 | AM110: 679.93 | AN110: 526.59 | AO110: 544.56 | AP110: 476.44 | AQ110: 474.62 | AR110: 445.71 | AU110: AM-Shoulder | AV110: 4504.44 | AW110: 2066.81 | AX110: 5553.13 | AY110: 2263.42 | AZ110: 3863.8 | BA110: 4765 | BB110: 3953.51 | BC110: 3100.53 | BD110: 4204.93 | BE110: 2940.86 | BF110: 4293 | BG110: 2779.19 | BH110: 4138.78 | BI110: 2814.03 | BJ110: 3466.89 | BK110: 2667.97 | BL110: 2759.2 | BM110: 2408.31 | BN110: 2402.57 | BO110: 2254.02 | BR110: AM-Shoulder | BS110: 6.24 | BT110: 1.91 | BU110: 6.12 | BV110: 0.78 | BW110: 2.4 | BX110: 2.4 | BY110: 4.65 | BZ110: 3.24 | CA110: 6.69 | CB110: 3.67 | CC110: 12.94 | CD110: 6.42 | CE110: 10.41 | CF110: 5.17 | CG110: 9.05 | CH110: 6.28 | CI110: 5.6 | CJ110: 5.34 | CK110: 6.76 | CL110: 6.41
B111: MD | C111: 0.22285099 | D111: 0.24272158 | E111: 0.18817291 | F111: 0.21387515 | G111: 0.20044892 | H111: 0.24642694 | I111: 0.15925097 | J111: 0.20489326 | K111: 0.23597817 | L111: 0.19217653 | M111: 0.18306188 | N111: 0.17015614 | O111: 0.14008227 | P111: 0.19202012 | Q111: 0.14239778 | R111: 0.20766985 | S111: 0.22878013 | T111: 0.22206886 | U111: 0.24887976 | V111: 0.24109055 | X111: MD | Y111: 3113.58 | Z111: 3471.4 | AA111: 4272.22 | AB111: 4414.54 | AC111: 2851.4 | AD111: 3879.8 | AE111: 3547.59 | AF111: 3600.97 | AG111: 3758.79 | AH111: 3863.37 | AI111: 3531.78 | AJ111: 3622.07 | AK111: 3257.82 | AL111: 3514.1 | AM111: 3043 | AN111: 2998.53 | AO111: 2782.8 | AP111: 2863.53 | AQ111: 2650.17 | AR111: 3051.63 | AU111: MD | AV111: 15556.42 | AW111: 17333.6 | AX111: 19872.78 | AY111: 20532.46 | AZ111: 13183.6 | BA111: 17984.34 | BB111: 16478.41 | BC111: 16724.03 | BD111: 18854.89 | BE111: 19386.63 | BF111: 17775.81 | BG111: 18237.43 | BH111: 16333.5 | BI111: 17642.4 | BJ111: 15263.94 | BK111: 15034.65 | BL111: 13927.2 | BM111: 14336.22 | BN111: 13271.83 | BO111: 15349.87 | BR111: MD | BS111: 6.22 | BT111: 3.59 | BU111: 3.44 | BV111: 1.55 | BW111: 1.59 | BX111: 2.36 | BY111: 2.05 | BZ111: 4.11 | CA111: 4.37 | CB111: 4.88 | CC111: 7.09 | CD111: 6.36 | CE111: 5.18 | CF111: 4.72 | CG111: 6.36 | CH111: 6 | CI111: 5.46 | CJ111: 4.61 | CK111: 6.42 | CL111: 4.65
B112: PM-Shoulder | C112: 0.0647056 | D112: 0.11082193 | E112: 0.040863446 | F112: 0.17035548 | G112: 0.085428354 | H112: 0.056908344 | I112: 0.035218104 | J112: 0.074307232 | K112: 0.027269209 | L112: 0.081244324 | M112: 0.030192538 | N112: 0.067517569 | O112: 0.026104075 | P112: 0.061180289 | Q112: 0.029711891 | R112: 0.078448627 | S112: 0.049788275 | T112: 0.089834273 | U112: 0.052748446 | V112: 0.052817327 | X112: PM-Shoulder | Y112: 1051.05 | Z112: 1118.93 | AA112: 1285.08 | AB112: 1527.22 | AC112: 971.99 | AD112: 1168.56 | AE112: 889.29 | AF112: 960.5 | AG112: 849.76 | AH112: 1297.09 | AI112: 886.67 | AJ112: 1187.45 | AK112: 875.93 | AL112: 1111.53 | AM112: 858.65 | AN112: 1065.46 | AO112: 805.2 | AP112: 1068.71 | AQ112: 727.13 | AR112: 746.6 | AU112: PM-Shoulder | AV112: 4153.4 | AW112: 4429.2 | AX112: 4708.07 | AY112: 5678.67 | AZ112: 3521.82 | BA112: 4242.37 | BB112: 3230.25 | BC112: 3511.89 | BD112: 3341.08 | BE112: 5223.11 | BF112: 3517.05 | BG112: 4817.47 | BH112: 3460.85 | BI112: 4438.92 | BJ112: 3403.67 | BK112: 4278.83 | BL112: 3179.77 | BM112: 4269.86 | BN112: 2871.07 | BO112: 2951.09 | BR112: PM-Shoulder | BS112: 5.68 | BT112: 5.55 | BU112: 2.6 | BV112: 3.79 | BW112: 2.09 | BX112: 1.95 | BY112: 1.97 | BZ112: 6.18 | CA112: 2.45 | CB112: 6.69 | CC112: 5.01 | CD112: 8.44 | CE112: 3.92 | CF112: 5.29 | CG112: 5.16 | CH112: 7.08 | CI112: 4.49 | CJ112: 5.63 | CK112: 5.4 | CL112: 4.64
B113: PM-Peak | C113: 0.3281781 | D113: 0.5231789 | E113: 0.14786585 | F113: 0.56954125 | G113: 0.31043909 | H113: 0.27102062 | I113: 0.21950799 | J113: 0.43659015 | K113: 0.1512984 | L113: 0.49072264 | M113: 0.15349393 | N113: 0.46060335 | O113: 0.13608935 | P113: 0.4016442 | Q113: 0.17730303 | R113: 0.3426355 | S113: 0.24130483 | T113: 0.29660952 | U113: 0.26377076 | V113: 0.30251923 | X113: PM-Peak | Y113: 3879.93 | Z113: 4674.73 | AA113: 3745.77 | AB113: 4348.76 | AC113: 3170.93 | AD113: 4116.03 | AE113: 3120.92 | AF113: 4519.42 | AG113: 2761.93 | AH113: 4248.91 | AI113: 2831.71 | AJ113: 3986.58 | AK113: 2826.42 | AL113: 3641.86 | AM113: 2881.07 | AN113: 3122.76 | AO113: 2504.82 | AP113: 2683.17 | AQ113: 2317.03 | AR113: 2334.86 | AU113: PM-Peak | AV113: 15584.97 | AW113: 15589.01 | AX113: 13781.04 | AY113: 16207.41 | AZ113: 11332.87 | BA113: 15034.92 | BB113: 11433.45 | BC113: 12389.6 | BD113: 10925.49 | BE113: 17613.72 | BF113: 11349.72 | BG113: 16484.42 | BH113: 11260.11 | BI113: 14849.09 | BJ113: 11575.16 | BK113: 12643.73 | BL113: 9951.4 | BM113: 10688.51 | BN113: 9217.89 | BO113: 9293.7 | BR113: PM-Peak | BS113: 8.14 | BT113: 6.24 | BU113: 3.29 | BV113: 4.48 | BW113: 2.4 | BX113: 2.64 | BY113: 3.58 | BZ113: 7.68 | CA113: 4.24 | CB113: 12.51 | CC113: 8.23 | CD113: 17.28 | CE113: 6.56 | CF113: 10.59 | CG113: 9.42 | CH113: 10.6 | CI113: 7.21 | CJ113: 7.28 | CK113: 8.76 | CL113: 8.46
B114: PM-Late | C114: 0.033289517 | D114: 0.085057096 | E114: 0.0041521979 | F114: 0.010835411 | G114: 0.004161687 | H114: 0.016681039 | I114: 0.0073658612 | J114: 0.10510751 | K114: 0.052705539 | L114: 0.094164041 | M114: 0.064374954 | N114: 0.11628002 | O114: 0.061232179 | P114: 0.10637468 | Q114: 0.061898296 | R114: 0.097904214 | S114: 0.1006214 | T114: 0.10074254 | U114: 0.1139708 | V114: 0.11393025 | X114: PM-Late | Y114: 1668.47 | Z114: 2175.81 | AA114: 394.73 | AB114: 418.81 | AC114: 252.23 | AD114: 1321.37 | AE114: 281.58 | AF114: 2193.29 | AG114: 1378.08 | AH114: 2140.64 | AI114: 1360.66 | AJ114: 2141.44 | AK114: 1328.05 | AL114: 1857.63 | AM114: 1281.22 | AN114: 1429.07 | AO114: 1220.89 | AP114: 1235.69 | AQ114: 1221.9 | AR114: 1256.72 | AU114: PM-Late | AV114: 6512.53 | AW114: 8504.19 | AX114: 7499.77 | AY114: 7957.34 | AZ114: 4792.27 | BA114: 7342.63 | BB114: 5350.02 | BC114: 7937.71 | BD114: 5377.92 | BE114: 8383.36 | BF114: 5308.34 | BG114: 8412.56 | BH114: 5178.95 | BI114: 7268.37 | BJ114: 4994.78 | BK114: 5578.93 | BL114: 4623.11 | BM114: 4818.31 | BN114: 4766.1 | BO114: 4905.28 | BR114: PM-Late | BS114: 1.89 | BT114: 2.26 | BU114: 0.78 | BV114: 0.78 | BW114: 0.3 | BX114: 0.51 | BY114: 0.96 | BZ114: 4.01 | CA114: 2.93 | CB114: 4.97 | CC114: 7.14 | CD114: 8.38 | CE114: 6.17 | CF114: 5.55 | CG114: 7.42 | CH114: 6.67 | CI114: 6.17 | CJ114: 5.29 | CK114: 7.15 | CL114: 5.77
X117: ML medium A veh.Miles | AU117: GP medium A veh.Miles | BR117: Implied VOT
...

Sheet Year_2032
B1: Lenght
C2: 1 | D2: 2 | E2: 3 | F2: 4 | G2: 5 | H2: 6 | I2: 7 | J2: 8 | K2: 9 | L2: 10
B3: Length | C3: 1.3 | D3: 1.3 | E3: 0.5 | F3: 1.6 | G3: 2 | H3: 3.6 | I3: 2.9 | J3: 3.8 | K3: 3.4 | L3: 4.5
B5: TollLights | X5: ML PCE.Miles | AU5: GP PCE.Miles | BR5: Highway PCE.Miles
B6: Direction | C6: NB | D6: SB | E6: NB | F6: SB | G6: NB | H6: SB | I6: NB | J6: SB | K6: NB | L6: SB | M6: NB | N6: SB | O6: NB | P6: SB | Q6: NB | R6: SB | S6: NB | T6: SB | U6: NB | V6: SB | X6: Direction | Y6: NB | Z6: SB | AA6: NB | AB6: SB | AC6: NB | AD6: SB | AE6: NB | AF6: SB | AG6: NB | AH6: SB | AI6: NB | AJ6: SB | AK6: NB | AL6: SB | AM6: NB | AN6: SB | AO6: NB | AP6: SB | AQ6: NB | AR6: SB | AU6: Direction | AV6: NB | AW6: SB | AX6: NB | AY6: SB | AZ6: NB | BA6: SB | BB6: NB | BC6: SB | BD6: NB | BE6: SB | BF6: NB | BG6: SB | BH6: NB | BI6: SB | BJ6: NB | BK6: SB | BL6: NB | BM6: SB | BN6: NB | BO6: SB | BR6: Direction | BS6: NB | BT6: SB | BU6: NB | BV6: SB | BW6: NB | BX6: SB | BY6: NB | BZ6: SB | CA6: NB | CB6: SB | CC6: NB | CD6: SB | CE6: NB | CF6: SB | CG6: NB | CH6: SB | CI6: NB | CJ6: SB | CK6: NB | CL6: SB
B7: Segment | C7: 1 | D7: 1 | E7: 2 | F7: 2 | G7: 3 | H7: 3 | I7: 4 | J7: 4 | K7: 5 | L7: 5 | M7: 6 | N7: 6 | O7: 7 | P7: 7 | Q7: 8 | R7: 8 | S7: 9 | T7: 9 | U7: 10 | V7: 10 | X7: Segment | Y7: 1 | Z7: 1 | AA7: 2 | AB7: 2 | AC7: 3 | AD7: 3 | AE7: 4 | AF7: 4 | AG7: 5 | AH7: 5 | AI7: 6 | AJ7: 6 | AK7: 7 | AL7: 7 | AM7: 8 | AN7: 8 | AO7: 9 | AP7: 9 | AQ7: 10 | AR7: 10 | AU7: Segment | AV7: 1 | AW7: 1 | AX7: 2 | AY7: 2 | AZ7: 3 | BA7: 3 | BB7: 4 | BC7: 4 | BD7: 5 | BE7: 5 | BF7: 6 | BG7: 6 | BH7: 7 | BI7: 7 | BJ7: 8 | BK7: 8 | BL7: 9 | BM7: 9 | BN7: 10 | BO7: 10 | BR7: Segment | BS7: 1 | BT7: 1 | BU7: 2 | BV7: 2 | BW7: 3 | BX7: 3 | BY7: 4 | BZ7: 4 | CA7: 5 | CB7: 5 | CC7: 6 | CD7: 6 | CE7: 7 | CF7: 7 | CG7: 8 | CH7: 8 | CI7: 9 | CJ7: 9 | CK7: 10 | CL7: 10
B8: Period | X8: Period | AU8: Period | BR8: Period
B9: Night | C9: 0.2 | D9: 0.2 | E9: 0.2 | F9: 0.2 | G9: 0.2 | H9: 0.2 | I9: 0.2 | J9: 0.2 | K9: 0.2 | L9: 0.2 | M9: 0.2 | N9: 0.2 | O9: 0.2 | P9: 0.2 | Q9: 0.2 | R9: 0.2 | S9: 0.2 | T9: 0.2 | U9: 0.2 | V9: 0.2 | X9: Night | Y9: 3478.61 | Z9: 3313.49 | AA9: 1001.51 | AB9: 914.74 | AC9: 305.11 | AD9: 399.02 | AE9: 2366.17 | AF9: 2214.24 | AG9: 7137.2 | AH9: 2346.4 | AI9: 13043.52 | AJ9: 3150.85 | AK9: 9810.99 | AL9: 1025.15 | AM9: 9544.08 | AN9: 2981.86 | AO9: 566.94 | AP9: 432.45 | AQ9: 4346.35 | AR9: 606.33 | AU9: Night | AV9: 21840 | AW9: 21840 | AX9: 18821.02 | AY9: 17631.97 | AZ9: 6872.34 | BA9: 8162.53 | BB9: 26880 | BC9: 26880 | BD9: 33600 | BE9: 33600 | BF9: 60480 | BG9: 60398.51 | BH9: 48720 | BI9: 48720 | BJ9: 63840 | BK9: 63840 | BL9: 56664.92 | BM9: 43702.27 | BN9: 73279.1 | BO9: 60906.87 | BR9: Night | BS9: 25318.61 | BT9: 25153.49 | BU9: 19822.53 | BV9: 18546.71 | BW9: 7177.45 | BX9: 8561.54 | BY9: 29246.17 | BZ9: 29094.24 | CA9: 40737.2 | CB9: 35946.4 | CC9: 73523.52 | CD9: 63549.36 | CE9: 58530.99 | CF9: 49745.15 | CG9: 73384.08 | CH9: 66821.86 | CI9: 57231.86 | CJ9: 44134.72 | CK9: 77625.45 | CL9: 61513.2
B10: AM-Early | C10: 0.89 | D10: 0.55 | E10: 0.69 | F10: 0.46 | G10: 0.81 | H10: 0.58 | I10: 0.82 | J10: 1.13 | K10: 0.91 | L10: 0.86 | M10: 1.18 | N10: 0.89 | O10: 1.23 | P10: 0.99 | Q10: 1.12 | R10: 0.78 | S10: 1.05 | T10: 0.71 | U10: 0.78 | V10: 0.47 | X10: AM-Early | Y10: 1545.56 | Z10: 952.75 | AA10: 1589.4 | AB10: 1022.77 | AC10: 401.86 | AD10: 496.92 | AE10: 2143.03 | AF10: 1481.81 | AG10: 2500.65 | AH10: 1709.99 | AI10: 4310.16 | AJ10: 3099.93 | AK10: 3048.29 | AL10: 2681.05 | AM10: 3786.73 | AN10: 3374.37 | AO10: 3287.42 | AP10: 2480.22 | AQ10: 5028.15 | AR10: 3131.99 | AU10: AM-Early | AV10: 8786.95 | AW10: 5759.97 | AX10: 8001.61 | AY10: 5350.08 | AZ10: 2118.84 | BA10: 2602.02 | BB10: 11102.56 | BC10: 8093.87 | BD10: 14047.02 | BE10: 10051.61 | BF10: 24628.86 | BG10: 18425.91 | BH10: 17532.43 | BI10: 15799.78 | BJ10: 21991.14 | BK10: 19726.74 | BL10: 19073.24 | BM10: 14907.36 | BN10: 30255.99 | BO10: 19299.36 | BR10: AM-Early | BS10: 10332.5 | BT10: 6712.72 | BU10: 9591.01 | BV10: 6372.85 | BW10: 2520.7 | BX10: 3098.95 | BY10: 13245.58 | BZ10: 9575.68 | CA10: 16547.67 | CB10: 11761.6 | CC10: 28939.01 | CD10: 21525.84 | CE10: 20580.72 | CF10: 18480.83 | CG10: 25777.87 | CH10: 23101.11 | CI10: 22360.66 | CJ10: 17387.59 | CK10: 35284.14 | CL10: 22431.35
B11: AM-Peak | C11: 3.76 | D11: 0.63 | E11: 4.45 | F11: 1.25 | G11: 1.8 | H11: 1.8 | I11: 1.8 | J11: 1.79 | K11: 1.8 | L11: 1.65 | M11: 1.8 | N11: 1.68 | O11: 1.8 | P11: 1.72 | Q11: 1.8 | R11: 1.59 | S11: 1.8 | T11: 1.35 | U11: 1.3 | V11: 1.15 | X11: AM-Peak | Y11: 7412.58 | Z11: 2128.72 | AA11: 7016.27 | AB11: 789.01 | AC11: 3076.97 | AD11: 2842.76 | AE11: 10537.03 | AF11: 5076.22 | AG11: 13942.63 | AH11: 5635.61 | AI11: 25655.43 | AJ11: 10012.91 | AK11: 20596.9 | AL11: 8130.79 | AM11: 26386.15 | AN11: 10377.27 | AO11: 10549.36 | AP11: 8054.58 | AQ11: 10591.45 | AR11: 9442.76 | AU11: AM-Peak | AV11: 32211.42 | AW11: 13193.54 | AX11: 32574.37 | AY11: 12168 | AZ11: 8771.37 | BA11: 10477.24 | BB11: 35697.62 | BC11: 28760.66 | BD11: 46389.03 | BE11: 34752.86 | BF11: 84072.57 | BG11: 62840.28 | BH11: 67795.1 | BI11: 51325.95 | BJ11: 85523.04 | BK11: 64441.17 | BL11: 62798.66 | BM11: 51440.13 | BN11: 66571.32 | BO11: 60226.94 | BR11: AM-Peak | BS11: 39624 | BT11: 15322.26 | BU11: 39590.65 | BV11: 12957.01 | BW11: 11848.34 | BX11: 13320 | BY11: 46234.65 | BZ11: 33836.87 | CA11: 60331.66 | CB11: 40388.47 | CC11: 109728 | CD11: 72853.2 | CE11: 88392 | CF11: 59456.74 | CG11: 111909.19 | CH11: 74818.44 | CI11: 73348.03 | CJ11: 59494.71 | CK11: 77162.77 | CL11: 69669.7
B12: AM-Shoulder | C12: 1.8 | D12: 0.84 | E12: 1.8 | F12: 0.41 | G12: 2.97 | H12: 2.8 | I12: 1.8 | J12: 1.45 | K12: 1.8 | L12: 1.24 | M12: 1.8 | N12: 1.19 | O12: 1.8 | P12: 1.21 | Q12: 1.8 | R12: 1.08 | S12: 1.06 | T12: 0.98 | U12: 0.95 | V12: 0.88 | X12: AM-Shoulder | Y12: 2181.24 | Z12: 848.69 | AA12: 2272.28 | AB12: 836.14 | AC12: 553.2 | AD12: 663.57 | AE12: 2609.52 | AF12: 1698.86 | AG12: 3063.6 | AH12: 1896 | AI12: 5510.92 | AJ12: 3262.93 | AK12: 4424.85 | AL12: 2631.82 | AM12: 4402.89 | AN12: 3314.08 | AO12: 2995.21 | AP12: 2667.44 | AQ12: 3559.74 | AR12: 3330.49 | AU12: AM-Shoulder | AV12: 9362.76 | AW12: 5559.09 | AX12: 9271.72 | AY12: 4526.43 | AZ12: 3246.55 | BA12: 3776.43 | BB12: 11598.48 | BC12: 10014.7 | BD12: 14696.4 | BE12: 11965.93 | BF12: 26457.08 | BG12: 21034.87 | BH12: 21327.15 | BI12: 17055.79 | BJ12: 26502.69 | BK12: 21210.24 | BL12: 18881.82 | BM12: 17806.34 | BN12: 23220.48 | BO12: 22079.7 | BR12: AM-Shoulder | BS12: 11544 | BT12: 6407.78 | BU12: 11544 | BV12: 5362.56 | BW12: 3799.76 | BX12: 4440 | BY12: 14208 | BZ12: 11713.56 | CA12: 17760 | CB12: 13861.93 | CC12: 31968 | CD12: 24297.8 | CE12: 25752 | CF12: 19687.61 | CG12: 30905.58 | CH12: 24524.32 | CI12: 21877.04 | CJ12: 20473.79 | CK12: 26780.22 | CL12: 25410.19
B13: MD | C13: 1.8 | D13: 1.8 | E13: 1.8 | F13: 0.78 | G13: 1.8 | H13: 1.8 | I13: 0.8 | J13: 1.8 | K13: 1.68 | L13: 1.8 | M13: 1.44 | N13: 1.24 | O13: 1.26 | P13: 1.13 | Q13: 1.13 | R13: 1.04 | S13: 1.03 | T13: 0.84 | U13: 0.9 | V13: 0.63 | X13: MD | Y13: 7234.78 | Z13: 7725.86 | AA13: 9290.34 | AB13: 8275.45 | AC13: 2759.42 | AD13: 3031.89 | AE13: 8790.82 | AF13: 9907.27 | AG13: 11421.09 | AH13: 12271.43 | AI13: 19181.58 | AJ13: 19330.12 | AK13: 14621.26 | AL13: 15300.41 | AM13: 17991.29 | AN13: 17461.41 | AO13: 14890.22 | AP13: 14543.14 | AQ13: 18781.11 | AR13: 20960.34 | AU13: MD | AV13: 30613.43 | AW13: 40431.99 | AX13: 39579.05 | AY13: 42614.57 | AZ13: 11192.13 | BA13: 12524.32 | BB13: 47921.9 | BC13: 48449.53 | BD13: 67990.03 | BE13: 68625.57 | BF13: 115513.21 | BG13: 116421.65 | BH13: 88162.58 | BI13: 91869.09 | BJ13: 109792.72 | BK13: 105662.93 | BL13: 91558.68 | BM13: 88668.28 | BN13: 117963.32 | BO13: 131268.14 | BR13: MD | BS13: 37848.21 | BT13: 48157.85 | BU13: 48869.39 | BV13: 50890.03 | BW13: 13951.56 | BX13: 15556.21 | BY13: 56712.72 | BZ13: 58356.8 | CA13: 79411.12 | CB13: 80897 | CC13: 134694.79 | CD13: 135751.77 | CE13: 102783.84 | CF13: 107169.5 | CG13: 127784.01 | CH13: 123124.34 | CI13: 106448.9 | CJ13: 103211.42 | CK13: 136744.43 | CL13: 152228.48
B14: PM-Shoulder | C14: 1.8 | D14: 2.44 | E14: 2 | F14: 1.94 | G14: 1.8 | H14: 2.21 | I14: 0.82 | J14: 1.8 | K14: 0.82 | L14: 1.95 | M14: 1 | N14: 2.03 | O14: 0.98 | P14: 1.64 | Q14: 0.98 | R14: 1.67 | S14: 0.9 | T14: 1.35 | U14: 0.8 | V14: 0.67 | X14: PM-Shoulder | Y14: 2020.19 | Z14: 1722.34 | AA14: 2238.3 | AB14: 2284.8 | AC14: 689.68 | AD14: 683.29 | AE14: 2041.99 | AF14: 2044.01 | AG14: 2388.83 | AH14: 3071.05 | AI14: 4511.18 | AJ14: 5427.1 | AK14: 3625.59 | AL14: 4306.09 | AM14: 4649.81 | AN14: 5486.89 | AO14: 3964.18 | AP14: 4788.61 | AQ14: 4776.59 | AR14: 4700.17 | AU14: PM-Shoulder | AV14: 7813.79 | AW14: 8299.5 | AX14: 9305.7 | AY14: 9259.2 | AZ14: 2473.77 | BA14: 2906.89 | BB14: 8555.56 | BC14: 7716.62 | BD14: 10914.7 | BE14: 14688.95 | BF14: 21226.69 | BG14: 26540.9 | BH14: 16955.67 | BI14: 20263.02 | BJ14: 22090.29 | BK14: 26580.04 | BL14: 19038.33 | BM14: 22393.24 | BN14: 23425.11 | BO14: 21671.29 | BR14: PM-Shoulder | BS14: 9833.99 | BT14: 10021.84 | BU14: 11544 | BV14: 11544 | BW14: 3163.45 | BX14: 3590.18 | BY14: 10597.55 | BZ14: 9760.62 | CA14: 13303.53 | CB14: 17760 | CC14: 25737.86 | CD14: 31968 | CE14: 20581.26 | CF14: 24569.11 | CG14: 26740.1 | CH14: 32066.92 | CI14: 23002.51 | CJ14: 27181.85 | CK14: 28201.69 | CL14: 26371.46
B15: PM-Peak | C15: 3.7 | D15: 3.88 | E15: 2.23 | F15: 3.6 | G15: 1.8 | H15: 3.89 | I15: 1.63 | J15: 1.8 | K15: 1.44 | L15: 3.6 | M15: 1.62 | N15: 1.8 | O15: 1.62 | P15: 1.8 | Q15: 1.8 | R15: 2.27 | S15: 1.41 | T15: 1.44 | U15: 1.27 | V15: 1.22 | X15: PM-Peak | Y15: 7411.44 | Z15: 7546.53 | AA15: 6469.67 | AB15: 7626.09 | AC15: 2421.65 | AD15: 2799.42 | AE15: 6920.81 | AF15: 10138.88 | AG15: 7590.21 | AH15: 11078.69 | AI15: 13800.89 | AJ15: 26373.38 | AK15: 11192.38 | AL15: 18968.3 | AM15: 15182.32 | AN15: 15857.01 | AO15: 11870.04 | AP15: 12264.25 | AQ15: 14594.53 | AR15: 14521.96 | AU15: PM-Peak | AV15: 30038.97 | AW15: 32077.47 | AX15: 27060.83 | AY15: 31212.28 | AZ15: 7603.51 | BA15: 11412.06 | BB15: 30110.46 | BC15: 27110.34 | BD15: 35680.2 | BE15: 49881.31 | BF15: 67109.57 | BG15: 83354.62 | BH15: 54115.69 | BI15: 64946.25 | BJ15: 74188.42 | BK15: 80192.09 | BL15: 58809.34 | BM15: 59890.74 | BN15: 73130.34 | BO15: 71754.7 | BR15: PM-Peak | BS15: 37450.41 | BT15: 39624 | BU15: 33530.51 | BV15: 38838.37 | BW15: 10025.16 | BX15: 14211.48 | BY15: 37031.27 | BZ15: 37249.22 | CA15: 43270.41 | CB15: 60960 | CC15: 80910.47 | CD15: 109728 | CE15: 65308.07 | CF15: 83914.55 | CG15: 89370.74 | CH15: 96049.1 | CI15: 70679.38 | CJ15: 72154.98 | CK15: 87724.87 | CL15: 86276.67
B16: PM-Late | C16: 0.87 | D16: 1.14 | E16: 0.27 | F16: 0.28 | G16: 0.2 | H16: 0.34 | I16: 0.7 | J16: 1.57 | K16: 0.9 | L16: 1.54 | M16: 1.32 | N16: 1.53 | O16: 1.48 | P16: 1.35 | Q16: 1.3 | R16: 1.14 | S16: 1.19 | T16: 0.95 | U16: 1 | V16: 0.78 | X16: PM-Late | Y16: 3019.94 | Z16: 3814.59 | AA16: 2985.45 | AB16: 3184.83 | AC16: 215.14 | AD16: 1266.93 | AE16: 1220.21 | AF16: 4323.76 | AG16: 3831.29 | AH16: 5183.06 | AI16: 6746.02 | AJ16: 9567.34 | AK16: 5379.85 | AL16: 7273.93 | AM16: 6734.19 | AN16: 7444.3 | AO16: 5668.86 | AP16: 5760.8 | AQ16: 7778.39 | AR16: 7999.97 | AU16: PM-Late | AV16: 15169.66 | AW16: 18459.09 | AX16: 12168 | AY16: 12967.85 | AZ16: 4211.62 | BA16: 5559.39 | BB16: 14976 | BC16: 19056.81 | BD16: 19698.91 | BE16: 24551.19 | BF16: 34605.02 | BG16: 45647.86 | BH16: 27896.78 | BI16: 35354.33 | BJ16: 34879.23 | BK16: 37491.08 | BL16: 29288.58 | BM16: 29851.48 | BN16: 40652.86 | BO16: 43016.53 | BR16: PM-Late | BS16: 18189.6 | BT16: 22273.68 | BU16: 15153.45 | BV16: 16152.69 | BW16: 4426.76 | BX16: 6826.32 | BY16: 16196.21 | BZ16: 23380.57 | CA16: 23530.2 | CB16: 29734.25 | CC16: 41351.04 | CD16: 55215.2 | CE16: 33276.63 | CF16: 42628.26 | CG16: 41613.42 | CH16: 44935.38 | CI16: 34957.44 | CJ16: 35612.28 | CK16: 48431.25 | CL16: 51016.5
B19: CaptureRateLights | X19: ML Volume (PCE/Period) | AU19: GP Volume (PCE/Period) | BR19: Highway Volume
B20: Direction | C20: NB | D20: SB | E20: NB | F20: SB | G20: NB | H20: SB | I20: NB | J20: SB | K20: NB | L20: SB | M20: NB | N20: SB | O20: NB | P20: SB | Q20: NB | R20: SB | S20: NB | T20: SB | U20: NB | V20: SB | X20: Direction | Y20: NB | Z20: SB | AA20: NB | AB20: SB | AC20: NB | AD20: SB | AE20: NB | AF20: SB | AG20: NB | AH20: SB | AI20: NB | AJ20: SB | AK20: NB | AL20: SB | AM20: NB | AN20: SB | AO20: NB | AP20: SB | AQ20: NB | AR20: SB | AU20: Direction | AV20: NB | AW20: SB | AX20: NB | AY20: SB | AZ20: NB | BA20: SB | BB20: NB | BC20: SB | BD20: NB | BE20: SB | BF20: NB | BG20: SB | BH20: NB | BI20: SB | BJ20: NB | BK20: SB | BL20: NB | BM20: SB | BN20: NB | BO20: SB | BR20: Direction | BS20: NB | BT20: SB | BU20: NB | BV20: SB | BW20: NB | BX20: SB | BY20: NB | BZ20: SB | CA20: NB | CB20: SB | CC20: NB | CD20: SB | CE20: NB | CF20: SB | CG20: NB | CH20: SB | CI20: NB | CJ20: SB | CK20: NB | CL20: SB
B21: Segment | C21: 1 | D21: 1 | E21: 2 | F21: 2 | G21: 3 | H21: 3 | I21: 4 | J21: 4 | K21: 5 | L21: 5 | M21: 6 | N21: 6 | O21: 7 | P21: 7 | Q21: 8 | R21: 8 | S21: 9 | T21: 9 | U21: 10 | V21: 10 | X21: Segment | Y21: 1 | Z21: 1 | AA21: 2 | AB21: 2 | AC21: 3 | AD21: 3 | AE21: 4 | AF21: 4 | AG21: 5 | AH21: 5 | AI21: 6 | AJ21: 6 | AK21: 7 | AL21: 7 | AM21: 8 | AN21: 8 | AO21: 9 | AP21: 9 | AQ21: 10 | AR21: 10 | AU21: Segment | AV21: 1 | AW21: 1 | AX21: 2 | AY21: 2 | AZ21: 3 | BA21: 3 | BB21: 4 | BC21: 4 | BD21: 5 | BE21: 5 | BF21: 6 | BG21: 6 | BH21: 7 | BI21: 7 | BJ21: 8 | BK21: 8 | BL21: 9 | BM21: 9 | BN21: 10 | BO21: 10 | BR21: Segment | BS21: 1 | BT21: 1 | BU21: 2 | BV21: 2 | BW21: 3 | BX21: 3 | BY21: 4 | BZ21: 4 | CA21: 5 | CB21: 5 | CC21: 6 | CD21: 6 | CE21: 7 | CF21: 7 | CG21: 8 | CH21: 8 | CI21: 9 | CJ21: 9 | CK21: 10 | CL21: 10
B22: Period | X22: Period | AU22: Period | BR22: Period
B23: Night | C23: 0.16 | D23: 0.16 | E23: 0.06 | F23: 0.06 | G23: 0.06 | H23: 0.06 | I23: 0.09 | J23: 0.09 | K23: 0.21 | L23: 0.08 | M23: 0.21 | N23: 0.06 | O23: 0.21 | P23: 0.02 | Q23: 0.16 | R23: 0.05 | S23: 0.01 | T23: 0.01 | U23: 0.06 | V23: 0.01 | X23: Night | Y23: 2675.86 | Z23: 2548.84 | AA23: 770.39 | AB23: 703.65 | AC23: 610.21 | AD23: 798.03 | AE23: 1478.86 | AF23: 1383.9 | AG23: 3568.6 | AH23: 1173.2 | AI23: 3623.2 | AJ23: 875.24 | AK23: 3383.1 | AL23: 353.5 | AM23: 2511.6 | AN23: 784.7 | AO23: 166.75 | AP23: 127.19 | AQ23: 965.86 | AR23: 134.74 | AU23: Night | AV23: 16800 | AW23: 16800 | AX23: 14477.71 | AY23: 13563.05 | AZ23: 13744.69 | BA23: 16325.05 | BB23: 16800 | BC23: 16800 | BD23: 16800 | BE23: 16800 | BF23: 16800 | BG23: 16777.36 | BH23: 16800 | BI23: 16800 | BJ23: 16800 | BK23: 16800 | BL23: 16666.15 | BM23: 12853.61 | BN23: 16284.24 | BO23: 13534.86 | BR23: Night | BS23: 19475.86 | BT23: 19348.84 | BU23: 15248.1 | BV23: 14266.7 | BW23: 14354.9 | BX23: 17123.08 | BY23: 18278.85 | BZ23: 18183.9 | CA23: 20368.6 | CB23: 17973.2 | CC23: 20423.2 | CD23: 17652.6 | CE23: 20183.1 | CF23: 17153.5 | CG23: 19311.6 | CH23: 17584.7 | CI23: 16832.9 | CJ23: 12980.8 | CK23: 17250.1 | CL23: 13669.6
B24: AM-Early | C24: 0.16 | D24: 0.17 | E24: 0.17 | F24: 0.18 | G24: 0.18 | H24: 0.18 | I24: 0.17 | J24: 0.17 | K24: 0.16 | L24: 0.16 | M24: 0.16 | N24: 0.16 | O24: 0.16 | P24: 0.16 | Q24: 0.16 | R24: 0.16 | S24: 0.16 | T24: 0.16 | U24: 0.16 | V24: 0.16 | X24: AM-Early | Y24: 1188.89 | Z24: 732.88 | AA24: 1222.62 | AB24: 786.75 | AC24: 803.72 | AD24: 993.85 | AE24: 1339.39 | AF24: 926.13 | AG24: 1250.33 | AH24: 854.99 | AI24: 1197.27 | AJ24: 861.09 | AK24: 1051.13 | AL24: 924.5 | AM24: 996.51 | AN24: 887.99 | AO24: 966.89 | AP24: 729.48 | AQ24: 1117.37 | AR24: 696 | AU24: AM-Early | AV24: 6759.19 | AW24: 4430.75 | AX24: 6155.08 | AY24: 4115.44 | AZ24: 4237.68 | BA24: 5204.05 | BB24: 6939.1 | BC24: 5058.67 | BD24: 7023.51 | BE24: 5025.81 | BF24: 6841.35 | BG24: 5118.31 | BH24: 6045.67 | BI24: 5448.2 | BJ24: 5787.14 | BK24: 5191.25 | BL24: 5609.78 | BM24: 4384.52 | BN24: 6723.55 | BO24: 4288.75 | BR24: AM-Early | BS24: 7948.08 | BT24: 5163.63 | BU24: 7377.7 | BV24: 4902.19 | BW24: 5041.4 | BX24: 6197.9 | BY24: 8278.49 | BZ24: 5984.8 | CA24: 8273.84 | CB24: 5880.8 | CC24: 8038.62 | CD24: 5979.4 | CE24: 7096.8 | CF24: 6372.7 | CG24: 6783.65 | CH24: 6079.24 | CI24: 6576.67 | CJ24: 5114 | CK24: 7840.92 | CL24: 4984.74
B25: AM-Peak | C25: 0.21 | D25: 0.17 | E25: 0.19 | F25: 0.06 | G25: 0.3 | H25: 0.24 | I25: 0.25 | J25: 0.17 | K25: 0.26 | L25: 0.16 | M25: 0.26 | N25: 0.16 | O25: 0.27 | P25: 0.16 | Q25: 0.27 | R25: 0.16 | S25: 0.17 | T25: 0.16 | U25: 0.16 | V25: 0.16 | X25: AM-Peak | Y25: 5701.98 | Z25: 1637.48 | AA25: 5397.13 | AB25: 606.93 | AC25: 6153.93 | AD25: 5685.53 | AE25: 6585.64 | AF25: 3172.64 | AG25: 6971.31 | AH25: 2817.8 | AI25: 7126.51 | AJ25: 2781.36 | AK25: 7102.38 | AL25: 2803.72 | AM25: 6943.72 | AN25: 2730.86 | AO25: 3102.75 | AP25: 2368.99 | AQ25: 2353.66 | AR25: 2098.39 | AU25: AM-Peak | AV25: 24778.02 | AW25: 10148.88 | AX25: 25057.21 | AY25: 9360 | AZ25: 17542.74 | BA25: 20954.47 | BB25: 22311.01 | BC25: 17975.41 | BD25: 23194.52 | BE25: 17376.43 | BF25: 23353.49 | BG25: 17455.63 | BH25: 23377.62 | BI25: 17698.6 | BJ25: 22506.06 | BK25: 16958.2 | BL25: 18470.2 | BM25: 15129.45 | BN25: 14793.63 | BO25: 13383.76 | BR25: AM-Peak | BS25: 30480 | BT25: 11786.35 | BU25: 30454.34 | BV25: 9966.93 | BW25: 23696.67 | BX25: 26640 | BY25: 28896.66 | BZ25: 21148.05 | CA25: 30165.83 | CB25: 20194.24 | CC25: 30480 | CD25: 20237 | CE25: 30480 | CF25: 20502.32 | CG25: 29449.79 | CH25: 19689.06 | CI25: 21572.95 | CJ25: 17498.45 | CK25: 17147.28 | CL25: 15482.16
B26: AM-Shoulder | C26: 0.23 | D26: 0.17 | E26: 0.21 | F26: 0.18 | G26: 0.17 | H26: 0.17 | I26: 0.21 | J26: 0.17 | K26: 0.2 | L26: 0.16 | M26: 0.2 | N26: 0.16 | O26: 0.2 | P26: 0.16 | Q26: 0.17 | R26: 0.16 | S26: 0.16 | T26: 0.16 | U26: 0.16 | V26: 0.16 | X26: AM-Shoulder | Y26: 1677.88 | Z26: 652.83 | AA26: 1747.91 | AB26: 643.18 | AC26: 1106.4 | AD26: 1327.14 | AE26: 1630.95 | AF26: 1061.78 | AG26: 1531.8 | AH26: 948 | AI26: 1530.81 | AJ26: 906.37 | AK26: 1525.81 | AL26: 907.52 | AM26: 1158.65 | AN26: 872.13 | AO26: 880.95 | AP26: 784.54 | AQ26: 791.05 | AR26: 740.11 | AU26: AM-Shoulder | AV26: 7202.12 | AW26: 4276.22 | AX26: 7132.09 | AY26: 3481.87 | AZ26: 6493.11 | BA26: 7552.86 | BB26: 7249.05 | BC26: 6259.19 | BD26: 7348.2 | BE26: 5982.96 | BF26: 7349.19 | BG26: 5843.02 | BH26: 7354.19 | BI26: 5881.31 | BJ26: 6974.39 | BK26: 5581.64 | BL26: 5553.48 | BM26: 5237.16 | BN26: 5160.11 | BO26: 4906.6 | BR26: AM-Shoulder | BS26: 8880 | BT26: 4929.06 | BU26: 8880 | BV26: 4125.05 | BW26: 7599.51 | BX26: 8880 | BY26: 8880 | BZ26: 7320.97 | CA26: 8880 | CB26: 6930.96 | CC26: 8880 | CD26: 6749.39 | CE26: 8880 | CF26: 6788.83 | CG26: 8133.05 | CH26: 6453.77 | CI26: 6434.42 | CJ26: 6021.7 | CK26: 5951.16 | CL26: 5646.71
B27: MD | C27: 0.22 | D27: 0.19 | E27: 0.2 | F27: 0.18 | G27: 0.23 | H27: 0.22 | I27: 0.18 | J27: 0.2 | K27: 0.16 | L27: 0.17 | M27: 0.16 | N27: 0.16 | O27: 0.16 | P27: 0.16 | Q27: 0.16 | R27: 0.16 | S27: 0.17 | T27: 0.17 | U27: 0.17 | V27: 0.16 | X27: MD | Y27: 5565.21 | Z27: 5942.97 | AA27: 7146.42 | AB27: 6365.73 | AC27: 5518.85 | AD27: 6063.78 | AE27: 5494.26 | AF27: 6192.04 | AG27: 5710.55 | AH27: 6135.72 | AI27: 5328.22 | AJ27: 5369.48 | AK27: 5041.81 | AL27: 5276 | AM27: 4734.55 | AN27: 4595.11 | AO27: 4379.48 | AP27: 4277.39 | AQ27: 4173.58 | AR27: 4657.85 | AU27: MD | AV27: 23548.8 | AW27: 31101.53 | AX27: 30445.42 | AY27: 32780.44 | AZ27: 22384.26 | BA27: 25048.64 | BB27: 29951.19 | BC27: 30280.96 | BD27: 33995.01 | BE27: 34312.78 | BF27: 32087 | BG27: 32339.35 | BH27: 30400.89 | BI27: 31679 | BJ27: 28892.82 | BK27: 27806.04 | BL27: 26929.02 | BM27: 26078.91 | BN27: 26214.07 | BO27: 29170.7 | BR27: MD | BS27: 29114.01 | BT27: 37044.5 | BU27: 37591.84 | BV27: 39146.18 | BW27: 27903.11 | BX27: 31112.41 | BY27: 35445.45 | BZ27: 36473 | CA27: 39705.56 | CB27: 40448.5 | CC27: 37415.22 | CD27: 37708.82 | CE27: 35442.7 | CF27: 36955 | CG27: 33627.37 | CH27: 32401.14 | CI27: 31308.5 | CJ27: 30356.3 | CK27: 30387.65 | CL27: 33828.55
B28: PM-Shoulder | C28: 0.24 | D28: 0.2 | E28: 0.21 | F28: 0.21 | G28: 0.25 | H28: 0.21 | I28: 0.21 | J28: 0.24 | K28: 0.2 | L28: 0.19 | M28: 0.2 | N28: 0.19 | O28: 0.2 | P28: 0.19 | Q28: 0.2 | R28: 0.19 | S28: 0.2 | T28: 0.19 | U28: 0.2 | V28: 0.2 | X28: PM-Shoulder | Y28: 1554 | Z28: 1324.88 | AA28: 1721.77 | AB28: 1757.53 | AC28: 1379.35 | AD28: 1366.59 | AE28: 1276.24 | AF28: 1277.5 | AG28: 1194.42 | AH28: 1535.52 | AI28: 1253.1 | AJ28: 1507.53 | AK28: 1250.2 | AL28: 1484.86 | AM28: 1223.64 | AN28: 1443.92 | AO28: 1165.94 | AP28: 1408.41 | AQ28: 1061.46 | AR28: 1044.48 | AU28: PM-Shoulder | AV28: 6010.61 | AW28: 6384.23 | AX28: 7158.23 | AY28: 7122.47 | AZ28: 4947.55 | BA28: 5813.77 | BB28: 5347.22 | BC28: 4822.89 | BD28: 5457.35 | BE28: 7344.48 | BF28: 5896.3 | BG28: 7372.47 | BH28: 5846.78 | BI28: 6987.25 | BJ28: 5813.23 | BK28: 6994.75 | BL28: 5599.51 | BM28: 6586.25 | BN28: 5205.58 | BO28: 4815.84 | BR28: PM-Shoulder | BS28: 7564.6 | BT28: 7709.11 | BU28: 8880 | BV28: 8880 | BW28: 6326.9 | BX28: 7180.36 | BY28: 6623.47 | BZ28: 6100.39 | CA28: 6651.77 | CB28: 8880 | CC28: 7149.41 | CD28: 8880 | CE28: 7096.99 | CF28: 8472.11 | CG28: 7036.87 | CH28: 8438.66 | CI28: 6765.44 | CJ28: 7994.66 | CK28: 6267.04 | CL28: 5860.32
B29: PM-Peak | C29: 0.23 | D29: 0.22 | E29: 0.21 | F29: 0.21 | G29: 0.27 | H29: 0.23 | I29: 0.21 | J29: 0.31 | K29: 0.2 | L29: 0.21 | M29: 0.19 | N29: 0.27 | O29: 0.2 | P29: 0.26 | Q29: 0.2 | R29: 0.19 | S29: 0.2 | T29: 0.2 | U29: 0.2 | V29: 0.2 | X29: PM-Peak | Y29: 5701.11 | Z29: 5805.03 | AA29: 4976.67 | AB29: 5866.23 | AC29: 4843.3 | AD29: 5598.84 | AE29: 4325.51 | AF29: 6336.8 | AG29: 3795.11 | AH29: 5539.35 | AI29: 3833.58 | AJ29: 7325.94 | AK29: 3859.44 | AL29: 6540.79 | AM29: 3995.35 | AN29: 4172.9 | AO29: 3491.19 | AP29: 3607.13 | AQ29: 3243.23 | AR29: 3227.1 | AU29: PM-Peak | AV29: 23106.9 | AW29: 24674.97 | AX29: 20816.03 | AY29: 24009.44 | AZ29: 15207.02 | BA29: 22824.11 | BB29: 18819.04 | BC29: 16943.96 | BD29: 17840.1 | BE29: 24940.65 | BF29: 18641.55 | BG29: 23154.06 | BH29: 18660.58 | BI29: 22395.26 | BJ29: 19523.27 | BK29: 21103.18 | BL29: 17296.87 | BM29: 17614.92 | BN29: 16251.19 | BO29: 15945.49 | BR29: PM-Peak | BS29: 28808.01 | BT29: 30480 | BU29: 25792.7 | BV29: 29875.67 | BW29: 20050.32 | BX29: 28422.95 | BY29: 23144.55 | BZ29: 23280.76 | CA29: 21635.2 | CB29: 30480 | CC29: 22475.13 | CD29: 30480 | CE29: 22520.02 | CF29: 28936.05 | CG29: 23518.62 | CH29: 25276.08 | CI29: 20788.05 | CJ29: 21222.05 | CK29: 19494.42 | CL29: 19172.59
B30: PM-Late | C30: 0.2 | D30: 0.2 | E30: 0.22 | F30: 0.22 | G30: 0.05 | H30: 0.21 | I30: 0.09 | J30: 0.22 | K30: 0.2 | L30: 0.2 | M30: 0.2 | N30: 0.2 | O30: 0.2 | P30: 0.2 | Q30: 0.2 | R30: 0.2 | S30: 0.2 | T30: 0.2 | U30: 0.2 | V30: 0.2 | X30: PM-Late | Y30: 2323.03 | Z30: 2934.3 | AA30: 2296.5 | AB30: 2449.87 | AC30: 430.28 | AD30: 2533.87 | AE30: 762.63 | AF30: 2702.35 | AG30: 1915.65 | AH30: 2591.53 | AI30: 1873.89 | AJ30: 2657.6 | AK30: 1855.12 | AL30: 2508.25 | AM30: 1772.15 | AN30: 1959.03 | AO30: 1667.31 | AP30: 1694.35 | AQ30: 1728.53 | AR30: 1777.77 | AU30: PM-Late | AV30: 11668.97 | AW30: 14199.3 | AX30: 9360 | AY30: 9975.27 | AZ30: 8423.24 | BA30: 11118.77 | BB30: 9360 | BC30: 11910.51 | BD30: 9849.45 | BE30: 12275.59 | BF30: 9612.51 | BG30: 12679.96 | BH30: 9619.58 | BI30: 12191.15 | BJ30: 9178.75 | BK30: 9866.07 | BL30: 8614.29 | BM30: 8779.85 | BN30: 9033.97 | BO30: 9559.23 | BR30: PM-Late | BS30: 13992 | BT30: 17133.6 | BU30: 11656.5 | BV30: 12425.14 | BW30: 8853.52 | BX30: 13652.64 | BY30: 10122.63 | BZ30: 14612.86 | CA30: 11765.1 | CB30: 14867.13 | CC30: 11486.4 | CD30: 15337.55 | CE30: 11474.7 | CF30: 14699.4 | CG30: 10950.9 | CH30: 11825.1 | CI30: 10281.6 | CJ30: 10474.2 | CK30: 10762.5 | CL30: 11337
B33: Revenue Per Period | X33: ML Flow (PCE/hr) | AU33: GP Flow (PCE/hr) | BR33: Highway Flow
B34: Direction | C34: NB | D34: SB | E34: NB | F34: SB | G34: NB | H34: SB | I34: NB | J34: SB | K34: NB | L34: SB | M34: NB | N34: SB | O34: NB | P34: SB | Q34: NB | R34: SB | S34: NB | T34: SB | U34: NB | V34: SB | X34: Direction | Y34: NB | Z34: SB | AA34: NB | AB34: SB | AC34: NB | AD34: SB | AE34: NB | AF34: SB | AG34: NB | AH34: SB | AI34: NB | AJ34: SB | AK34: NB | AL34: SB | AM34: NB | AN34: SB | AO34: NB | AP34: SB | AQ34: NB | AR34: SB | AU34: Direction | AV34: NB | AW34: SB | AX34: NB | AY34: SB | AZ34: NB | BA34: SB | BB34: NB | BC34: SB | BD34: NB | BE34: SB | BF34: NB | BG34: SB | BH34: NB | BI34: SB | BJ34: NB | BK34: SB | BL34: NB | BM34: SB | BN34: NB | BO34: SB | BR34: Direction | BS34: NB | BT34: SB | BU34: NB | BV34: SB | BW34: NB | BX34: SB | BY34: NB | BZ34: SB | CA34: NB | CB34: SB | CC34: NB | CD34: SB | CE34: NB | CF34: SB | CG34: NB | CH34: SB | CI34: NB | CJ34: SB | CK34: NB | CL34: SB
B35: Segment | C35: 1 | D35: 1 | E35: 2 | F35: 2 | G35: 3 | H35: 3 | I35: 4 | J35: 4 | K35: 5 | L35: 5 | M35: 6 | N35: 6 | O35: 7 | P35: 7 | Q35: 8 | R35: 8 | S35: 9 | T35: 9 | U35: 10 | V35: 10 | X35: Segment | Y35: 1 | Z35: 1 | AA35: 2 | AB35: 2 | AC35: 3 | AD35: 3 | AE35: 4 | AF35: 4 | AG35: 5 | AH35: 5 | AI35: 6 | AJ35: 6 | AK35: 7 | AL35: 7 | AM35: 8 | AN35: 8 | AO35: 9 | AP35: 9 | AQ35: 10 | AR35: 10 | AU35: Segment | AV35: 1 | AW35: 1 | AX35: 2 | AY35: 2 | AZ35: 3 | BA35: 3 | BB35: 4 | BC35: 4 | BD35: 5 | BE35: 5 | BF35: 6 | BG35: 6 | BH35: 7 | BI35: 7 | BJ35: 8 | BK35: 8 | BL35: 9 | BM35: 9 | BN35: 10 | BO35: 10 | BR35: Segment | BS35: 1 | BT35: 1 | BU35: 2 | BV35: 2 | BW35: 3 | BX35: 3 | BY35: 4 | BZ35: 4 | CA35: 5 | CB35: 5 | CC35: 6 | CD35: 6 | CE35: 7 | CF35: 7 | CG35: 8 | CH35: 8 | CI35: 9 | CJ35: 9 | CK35: 10 | CL35: 10
B36: Period | X36: Period | AU36: Period | BR36: Period
B37: Night | C37: 822.47 | D37: 763 | E37: 206.33 | F37: 189.1 | G37: 64.58 | H37: 83.57 | I37: 549.71 | J37: 521.52 | K37: 1624.62 | L37: 549.53 | M37: 2975.68 | N37: 745.15 | O37: 2231.71 | P37: 250 | Q37: 2192.99 | R37: 701.63 | S37: 135.65 | T37: 109.82 | U37: 1061.06 | V37: 157.31 | X37: Night | Y37: 382.27 | Z37: 364.12 | AA37: 110.06 | AB37: 100.52 | AC37: 87.17 | AD37: 114 | AE37: 211.27 | AF37: 197.7 | AG37: 509.8 | AH37: 167.6 | AI37: 517.6 | AJ37: 125.03 | AK37: 483.3 | AL37: 50.5 | AM37: 358.8 | AN37: 112.1 | AO37: 23.82 | AP37: 18.17 | AQ37: 137.98 | AR37: 19.25 | AU37: Night | AV37: 2400 | AW37: 2400 | AX37: 2068.24 | AY37: 1937.58 | AZ37: 1963.53 | BA37: 2332.15 | BB37: 2400 | BC37: 2400 | BD37: 2400 | BE37: 2400 | BF37: 2400 | BG37: 2396.77 | BH37: 2400 | BI37: 2400 | BJ37: 2400 | BK37: 2400 | BL37: 2380.88 | BM37: 1836.23 | BN37: 2326.32 | BO37: 1933.55 | BR37: Night | BS37: 2782.26 | BT37: 2764.12 | BU37: 2178.3 | BV37: 2038.1 | BW37: 2050.7 | BX37: 2446.15 | BY37: 2611.26 | BZ37: 2597.7 | CA37: 2909.8 | CB37: 2567.6 | CC37: 2917.6 | CD37: 2521.8 | CE37: 2883.3 | CF37: 2450.5 | CG37: 2758.8 | CH37: 2512.1 | CI37: 2404.7 | CJ37: 1854.4 | CK37: 2464.3 | CL37: 1952.8
B38: AM-Early | C38: 1413.86 | D38: 545.68 | E38: 1112.29 | F38: 480.5 | G38: 335.48 | H38: 292.59 | I38: 1777.6 | J38: 1724.24 | K38: 2319.17 | L38: 1515.99 | M38: 5164.74 | N38: 2864.33 | O38: 3827.85 | P38: 2745.5 | Q38: 4343.84 | R38: 2721.14 | S38: 3529.25 | T38: 1837.6 | U38: 4063.79 | V38: 1530.41 | X38: AM-Early | Y38: 1188.89 | Z38: 732.88 | AA38: 1222.62 | AB38: 786.75 | AC38: 803.72 | AD38: 993.85 | AE38: 1339.39 | AF38: 926.13 | AG38: 1250.33 | AH38: 854.99 | AI38: 1197.27 | AJ38: 861.09 | AK38: 1051.13 | AL38: 924.5 | AM38: 996.51 | AN38: 887.99 | AO38: 966.89 | AP38: 729.48 | AQ38: 1117.37 | AR38: 696 | AU38: AM-Early | AV38: 6759.19 | AW38: 4430.75 | AX38: 6155.08 | AY38: 4115.44 | AZ38: 4237.68 | BA38: 5204.05 | BB38: 6939.1 | BC38: 5058.67 | BD38: 7023.51 | BE38: 5025.81 | BF38: 6841.35 | BG38: 5118.31 | BH38: 6045.67 | BI38: 5448.2 | BJ38: 5787.14 | BK38: 5191.25 | BL38: 5609.78 | BM38: 4384.52 | BN38: 6723.55 | BO38: 4288.75 | BR38: AM-Early | BS38: 7948.08 | BT38: 5163.63 | BU38: 7377.7 | BV38: 4902.19 | BW38: 5041.4 | BX38: 6197.9 | BY38: 8278.49 | BZ38: 5984.8 | CA38: 8273.84 | CB38: 5880.8 | CC38: 8038.62 | CD38: 5979.4 | CE38: 7096.8 | CF38: 6372.7 | CG38: 6783.65 | CH38: 6079.24 | CI38: 6576.67 | CJ38: 5114 | CK38: 7840.92 | CL38: 4984.74
B39: AM-Peak | C39: 29023.51 | D39: 1413.49 | E39: 31778.69 | F39: 1048.99 | G39: 5823.24 | H39: 5294.05 | I39: 19656.59 | J39: 9435.73 | K39: 26056.37 | L39: 9684.88 | M39: 47984.9 | N39: 17580.06 | O39: 38814.38 | P39: 14686.91 | Q39: 49756.01 | R39: 17221.46 | S39: 19741.37 | T39: 11432.05 | U39: 14414.62 | V39: 11406.39 | X39: AM-Peak | Y39: 1900.66 | Z39: 545.83 | AA39: 1799.04 | AB39: 202.31 | AC39: 2051.31 | AD39: 1895.18 | AE39: 2195.21 | AF39: 1057.55 | AG39: 2323.77 | AH39: 939.27 | AI39: 2375.5 | AJ39: 927.12 | AK39: 2367.46 | AL39: 934.57 | AM39: 2314.57 | AN39: 910.29 | AO39: 1034.25 | AP39: 789.66 | AQ39: 784.55 | AR39: 699.46 | AU39: AM-Peak | AV39: 8259.34 | AW39: 3382.96 | AX39: 8352.4 | AY39: 3120 | AZ39: 5847.58 | BA39: 6984.82 | BB39: 7437 | BC39: 5991.8 | BD39: 7731.51 | BE39: 5792.14 | BF39: 7784.5 | BG39: 5818.54 | BH39: 7792.54 | BI39: 5899.53 | BJ39: 7502.02 | BK39: 5652.73 | BL39: 6156.73 | BM39: 5043.15 | BN39: 4931.21 | BO39: 4461.25 | BR39: AM-Peak | BS39: 10160 | BT39: 3928.78 | BU39: 10151.45 | BV39: 3322.31 | BW39: 7898.89 | BX39: 8880 | BY39: 9632.22 | BZ39: 7049.35 | CA39: 10055.28 | CB39: 6731.41 | CC39: 10160 | CD39: 6745.67 | CE39: 10160 | CF39: 6834.11 | CG39: 9816.6 | CH39: 6563.02 | CI39: 7190.98 | CJ39: 5832.82 | CK39: 5715.76 | CL39: 5160.72
B40: AM-Shoulder | C40: 4157.82 | D40: 757.88 | E40: 4192.24 | F40: 356.15 | G40: 1725.04 | H40: 1937.78 | I40: 4902.48 | J40: 2595.36 | K40: 5768.12 | L40: 2472.78 | M40: 10379.12 | N40: 4099.95 | O40: 8364.19 | P40: 3363.67 | Q40: 8298.88 | R40: 3776.07 | S40: 3341.32 | T40: 2783.5 | U40: 3568.78 | V40: 3114.23 | X40: AM-Shoulder | Y40: 1677.88 | Z40: 652.83 | AA40: 1747.91 | AB40: 643.18 | AC40: 1106.4 | AD40: 1327.14 | AE40: 1630.95 | AF40: 1061.78 | AG40: 1531.8 | AH40: 948 | AI40: 1530.81 | AJ40: 906.37 | AK40: 1525.81 | AL40: 907.52 | AM40: 1158.65 | AN40: 872.13 | AO40: 880.95 | AP40: 784.54 | AQ40: 791.05 | AR40: 740.11 | AU40: AM-Shoulder | AV40: 7202.12 | AW40: 4276.22 | AX40: 7132.09 | AY40: 3481.87 | AZ40: 6493.11 | BA40: 7552.86 | BB40: 7249.05 | BC40: 6259.19 | BD40: 7348.2 | BE40: 5982.96 | BF40: 7349.19 | BG40: 5843.02 | BH40: 7354.19 | BI40: 5881.31 | BJ40: 6974.39 | BK40: 5581.64 | BL40: 5553.48 | BM40: 5237.16 | BN40: 5160.11 | BO40: 4906.6 | BR40: AM-Shoulder | BS40: 8880 | BT40: 4929.06 | BU40: 8880 | BV40: 4125.05 | BW40: 7599.51 | BX40: 8880 | BY40: 8880 | BZ40: 7320.97 | CA40: 8880 | CB40: 6930.96 | CC40: 8880 | CD40: 6749.39 | CE40: 8880 | CF40: 6788.83 | CG40: 8133.05 | CH40: 6453.77 | CI40: 6434.42 | CJ40: 6021.7 | CK40: 5951.16 | CL40: 5646.71
B41: MD | C41: 13708.8 | D41: 14591.06 | E41: 17071.01 | F41: 6549.13 | G41: 5188.47 | H41: 5667.5 | I41: 7301.57 | J41: 18537.84 | K41: 19867.9 | L41: 22917.59 | M41: 28637.85 | N41: 24949.12 | O41: 19091.79 | P41: 17893.58 | Q41: 21162.39 | R41: 18894.98 | S41: 16057.4 | T41: 12689.84 | U41: 17761.78 | V41: 13949.96 | X41: MD | Y41: 1113.04 | Z41: 1188.59 | AA41: 1429.28 | AB41: 1273.15 | AC41: 1103.77 | AD41: 1212.76 | AE41: 1098.85 | AF41: 1238.41 | AG41: 1142.11 | AH41: 1227.14 | AI41: 1065.64 | AJ41: 1073.9 | AK41: 1008.36 | AL41: 1055.2 | AM41: 946.91 | AN41: 919.02 | AO41: 875.9 | AP41: 855.48 | AQ41: 834.72 | AR41: 931.57 | AU41: MD | AV41: 4709.76 | AW41: 6220.31 | AX41: 6089.08 | AY41: 6556.09 | AZ41: 4476.85 | BA41: 5009.73 | BB41: 5990.24 | BC41: 6056.19 | BD41: 6799 | BE41: 6862.56 | BF41: 6417.4 | BG41: 6467.87 | BH41: 6080.18 | BI41: 6335.8 | BJ41: 5778.56 | BK41: 5561.21 | BL41: 5385.8 | BM41: 5215.78 | BN41: 5242.81 | BO41: 5834.14 | BR41: MD | BS41: 5822.8 | BT41: 7408.9 | BU41: 7518.37 | BV41: 7829.24 | BW41: 5580.62 | BX41: 6222.48 | BY41: 7089.09 | BZ41: 7294.6 | CA41: 7941.11 | CB41: 8089.7 | CC41: 7483.04 | CD41: 7541.76 | CE41: 7088.54 | CF41: 7391 | CG41: 6725.47 | CH41: 6480.23 | CI41: 6261.7 | CJ41: 6071.26 | CK41: 6077.53 | CL41: 6765.71
B42: PM-Shoulder | C42: 3777.85 | D42: 4347.69 | E42: 4543.14 | F42: 4475.1 | G42: 1281.9 | H42: 1547.79 | I42: 1719.92 | J42: 3784.1 | K42: 2015.79 | L42: 6142.09 | M42: 4644.47 | N42: 11234.83 | O42: 3636.44 | P42: 7184.72 | Q42: 4666.97 | R42: 9388.84 | S42: 3693.7 | T42: 6602.29 | U42: 3932.62 | V42: 3198.81 | X42: PM-Shoulder | Y42: 1554 | Z42: 1324.88 | AA42: 1721.77 | AB42: 1757.53 | AC42: 1379.35 | AD42: 1366.59 | AE42: 1276.24 | AF42: 1277.5 | AG42: 1194.42 | AH42: 1535.52 | AI42: 1253.1 | AJ42: 1507.53 | AK42: 1250.2 | AL42: 1484.86 | AM42: 1223.64 | AN42: 1443.92 | AO42: 1165.94 | AP42: 1408.41 | AQ42: 1061.46 | AR42: 1044.48 | AU42: PM-Shoulder | AV42: 6010.61 | AW42: 6384.23 | AX42: 7158.23 | AY42: 7122.47 | AZ42: 4947.55 | BA42: 5813.77 | BB42: 5347.22 | BC42: 4822.89 | BD42: 5457.35 | BE42: 7344.48 | BF42: 5896.3 | BG42: 7372.47 | BH42: 5846.78 | BI42: 6987.25 | BJ42: 5813.23 | BK42: 6994.75 | BL42: 5599.51 | BM42: 6586.25 | BN42: 5205.58 | BO42: 4815.84 | BR42: PM-Shoulder | BS42: 7564.6 | BT42: 7709.11 | BU42: 8880 | BV42: 8880 | BW42: 6326.9 | BX42: 7180.36 | BY42: 6623.47 | BZ42: 6100.39 | CA42: 6651.77 | CB42: 8880 | CC42: 7149.41 | CD42: 8880 | CE42: 7096.99 | CF42: 8472.11 | CG42: 7036.87 | CH42: 8438.66 | CI42: 6765.44 | CJ42: 7994.66 | CK42: 6267.04 | CL42: 5860.32
B43: PM-Peak | C43: 28325.74 | D43: 30238.26 | E43: 14634.28 | F43: 27790 | G43: 4489.3 | H43: 11180.47 | I43: 11546.93 | J43: 18874.28 | K43: 11173.22 | L43: 40915 | M43: 23022.83 | N43: 48800.74 | O43: 18587.71 | P43: 35099.6 | Q43: 28158.13 | R43: 37103.27 | S43: 17280.44 | T43: 18247.13 | U43: 19264.41 | V43: 18340.3 | X43: PM-Peak | Y43: 1900.37 | Z43: 1935.01 | AA43: 1658.89 | AB43: 1955.41 | AC43: 1614.43 | AD43: 1866.28 | AE43: 1441.84 | AF43: 2112.27 | AG43: 1265.04 | AH43: 1846.45 | AI43: 1277.86 | AJ43: 2441.98 | AK43: 1286.48 | AL43: 2180.26 | AM43: 1331.78 | AN43: 1390.97 | AO43: 1163.73 | AP43: 1202.38 | AQ43: 1081.08 | AR43: 1075.7 | AU43: PM-Peak | AV43: 7702.3 | AW43: 8224.99 | AX43: 6938.68 | AY43: 8003.15 | AZ43: 5069.01 | BA43: 7608.04 | BB43: 6273.01 | BC43: 5647.99 | BD43: 5946.7 | BE43: 8313.55 | BF43: 6213.85 | BG43: 7718.02 | BH43: 6220.19 | BI43: 7465.09 | BJ43: 6507.76 | BK43: 7034.39 | BL43: 5765.62 | BM43: 5871.64 | BN43: 5417.06 | BO43: 5315.16 | BR43: PM-Peak | BS43: 9602.67 | BT43: 10160 | BU43: 8597.57 | BV43: 9958.56 | BW43: 6683.44 | BX43: 9474.32 | BY43: 7714.85 | BZ43: 7760.25 | CA43: 7211.73 | CB43: 10160 | CC43: 7491.71 | CD43: 10160 | CE43: 7506.67 | CF43: 9645.35 | CG43: 7839.54 | CH43: 8425.36 | CI43: 6929.35 | CJ43: 7074.02 | CK43: 6498.14 | CL43: 6390.86
B44: PM-Late | C44: 2719.66 | D44: 4486.61 | E44: 820.17 | F44: 909.8 | G44: 49.43 | H44: 439.52 | I44: 933.92 | J44: 6998.17 | K44: 3583.87 | L44: 8195.43 | M44: 9276.78 | N44: 15119.45 | O44: 8288.74 | P44: 10143.21 | Q44: 9131.21 | R44: 8869.7 | S44: 7057.17 | T44: 5752.98 | U44: 8126.71 | V44: 6557.36 | X44: PM-Late | Y44: 774.34 | Z44: 978.1 | AA44: 765.5 | AB44: 816.62 | AC44: 143.43 | AD44: 844.62 | AE44: 254.21 | AF44: 900.78 | AG44: 638.55 | AH44: 863.84 | AI44: 624.63 | AJ44: 885.87 | AK44: 618.37 | AL44: 836.08 | AM44: 590.72 | AN44: 653.01 | AO44: 555.77 | AP44: 564.78 | AQ44: 576.18 | AR44: 592.59 | AU44: PM-Late | AV44: 3889.66 | AW44: 4733.1 | AX44: 3120 | AY44: 3325.09 | AZ44: 2807.75 | BA44: 3706.26 | BB44: 3120 | BC44: 3970.17 | BD44: 3283.15 | BE44: 4091.86 | BF44: 3204.17 | BG44: 4226.65 | BH44: 3206.53 | BI44: 4063.72 | BJ44: 3059.58 | BK44: 3288.69 | BL44: 2871.43 | BM44: 2926.62 | BN44: 3011.32 | BO44: 3186.41 | BR44: PM-Late | BS44: 4664 | BT44: 5711.2 | BU44: 3885.5 | BV44: 4141.71 | BW44: 2951.18 | BX44: 4550.88 | BY44: 3374.21 | BZ44: 4870.95 | CA44: 3921.7 | CB44: 4955.71 | CC44: 3828.8 | CD44: 5112.52 | CE44: 3824.9 | CF44: 4899.8 | CG44: 3650.3 | CH44: 3941.7 | CI44: 3427.2 | CJ44: 3491.4 | CK44: 3587.5 | CL44: 3779
B47: Revenue Per Period Lights | X47: ML V/C | AU47: GP V/C real | BR47: Highway Vol / GP Capacity
B48: Direction | C48: NB | D48: SB | E48: NB | F48: SB | G48: NB | H48: SB | I48: NB | J48: SB | K48: NB | L48: SB | M48: NB | N48: SB | O48: NB | P48: SB | Q48: NB | R48: SB | S48: NB | T48: SB | U48: NB | V48: SB | X48: Direction | Y48: NB | Z48: SB | AA48: NB | AB48: SB | AC48: NB | AD48: SB | AE48: NB | AF48: SB | AG48: NB | AH48: SB | AI48: NB | AJ48: SB | AK48: NB | AL48: SB | AM48: NB | AN48: SB | AO48: NB | AP48: SB | AQ48: NB | AR48: SB | AU48: Direction | AV48: NB | AW48: SB | AX48: NB | AY48: SB | AZ48: NB | BA48: SB | BB48: NB | BC48: SB | BD48: NB | BE48: SB | BF48: NB | BG48: SB | BH48: NB | BI48: SB | BJ48: NB | BK48: SB | BL48: NB | BM48: SB | BN48: NB | BO48: SB | BR48: Direction | BS48: NB | BT48: SB | BU48: NB | BV48: SB | BW48: NB | BX48: SB | BY48: NB | BZ48: SB | CA48: NB | CB48: SB | CC48: NB | CD48: SB | CE48: NB | CF48: SB | CG48: NB | CH48: SB | CI48: NB | CJ48: SB | CK48: NB | CL48: SB
B49: Segment | C49: 1 | D49: 1 | E49: 2 | F49: 2 | G49: 3 | H49: 3 | I49: 4 | J49: 4 | K49: 5 | L49: 5 | M49: 6 | N49: 6 | O49: 7 | P49: 7 | Q49: 8 | R49: 8 | S49: 9 | T49: 9 | U49: 10 | V49: 10 | X49: Segment | Y49: 1 | Z49: 1 | AA49: 2 | AB49: 2 | AC49: 3 | AD49: 3 | AE49: 4 | AF49: 4 | AG49: 5 | AH49: 5 | AI49: 6 | AJ49: 6 | AK49: 7 | AL49: 7 | AM49: 8 | AN49: 8 | AO49: 9 | AP49: 9 | AQ49: 10 | AR49: 10 | AU49: Segment | AV49: 1 | AW49: 1 | AX49: 2 | AY49: 2 | AZ49: 3 | BA49: 3 | BB49: 4 | BC49: 4 | BD49: 5 | BE49: 5 | BF49: 6 | BG49: 6 | BH49: 7 | BI49: 7 | BJ49: 8 | BK49: 8 | BL49: 9 | BM49: 9 | BN49: 10 | BO49: 10 | BR49: Segment | BS49: 1 | BT49: 1 | BU49: 2 | BV49: 2 | BW49: 3 | BX49: 3 | BY49: 4 | BZ49: 4 | CA49: 5 | CB49: 5 | CC49: 6 | CD49: 6 | CE49: 7 | CF49: 7 | CG49: 8 | CH49: 8 | CI49: 9 | CJ49: 9 | CK49: 10 | CL49: 10
B50: Period | X50: Period | AU50: Period | BR50: Period
B51: Night | C51: 489.73 | D51: 475.59 | E51: 177.98 | F51: 160.51 | G51: 50.49 | H51: 65.65 | I51: 331.07 | J51: 293.25 | K51: 1069.9 | L51: 320.93 | M51: 1966.84 | N51: 426.38 | O51: 1483.57 | P51: 125.94 | Q51: 1421.74 | R51: 414.24 | S51: 72.78 | T51: 44.99 | U51: 531.52 | V51: 58.5 | X51: Night | Y51: 0.11 | Z51: 0.1 | AA51: 0.03 | AB51: 0.03 | AC51: 0.02 | AD51: 0.03 | AE51: 0.06 | AF51: 0.05 | AG51: 0.14 | AH51: 0.05 | AI51: 0.14 | AJ51: 0.03 | AK51: 0.13 | AL51: 0.01 | AM51: 0.1 | AN51: 0.03 | AO51: 0.01 | AP51: 0.01 | AQ51: 0.04 | AR51: 0.01 | AU51: Night | AV51: 0.3 | AW51: 0.3 | AX51: 0.26 | AY51: 0.24 | AZ51: 0.25 | BA51: 0.29 | BB51: 0.3 | BC51: 0.3 | BD51: 0.3 | BE51: 0.3 | BF51: 0.3 | BG51: 0.3 | BH51: 0.3 | BI51: 0.3 | BJ51: 0.3 | BK51: 0.3 | BL51: 0.3 | BM51: 0.23 | BN51: 0.29 | BO51: 0.24 | BR51: Night | BS51: 0.35 | BT51: 0.35 | BU51: 0.27 | BV51: 0.25 | BW51: 0.26 | BX51: 0.31 | BY51: 0.33 | BZ51: 0.32 | CA51: 0.36 | CB51: 0.32 | CC51: 0.36 | CD51: 0.32 | CE51: 0.36 | CF51: 0.31 | CG51: 0.34 | CH51: 0.31 | CI51: 0.3 | CJ51: 0.23 | CK51: 0.31 | CL51: 0.24
B52: AM-Early | C52: 1177.27 | D52: 421.28 | E52: 1005.19 | F52: 406.06 | G52: 284.95 | H52: 236.91 | I52: 1561.26 | J52: 1311.31 | K52: 2019.86 | L52: 1160.41 | M52: 4505.91 | N52: 2183.13 | O52: 3214.56 | P52: 2193.96 | Q52: 3623.41 | R52: 2233.37 | S52: 2992.84 | T52: 1418.37 | U52: 3355.65 | V52: 1161.19 | X52: AM-Early | Y52: 0.33 | Z52: 0.2 | AA52: 0.34 | AB52: 0.22 | AC52: 0.22 | AD52: 0.28 | AE52: 0.37 | AF52: 0.26 | AG52: 0.35 | AH52: 0.24 | AI52: 0.33 | AJ52: 0.24 | AK52: 0.29 | AL52: 0.26 | AM52: 0.28 | AN52: 0.25 | AO52: 0.27 | AP52: 0.2 | AQ52: 0.31 | AR52: 0.19 | AU52: AM-Early | AV52: 0.65 | AW52: 0.43 | AX52: 0.59 | AY52: 0.4 | AZ52: 0.56 | BA52: 0.5 | BB52: 0.67 | BC52: 0.69 | BD52: 0.71 | BE52: 0.63 | BF52: 0.76 | BG52: 0.64 | BH52: 0.76 | BI52: 0.68 | BJ52: 0.72 | BK52: 0.61 | BL52: 0.7 | BM52: 0.55 | BN52: 0.65 | BO52: 0.43 | BR52: AM-Early | BS52: 0.76 | BT52: 0.5 | BU52: 0.71 | BV52: 0.47 | BW52: 0.66 | BX52: 0.6 | BY52: 0.8 | BZ52: 0.82 | CA52: 0.83 | CB52: 0.74 | CC52: 0.89 | CD52: 0.75 | CE52: 0.89 | CF52: 0.8 | CG52: 0.85 | CH52: 0.71 | CI52: 0.82 | CJ52: 0.64 | CK52: 0.75 | CL52: 0.5
B53: AM-Peak | C53: 22820.76 | D53: 1058.85 | E53: 27432.2 | F53: 784 | G53: 4398.38 | H53: 3948.33 | I53: 15493.04 | J53: 6873.51 | K53: 20101.39 | L53: 6911.14 | M53: 37293.09 | N53: 12380.92 | O53: 28853.41 | P53: 10524.14 | Q53: 37068.9 | R53: 12789.04 | S53: 15208.87 | T53: 7863.91 | U53: 10605.22 | V53: 8197.45 | X53: AM-Peak | Y53: 0.53 | Z53: 0.15 | AA53: 0.5 | AB53: 0.06 | AC53: 0.57 | AD53: 0.53 | AE53: 0.61 | AF53: 0.29 | AG53: 0.65 | AH53: 0.26 | AI53: 0.66 | AJ53: 0.26 | AK53: 0.66 | AL53: 0.26 | AM53: 0.64 | AN53: 0.25 | AO53: 0.29 | AP53: 0.22 | AQ53: 0.22 | AR53: 0.19 | AU53: AM-Peak | AV53: 1.03 | AW53: 0.33 | AX53: 1.04 | AY53: 0.3 | AZ53: 0.91 | BA53: 0.87 | BB53: 0.93 | BC53: 0.75 | BD53: 0.97 | BE53: 0.72 | BF53: 0.97 | BG53: 0.73 | BH53: 0.97 | BI53: 0.74 | BJ53: 0.97 | BK53: 0.71 | BL53: 0.77 | BM53: 0.63 | BN53: 0.62 | BO53: 0.56 | BR53: AM-Peak | BS53: 1.27 | BT53: 0.38 | BU53: 1.27 | BV53: 0.32 | BW53: 1.24 | BX53: 1.11 | BY53: 1.2 | BZ53: 0.88 | CA53: 1.26 | CB53: 0.84 | CC53: 1.27 | CD53: 0.84 | CE53: 1.27 | CF53: 0.85 | CG53: 1.27 | CH53: 0.82 | CI53: 0.9 | CJ53: 0.73 | CK53: 0.71 | CL53: 0.65
B54: AM-Shoulder | C54: 3058.59 | D54: 552.32 | E54: 3547.98 | F54: 287.1 | G54: 1306.61 | H54: 1497.85 | I54: 3635.76 | J54: 1916.47 | K54: 4253.57 | L54: 1766.91 | M54: 7623.8 | N54: 2875.93 | O54: 5996.1 | P54: 2408.77 | Q54: 5949.29 | R54: 2666.48 | S54: 2407.32 | T54: 1944.16 | U54: 2499.84 | V54: 2183.08 | X54: AM-Shoulder | Y54: 0.47 | Z54: 0.18 | AA54: 0.49 | AB54: 0.18 | AC54: 0.31 | AD54: 0.37 | AE54: 0.45 | AF54: 0.29 | AG54: 0.43 | AH54: 0.26 | AI54: 0.43 | AJ54: 0.25 | AK54: 0.42 | AL54: 0.25 | AM54: 0.32 | AN54: 0.24 | AO54: 0.24 | AP54: 0.22 | AQ54: 0.22 | AR54: 0.21 | AU54: AM-Shoulder | AV54: 0.9 | AW54: 0.53 | AX54: 0.89 | AY54: 0.33 | AZ54: 0.95 | BA54: 0.94 | BB54: 0.91 | BC54: 0.78 | BD54: 0.92 | BE54: 0.75 | BF54: 0.92 | BG54: 0.73 | BH54: 0.92 | BI54: 0.74 | BJ54: 0.87 | BK54: 0.7 | BL54: 0.69 | BM54: 0.65 | BN54: 0.65 | BO54: 0.61 | BR54: AM-Shoulder | BS54: 1.11 | BT54: 0.62 | BU54: 1.11 | BV54: 0.4 | BW54: 1.11 | BX54: 1.11 | BY54: 1.11 | BZ54: 0.92 | CA54: 1.11 | CB54: 0.87 | CC54: 1.11 | CD54: 0.84 | CE54: 1.11 | CF54: 0.85 | CG54: 1.02 | CH54: 0.81 | CI54: 0.8 | CJ54: 0.75 | CK54: 0.74 | CL54: 0.71
B55: MD | C55: 10565.19 | D55: 11390.66 | E55: 14665.15 | F55: 5645.52 | G55: 4104.47 | H55: 4564.09 | I55: 5694.65 | J55: 14363.78 | K55: 15355.53 | L55: 17951.4 | M55: 22205.85 | N55: 19708.61 | O55: 14612.14 | P55: 14125.5 | Q55: 16028.34 | R55: 14567.76 | S55: 11929.85 | T55: 9956.55 | U55: 13254.12 | V55: 10724.87 | X55: MD | Y55: 0.31 | Z55: 0.33 | AA55: 0.4 | AB55: 0.35 | AC55: 0.31 | AD55: 0.34 | AE55: 0.31 | AF55: 0.34 | AG55: 0.32 | AH55: 0.34 | AI55: 0.3 | AJ55: 0.3 | AK55: 0.28 | AL55: 0.29 | AM55: 0.26 | AN55: 0.26 | AO55: 0.24 | AP55: 0.24 | AQ55: 0.23 | AR55: 0.26 | AU55: MD | AV55: 0.87 | AW55: 0.85 | AX55: 0.87 | AY55: 0.63 | AZ55: 0.86 | BA55: 0.86 | BB55: 0.63 | BC55: 0.87 | BD55: 0.85 | BE55: 0.88 | BF55: 0.8 | BG55: 0.76 | BH55: 0.76 | BI55: 0.74 | BJ55: 0.72 | BK55: 0.7 | BL55: 0.69 | BM55: 0.62 | BN55: 0.64 | BO55: 0.56 | BR55: MD | BS55: 1.07 | BT55: 1.01 | BU55: 1.07 | BV55: 0.75 | BW55: 1.07 | BX55: 1.07 | BY55: 0.74 | BZ55: 1.05 | CA55: 0.99 | CB55: 1.04 | CC55: 0.94 | CD55: 0.89 | CE55: 0.89 | CF55: 0.86 | CG55: 0.84 | CH55: 0.81 | CI55: 0.8 | CJ55: 0.72 | CK55: 0.74 | CL55: 0.65
B56: PM-Shoulder | C56: 3116.58 | D56: 3720.47 | E56: 4094.94 | F56: 4101.59 | G56: 1074.39 | H56: 1358.15 | I56: 1461.53 | J56: 3243.66 | K56: 1710.16 | L56: 5243.65 | M56: 3871.48 | N56: 9712.24 | O56: 3039.83 | P56: 6304.09 | Q56: 3879.55 | R56: 8009.73 | S56: 3003.2 | T56: 5836.72 | U56: 3193.86 | V56: 2741.38 | X56: PM-Shoulder | Y56: 0.43 | Z56: 0.37 | AA56: 0.48 | AB56: 0.49 | AC56: 0.38 | AD56: 0.38 | AE56: 0.35 | AF56: 0.35 | AG56: 0.33 | AH56: 0.43 | AI56: 0.35 | AJ56: 0.42 | AK56: 0.35 | AL56: 0.41 | AM56: 0.34 | AN56: 0.4 | AO56: 0.32 | AP56: 0.39 | AQ56: 0.29 | AR56: 0.29 | AU56: PM-Shoulder | AV56: 0.88 | AW56: 0.92 | AX56: 0.89 | AY56: 0.89 | AZ56: 0.87 | BA56: 0.9 | BB56: 0.67 | BC56: 0.88 | BD56: 0.68 | BE56: 0.92 | BF56: 0.74 | BG56: 0.92 | BH56: 0.73 | BI56: 0.87 | BJ56: 0.73 | BK56: 0.87 | BL56: 0.7 | BM56: 0.82 | BN56: 0.65 | BO56: 0.6 | BR56: PM-Shoulder | BS56: 1.11 | BT56: 1.11 | BU56: 1.11 | BV56: 1.11 | BW56: 1.11 | BX56: 1.11 | BY56: 0.83 | BZ56: 1.11 | CA56: 0.83 | CB56: 1.11 | CC56: 0.89 | CD56: 1.11 | CE56: 0.89 | CF56: 1.06 | CG56: 0.88 | CH56: 1.05 | CI56: 0.85 | CJ56: 1 | CK56: 0.78 | CL56: 0.73
B57: PM-Peak | C57: 24465.16 | D57: 25807.08 | E57: 13400.27 | F57: 25622.1 | G57: 3867.98 | H57: 9800.14 | I57: 10012.21 | J57: 16021.05 | K57: 9607.86 | L57: 35532.48 | M57: 19781.25 | N57: 42367.77 | O57: 16053.37 | P57: 30637.86 | Q57: 24015.23 | R57: 31780.13 | S57: 14453.36 | T57: 15845.61 | U57: 16162.73 | V57: 15637.54 | X57: PM-Peak | Y57: 0.53 | Z57: 0.54 | AA57: 0.46 | AB57: 0.54 | AC57: 0.45 | AD57: 0.52 | AE57: 0.4 | AF57: 0.59 | AG57: 0.35 | AH57: 0.51 | AI57: 0.35 | AJ57: 0.68 | AK57: 0.36 | AL57: 0.61 | AM57: 0.37 | AN57: 0.39 | AO57: 0.32 | AP57: 0.33 | AQ57: 0.3 | AR57: 0.3 | AU57: PM-Peak | AV57: 1.02 | AW57: 1.03 | AX57: 0.87 | AY57: 1 | AZ57: 0.84 | BA57: 1.02 | BB57: 0.78 | BC57: 0.92 | BD57: 0.74 | BE57: 1.04 | BF57: 0.78 | BG57: 0.96 | BH57: 0.78 | BI57: 0.93 | BJ57: 0.81 | BK57: 0.88 | BL57: 0.72 | BM57: 0.73 | BN57: 0.68 | BO57: 0.66 | BR57: PM-Peak | BS57: 1.27 | BT57: 1.27 | BU57: 1.07 | BV57: 1.24 | BW57: 1.11 | BX57: 1.27 | BY57: 0.96 | BZ57: 1.27 | CA57: 0.9 | CB57: 1.27 | CC57: 0.94 | CD57: 1.27 | CE57: 0.94 | CF57: 1.21 | CG57: 0.98 | CH57: 1.05 | CI57: 0.87 | CJ57: 0.88 | CK57: 0.81 | CL57: 0.8
B58: PM-Late | C58: 2316.98 | D58: 3960.41 | E58: 764.63 | F58: 845.04 | G58: 31.85 | H58: 396.75 | I58: 679.95 | J58: 6299.32 | K58: 3045.64 | L58: 7403.43 | M58: 7944.01 | N58: 13629.76 | O58: 7053.01 | P58: 8982.06 | Q58: 7820.03 | R58: 7689.87 | S58: 5925.59 | T58: 4931.13 | U58: 6807.86 | V58: 5460.51 | X58: PM-Late | Y58: 0.22 | Z58: 0.27 | AA58: 0.21 | AB58: 0.23 | AC58: 0.04 | AD58: 0.23 | AE58: 0.07 | AF58: 0.25 | AG58: 0.18 | AH58: 0.24 | AI58: 0.17 | AJ58: 0.25 | AK58: 0.17 | AL58: 0.23 | AM58: 0.16 | AN58: 0.18 | AO58: 0.15 | AP58: 0.16 | AQ58: 0.16 | AR58: 0.16 | AU58: PM-Late | AV58: 0.58 | AW58: 0.7 | AX58: 0.3 | AY58: 0.32 | AZ58: 0.29 | BA58: 0.36 | BB58: 0.3 | BC58: 0.8 | BD58: 0.61 | BE58: 0.81 | BF58: 0.74 | BG58: 0.81 | BH58: 0.77 | BI58: 0.77 | BJ58: 0.73 | BK58: 0.69 | BL58: 0.69 | BM58: 0.62 | BN58: 0.64 | BO58: 0.56 | BR58: PM-Late | BS58: 0.7 | BT58: 0.84 | BU58: 0.37 | BV58: 0.4 | BW58: 0.3 | BX58: 0.44 | BY58: 0.32 | BZ58: 0.98 | CA58: 0.73 | CB58: 0.98 | CC58: 0.88 | CD58: 0.98 | CE58: 0.92 | CF58: 0.93 | CG58: 0.87 | CH58: 0.83 | CI58: 0.83 | CJ58: 0.74 | CK58: 0.76 | CL58: 0.66
B61: Revenue Per Period Medium A | X61: ML Speed | AU61: GP Speed | BR61: Time Saving
B62: Direction | C62: NB | D62: SB | E62: NB | F62: SB | G62: NB | H62: SB | I62: NB | J62: SB | K62: NB | L62: SB | M62: NB | N62: SB | O62: NB | P62: SB | Q62: NB | R62: SB | S62: NB | T62: SB | U62: NB | V62: SB | X62: Direction | Y62: NB | Z62: SB | AA62: NB | AB62: SB | AC62: NB | AD62: SB | AE62: NB | AF62: SB | AG62: NB | AH62: SB | AI62: NB | AJ62: SB | AK62: NB | AL62: SB | AM62: NB | AN62: SB | AO62: NB | AP62: SB | AQ62: NB | AR62: SB | AU62: Direction | AV62: NB | AW62: SB | AX62: NB | AY62: SB | AZ62: NB | BA62: SB | BB62: NB | BC62: SB | BD62: NB | BE62: SB | BF62: NB | BG62: SB | BH62: NB | BI62: SB | BJ62: NB | BK62: SB | BL62: NB | BM62: SB | BN62: NB | BO62: SB | BR62: Direction | BS62: NB | BT62: SB | BU62: NB | BV62: SB | BW62: NB | BX62: SB | BY62: NB | BZ62: SB | CA62: NB | CB62: SB | CC62: NB | CD62: SB | CE62: NB | CF62: SB | CG62: NB | CH62: SB | CI62: NB | CJ62: SB | CK62: NB | CL62: SB
B63: Segment | C63: 1 | D63: 1 | E63: 2 | F63: 2 | G63: 3 | H63: 3 | I63: 4 | J63: 4 | K63: 5 | L63: 5 | M63: 6 | N63: 6 | O63: 7 | P63: 7 | Q63: 8 | R63: 8 | S63: 9 | T63: 9 | U63: 10 | V63: 10 | X63: Segment | Y63: 1 | Z63: 1 | AA63: 2 | AB63: 2 | AC63: 3 | AD63: 3 | AE63: 4 | AF63: 4 | AG63: 5 | AH63: 5 | AI63: 6 | AJ63: 6 | AK63: 7 | AL63: 7 | AM63: 8 | AN63: 8 | AO63: 9 | AP63: 9 | AQ63: 10 | AR63: 10 | AU63: Segment | AV63: 1 | AW63: 1 | AX63: 2 | AY63: 2 | AZ63: 3 | BA63: 3 | BB63: 4 | BC63: 4 | BD63: 5 | BE63: 5 | BF63: 6 | BG63: 6 | BH63: 7 | BI63: 7 | BJ63: 8 | BK63: 8 | BL63: 9 | BM63: 9 | BN63: 10 | BO63: 10 | BR63: Segment | BS63: 1 | BT63: 1 | BU63: 2 | BV63: 2 | BW63: 3 | BX63: 3 | BY63: 4 | BZ63: 4 | CA63: 5 | CB63: 5 | CC63: 6 | CD63: 6 | CE63: 7 | CF63: 7 | CG63: 8 | CH63: 8 | CI63: 9 | CJ63: 9 | CK63: 10 | CL63: 10
B64: Period | X64: Period | AU64: Period | BR64: Period
B65: Night | C65: 12.51 | D65: 26.19 | E65: 10.3 | F65: 10.24 | G65: 4.21 | H65: 6.46 | I65: 17.08 | J65: 26.53 | K65: 43.69 | L65: 17.36 | M65: 73.45 | N65: 25.78 | O65: 60.6 | P65: 8.72 | Q65: 51.53 | R65: 20.63 | S65: 6.5 | T65: 5.23 | U65: 46.25 | V65: 7.72 | X65: Night | Y65: 60 | Z65: 60 | AA65: 60 | AB65: 60 | AC65: 60 | AD65: 60 | AE65: 70 | AF65: 70 | AG65: 70 | AH65: 70 | AI65: 70 | AJ65: 70 | AK65: 70 | AL65: 70 | AM65: 70 | AN65: 70 | AO65: 70 | AP65: 70 | AQ65: 70 | AR65: 70 | AU65: Night | AV65: 54.96 | AW65: 54.96 | AX65: 54.98 | AY65: 54.99 | AZ65: 54.99 | BA65: 54.97 | BB65: 64.95 | BC65: 64.95 | BD65: 69.95 | BE65: 69.95 | BF65: 69.95 | BG65: 69.95 | BH65: 69.95 | BI65: 69.95 | BJ65: 69.95 | BK65: 69.95 | BL65: 69.95 | BM65: 69.99 | BN65: 69.96 | BO65: 69.99 | BR65: Night | BS65: -0.12 | BT65: -0.12 | BU65: -0.12 | BV65: -0.12 | BW65: -0.05 | BX65: -0.05 | BY65: -0.11 | BZ65: -0.11 | CA65: 0 | CB65: 0 | CC65: 0 | CD65: 0 | CE65: 0 | CF65: 0 | CG65: 0 | CH65: 0 | CI65: 0 | CJ65: 0 | CK65: 0 | CL65: 0
B66: AM-Early | C66: 101.28 | D66: 49.49 | E66: 43.36 | F66: 32.04 | G66: 21.44 | H66: 26.2 | I66: 98 | J66: 190.79 | K66: 138.32 | L66: 168.53 | M66: 320.23 | N66: 347.82 | O66: 285.26 | P66: 257.48 | Q66: 318.79 | R66: 217.12 | S66: 226.8 | T66: 173.86 | U66: 297.63 | V66: 143.25 | X66: AM-Early | Y66: 59.91 | Z66: 60 | AA66: 59.89 | AB66: 59.99 | AC66: 59.99 | AD66: 59.97 | AE66: 69.78 | AF66: 69.98 | AG66: 69.86 | AH66: 69.99 | AI66: 69.89 | AJ66: 69.99 | AK66: 69.95 | AL66: 69.98 | AM66: 69.97 | AN66: 69.98 | AO66: 69.97 | AP66: 70 | AQ66: 69.93 | AR66: 70 | AU66: AM-Early | AV66: 51.15 | AW66: 54.67 | AX66: 52.73 | AY66: 54.79 | AZ66: 53.43 | BA66: 54.15 | BB66: 59.73 | BC66: 58.52 | BD66: 62.3 | BE66: 65.94 | BF66: 58.65 | BG66: 65.49 | BH66: 59.01 | BI66: 63.65 | BJ66: 61.23 | BK66: 66.67 | BL66: 62.56 | BM66: 68.15 | BN66: 65.24 | BO66: 69.56 | BR66: AM-Early | BS66: -0.22 | BT66: -0.13 | BU66: -0.18 | BV66: -0.12 | BW66: -0.06 | BX66: -0.05 | BY66: -0.23 | BZ66: -0.27 | CA66: -0.21 | CB66: -0.11 | CC66: -0.59 | CD66: -0.21 | CE66: -0.46 | CF66: -0.25 | CG66: -0.47 | CH66: -0.16 | CI66: -0.35 | CJ66: -0.08 | CK66: -0.28 | CL66: -0.02
B67: AM-Peak | C67: 2688.31 | D67: 144.05 | E67: 2398.34 | F67: 84.89 | G67: 601.23 | H67: 704.09 | I67: 1824.95 | J67: 1201.34 | K67: 2813.34 | L67: 1370.89 | M67: 4906.07 | N67: 2613.86 | O67: 4410.23 | P67: 1916.7 | Q67: 5484.5 | R67: 2023.29 | S67: 2116.47 | T67: 1662.44 | U67: 1659.73 | V67: 1365.31 | X67: AM-Peak | Y67: 58.33 | Z67: 60 | AA67: 58.81 | AB67: 60 | AC67: 57.35 | AD67: 58.36 | AE67: 65.36 | AF67: 69.95 | AG67: 63.55 | AH67: 69.98 | AI67: 62.69 | AJ67: 69.98 | AK67: 62.83 | AL67: 69.98 | AM67: 63.69 | AN67: 69.98 | AO67: 69.96 | AP67: 69.99 | AQ67: 69.99 | AR67: 70 | AU67: AM-Peak | AV67: 24.88 | AW67: 54.93 | AX67: 23.9 | AY67: 54.96 | AZ67: 34.7 | BA67: 38.12 | BB67: 39.5 | BC67: 55.25 | BD67: 38.57 | BE67: 61.19 | BF67: 37.86 | BG67: 60.97 | BH67: 37.75 | BI67: 60.3 | BJ67: 38.13 | BK67: 62.25 | BL67: 57.96 | BM67: 65.87 | BN67: 66.36 | BO67: 67.96 | BR67: AM-Peak | BS67: -1.8 | BT67: -0.12 | BU67: -1.94 | BV67: -0.12 | BW67: -0.34 | BX67: -0.27 | BY67: -0.96 | BZ67: -0.37 | CA67: -1.22 | CB67: -0.25 | CC67: -2.26 | CD67: -0.46 | CE67: -1.84 | CF67: -0.4 | CG67: -2.4 | CH67: -0.4 | CI67: -0.6 | CJ67: -0.18 | CK67: -0.21 | CL67: -0.12
B68: AM-Shoulder | C68: 407.23 | D68: 66.94 | E68: 288.33 | F68: 31.98 | G68: 167.37 | H68: 180.73 | I68: 529.6 | J68: 248.43 | K68: 600.54 | L68: 301.77 | M68: 1144.32 | N68: 530.84 | O68: 963.91 | P68: 367.58 | Q68: 973.76 | R68: 441.68 | S68: 372.42 | T68: 297.6 | U68: 402.36 | V68: 318.74 | X68: AM-Shoulder | Y68: 59.23 | Z68: 60 | AA68: 59 | AB68: 60 | AC68: 59.94 | AD68: 59.82 | AE68: 69.24 | AF68: 69.95 | AG68: 69.49 | AH68: 69.97 | AI68: 69.49 | AJ68: 69.98 | AK68: 69.5 | AL68: 69.98 | AM68: 69.91 | AN68: 69.99 | AO68: 69.98 | AP68: 69.99 | AQ68: 69.99 | AR68: 69.99 | AU68: AM-Shoulder | AV68: 35.89 | AW68: 53.75 | AX68: 36.62 | AY68: 54.92 | AZ68: 31.83 | BA68: 32.2 | BB68: 41.84 | BC68: 52.87 | BD68: 43.74 | BE68: 59.58 | BF68: 43.72 | BG68: 60.77 | BH68: 43.65 | BI68: 60.46 | BJ68: 48.64 | BK68: 62.76 | BL68: 62.96 | BM68: 64.89 | BN68: 65.3 | BO68: 66.46 | BR68: AM-Shoulder | BS68: -0.86 | BT68: -0.15 | BU68: -0.81 | BV68: -0.12 | BW68: -0.44 | BX68: -0.43 | BY68: -0.91 | BZ68: -0.44 | CA68: -1.02 | CB68: -0.3 | CC68: -1.83 | CD68: -0.47 | CE68: -1.48 | CF68: -0.39 | CG68: -1.43 | CH68: -0.38 | CI68: -0.33 | CJ68: -0.23 | CK68: -0.28 | CL68: -0.21
B69: MD | C69: 1121.81 | D69: 1135.3 | E69: 1232.83 | F69: 494.54 | G69: 422.52 | H69: 421.05 | I69: 726.89 | J69: 1795.91 | K69: 2085.7 | L69: 2126.05 | M69: 3000.49 | N69: 2273.69 | O69: 2007.77 | P69: 1557.48 | Q69: 2188.34 | R69: 1796.23 | S69: 1740.16 | T69: 992.73 | U69: 1726 | V69: 1175.47 | X69: MD | Y69: 59.94 | Z69: 59.91 | AA69: 59.72 | AB69: 59.86 | AC69: 59.94 | AD69: 59.9 | AE69: 69.94 | AF69: 69.87 | AG69: 69.92 | AH69: 69.87 | AI69: 69.95 | AJ69: 69.95 | AK69: 69.96 | AL69: 69.95 | AM69: 69.98 | AN69: 69.98 | AO69: 69.98 | AP69: 69.99 | AQ69: 69.99 | AR69: 69.98 | AU69: MD | AV69: 38.73 | AW69: 40.08 | AX69: 38.64 | AY69: 51.75 | AZ69: 39.29 | BA69: 39.04 | BB69: 61.33 | BC69: 45.38 | BD69: 50.84 | BE69: 47.7 | BF69: 55.27 | BG69: 58.37 | BH69: 58.69 | BI69: 60.4 | BJ69: 61.29 | BK69: 62.9 | BL69: 63.35 | BM69: 66.17 | BN69: 65.51 | BO69: 67.88 | BR69: MD | BS69: -0.71 | BT69: -0.64 | BU69: -0.71 | BV69: -0.2 | BW69: -0.26 | BX69: -0.27 | BY69: -0.19 | BZ69: -0.74 | CA69: -0.64 | CB69: -0.8 | CC69: -0.82 | CD69: -0.61 | CE69: -0.48 | CF69: -0.39 | CG69: -0.46 | CH69: -0.37 | CI69: -0.31 | CJ69: -0.17 | CK69: -0.26 | CL69: -0.12
B70: PM-Shoulder | C70: 230.07 | D70: 250.84 | E70: 220.87 | F70: 249.42 | G70: 85.06 | H70: 76.08 | I70: 136.46 | J70: 225.96 | K70: 156.98 | L70: 424.53 | M70: 400.15 | N70: 777.97 | O70: 291.51 | P70: 433.39 | Q70: 384.5 | R70: 686.82 | S70: 324.67 | T70: 370.54 | U70: 320.91 | V70: 223.15 | X70: PM-Shoulder | Y70: 59.52 | Z70: 59.82 | AA70: 59.09 | AB70: 58.97 | AC70: 59.77 | AD70: 59.79 | AE70: 69.84 | AF70: 69.84 | AG70: 69.89 | AH70: 69.48 | AI70: 69.86 | AJ70: 69.54 | AK70: 69.86 | AL70: 69.58 | AM70: 69.88 | AN70: 69.65 | AO70: 69.91 | AP70: 69.7 | AQ70: 69.95 | AR70: 69.95 | AU70: PM-Shoulder | AV70: 37.4 | AW70: 34.3 | AX70: 36.35 | AY70: 36.72 | AZ70: 38.52 | BA70: 36.02 | BB70: 59.68 | BC70: 44.62 | BD70: 63.59 | BE70: 43.78 | BF70: 60.33 | BG70: 43.41 | BH70: 60.74 | BI70: 48.48 | BJ70: 61.02 | BK70: 48.38 | BL70: 62.63 | BM70: 53.38 | BN70: 65.06 | BO70: 66.82 | BR70: PM-Shoulder | BS70: -0.78 | BT70: -0.97 | BU70: -0.83 | BV70: -0.8 | BW70: -0.28 | BX70: -0.33 | BY70: -0.23 | BZ70: -0.78 | CA70: -0.17 | CB70: -1.01 | CC70: -0.49 | CD70: -1.87 | CE70: -0.37 | CF70: -1.09 | CG70: -0.47 | CH70: -1.44 | CI70: -0.34 | CJ70: -0.89 | CK70: -0.29 | CL70: -0.18
B71: PM-Peak | C71: 1373.51 | D71: 1666.53 | E71: 599.88 | F71: 1100.47 | G71: 242.99 | H71: 493.54 | I71: 681.51 | J71: 1079.82 | K71: 695.87 | L71: 2354.09 | M71: 1439.3 | N71: 2604.99 | O71: 1047.57 | P71: 1664.92 | Q71: 1644.88 | R71: 2194.84 | S71: 1102.13 | T71: 870.92 | U71: 1110.9 | V71: 1032.3 | X71: PM-Peak | Y71: 58.33 | Z71: 58.14 | AA71: 59.28 | AB71: 58.02 | AC71: 59.39 | AD71: 58.51 | AE71: 69.65 | AF71: 66.31 | AG71: 69.85 | AH71: 68.37 | AI71: 69.84 | AJ71: 61.47 | AK71: 69.83 | AL71: 65.55 | AM71: 69.79 | AN71: 69.72 | AO71: 69.91 | AP71: 69.89 | AQ71: 69.94 | AR71: 69.94 | AU71: PM-Peak | AV71: 25.98 | AW71: 25.22 | AX71: 38.58 | AY71: 27.47 | AZ71: 40.56 | BA71: 25.88 | BB71: 52.74 | BC71: 40.03 | BD71: 59.9 | BE71: 30.98 | BF71: 57.4 | BG71: 38.75 | BH71: 57.33 | BI71: 42.16 | BJ71: 54.27 | BK71: 47.87 | BL71: 61.4 | BM71: 60.54 | BN71: 63.85 | BO71: 64.46 | BR71: PM-Peak | BS71: -1.67 | BT71: -1.75 | BU71: -0.71 | BV71: -1.5 | BW71: -0.23 | BX71: -0.65 | BY71: -0.44 | BZ71: -0.95 | CA71: -0.29 | CB71: -2.12 | CC71: -0.67 | CD71: -2.06 | CE71: -0.54 | CF71: -1.47 | CG71: -0.93 | CH71: -1.49 | CI71: -0.4 | CJ71: -0.45 | CK71: -0.37 | CL71: -0.33
B72: PM-Late | C72: 130.13 | D72: 130.45 | E72: 18.21 | F72: 22.41 | G72: 1.4 | H72: 10.99 | I72: 31.65 | J72: 179.3 | K72: 158.28 | L72: 158.75 | M72: 300.52 | N72: 326.65 | O72: 293.02 | P72: 302.05 | Q72: 269.76 | R72: 277.46 | S72: 310.37 | T72: 175.93 | U72: 337.79 | V72: 207.38 | X72: PM-Late | Y72: 59.99 | Z72: 59.97 | AA72: 59.99 | AB72: 59.99 | AC72: 60 | AD72: 59.99 | AE72: 70 | AF72: 69.98 | AG72: 70 | AH72: 69.99 | AI72: 70 | AJ72: 69.98 | AK72: 70 | AL72: 69.99 | AM72: 70 | AN72: 70 | AO72: 70 | AP72: 70 | AQ72: 70 | AR72: 70 | AU72: PM-Late | AV72: 52.98 | AW72: 49.41 | AX72: 54.96 | AY72: 54.94 | AZ72: 54.97 | BA72: 54.89 | BB72: 64.95 | BC72: 51.6 | BD72: 66.49 | BE72: 54.66 | BF72: 60.34 | BG72: 54.57 | BH72: 57.74 | BI72: 58.04 | BJ72: 60.98 | BK72: 62.94 | BL72: 63.02 | BM72: 66.26 | BN72: 65.65 | BO72: 67.99 | BR72: PM-Late | BS72: -0.17 | BT72: -0.28 | BU72: -0.12 | BV72: -0.12 | BW72: -0.05 | BX72: -0.05 | BY72: -0.11 | BZ72: -0.49 | CA72: -0.09 | CB72: -0.48 | CC72: -0.49 | CD72: -0.87 | CE72: -0.53 | CF72: -0.51 | CG72: -0.48 | CH72: -0.37 | CI72: -0.32 | CJ72: -0.16 | CK72: -0.26 | CL72: -0.11
B75: Revenue Per Period Medium B | X75: ML time | AU75: GP Time | BR75: Difference in travel time
B76: Direction | C76: NB | D76: SB | E76: NB | F76: SB | G76: NB | H76: SB | I76: NB | J76: SB | K76: NB | L76: SB | M76: NB | N76: SB | O76: NB | P76: SB | Q76: NB | R76: SB | S76: NB | T76: SB | U76: NB | V76: SB | X76: Direction | Y76: NB | Z76: SB | AA76: NB | AB76: SB | AC76: NB | AD76: SB | AE76: NB | AF76: SB | AG76: NB | AH76: SB | AI76: NB | AJ76: SB | AK76: NB | AL76: SB | AM76: NB | AN76: SB | AO76: NB | AP76: SB | AQ76: NB | AR76: SB | AU76: Direction | AV76: NB | AW76: SB | AX76: NB | AY76: SB | AZ76: NB | BA76: SB | BB76: NB | BC76: SB | BD76: NB | BE76: SB | BF76: NB | BG76: SB | BH76: NB | BI76: SB | BJ76: NB | BK76: SB | BL76: NB | BM76: SB | BN76: NB | BO76: SB | BR76: Direction | BS76: NB | BT76: SB | BU76: NB | BV76: SB | BW76: NB | BX76: SB | BY76: NB | BZ76: SB | CA76: NB | CB76: SB | CC76: NB | CD76: SB | CE76: NB | CF76: SB | CG76: NB | CH76: SB | CI76: NB | CJ76: SB | CK76: NB | CL76: SB
B77: Segment | C77: 1 | D77: 1 | E77: 2 | F77: 2 | G77: 3 | H77: 3 | I77: 4 | J77: 4 | K77: 5 | L77: 5 | M77: 6 | N77: 6 | O77: 7 | P77: 7 | Q77: 8 | R77: 8 | S77: 9 | T77: 9 | U77: 10 | V77: 10 | X77: Segment | Y77: 1 | Z77: 1 | AA77: 2 | AB77: 2 | AC77: 3 | AD77: 3 | AE77: 4 | AF77: 4 | AG77: 5 | AH77: 5 | AI77: 6 | AJ77: 6 | AK77: 7 | AL77: 7 | AM77: 8 | AN77: 8 | AO77: 9 | AP77: 9 | AQ77: 10 | AR77: 10 | AU77: Segment | AV77: 1 | AW77: 1 | AX77: 2 | AY77: 2 | AZ77: 3 | BA77: 3 | BB77: 4 | BC77: 4 | BD77: 5 | BE77: 5 | BF77: 6 | BG77: 6 | BH77: 7 | BI77: 7 | BJ77: 8 | BK77: 8 | BL77: 9 | BM77: 9 | BN77: 10 | BO77: 10 | BR77: Segment | BS77: 1 | BT77: 1 | BU77: 2 | BV77: 2 | BW77: 3 | BX77: 3 | BY77: 4 | BZ77: 4 | CA77: 5 | CB77: 5 | CC77: 6 | CD77: 6 | CE77: 7 | CF77: 7 | CG77: 8 | CH77: 8 | CI77: 9 | CJ77: 9 | CK77: 10 | CL77: 10
B78: Period | X78: Period | AU78: Period | BR78: Period
B79: Night | C79: 3.36 | D79: 10.46 | E79: 2.99 | F79: 2.97 | G79: 0.98 | H79: 2.05 | I79: 10.38 | J79: 5.06 | K79: 18.08 | L79: 10.62 | M79: 17.94 | N79: 5.55 | O79: 13.75 | P79: 2.93 | Q79: 9.28 | R79: 3.61 | S79: 0.72 | T79: 1.26 | U79: 3.82 | V79: 0.97 | X79: Night | Y79: 1.3 | Z79: 1.3 | AA79: 1.3 | AB79: 1.3 | AC79: 0.5 | AD79: 0.5 | AE79: 1.37 | AF79: 1.37 | AG79: 1.71 | AH79: 1.71 | AI79: 3.09 | AJ79: 3.09 | AK79: 2.49 | AL79: 2.49 | AM79: 3.26 | AN79: 3.26 | AO79: 2.91 | AP79: 2.91 | AQ79: 3.86 | AR79: 3.86 | AU79: Night | AV79: 1.42 | AW79: 1.42 | AX79: 1.42 | AY79: 1.42 | AZ79: 0.55 | BA79: 0.55 | BB79: 1.48 | BC79: 1.48 | BD79: 1.72 | BE79: 1.72 | BF79: 3.09 | BG79: 3.09 | BH79: 2.49 | BI79: 2.49 | BJ79: 3.26 | BK79: 3.26 | BL79: 2.92 | BM79: 2.91 | BN79: 3.86 | BO79: 3.86 | BR79: Night | BS79: -0.08 | BT79: -0.08 | BU79: -0.08 | BV79: -0.08 | BW79: -0.08 | BX79: -0.08 | BY79: -0.07 | BZ79: -0.07 | CA79: 0 | CB79: 0 | CC79: 0 | CD79: 0 | CE79: 0 | CF79: 0 | CG79: 0 | CH79: 0 | CI79: 0 | CJ79: 0 | CK79: 0 | CL79: 0
B80: AM-Early | C80: 53.01 | D80: 22.03 | E80: 29.08 | F80: 14.5 | G80: 8.4 | H80: 12.73 | I80: 46.98 | J80: 89.43 | K80: 59.29 | L80: 76.45 | M80: 107.63 | N80: 107.48 | O80: 99.4 | P80: 93.46 | Q80: 121.52 | R80: 77.62 | S80: 81.93 | T80: 72.21 | U80: 92.52 | V80: 60.07 | X80: AM-Early | Y80: 1.3 | Z80: 1.3 | AA80: 1.3 | AB80: 1.3 | AC80: 0.5 | AD80: 0.5 | AE80: 1.38 | AF80: 1.37 | AG80: 1.72 | AH80: 1.71 | AI80: 3.09 | AJ80: 3.09 | AK80: 2.49 | AL80: 2.49 | AM80: 3.26 | AN80: 3.26 | AO80: 2.92 | AP80: 2.91 | AQ80: 3.86 | AR80: 3.86 | AU80: AM-Early | AV80: 1.53 | AW80: 1.43 | AX80: 1.48 | AY80: 1.42 | AZ80: 0.56 | BA80: 0.55 | BB80: 1.61 | BC80: 1.64 | BD80: 1.93 | BE80: 1.82 | BF80: 3.68 | BG80: 3.3 | BH80: 2.95 | BI80: 2.73 | BJ80: 3.72 | BK80: 3.42 | BL80: 3.26 | BM80: 2.99 | BN80: 4.14 | BO80: 3.88 | BR80: AM-Early | BS80: -0.15 | BT80: -0.09 | BU80: -0.12 | BV80: -0.09 | BW80: -0.11 | BX80: -0.1 | BY80: -0.14 | BZ80: -0.16 | CA80: -0.11 | CB80: -0.06 | CC80: -0.16 | CD80: -0.06 | CE80: -0.16 | CF80: -0.09 | CG80: -0.12 | CH80: -0.05 | CI80: -0.11 | CJ80: -0.03 | CK80: -0.07 | CL80: -0.01
B81: AM-Peak | C81: 665.54 | D81: 50.21 | E81: 615.15 | F81: 25.01 | G81: 111.84 | H81: 198.94 | I81: 613.76 | J81: 451.47 | K81: 742.54 | L81: 421.18 | M81: 1272.75 | N81: 692.62 | O81: 1200.64 | P81: 587.17 | Q81: 1550.25 | R81: 619.61 | S81: 534.74 | T81: 476.11 | U81: 495.76 | V81: 410.77 | X81: AM-Peak | Y81: 1.34 | Z81: 1.3 | AA81: 1.33 | AB81: 1.3 | AC81: 0.52 | AD81: 0.51 | AE81: 1.47 | AF81: 1.37 | AG81: 1.89 | AH81: 1.71 | AI81: 3.45 | AJ81: 3.09 | AK81: 2.77 | AL81: 2.49 | AM81: 3.58 | AN81: 3.26 | AO81: 2.92 | AP81: 2.91 | AQ81: 3.86 | AR81: 3.86 | AU81: AM-Peak | AV81: 3.14 | AW81: 1.42 | AX81: 3.26 | AY81: 1.42 | AZ81: 0.86 | BA81: 0.79 | BB81: 2.43 | BC81: 1.74 | BD81: 3.11 | BE81: 1.96 | BF81: 5.71 | BG81: 3.54 | BH81: 4.61 | BI81: 2.89 | BJ81: 5.98 | BK81: 3.66 | BL81: 3.52 | BM81: 3.1 | BN81: 4.07 | BO81: 3.97 | BR81: AM-Peak | BS81: -0.57 | BT81: -0.08 | BU81: -0.59 | BV81: -0.08 | BW81: -0.39 | BX81: -0.35 | BY81: -0.4 | BZ81: -0.21 | CA81: -0.39 | CB81: -0.13 | CC81: -0.4 | CD81: -0.13 | CE81: -0.4 | CF81: -0.14 | CG81: -0.4 | CH81: -0.11 | CI81: -0.17 | CJ81: -0.06 | CK81: -0.05 | CL81: -0.03
B82: AM-Shoulder | C82: 113.05 | D82: 26.13 | E82: 100.58 | F82: 9.52 | G82: 42.3 | H82: 57.88 | I82: 223.74 | J82: 110.39 | K82: 279.88 | L82: 101.11 | M82: 462.35 | N82: 145.87 | O82: 405.53 | P82: 124.64 | Q82: 441.63 | R82: 180.86 | S82: 168.81 | T82: 107.29 | U82: 159.44 | V82: 138.67 | X82: AM-Shoulder | Y82: 1.32 | Z82: 1.3 | AA82: 1.32 | AB82: 1.3 | AC82: 0.5 | AD82: 0.5 | AE82: 1.39 | AF82: 1.37 | AG82: 1.73 | AH82: 1.71 | AI82: 3.11 | AJ82: 3.09 | AK82: 2.5 | AL82: 2.49 | AM82: 3.26 | AN82: 3.26 | AO82: 2.91 | AP82: 2.91 | AQ82: 3.86 | AR82: 3.86 | AU82: AM-Shoulder | AV82: 2.17 | AW82: 1.45 | AX82: 2.13 | AY82: 1.42 | AZ82: 0.94 | BA82: 0.93 | BB82: 2.29 | BC82: 1.82 | BD82: 2.74 | BE82: 2.01 | BF82: 4.94 | BG82: 3.55 | BH82: 3.99 | BI82: 2.88 | BJ82: 4.69 | BK82: 3.63 | BL82: 3.24 | BM82: 3.14 | BN82: 4.13 | BO82: 4.06 | BR82: AM-Shoulder | BS82: -0.39 | BT82: -0.1 | BU82: -0.38 | BV82: -0.08 | BW82: -0.47 | BX82: -0.46 | BY82: -0.4 | BZ82: -0.24 | CA82: -0.37 | CB82: -0.15 | CC82: -0.37 | CD82: -0.13 | CE82: -0.37 | CF82: -0.14 | CG82: -0.3 | CH82: -0.1 | CI82: -0.1 | CJ82: -0.07 | CK82: -0.07 | CL82: -0.05
B83: MD | C83: 306.29 | D83: 353.83 | E83: 301.47 | F83: 90.53 | G83: 107.69 | H83: 157.11 | I83: 271.94 | J83: 616.24 | K83: 702.32 | L83: 767.4 | M83: 849.59 | N83: 710.75 | O83: 640.72 | P83: 563.88 | Q83: 765.18 | R83: 660.27 | S83: 623.3 | T83: 405.36 | U83: 606.78 | V83: 408.92 | X83: MD | Y83: 1.3 | Z83: 1.3 | AA83: 1.31 | AB83: 1.3 | AC83: 0.5 | AD83: 0.5 | AE83: 1.37 | AF83: 1.37 | AG83: 1.72 | AH83: 1.72 | AI83: 3.09 | AJ83: 3.09 | AK83: 2.49 | AL83: 2.49 | AM83: 3.26 | AN83: 3.26 | AO83: 2.91 | AP83: 2.91 | AQ83: 3.86 | AR83: 3.86 | AU83: MD | AV83: 2.01 | AW83: 1.95 | AX83: 2.02 | AY83: 1.51 | AZ83: 0.76 | BA83: 0.77 | BB83: 1.57 | BC83: 2.12 | BD83: 2.36 | BE83: 2.52 | BF83: 3.91 | BG83: 3.7 | BH83: 2.96 | BI83: 2.88 | BJ83: 3.72 | BK83: 3.62 | BL83: 3.22 | BM83: 3.08 | BN83: 4.12 | BO83: 3.98 | BR83: MD | BS83: -0.35 | BT83: -0.33 | BU83: -0.35 | BV83: -0.14 | BW83: -0.34 | BX83: -0.35 | BY83: -0.12 | BZ83: -0.35 | CA83: -0.27 | CB83: -0.32 | CC83: -0.21 | CD83: -0.17 | CE83: -0.16 | CF83: -0.14 | CG83: -0.12 | CH83: -0.1 | CI83: -0.09 | CJ83: -0.05 | CK83: -0.06 | CL83: -0.03
B84: PM-Shoulder | C84: 77.45 | D84: 33.86 | E84: 68.15 | F84: 24.09 | G84: 21.25 | H84: 17.73 | I84: 31.98 | J84: 52.25 | K84: 35.57 | L84: 96.68 | M84: 90.09 | N84: 152.71 | O84: 80.33 | P84: 96.3 | Q84: 101.59 | R84: 163.96 | S84: 95.4 | T84: 69.41 | U84: 88.15 | V84: 55.8 | X84: PM-Shoulder | Y84: 1.31 | Z84: 1.3 | AA84: 1.32 | AB84: 1.32 | AC84: 0.5 | AD84: 0.5 | AE84: 1.37 | AF84: 1.37 | AG84: 1.72 | AH84: 1.73 | AI84: 3.09 | AJ84: 3.11 | AK84: 2.49 | AL84: 2.5 | AM84: 3.26 | AN84: 3.27 | AO84: 2.92 | AP84: 2.93 | AQ84: 3.86 | AR84: 3.86 | AU84: PM-Shoulder | AV84: 2.09 | AW84: 2.27 | AX84: 2.15 | AY84: 2.12 | AZ84: 0.78 | BA84: 0.83 | BB84: 1.61 | BC84: 2.15 | BD84: 1.89 | BE84: 2.74 | BF84: 3.58 | BG84: 4.98 | BH84: 2.86 | BI84: 3.59 | BJ84: 3.74 | BK84: 4.71 | BL84: 3.26 | BM84: 3.82 | BN84: 4.15 | BO84: 4.04 | BR84: PM-Shoulder | BS84: -0.37 | BT84: -0.43 | BU84: -0.38 | BV84: -0.38 | BW84: -0.36 | BX84: -0.4 | BY84: -0.15 | BZ84: -0.36 | CA84: -0.09 | CB84: -0.37 | CC84: -0.14 | CD84: -0.38 | CE84: -0.13 | CF84: -0.3 | CG84: -0.13 | CH84: -0.31 | CI84: -0.1 | CJ84: -0.23 | CK84: -0.07 | CL84: -0.04
B85: PM-Peak | C85: 300.83 | D85: 317.12 | E85: 120.25 | F85: 227.28 | G85: 52.49 | H85: 132.86 | I85: 168.55 | J85: 212.61 | K85: 173.75 | L85: 449.17 | M85: 296.16 | N85: 506.3 | O85: 233.08 | P85: 405.18 | Q85: 423.11 | R85: 502.31 | S85: 275.86 | T85: 204.47 | U85: 268.07 | V85: 196.66 | X85: PM-Peak | Y85: 1.34 | Z85: 1.34 | AA85: 1.32 | AB85: 1.34 | AC85: 0.51 | AD85: 0.51 | AE85: 1.38 | AF85: 1.45 | AG85: 1.72 | AH85: 1.76 | AI85: 3.09 | AJ85: 3.51 | AK85: 2.49 | AL85: 2.65 | AM85: 3.27 | AN85: 3.27 | AO85: 2.92 | AP85: 2.92 | AQ85: 3.86 | AR85: 3.86 | AU85: PM-Peak | AV85: 3 | AW85: 3.09 | AX85: 2.02 | AY85: 2.84 | AZ85: 0.74 | BA85: 1.16 | BB85: 1.82 | BC85: 2.4 | BD85: 2 | BE85: 3.87 | BF85: 3.76 | BG85: 5.57 | BH85: 3.03 | BI85: 4.13 | BJ85: 4.2 | BK85: 4.76 | BL85: 3.32 | BM85: 3.37 | BN85: 4.23 | BO85: 4.19 | BR85: PM-Peak | BS85: -0.55 | BT85: -0.57 | BU85: -0.35 | BV85: -0.53 | BW85: -0.32 | BX85: -0.56 | BY85: -0.24 | BZ85: -0.4 | CA85: -0.14 | CB85: -0.55 | CC85: -0.18 | CD85: -0.37 | CE85: -0.18 | CF85: -0.36 | CG85: -0.22 | CH85: -0.31 | CI85: -0.12 | CJ85: -0.13 | CK85: -0.09 | CL85: -0.08
B86: PM-Late | C86: 12.81 | D86: 30.04 | E86: 2.46 | F86: 3.44 | G86: 0.16 | H86: 1.58 | I86: 9.91 | J86: 28.1 | K86: 24.4 | L86: 57.21 | M86: 74.92 | N86: 70.07 | O86: 68.35 | P86: 35.71 | Q86: 45.26 | R86: 19.93 | S86: 18.56 | T86: 14.91 | U86: 41.2 | V86: 39.81 | X86: PM-Late | Y86: 1.3 | Z86: 1.3 | AA86: 1.3 | AB86: 1.3 | AC86: 0.5 | AD86: 0.5 | AE86: 1.37 | AF86: 1.37 | AG86: 1.71 | AH86: 1.71 | AI86: 3.09 | AJ86: 3.09 | AK86: 2.49 | AL86: 2.49 | AM86: 3.26 | AN86: 3.26 | AO86: 2.91 | AP86: 2.91 | AQ86: 3.86 | AR86: 3.86 | AU86: PM-Late | AV86: 1.47 | AW86: 1.58 | AX86: 1.42 | AY86: 1.42 | AZ86: 0.55 | BA86: 0.55 | BB86: 1.48 | BC86: 1.86 | BD86: 1.8 | BE86: 2.2 | BF86: 3.58 | BG86: 3.96 | BH86: 3.01 | BI86: 3 | BJ86: 3.74 | BK86: 3.62 | BL86: 3.24 | BM86: 3.08 | BN86: 4.11 | BO86: 3.97 | BR86: PM-Late | BS86: -0.12 | BT86: -0.18 | BU86: -0.08 | BV86: -0.08 | BW86: -0.08 | BX86: -0.09 | BY86: -0.07 | BZ86: -0.26 | CA86: -0.05 | CB86: -0.22 | CC86: -0.14 | CD86: -0.22 | CE86: -0.18 | CF86: -0.17 | CG86: -0.13 | CH86: -0.1 | CI86: -0.1 | CJ86: -0.05 | CK86: -0.06 | CL86: -0.03
B89: Revenue Per Period Heavy A | X89: ML light veh.Miles | AU89: GP light veh.Miles | BR89: LVr Toll
B90: Direction | C90: NB | D90: SB | E90: NB | F90: SB | G90: NB | H90: SB | I90: NB | J90: SB | K90: NB | L90: SB | M90: NB | N90: SB | O90: NB | P90: SB | Q90: NB | R90: SB | S90: NB | T90: SB | U90: NB | V90: SB | X90: Direction | Y90: NB | AI90: SB | AU90: Direction | AV90: NB | BF90: SB | BR90: Direction | BS90: NB | BT90: SB | BU90: NB | BV90: SB | BW90: NB | BX90: SB | BY90: NB | BZ90: SB | CA90: NB | CB90: SB | CC90: NB | CD90: SB | CE90: NB | CF90: SB | CG90: NB | CH90: SB | CI90: NB | CJ90: SB | CK90: NB | CL90: SB
B91: Segment | C91: 1 | D91: 1 | E91: 2 | F91: 2 | G91: 3 | H91: 3 | I91: 4 | J91: 4 | K91: 5 | L91: 5 | M91: 6 | N91: 6 | O91: 7 | P91: 7 | Q91: 8 | R91: 8 | S91: 9 | T91: 9 | U91: 10 | V91: 10 | X91: Segment | Y91: 1 | Z91: 10 | AA91: 2 | AB91: 3 | AC91: 4 | AD91: 5 | AE91: 6 | AF91: 7 | AG91: 8 | AH91: 9 | AI91: 1 | AJ91: 10 | AK91: 2 | AL91: 3 | AM91: 4 | AN91: 5 | AO91: 6 | AP91: 7 | AQ91: 8 | AR91: 9 | AU91: Segment | AV91: 1 | AW91: 10 | AX91: 2 | AY91: 3 | AZ91: 4 | BA91: 5 | BB91: 6 | BC91: 7 | BD91: 8 | BE91: 9 | BF91: 1 | BG91: 10 | BH91: 2 | BI91: 3 | BJ91: 4 | BK91: 5 | BL91: 6 | BM91: 7 | BN91: 8 | BO91: 9 | BR91: Segment | BS91: 1 | BT91: 1 | BU91: 2 | BV91: 2 | BW91: 3 | BX91: 3 | BY91: 4 | BZ91: 4 | CA91: 5 | CB91: 5 | CC91: 6 | CD91: 6 | CE91: 7 | CF91: 7 | CG91: 8 | CH91: 8 | CI91: 9 | CJ91: 9 | CK91: 10 | CL91: 10
B92: Period | X92: Period | AU92: Period | BR92: Period
B93: Night | C93: 316.88 | D93: 250.76 | E93: 15.07 | F93: 15.37 | G93: 8.9 | H93: 9.42 | I93: 191.18 | J93: 196.68 | K93: 492.96 | L93: 200.62 | M93: 917.44 | N93: 287.44 | O93: 673.78 | P93: 112.42 | Q93: 710.44 | R93: 263.15 | S93: 55.65 | T93: 58.34 | U93: 479.47 | V93: 90.12 | X93: Night | Y93: 2448.65 | Z93: 2657.6 | AA93: 889.89 | AB93: 252.47 | AC93: 1655.33 | AD93: 5349.52 | AE93: 9834.22 | AF93: 7417.87 | AG93: 7108.72 | AH93: 363.92 | AI93: 2377.96 | AJ93: 292.5 | AK93: 802.57 | AL93: 328.23 | AM93: 1466.25 | AN93: 1604.65 | AO93: 2131.9 | AP93: 629.68 | AQ93: 2071.19 | AR93: 224.96 | AU93: Night | AV93: 12464.84 | AW93: 41344.75 | AX93: 13595.49 | AY93: 3875.78 | AZ93: 15869.81 | BA93: 19612.48 | BB93: 36375.02 | BC93: 28239.08 | BD93: 38153.84 | BE93: 35076.66 | BF93: 12108.47 | BG93: 28192.95 | BH93: 12333.28 | BI93: 4920.62 | BJ93: 15206.07 | BK93: 18978.15 | BL93: 34753.34 | BM93: 27526.42 | BN93: 37610.69 | BO93: 21682.94 | BR93: Night | BS93: 0.26 | BT93: 0.26 | BU93: 0.26 | BV93: 0.26 | BW93: 0.1 | BX93: 0.1 | BY93: 0.32 | BZ93: 0.32 | CA93: 0.4 | CB93: 0.4 | CC93: 0.72 | CD93: 0.72 | CE93: 0.58 | CF93: 0.58 | CG93: 0.76 | CH93: 0.76 | CI93: 0.68 | CJ93: 0.68 | CK93: 0.9 | CL93: 0.9
B94: AM-Early | C94: 82.31 | D94: 52.87 | E94: 34.65 | F94: 27.9 | G94: 20.69 | H94: 16.74 | I94: 71.36 | J94: 132.72 | K94: 101.71 | L94: 110.6 | M94: 230.97 | N94: 225.9 | O94: 228.63 | P94: 200.6 | Q94: 280.12 | R94: 193.03 | S94: 227.67 | T94: 173.16 | U94: 317.99 | V94: 165.91 | X94: AM-Early | Y94: 1317.61 | Z94: 4286.12 | AA94: 1454.49 | AB94: 349.96 | AC94: 1912.94 | AD94: 2216.8 | AE94: 3828.83 | AF94: 2622.55 | AG94: 3242.33 | AH94: 2861.61 | AI94: 765.21 | AJ94: 2484.09 | AK94: 884.87 | AL94: 411.79 | AM94: 1162.73 | AN94: 1348.25 | AO94: 2439.66 | AP94: 2206.96 | AQ94: 2850.39 | AR94: 1989.37 | AU94: AM-Early | AV94: 6731.51 | AW94: 22510.43 | AX94: 6914.24 | AY94: 1640.34 | AZ94: 9177.14 | BA94: 11474.03 | BB94: 20214.11 | BC94: 13553.36 | BD94: 16789.06 | BE94: 14740.46 | BF94: 3870.85 | BG94: 12671.64 | BH94: 4161.59 | BI94: 1933.05 | BJ94: 5485.91 | BK94: 6852.35 | BL94: 12480.9 | BM94: 11295.73 | BN94: 14632.12 | BO94: 10114.12 | BR94: AM-Early | BS94: 1.16 | BT94: 0.72 | BU94: 0.9 | BV94: 0.6 | BW94: 0.41 | BX94: 0.29 | BY94: 1.31 | BZ94: 1.8 | CA94: 1.82 | CB94: 1.72 | CC94: 4.24 | CD94: 3.22 | CE94: 3.55 | CF94: 2.88 | CG94: 4.25 | CH94: 2.98 | CI94: 3.56 | CJ94: 2.42 | CK94: 3.52 | CL94: 2.1
B95: AM-Peak | C95: 2848.9 | D95: 160.39 | E95: 1333 | F95: 155.09 | G95: 711.79 | H95: 442.68 | I95: 1724.84 | J95: 909.41 | K95: 2399.1 | L95: 981.67 | M95: 4512.98 | N95: 1892.66 | O95: 4350.1 | P95: 1658.89 | Q95: 5652.37 | R95: 1789.51 | S95: 1881.3 | T95: 1429.59 | U95: 1653.91 | V95: 1432.86 | X95: AM-Peak | Y95: 6066.6 | Z95: 8167.25 | AA95: 6159.99 | AB95: 2443.55 | AC95: 8607.24 | AD95: 11167.44 | AE95: 20718.42 | AF95: 16029.71 | AG95: 20593.83 | AH95: 8449.37 | AI95: 1670.45 | AJ95: 7145.28 | AK95: 626.76 | AL95: 2193.52 | AM95: 3846.07 | AN95: 4191.52 | AO95: 7369.03 | AP95: 6101.93 | AQ95: 8040.6 | AR95: 5832.34 | AU95: AM-Peak | AV95: 22475.26 | AW95: 41895.51 | AX95: 26565.51 | AY95: 5784.36 | AZ95: 25328.65 | BA95: 32130.04 | BB95: 58636.83 | BC95: 44315.29 | BD95: 56094.94 | BE95: 42222.8 | BF95: 8444.61 | BG95: 36455.77 | BH95: 9469.08 | BI95: 7029.56 | BJ95: 18302.7 | BK95: 21418.35 | BL95: 38002.62 | BM95: 31330.44 | BN95: 41506.45 | BO95: 29759.51 | BR95: AM-Peak | BS95: 4.89 | BT95: 0.82 | BU95: 5.79 | BV95: 1.63 | BW95: 0.9 | BX95: 0.9 | BY95: 2.88 | BZ95: 2.86 | CA95: 3.6 | CB95: 3.3 | CC95: 6.48 | CD95: 6.05 | CE95: 5.22 | CF95: 5 | CG95: 6.84 | CH95: 6.04 | CI95: 6.12 | CJ95: 4.58 | CK95: 5.84 | CL95: 5.16
B96: AM-Shoulder | C96: 578.95 | D96: 112.49 | E96: 255.36 | F96: 27.55 | G96: 208.76 | H96: 201.31 | I96: 513.38 | J96: 320.07 | K96: 634.13 | L96: 302.99 | M96: 1148.66 | N96: 547.31 | O96: 998.65 | P96: 462.69 | Q96: 934.2 | R96: 487.05 | S96: 392.76 | T96: 434.45 | U96: 507.14 | V96: 473.74 | X96: AM-Shoulder | Y96: 1699.21 | Z96: 2643.78 | AA96: 1971.1 | AB96: 440.33 | AC96: 2019.87 | AD96: 2363.1 | AE96: 4235.44 | AF96: 3331.16 | AG96: 3305.16 | AH96: 2264.43 | AI96: 657.54 | AJ96: 2485.94 | AK96: 695.55 | AL96: 535.16 | AM96: 1319.56 | AN96: 1424.6 | AO96: 2417.91 | AP96: 1994.41 | AQ96: 2467.55 | AR96: 1987.16 | AU96: AM-Shoulder | AV96: 5840.8 | AW96: 13461.94 | AX96: 7255.87 | AY96: 2075.9 | AZ96: 7486.06 | BA96: 9371.44 | BB96: 16822.65 | BC96: 13077.1 | BD96: 16252.21 | BE96: 11559.06 | BF96: 3318.17 | BG96: 12626.4 | BH96: 3264.44 | BI96: 2533.5 | BJ96: 6245.84 | BK96: 7249.23 | BL96: 12354.63 | BM96: 10162.92 | BN96: 12598.58 | BO96: 10083.28 | BR96: AM-Shoulder | BS96: 2.34 | BT96: 1.09 | BU96: 2.34 | BV96: 0.54 | BW96: 1.48 | BX96: 1.4 | BY96: 2.88 | BZ96: 2.32 | CA96: 3.6 | CB96: 2.48 | CC96: 6.48 | CD96: 4.28 | CE96: 5.22 | CF96: 3.5 | CG96: 6.84 | CH96: 4.11 | CI96: 3.61 | CJ96: 3.33 | CK96: 4.25 | CL96: 3.95
B97: MD | C97: 1715.5 | D97: 1711.27 | E97: 871.56 | F97: 318.53 | G97: 553.8 | H97: 525.26 | I97: 608.09 | J97: 1761.9 | K97: 1724.36 | L97: 2072.74 | M97: 2581.92 | N97: 2256.06 | O97: 1831.16 | P97: 1646.72 | Q97: 2180.53 | R97: 1870.71 | S97: 1764.09 | T97: 1335.19 | U97: 2174.88 | V97: 1640.7 | X97: MD | Y97: 5869.55 | Z97: 14736.54 | AA97: 8147.42 | AB97: 2280.26 | AC97: 7092.41 | AD97: 9144.61 | AE97: 15429.88 | AF97: 11637.03 | AG97: 14212.32 | AH97: 11571.18 | AI97: 6328.14 | AJ97: 16910.06 | AK97: 7275.21 | AL97: 2535.61 | AM97: 7979.88 | AN97: 9973.04 | AO97: 15842.92 | AP97: 12540.02 | AQ97: 14017.63 | AR97: 11912 | AU97: MD | AV97: 20248.31 | AW97: 74388.66 | AX97: 31608.1 | AY97: 7715.81 | AZ97: 33192.91 | BA97: 46544.94 | BB97: 79161.35 | BC97: 59038.16 | BD97: 72128.23 | BE97: 58346.42 | BF97: 27070.16 | BG97: 86096.07 | BH97: 34189.3 | BI97: 8932.39 | BJ97: 32907.32 | BK97: 47283.96 | BL97: 81197.87 | BM97: 63780.37 | BN97: 71031.83 | BO97: 60054.01 | BR97: MD | BS97: 2.34 | BT97: 2.34 | BU97: 2.34 | BV97: 1.01 | BW97: 0.9 | BX97: 0.9 | BY97: 1.28 | BZ97: 2.88 | CA97: 3.36 | CB97: 3.6 | CC97: 5.18 | CD97: 4.48 | CE97: 3.64 | CF97: 3.27 | CG97: 4.29 | CH97: 3.95 | CI97: 3.51 | CJ97: 2.84 | CK97: 4.05 | CL97: 2.85
B98: PM-Shoulder | C98: 353.75 | D98: 342.52 | E98: 159.18 | F98: 99.99 | G98: 101.19 | H98: 95.82 | I98: 89.96 | J98: 262.23 | K98: 113.07 | L98: 377.23 | M98: 282.75 | N98: 591.9 | O98: 224.77 | P98: 350.94 | Q98: 301.33 | R98: 528.33 | S98: 270.42 | T98: 325.62 | U98: 329.7 | V98: 178.47 | X98: PM-Shoulder | Y98: 1731.43 | Z98: 4013.89 | AA98: 2046.16 | AB98: 596.88 | AC98: 1772.29 | AD98: 2073.17 | AE98: 3854.23 | AF98: 3107.59 | AG98: 3967.76 | AH98: 3320.36 | AI98: 1521.83 | AJ98: 4120 | AK98: 2112.98 | AL98: 614.8 | AM98: 1802.03 | AN98: 2687.86 | AO98: 4792.59 | AP98: 3853.59 | AQ98: 4788.72 | AR98: 4318.54 | AU98: PM-Shoulder | AV98: 5420.86 | AW98: 16127.86 | AX98: 7831.4 | AY98: 1778.53 | AZ98: 6514.87 | BA98: 8247.51 | BB98: 15695.19 | BC98: 12537.26 | BD98: 16134.36 | BE98: 13353.56 | BF98: 6102.94 | BG98: 16578.27 | BH98: 8126.36 | BI98: 2245.3 | BJ98: 5762.8 | BK98: 11097.58 | BL98: 20845.61 | BM98: 16169.46 | BN98: 20416.17 | BO98: 18018.81 | BR98: PM-Shoulder | BS98: 2.34 | BT98: 3.18 | BU98: 2.6 | BV98: 2.52 | BW98: 0.9 | BX98: 1.1 | BY98: 1.32 | BZ98: 2.88 | CA98: 1.65 | CB98: 3.9 | CC98: 3.62 | CD98: 7.3 | CE98: 2.84 | CF98: 4.74 | CG98: 3.72 | CH98: 6.36 | CI98: 3.08 | CJ98: 4.6 | CK98: 3.58 | CL98: 2.99
B99: PM-Peak | C99: 2186.24 | D99: 2447.52 | E99: 513.89 | F99: 840.15 | G99: 325.83 | H99: 753.93 | I99: 684.67 | J99: 1560.79 | K99: 695.74 | L99: 2579.26 | M99: 1506.13 | N99: 3321.68 | O99: 1253.69 | P99: 2391.64 | Q99: 2074.91 | R99: 2626 | S99: 1449.09 | T99: 1326.12 | U99: 1722.71 | V99: 1473.81 | X99: PM-Peak | Y99: 6605.24 | Z99: 12698.96 | AA99: 6008.52 | AB99: 2148.88 | AC99: 6146.74 | AD99: 6693.54 | AE99: 12176.37 | AF99: 9934.37 | AG99: 13341.8 | AH99: 10272.67 | AI99: 6656.15 | AJ99: 12793.11 | AK99: 7117.25 | AL99: 2521.83 | AM99: 8900.59 | AN99: 9870.13 | AO99: 23537.66 | AP99: 17021.04 | AQ99: 13977.74 | AR99: 10969.01 | AU99: PM-Peak | AV99: 22335.05 | AW99: 51869.31 | AX99: 23122.7 | AY99: 5706.92 | AZ99: 23131.91 | BA99: 27013.94 | BB99: 50778.94 | BC99: 40882.17 | BD99: 54837.71 | BE99: 41845.99 | BF99: 23315.3 | BG99: 52300.31 | BH99: 27049.18 | BI99: 8666.49 | BJ99: 19731.8 | BK99: 37873.56 | BL99: 63702.06 | BM99: 49684.16 | BN99: 60381.21 | BO99: 44980.73 | BR99: PM-Peak | BS99: 4.82 | BT99: 5.04 | BU99: 2.9 | BV99: 4.68 | BW99: 0.9 | BX99: 1.94 | BY99: 2.61 | BZ99: 2.88 | CA99: 2.87 | CB99: 7.2 | CC99: 5.85 | CD99: 6.48 | CE99: 4.69 | CF99: 5.22 | CG99: 6.84 | CH99: 8.64 | CI99: 4.78 | CJ99: 4.91 | CK99: 5.73 | CL99: 5.5
B100: PM-Late | C100: 259.75 | D100: 365.71 | E100: 34.87 | F100: 38.91 | G100: 16.02 | H100: 30.2 | I100: 212.41 | J100: 491.45 | K100: 355.55 | L100: 576.04 | M100: 957.33 | N100: 1092.98 | O100: 874.37 | P100: 823.38 | Q100: 996.15 | R100: 882.43 | S100: 802.65 | T100: 631 | U100: 939.87 | V100: 849.66 | X100: PM-Late | Y100: 2674.99 | Z100: 6832.13 | AA100: 2831.44 | AB100: 159.27 | AC100: 977.29 | AD100: 3390.44 | AE100: 6025.57 | AF100: 4779.46 | AG100: 6030.35 | AH100: 4986.76 | AI100: 3480.69 | AJ100: 7025.97 | AK100: 3009.61 | AL100: 1175.97 | AM100: 4004.47 | AN100: 4817.62 | AO100: 8881.5 | AP100: 6657.41 | AQ100: 6721.56 | AR100: 5164.42 | AU100: PM-Late | AV100: 10457.87 | AW100: 26687.02 | AX100: 10290.19 | AY100: 3026.04 | AZ100: 10351.57 | BA100: 13247.56 | BB100: 23580.47 | BC100: 18694.01 | BD100: 23568.61 | BE100: 19465.7 | BF100: 13663.71 | BG100: 27466.53 | BH100: 10912.3 | BI100: 4294.75 | BJ100: 14586.76 | BK100: 18990.39 | BL100: 35357.14 | BM100: 26264.26 | BN100: 26329.32 | BO100: 20166.26 | BR100: PM-Late | BS100: 1.13 | BT100: 1.48 | BU100: 0.35 | BV100: 0.37 | BW100: 0.1 | BX100: 0.17 | BY100: 1.11 | BZ100: 2.52 | CA100: 1.8 | CB100: 3.07 | CC100: 4.75 | CD100: 5.52 | CE100: 4.28 | CF100: 3.91 | CG100: 4.93 | CH100: 4.35 | CI100: 4.04 | CJ100: 3.25 | CK100: 4.48 | CL100: 3.5
B103: % Workday Revenue | X103: ML light veh/period | AU103: GP light veh/period | BR103: Medium A Toll
B104: Direction | C104: NB | D104: SB | E104: NB | F104: SB | G104: NB | H104: SB | I104: NB | J104: SB | K104: NB | L104: SB | M104: NB | N104: SB | O104: NB | P104: SB | Q104: NB | R104: SB | S104: NB | T104: SB | U104: NB | V104: SB | X104: Direction | Y104: NB | Z104: SB | AA104: NB | AB104: SB | AC104: NB | AD104: SB | AE104: NB | AF104: SB | AG104: NB | AH104: SB | AI104: NB | AJ104: SB | AK104: NB | AL104: SB | AM104: NB | AN104: SB | AO104: NB | AP104: SB | AQ104: NB | AR104: SB | AU104: Direction | AV104: NB | AW104: SB | AX104: NB | AY104: SB | AZ104: NB | BA104: SB | BB104: NB | BC104: SB | BD104: NB | BE104: SB | BF104: NB | BG104: SB | BH104: NB | BI104: SB | BJ104: NB | BK104: SB | BL104: NB | BM104: SB | BN104: NB | BO104: SB | BR104: Direction | BS104: NB | BT104: SB | BU104: NB | BV104: SB | BW104: NB | BX104: SB | BY104: NB | BZ104: SB | CA104: NB | CB104: SB | CC104: NB | CD104: SB | CE104: NB | CF104: SB | CG104: NB | CH104: SB | CI104: NB | CJ104: SB | CK104: NB | CL104: SB
B105: Segment | C105: 1 | D105: 1 | E105: 2 | F105: 2 | G105: 3 | H105: 3 | I105: 4 | J105: 4 | K105: 5 | L105: 5 | M105: 6 | N105: 6 | O105: 7 | P105: 7 | Q105: 8 | R105: 8 | S105: 9 | T105: 9 | U105: 10 | V105: 10 | X105: Segment | Y105: 1 | Z105: 1 | AA105: 2 | AB105: 2 | AC105: 3 | AD105: 3 | AE105: 4 | AF105: 4 | AG105: 5 | AH105: 5 | AI105: 6 | AJ105: 6 | AK105: 7 | AL105: 7 | AM105: 8 | AN105: 8 | AO105: 9 | AP105: 9 | AQ105: 10 | AR105: 10 | AU105: Segment | AV105: 1 | AW105: 1 | AX105: 2 | AY105: 2 | AZ105: 3 | BA105: 3 | BB105: 4 | BC105: 4 | BD105: 5 | BE105: 5 | BF105: 6 | BG105: 6 | BH105: 7 | BI105: 7 | BJ105: 8 | BK105: 8 | BL105: 9 | BM105: 9 | BN105: 10 | BO105: 10 | BR105: Segment | BS105: 1 | BT105: 1 | BU105: 2 | BV105: 2 | BW105: 3 | BX105: 3 | BY105: 4 | BZ105: 4 | CA105: 5 | CB105: 5 | CC105: 6 | CD105: 6 | CE105: 7 | CF105: 7 | CG105: 8 | CH105: 8 | CI105: 9 | CJ105: 9 | CK105: 10 | CL105: 10
B106: Period | X106: Period | AU106: Period | BR106: Period
B107: Night | C107: 0.009797175 | D107: 0.01335231 | E107: 0.0027748135 | F107: 0.0045240566 | G107: 0.0034065781 | H107: 0.0031603504 | I107: 0.011360292 | J107: 0.0083481615 | K107: 0.022436695 | L107: 0.0059477263 | M107: 0.02252829 | N107: 0.0059424869 | O107: 0.021700204 | P107: 0.002736212 | Q107: 0.017171582 | R107: 0.0071103637 | S107: 0.0019149786 | T107: 0.0018471047 | U107: 0.01469739 | V107: 0.0027003797 | X107: Night | Y107: 1883.58 | Z107: 1829.2 | AA107: 684.53 | AB107: 617.36 | AC107: 504.94 | AD107: 656.45 | AE107: 1034.58 | AF107: 916.4 | AG107: 2674.76 | AH107: 802.33 | AI107: 2731.73 | AJ107: 592.2 | AK107: 2557.89 | AL107: 217.13 | AM107: 1870.72 | AN107: 545.05 | AO107: 107.04 | AP107: 66.17 | AQ107: 590.58 | AR107: 65 | AU107: Night | AV107: 9588.34 | AW107: 9314.21 | AX107: 10458.07 | AY107: 9487.14 | AZ107: 7751.56 | BA107: 9841.24 | BB107: 9918.63 | BC107: 9503.8 | BD107: 9806.24 | BE107: 9489.07 | BF107: 10104.17 | BG107: 9653.7 | BH107: 9737.61 | BI107: 9491.87 | BJ107: 10040.48 | BK107: 9897.55 | BL107: 10316.66 | BM107: 6377.33 | BN107: 9187.72 | BO107: 6265.1 | BR107: Night | BS107: 0.78 | BT107: 0.78 | BU107: 0.78 | BV107: 0.78 | BW107: 0.3 | BX107: 0.3 | BY107: 0.96 | BZ107: 0.96 | CA107: 1.2 | CB107: 1.2 | CC107: 2.16 | CD107: 2.16 | CE107: 1.74 | CF107: 1.74 | CG107: 2.28 | CH107: 2.28 | CI107: 2.04 | CJ107: 2.04 | CK107: 2.7 | CL107: 2.7
B108: AM-Early | C108: 0.01684175 | D108: 0.0095492642 | E108: 0.014958549 | F108: 0.011495554 | G108: 0.017696482 | H108: 0.011064819 | I108: 0.036735834 | J108: 0.027600541 | K108: 0.032028727 | L108: 0.01640801 | M108: 0.039101234 | N108: 0.022842707 | O108: 0.037220395 | P108: 0.03004908 | Q108: 0.0340132 | R108: 0.027576208 | S108: 0.049822619 | T108: 0.0309073 | U108: 0.056290037 | V108: 0.026270982 | X108: AM-Early | Y108: 1013.54 | Z108: 588.63 | AA108: 1118.84 | AB108: 680.67 | AC108: 699.92 | AD108: 823.58 | AE108: 1195.59 | AF108: 726.71 | AG108: 1108.4 | AH108: 674.13 | AI108: 1063.56 | AJ108: 677.68 | AK108: 904.33 | AL108: 761.02 | AM108: 853.25 | AN108: 750.1 | AO108: 841.65 | AP108: 585.11 | AQ108: 952.47 | AR108: 552.02 | AU108: AM-Early | AV108: 5178.08 | AW108: 2977.58 | AX108: 5318.65 | AY108: 3201.22 | AZ108: 3280.68 | BA108: 3866.1 | BB108: 5735.71 | BC108: 3428.69 | BD108: 5737.01 | BE108: 3426.17 | BF108: 5615.03 | BG108: 3466.92 | BH108: 4673.57 | BI108: 3895.08 | BJ108: 4418.17 | BK108: 3850.56 | BL108: 4335.43 | BM108: 2974.74 | BN108: 5002.32 | BO108: 2815.92 | BR108: AM-Early | BS108: 3.48 | BT108: 2.15 | BU108: 2.7 | BV108: 1.79 | BW108: 1.22 | BX108: 0.86 | BY108: 3.92 | BZ108: 5.41 | CA108: 5.47 | CB108: 5.16 | CC108: 12.71 | CD108: 9.66 | CE108: 10.66 | CF108: 8.65 | CG108: 12.74 | CH108: 8.93 | CI108: 10.67 | CJ108: 7.27 | CK108: 10.57 | CL108: 6.31
B109: AM-Peak | C109: 0.34572496 | D109: 0.024735723 | E109: 0.42737333 | F109: 0.025096193 | G109: 0.30717439 | H109: 0.20020406 | I109: 0.40622257 | J109: 0.15104118 | K109: 0.35984958 | L109: 0.10482233 | M109: 0.36328427 | N109: 0.14019899 | O109: 0.37741462 | P109: 0.160746 | Q109: 0.38960024 | R109: 0.17452339 | S109: 0.27869002 | T109: 0.19228004 | U109: 0.19966571 | V109: 0.19580182 | X109: AM-Peak | Y109: 4666.61 | Z109: 1284.96 | AA109: 4738.45 | AB109: 482.12 | AC109: 4887.1 | AD109: 4387.04 | AE109: 5379.53 | AF109: 2403.79 | AG109: 5583.72 | AH109: 2095.76 | AI109: 5755.12 | AJ109: 2046.95 | AK109: 5527.48 | AL109: 2104.11 | AM109: 5419.43 | AN109: 2115.95 | AO109: 2485.11 | AP109: 1715.39 | AQ109: 1814.94 | AR109: 1587.84 | AU109: AM-Peak | AV109: 17288.66 | AW109: 6495.86 | AX109: 20435.01 | AY109: 7283.91 | AZ109: 11568.71 | BA109: 14059.12 | BB109: 15830.4 | BC109: 11439.19 | BD109: 16065.02 | BE109: 10709.17 | BF109: 16288.01 | BG109: 10556.28 | BH109: 15281.14 | BI109: 10803.6 | BJ109: 14761.83 | BK109: 10922.75 | BL109: 12418.47 | BM109: 8752.8 | BN109: 9310.11 | BO109: 8101.28 | BR109: AM-Peak | BS109: 14.67 | BT109: 2.47 | BU109: 17.37 | BV109: 4.88 | BW109: 2.7 | BX109: 2.7 | BY109: 8.64 | BZ109: 8.58 | CA109: 10.8 | CB109: 9.89 | CC109: 19.44 | CD109: 18.15 | CE109: 15.66 | CF109: 15.01 | CG109: 20.52 | CH109: 18.13 | CI109: 18.36 | CJ109: 13.75 | CK109: 17.53 | CL109: 15.49
B110: AM-Shoulder | C110: 0.049527509 | D110: 0.013262711 | E110: 0.056379025 | F110: 0.0085205857 | G110: 0.090995409 | H110: 0.073280649 | I110: 0.10131452 | J110: 0.041544877 | K110: 0.079660197 | L110: 0.026763632 | M110: 0.078578282 | N110: 0.032696637 | O110: 0.081329847 | P110: 0.036814857 | Q110: 0.064982012 | R110: 0.038266937 | S110: 0.047169601 | T110: 0.046816755 | U110: 0.049433351 | V110: 0.053458798 | X110: AM-Shoulder | Y110: 1307.09 | Z110: 505.8 | AA110: 1516.23 | AB110: 535.04 | AC110: 880.66 | AD110: 1070.32 | AE110: 1262.42 | AF110: 824.73 | AG110: 1181.55 | AH110: 712.3 | AI110: 1176.51 | AJ110: 671.64 | AK110: 1148.68 | AL110: 687.73 | AM110: 869.78 | AN110: 649.35 | AO110: 666.01 | AP110: 584.46 | AQ110: 587.51 | AR110: 552.43 | AU110: AM-Shoulder | AV110: 4492.92 | AW110: 2552.44 | AX110: 5581.44 | AY110: 2511.11 | AZ110: 4151.8 | BA110: 5067 | BB110: 4678.79 | BC110: 3903.65 | BD110: 4685.72 | BE110: 3624.62 | BF110: 4672.96 | BG110: 3431.84 | BH110: 4509.34 | BI110: 3504.45 | BJ110: 4276.9 | BK110: 3315.42 | BL110: 3399.72 | BM110: 2965.67 | BN110: 2991.54 | BO110: 2805.87 | BR110: AM-Shoulder | BS110: 7.02 | BT110: 3.28 | BU110: 7.02 | BV110: 1.61 | BW110: 4.45 | BX110: 4.2 | BY110: 8.64 | BZ110: 6.97 | CA110: 10.8 | CB110: 7.44 | CC110: 19.44 | CD110: 12.85 | CE110: 15.66 | CF110: 10.51 | CG110: 20.52 | CH110: 12.32 | CI110: 10.84 | CJ110: 9.98 | CK110: 12.76 | CL110: 11.86
B111: MD | C111: 0.16329776 | D111: 0.25533992 | E111: 0.2295782 | F111: 0.15668236 | G111: 0.27369043 | H111: 0.21432675 | I111: 0.15089405 | J111: 0.29674199 | K111: 0.27438417 | L111: 0.24804388 | M111: 0.21681155 | N111: 0.19896641 | O111: 0.18564049 | P111: 0.19584251 | Q111: 0.16570606 | R111: 0.19148295 | S111: 0.22668321 | T111: 0.21343529 | U111: 0.24602926 | V111: 0.23946468 | X111: MD | Y111: 4515.04 | Z111: 4867.8 | AA111: 6267.24 | AB111: 5596.31 | AC111: 4560.53 | AD111: 5071.21 | AE111: 4432.76 | AF111: 4987.43 | AG111: 4572.31 | AH111: 4986.52 | AI111: 4286.08 | AJ111: 4400.81 | AK111: 4012.77 | AL111: 4324.14 | AM111: 3740.08 | AN111: 3688.85 | AO111: 3403.29 | AP111: 3503.53 | AQ111: 3274.79 | AR111: 3757.79 | AU111: MD | AV111: 15575.62 | AW111: 20823.2 | AX111: 24313.92 | AY111: 26299.46 | AZ111: 15431.62 | BA111: 17864.77 | BB111: 20745.57 | BC111: 20567.07 | BD111: 23272.47 | BE111: 23641.98 | BF111: 21989.26 | BG111: 22554.96 | BH111: 20357.99 | BI111: 21993.23 | BJ111: 18981.11 | BK111: 18692.59 | BL111: 17160.71 | BM111: 17662.95 | BN111: 16530.81 | BO111: 19132.46 | BR111: MD | BS111: 7.02 | BT111: 7.02 | BU111: 7.02 | BV111: 3.03 | BW111: 2.7 | BX111: 2.7 | BY111: 3.85 | BZ111: 8.64 | CA111: 10.08 | CB111: 10.8 | CC111: 15.54 | CD111: 13.44 | CE111: 10.92 | CF111: 9.8 | CG111: 12.86 | CH111: 11.85 | CI111: 10.52 | CJ111: 8.53 | CK111: 12.14 | CL111: 8.56
B112: PM-Shoulder | C112: 0.045001347 | D112: 0.076083493 | E112: 0.061098077 | F112: 0.10706296 | G112: 0.06761989 | H112: 0.058532473 | I112: 0.035543821 | J112: 0.060573473 | K112: 0.02783892 | L112: 0.066477663 | M112: 0.035162371 | N112: 0.089596497 | O112: 0.035359205 | P112: 0.078635668 | Q112: 0.036543377 | R112: 0.095147111 | S112: 0.052144169 | T112: 0.11104645 | U112: 0.054473121 | V112: 0.054910697 | X112: PM-Shoulder | Y112: 1331.87 | Z112: 1170.64 | AA112: 1573.97 | AB112: 1625.37 | AC112: 1193.76 | AD112: 1229.6 | AE112: 1107.68 | AF112: 1126.27 | AG112: 1036.58 | AH112: 1343.93 | AI112: 1070.62 | AJ112: 1331.28 | AK112: 1071.58 | AL112: 1328.82 | AM112: 1044.15 | AN112: 1260.19 | AO112: 976.58 | AP112: 1270.16 | AQ112: 891.98 | AR112: 915.55 | AU112: PM-Shoulder | AV112: 4169.89 | AW112: 4694.57 | AX112: 6024.16 | AY112: 6251.04 | AZ112: 3557.07 | BA112: 4490.6 | BB112: 4071.79 | BC112: 3601.75 | BD112: 4123.75 | BE112: 5548.79 | BF112: 4359.77 | BG112: 5790.45 | BH112: 4323.19 | BI112: 5575.68 | BJ112: 4245.88 | BK112: 5372.68 | BL112: 3927.52 | BM112: 5299.65 | BN112: 3583.97 | BO112: 3684.06 | BR112: PM-Shoulder | BS112: 7.02 | BT112: 9.53 | BU112: 7.8 | BV112: 7.57 | BW112: 2.7 | BX112: 3.31 | BY112: 3.96 | BZ112: 8.64 | CA112: 4.95 | CB112: 11.71 | CC112: 10.85 | CD112: 21.89 | CE112: 8.51 | CF112: 14.23 | CG112: 11.15 | CH112: 19.07 | CI112: 9.23 | CJ112: 13.79 | CK112: 10.74 | CL112: 8.98
B113: PM-Peak | C113: 0.3374132 | D113: 0.52916202 | E113: 0.19680802 | F113: 0.6648521 | G113: 0.2368094 | H113: 0.42280966 | I113: 0.23862855 | J113: 0.30212751 | K113: 0.15430693 | L113: 0.44283519 | M113: 0.17430133 | N113: 0.38918038 | O113: 0.18073903 | P113: 0.38415978 | Q113: 0.2204842 | R113: 0.37600693 | S113: 0.24394894 | T113: 0.30690548 | U113: 0.26684311 | V113: 0.31482915 | X113: PM-Peak | Y113: 5080.96 | Z113: 5120.12 | AA113: 4621.94 | AB113: 5474.81 | AC113: 4297.76 | AD113: 5043.66 | AE113: 3841.71 | AF113: 5562.87 | AG113: 3346.77 | AH113: 4935.07 | AI113: 3382.33 | AJ113: 6538.24 | AK113: 3425.65 | AL113: 5869.32 | AM113: 3511 | AN113: 3678.35 | AO113: 3021.37 | AP113: 3226.18 | AQ113: 2821.99 | AR113: 2842.91 | AU113: PM-Peak | AV113: 17180.81 | AW113: 17934.85 | AX113: 17786.69 | AY113: 20807.06 | AZ113: 11413.83 | BA113: 17332.98 | BB113: 14457.44 | BC113: 12332.37 | BD113: 13506.97 | BE113: 18936.78 | BF113: 14105.26 | BG113: 17695.02 | BH113: 14097.3 | BI113: 17132.47 | BJ113: 14430.98 | BK113: 15889.79 | BL113: 12307.65 | BM113: 13229.63 | BN113: 11526.51 | BO113: 11622.29 | BR113: PM-Peak | BS113: 14.45 | BT113: 15.12 | BU113: 8.7 | BV113: 14.04 | BW113: 2.7 | BX113: 5.83 | BY113: 7.82 | BZ113: 8.64 | CA113: 8.61 | CB113: 21.6 | CC113: 17.55 | CD113: 19.44 | CE113: 14.06 | CF113: 15.66 | CG113: 20.52 | CH113: 25.92 | CI113: 14.35 | CJ113: 14.73 | CK113: 17.18 | CL113: 16.5
B114: PM-Late | C114: 0.0323963 | D114: 0.078514558 | E114: 0.011029995 | F114: 0.021766191 | G114: 0.0026074196 | H114: 0.016621242 | I114: 0.019300366 | J114: 0.11202227 | K114: 0.049494773 | L114: 0.088701571 | M114: 0.070232682 | N114: 0.1205759 | O114: 0.080596203 | P114: 0.11101589 | Q114: 0.071499334 | R114: 0.089886112 | S114: 0.099626463 | T114: 0.096761579 | U114: 0.11256802 | V114: 0.11256349 | X114: PM-Late | Y114: 2057.68 | Z114: 2677.46 | AA114: 2178.03 | AB114: 2315.08 | AC114: 318.53 | AD114: 2351.93 | AE114: 610.81 | AF114: 2502.79 | AG114: 1695.22 | AH114: 2408.81 | AI114: 1673.77 | AJ114: 2467.08 | AK114: 1648.09 | AL114: 2295.66 | AM114: 1586.93 | AN114: 1768.83 | AO114: 1466.69 | AP114: 1518.95 | AQ114: 1518.25 | AR114: 1561.33 | AU114: PM-Late | AV114: 8044.52 | AW114: 10510.54 | AX114: 7915.53 | AY114: 8394.08 | AZ114: 6052.07 | BA114: 8589.5 | BB114: 6469.73 | BC114: 9116.72 | BD114: 6623.78 | BE114: 9495.2 | BF114: 6550.13 | BG114: 9821.43 | BH114: 6446.21 | BI114: 9056.64 | BJ114: 6202.27 | BK114: 6928.77 | BL114: 5725.21 | BM114: 5931.25 | BN114: 5930.45 | BO114: 6103.67 | BR114: PM-Late | BS114: 3.38 | BT114: 4.44 | BU114: 1.05 | BV114: 1.1 | BW114: 0.3 | BX114: 0.51 | BY114: 3.34 | BZ114: 7.55 | CA114: 5.39 | CB114: 9.22 | CC114: 14.24 | CD114: 16.57 | CE114: 12.84 | CF114: 11.74 | CG114: 14.78 | CH114: 13.04 | CI114: 12.12 | CJ114: 9.74 | CK114: 13.45 | CL114: 10.49
X117: ML medium A veh.Miles | AU117: GP medium A veh.Miles | BR117: Implied VOT
...

Sheet Year_2040
B1: Lenght
C2: 1 | D2: 2 | E2: 3 | F2: 4 | G2: 5 | H2: 6 | I2: 7 | J2: 8 | K2: 9 | L2: 10
B3: Length | C3: 1.3 | D3: 1.3 | E3: 0.5 | F3: 1.6 | G3: 2 | H3: 3.6 | I3: 2.9 | J3: 3.8 | K3: 3.4 | L3: 4.5
B5: TollLights | X5: ML PCE.Miles | AU5: GP PCE.Miles | BR5: Highway PCE.Miles
B6: Direction | C6: NB | D6: SB | E6: NB | F6: SB | G6: NB | H6: SB | I6: NB | J6: SB | K6: NB | L6: SB | M6: NB | N6: SB | O6: NB | P6: SB | Q6: NB | R6: SB | S6: NB | T6: SB | U6: NB | V6: SB | X6: Direction | Y6: NB | Z6: SB | AA6: NB | AB6: SB | AC6: NB | AD6: SB | AE6: NB | AF6: SB | AG6: NB | AH6: SB | AI6: NB | AJ6: SB | AK6: NB | AL6: SB | AM6: NB | AN6: SB | AO6: NB | AP6: SB | AQ6: NB | AR6: SB | AU6: Direction | AV6: NB | AW6: SB | AX6: NB | AY6: SB | AZ6: NB | BA6: SB | BB6: NB | BC6: SB | BD6: NB | BE6: SB | BF6: NB | BG6: SB | BH6: NB | BI6: SB | BJ6: NB | BK6: SB | BL6: NB | BM6: SB | BN6: NB | BO6: SB | BR6: Direction | BS6: NB | BT6: SB | BU6: NB | BV6: SB | BW6: NB | BX6: SB | BY6: NB | BZ6: SB | CA6: NB | CB6: SB | CC6: NB | CD6: SB | CE6: NB | CF6: SB | CG6: NB | CH6: SB | CI6: NB | CJ6: SB | CK6: NB | CL6: SB
B7: Segment | C7: 1 | D7: 1 | E7: 2 | F7: 2 | G7: 3 | H7: 3 | I7: 4 | J7: 4 | K7: 5 | L7: 5 | M7: 6 | N7: 6 | O7: 7 | P7: 7 | Q7: 8 | R7: 8 | S7: 9 | T7: 9 | U7: 10 | V7: 10 | X7: Segment | Y7: 1 | Z7: 1 | AA7: 2 | AB7: 2 | AC7: 3 | AD7: 3 | AE7: 4 | AF7: 4 | AG7: 5 | AH7: 5 | AI7: 6 | AJ7: 6 | AK7: 7 | AL7: 7 | AM7: 8 | AN7: 8 | AO7: 9 | AP7: 9 | AQ7: 10 | AR7: 10 | AU7: Segment | AV7: 1 | AW7: 1 | AX7: 2 | AY7: 2 | AZ7: 3 | BA7: 3 | BB7: 4 | BC7: 4 | BD7: 5 | BE7: 5 | BF7: 6 | BG7: 6 | BH7: 7 | BI7: 7 | BJ7: 8 | BK7: 8 | BL7: 9 | BM7: 9 | BN7: 10 | BO7: 10 | BR7: Segment | BS7: 1 | BT7: 1 | BU7: 2 | BV7: 2 | BW7: 3 | BX7: 3 | BY7: 4 | BZ7: 4 | CA7: 5 | CB7: 5 | CC7: 6 | CD7: 6 | CE7: 7 | CF7: 7 | CG7: 8 | CH7: 8 | CI7: 9 | CJ7: 9 | CK7: 10 | CL7: 10
B8: Period | X8: Period | AU8: Period | BR8: Period
B9: Night | C9: 0.2 | D9: 0.2 | E9: 0.2 | F9: 0.2 | G9: 0.2 | H9: 0.2 | I9: 0.2 | J9: 0.2 | K9: 0.2 | L9: 0.2 | M9: 0.2 | N9: 0.2 | O9: 0.2 | P9: 0.2 | Q9: 0.2 | R9: 0.2 | S9: 0.2 | T9: 0.2 | U9: 0.2 | V9: 0.2 | X9: Night | Y9: 7240.05 | Z9: 7042.95 | AA9: 2639.04 | AB9: 2406.12 | AC9: 801.16 | AD9: 1715.32 | AE9: 7495.71 | AF9: 7316.96 | AG9: 11318.85 | AH9: 7628.6 | AI9: 20517.49 | AJ9: 12567.24 | AK9: 16458.79 | AL9: 9027.41 | AM9: 20347.98 | AN9: 13625.19 | AO9: 8508.5 | AP9: 495.97 | AQ9: 13297.6 | AR9: 702.07 | AU9: Night | AV9: 21840 | AW9: 21840 | AX9: 21094.67 | AY9: 19790.6 | AZ9: 7679.69 | BA9: 8400 | BB9: 26880 | BC9: 26880 | BD9: 35411.75 | BE9: 33600 | BF9: 63995.75 | BG9: 60480 | BH9: 51493.43 | BI9: 48720 | BJ9: 64668.28 | BK9: 63786.13 | BL9: 57120 | BM9: 50124.25 | BN9: 76562.45 | BO9: 70522.58 | BR9: Night | BS9: 29080.05 | BT9: 28882.95 | BU9: 23733.71 | BV9: 22196.72 | BW9: 8480.85 | BX9: 10115.32 | BY9: 34375.71 | BZ9: 34196.96 | CA9: 46730.6 | CB9: 41228.6 | CC9: 84513.24 | CD9: 73047.24 | CE9: 67952.22 | CF9: 57747.41 | CG9: 85016.26 | CH9: 77411.32 | CI9: 65628.5 | CJ9: 50620.22 | CK9: 89860.05 | CL9: 71224.65
B10: AM-Early | C10: 1.63 | D10: 0.84 | E10: 1.33 | F10: 0.73 | G10: 1.39 | H10: 0.95 | I10: 1.65 | J10: 2.1 | K10: 1.78 | L10: 1.49 | M10: 2.1 | N10: 1.58 | O10: 2.1 | P10: 1.87 | Q10: 2.1 | R10: 1.38 | S10: 1.96 | T10: 1.17 | U10: 1.49 | V10: 0.75 | X10: AM-Early | Y10: 1755.26 | Z10: 1091.97 | AA10: 1872.7 | AB10: 1219.55 | AC10: 474.01 | AD10: 585.45 | AE10: 2458.98 | AF10: 1771.34 | AG10: 2805.05 | AH10: 1949.26 | AI10: 5271.43 | AJ10: 3522.14 | AK10: 3911.3 | AL10: 3068.86 | AM10: 4445.98 | AN10: 3854.75 | AO10: 3697.7 | AP10: 2828 | AQ10: 5643.55 | AR10: 3600.42 | AU10: AM-Early | AV10: 10110.13 | AW10: 6618.26 | AX10: 9608.36 | AY10: 6409.42 | AZ10: 2504.04 | BA10: 3075.42 | BB10: 13110.08 | BC10: 9483.7 | BD10: 16176.52 | BE10: 11542.34 | BF10: 27994.23 | BG10: 21222.1 | BH10: 19980.64 | BI10: 18385.34 | BJ10: 25415.06 | BK10: 22906.91 | BL10: 21943.28 | BM10: 17110.35 | BN10: 35204.93 | BO10: 22368.07 | BR10: AM-Early | BS10: 11865.39 | BT10: 7710.23 | BU10: 11481.05 | BV10: 7628.97 | BW10: 2978.05 | BX10: 3660.87 | BY10: 15569.06 | BZ10: 11255.04 | CA10: 18981.57 | CB10: 13491.6 | CC10: 33265.66 | CD10: 24744.24 | CE10: 23891.94 | CF10: 21454.2 | CG10: 29861.04 | CH10: 26761.65 | CI10: 25640.98 | CJ10: 19938.36 | CK10: 40848.48 | CL10: 25968.49
B11: AM-Peak | C11: 6.3 | D11: 0.95 | E11: 6.3 | F11: 1.25 | G11: 6.3 | H11: 2.1 | I11: 6.3 | J11: 2.1 | K11: 2.1 | L11: 2.1 | M11: 2.1 | N11: 2.1 | O11: 2.1 | P11: 2.1 | Q11: 2.1 | R11: 2.1 | S11: 2.1 | T11: 2.1 | U11: 2.1 | V11: 1.87 | X11: AM-Peak | Y11: 7433.38 | Z11: 2440.61 | AA11: 7689.04 | AB11: 1656.87 | AC11: 2405.02 | AD11: 3280.1 | AE11: 8778.6 | AF11: 7893.58 | AG11: 15988.86 | AH11: 7974.84 | AI11: 28762.26 | AJ11: 14450.91 | AK11: 23110.01 | AL11: 12247.59 | AM11: 29653.92 | AN11: 14615.55 | AO11: 15799.09 | AP11: 9638.63 | AQ11: 12519.56 | AR11: 10848.4 | AU11: AM-Peak | AV11: 33750.62 | AW11: 15155.74 | AX11: 33460.29 | AY11: 13853.69 | AZ11: 10254.98 | BA11: 10639.9 | BB11: 41909.4 | BC11: 31878.13 | BD11: 47371.14 | BE11: 38355.4 | BF11: 85285.74 | BG11: 69294.21 | BH11: 68761.99 | BI11: 56777.24 | BJ11: 86661.15 | BK11: 72054.58 | BL11: 68309.45 | BM11: 58581.45 | BN11: 76817.52 | BO11: 69810.07 | BR11: AM-Peak | BS11: 41184 | BT11: 17596.35 | BU11: 41149.33 | BV11: 15510.55 | BW11: 12660 | BX11: 13920 | BY11: 50688 | BZ11: 39771.72 | CA11: 63360 | CB11: 46330.23 | CC11: 114048 | CD11: 83745.12 | CE11: 91872 | CF11: 69024.83 | CG11: 116315.06 | CH11: 86670.13 | CI11: 84108.53 | CJ11: 68220.09 | CK11: 89337.08 | CL11: 80658.47
B12: AM-Shoulder | C12: 2.1 | D12: 1.34 | E12: 2.1 | F12: 0.64 | G12: 4.2 | H12: 4.2 | I12: 2.1 | J12: 2.1 | K12: 2.1 | L12: 2.1 | M12: 2.1 | N12: 2.1 | O12: 4.2 | P12: 2.1 | Q12: 2.1 | R12: 2.03 | S12: 1.94 | T12: 1.71 | U12: 1.68 | V12: 1.52 | X12: AM-Shoulder | Y12: 2608.52 | Z12: 973.69 | AA12: 2695.72 | AB12: 998.71 | AC12: 623.76 | AD12: 718.26 | AE12: 3130.3 | AF12: 2536.7 | AG12: 3710.32 | AH12: 2360.12 | AI12: 6674.57 | AJ12: 3918.45 | AK12: 3560.79 | AL12: 3306.62 | AM12: 7027.03 | AN12: 3794.3 | AO12: 3398.09 | AP12: 3042.74 | AQ12: 4087.14 | AR12: 3833.48 | AU12: AM-Shoulder | AV12: 9455.48 | AW12: 6384.5 | AX12: 9368.28 | AY12: 5421.12 | AZ12: 3347.15 | BA12: 3921.74 | BB12: 11717.7 | BC12: 11231.56 | BD12: 14849.68 | BE12: 13540.48 | BF12: 26733.43 | BG12: 24009.92 | BH12: 23351.21 | BI12: 19548.89 | BJ12: 28236.97 | BK12: 24615.59 | BL12: 21688.06 | BM12: 20433.63 | BN12: 26915.93 | BO12: 25585.03 | BR12: AM-Shoulder | BS12: 12064 | BT12: 7358.19 | BU12: 12064 | BV12: 6419.83 | BW12: 3970.92 | BX12: 4640 | BY12: 14848 | BZ12: 13768.27 | CA12: 18560 | CB12: 15900.6 | CC12: 33408 | CD12: 27928.37 | CE12: 26912 | CF12: 22855.52 | CG12: 35264 | CH12: 28409.89 | CI12: 25086.16 | CJ12: 23476.37 | CK12: 31003.06 | CL12: 29418.52
B13: MD | C13: 2.1 | D13: 3.78 | E13: 3.38 | F13: 1.58 | G13: 2.1 | H13: 2.1 | I13: 1.48 | J13: 2.1 | K13: 2.1 | L13: 2.1 | M13: 2.1 | N13: 2.1 | O13: 2.1 | P13: 2.1 | Q13: 2.1 | R13: 1.97 | S13: 1.87 | T13: 1.44 | U13: 1.61 | V13: 1.09 | X13: MD | Y13: 8223.29 | Z13: 7204.78 | AA13: 7946.01 | AB13: 9730.52 | AC13: 3130.63 | AD13: 3432.29 | AE13: 10217.56 | AF13: 11990.12 | AG13: 15690.22 | AH13: 15363.19 | AI13: 27106.02 | AJ13: 24505.94 | AK13: 19146.51 | AL13: 18396.74 | AM13: 21205.94 | AN13: 19903.1 | AO13: 16889.48 | AP13: 16523.79 | AQ13: 21504.6 | AR13: 23915.18 | AU13: MD | AV13: 30332.37 | AW13: 44754.17 | AX13: 41836.82 | AY13: 51190.79 | AZ13: 11081.7 | BA13: 12414.69 | BB13: 56442.04 | BC13: 48743.86 | BD13: 71509.78 | BE13: 69544.31 | BF13: 127716.85 | BG13: 131548.66 | BH13: 100181.46 | BI13: 106014.93 | BJ13: 126836.28 | BK13: 122740.14 | BL13: 105170.52 | BM13: 101818.56 | BN13: 136809.33 | BO13: 152321.7 | BR13: MD | BS13: 38555.66 | BT13: 51958.95 | BU13: 49782.83 | BV13: 60921.31 | BW13: 14212.33 | BX13: 15846.98 | BY13: 66659.6 | BZ13: 60733.98 | CA13: 87200 | CB13: 84907.49 | CC13: 154822.87 | CD13: 156054.6 | CE13: 119327.97 | CF13: 124411.67 | CG13: 148042.22 | CH13: 142643.24 | CI13: 122060 | CJ13: 118342.36 | CK13: 158313.94 | CL13: 176236.88
B14: PM-Shoulder | C14: 2.1 | D14: 3.98 | E14: 2.1 | F14: 2.1 | G14: 2.1 | H14: 3.54 | I14: 1.67 | J14: 2.1 | K14: 1.58 | L14: 2.1 | M14: 2.1 | N14: 2.1 | O14: 2.1 | P14: 2.1 | Q14: 2.09 | R14: 2.1 | S14: 1.78 | T14: 2.1 | U14: 1.52 | V14: 1.22 | X14: PM-Shoulder | Y14: 2428.79 | Z14: 1773.02 | AA14: 2798.58 | AB14: 2809.18 | AC14: 829.69 | AD14: 709.21 | AE14: 2353.79 | AF14: 2477.27 | AG14: 2694.26 | AH14: 3896.74 | AI14: 5008.87 | AJ14: 7037.72 | AK14: 4069.05 | AL14: 5675.16 | AM14: 5173.37 | AN14: 7417.65 | AO14: 4428.18 | AP14: 6444.74 | AQ14: 5396.78 | AR14: 5312.01 | AU14: PM-Shoulder | AV14: 7848.17 | AW14: 8700.26 | AX14: 9265.42 | AY14: 9254.82 | AZ14: 2476.26 | BA14: 3042.69 | BB14: 10102.94 | BC14: 7723.02 | BD14: 12566.07 | BE14: 14663.26 | BF14: 24577.56 | BG14: 26370.28 | BH14: 19824.32 | BI14: 21236.84 | BJ14: 25803.52 | BK14: 27846.35 | BL14: 21948.64 | BM14: 24726.08 | BN14: 27253.85 | BO14: 25219.34 | BR14: PM-Shoulder | BS14: 10276.96 | BT14: 10473.28 | BU14: 12064 | BV14: 12064 | BW14: 3305.95 | BX14: 3751.9 | BY14: 12456.73 | BZ14: 10200.29 | CA14: 15260.32 | CB14: 18560 | CC14: 29586.43 | CD14: 33408 | CE14: 23893.37 | CF14: 26912 | CG14: 30976.89 | CH14: 35264 | CI14: 26376.81 | CJ14: 31170.82 | CK14: 32650.64 | CL14: 30531.35
B15: PM-Peak | C15: 6.3 | D15: 6.3 | E15: 4.18 | F15: 6.17 | G15: 2.1 | H15: 6.3 | I15: 2.1 | J15: 2.1 | K15: 2.79 | L15: 5.94 | M15: 2.1 | N15: 5.99 | O15: 2.1 | P15: 5.97 | Q15: 2.1 | R15: 4.2 | S15: 2.1 | T15: 2.81 | U15: 2.1 | V15: 2.1 | X15: PM-Peak | Y15: 7418.44 | Z15: 7743.1 | AA15: 6685.47 | AB15: 8093.6 | AC15: 2816.93 | AD15: 2872.43 | AE15: 10006.83 | AF15: 11419.55 | AG15: 8461.62 | AH15: 11214.57 | AI15: 19319.55 | AJ15: 20074.4 | AK15: 15964.91 | AL15: 16201.5 | AM15: 22844.41 | AN15: 20091.1 | AO15: 15142.29 | AP15: 13514.8 | AQ15: 17672.37 | AR15: 17073.32 | AU15: PM-Peak | AV15: 31506.4 | AW15: 33440.9 | AX15: 29506.53 | AY15: 33090.4 | AZ15: 7659.81 | BA15: 11898.55 | BB15: 33520.34 | BC15: 27296.17 | BD15: 41171.89 | BE15: 52145.43 | BF15: 73687.01 | BG15: 93973.6 | BH15: 59855.57 | BI15: 75670.5 | BJ15: 80691.69 | BK15: 91176.79 | BL15: 65900.29 | BM15: 69223.19 | BN15: 83888.08 | BO15: 82816.37 | BR15: PM-Peak | BS15: 38924.83 | BT15: 41184 | BU15: 36192 | BV15: 41184 | BW15: 10476.74 | BX15: 14770.98 | BY15: 43527.18 | BZ15: 38715.72 | CA15: 49633.51 | CB15: 63360 | CC15: 93006.56 | CD15: 114048 | CE15: 75820.49 | CF15: 91872 | CG15: 103536.1 | CH15: 111267.88 | CI15: 81042.58 | CJ15: 82738 | CK15: 101560.44 | CL15: 99889.7
B16: PM-Late | C16: 1.45 | D16: 2.1 | E16: 0.41 | F16: 0.44 | G16: 0.55 | H16: 0.51 | I16: 0.7 | J16: 2.1 | K16: 1.53 | L16: 2.1 | M16: 2.1 | N16: 2.1 | O16: 2.1 | P16: 2.1 | Q16: 2.1 | R16: 2.1 | S16: 2.1 | T16: 1.63 | U16: 1.75 | V16: 1.3 | X16: PM-Late | Y16: 3459.94 | Z16: 4405.91 | AA16: 3569.31 | AB16: 3796.65 | AC16: 812.05 | AD16: 1506.37 | AE16: 2343.93 | AF16: 4869.16 | AG16: 4385.71 | AH16: 5769.55 | AI16: 8803.63 | AJ16: 10638.98 | AK16: 6964.11 | AL16: 8605.45 | AM16: 8834.07 | AN16: 8658.21 | AO16: 6564.68 | AP16: 6591.08 | AQ16: 8974.15 | AR16: 9239.63 | AU16: PM-Late | AV16: 17428.85 | AW16: 21173.02 | AX16: 14571.11 | AY16: 15539.74 | AZ16: 4418.27 | BA16: 6557.85 | BB16: 16694.52 | BC16: 19465.72 | BD16: 22606.49 | BE16: 25178.35 | BF16: 38731.49 | BG16: 46829.9 | BH16: 29877.1 | BI16: 38312.84 | BJ16: 39370.83 | BK16: 43403.31 | BL16: 33525.4 | BM16: 34245.64 | BN16: 47098.1 | BO16: 49822.87 | BR16: PM-Late | BS16: 20888.79 | BT16: 25578.93 | BU16: 18140.42 | BV16: 19336.39 | BW16: 5230.32 | BX16: 8064.22 | BY16: 19038.46 | BZ16: 24334.88 | CA16: 26992.2 | CB16: 30947.9 | CC16: 47535.12 | CD16: 57468.88 | CE16: 36841.2 | CF16: 46918.29 | CG16: 48204.9 | CH16: 52061.52 | CI16: 40090.08 | CJ16: 40836.72 | CK16: 56072.25 | CL16: 59062.5
B19: CaptureRateLights | X19: ML Volume (PCE/Period) | AU19: GP Volume (PCE/Period) | BR19: Highway Volume
