Workbook

Sheet Year_2025
B1: Lenght
C2: 11 | D2: 12 | E2: 13 | F2: 14 | G2: 15 | H2: 16 | I2: 17 | J2: 18
B3: Length | C3: 2.4 | D3: 2.5 | E3: 2.8 | F3: 3.3 | G3: 2.6 | H3: 2.6 | I3: 2.1 | J3: 0.8
B5: TollLights | T5: ML PCE.Miles | AM5: GP PCE.Miles | BF5: Highway PCE.Miles
B6: Direction | C6: NB | D6: SB | E6: NB | F6: SB | G6: NB | H6: SB | I6: NB | J6: SB | K6: NB | L6: SB | M6: NB | N6: SB | O6: NB | P6: SB | Q6: NB | R6: SB | T6: Direction | U6: NB | V6: SB | W6: NB | X6: SB | Y6: NB | Z6: SB | AA6: NB | AB6: SB | AC6: NB | AD6: SB | AE6: NB | AF6: SB | AG6: NB | AH6: SB | AI6: NB | AJ6: SB | AM6: Direction | AN6: NB | AO6: SB | AP6: NB | AQ6: SB | AR6: NB | AS6: SB | AT6: NB | AU6: SB | AV6: NB | AW6: SB | AX6: NB | AY6: SB | AZ6: NB | BA6: SB | BB6: NB | BC6: SB | BF6: Direction | BG6: NB | BH6: SB | BI6: NB | BJ6: SB | BK6: NB | BL6: SB | BM6: NB | BN6: SB | BO6: NB | BP6: SB | BQ6: NB | BR6: SB | BS6: NB | BT6: SB | BU6: NB | BV6: SB
B7: Segment | C7: 11 | D7: 11 | E7: 12 | F7: 12 | G7: 13 | H7: 13 | I7: 14 | J7: 14 | K7: 15 | L7: 15 | M7: 16 | N7: 16 | O7: 17 | P7: 17 | Q7: 18 | R7: 18 | T7: Segment | U7: 11 | V7: 11 | W7: 12 | X7: 12 | Y7: 13 | Z7: 13 | AA7: 14 | AB7: 14 | AC7: 15 | AD7: 15 | AE7: 16 | AF7: 16 | AG7: 17 | AH7: 17 | AI7: 18 | AJ7: 18 | AM7: Segment | AN7: 11 | AO7: 11 | AP7: 12 | AQ7: 12 | AR7: 13 | AS7: 13 | AT7: 14 | AU7: 14 | AV7: 15 | AW7: 15 | AX7: 16 | AY7: 16 | AZ7: 17 | BA7: 17 | BB7: 18 | BC7: 18 | BF7: Segment | BG7: 11 | BH7: 11 | BI7: 12 | BJ7: 12 | BK7: 13 | BL7: 13 | BM7: 14 | BN7: 14 | BO7: 15 | BP7: 15 | BQ7: 16 | BR7: 16 | BS7: 17 | BT7: 17 | BU7: 18 | BV7: 18
B8: Period | T8: Period | AM8: Period | BF8: Period
B9: Night | C9: 0.2 | D9: 0.2 | E9: 0.2 | F9: 0.2 | G9: 0.2 | H9: 0.2 | I9: 0.2 | J9: 0.2 | K9: 0.2 | L9: 0.2 | M9: 0.2 | N9: 0.2 | O9: 0.2 | P9: 0.2 | Q9: 0.2 | R9: 0.2 | T9: Night | U9: 2332.33 | V9: 2322.31 | W9: 2957.58 | X9: 2252.97 | Y9: 1803.05 | Z9: 1595.26 | AA9: 2162.97 | AB9: 1528.98 | AC9: 1515.84 | AD9: 1862.08 | AE9: 1515.84 | AF9: 1798.96 | AG9: 500.83 | AH9: 461.09 | AI9: 1804.93 | AJ9: 1445.71 | AM9: Night | AN9: 37517.27 | AO9: 37258.49 | AP9: 45972.42 | AQ9: 35354.53 | AR9: 32869.35 | AS9: 29255.14 | AT9: 33665.13 | AU9: 28939.92 | AV9: 28423.16 | AW9: 34810.92 | AX9: 28423.16 | AY9: 33636.44 | AZ9: 9362.87 | BA9: 8623.51 | BB9: 16417.47 | BC9: 13383.09 | BF9: Night | BG9: 39849.6 | BH9: 39580.8 | BI9: 48930 | BJ9: 37607.5 | BK9: 34672.4 | BL9: 30850.4 | BM9: 35828.1 | BN9: 30468.9 | BO9: 29939 | BP9: 36673 | BQ9: 29939 | BR9: 35435.4 | BS9: 9863.7 | BT9: 9084.6 | BU9: 18222.4 | BV9: 14828.8
B10: AM-Early | C10: 1.04 | D10: 0.5 | E10: 0.4 | F10: 1.56 | G10: 0.7 | H10: 0.75 | I10: 0.78 | J10: 0.59 | K10: 0.49 | L10: 0.36 | M10: 0.49 | N10: 0.37 | O10: 0.53 | P10: 0.53 | Q10: 1.26 | R10: 0.94 | T10: AM-Early | U10: 2406.79 | V10: 1538.21 | W10: 2871.94 | X10: 1593.07 | Y10: 3529.67 | Z10: 1754.67 | AA10: 3758.12 | AB10: 1914.55 | AC10: 1696.99 | AD10: 2365.19 | AE10: 1696.95 | AF10: 2337.48 | AG10: 1143.82 | AH10: 938.12 | AI10: 964.94 | AJ10: 763.32 | AM10: AM-Early | AN10: 13853.21 | AO10: 9026.59 | AP10: 17213.06 | AQ10: 9822.05 | AR10: 19007.53 | AS10: 9543.33 | AT10: 20189.98 | AU10: 10721.15 | AV10: 9904.21 | AW10: 12946.21 | AX10: 9904.25 | AY10: 12789.32 | AZ10: 6168.38 | BA10: 5055.28 | BB10: 5275.06 | BC10: 4507.08 | BF10: AM-Early | BG10: 16260 | BH10: 10564.8 | BI10: 20085 | BJ10: 11415.12 | BK10: 22537.2 | BL10: 11298 | BM10: 23948.1 | BN10: 12635.7 | BO10: 11601.2 | BP10: 15311.4 | BQ10: 11601.2 | BR10: 15126.8 | BS10: 7312.2 | BT10: 5993.4 | BU10: 6240 | BV10: 5270.4
B11: AM-Peak | C11: 1.6 | D11: 1.29 | E11: 0.82 | F11: 1.6 | G11: 1.6 | H11: 0.86 | I11: 1.22 | J11: 0.72 | K11: 0.44 | L11: 0.49 | M11: 0.5 | N11: 0.57 | O11: 0.67 | P11: 0.9 | Q11: 1.17 | R11: 1.6 | T11: AM-Peak | U11: 11132.91 | V11: 4416.75 | W11: 10513.25 | X11: 9835.31 | Y11: 13206.74 | Z11: 9313.28 | AA11: 13342.95 | AB11: 9903.27 | AC11: 4965.72 | AD11: 5774.95 | AE11: 4109.66 | AF11: 4694.78 | AG11: 2903.49 | AH11: 1384.11 | AI11: 1973.91 | AJ11: 2596.03 | AM11: AM-Peak | AN11: 50220.5 | AO11: 26575.29 | AP11: 67096.75 | AQ11: 37740.19 | AR11: 71717.96 | AS11: 52133.84 | AT11: 76880.87 | AU11: 57329.76 | AV11: 29305.17 | AW11: 33161.93 | AX11: 24188.74 | AY11: 26895.22 | AZ11: 16254.49 | BA11: 12513.69 | BB11: 11194.89 | BC11: 12965.57 | BF11: AM-Peak | BG11: 61353.41 | BH11: 30992.04 | BI11: 77610 | BJ11: 47575.5 | BK11: 84924.7 | BL11: 61447.12 | BM11: 90223.83 | BN11: 67233.02 | BO11: 34270.9 | BP11: 38936.88 | BQ11: 28298.4 | BR11: 31590 | BS11: 19157.98 | BT11: 13897.8 | BU11: 13168.8 | BV11: 15561.6
B12: AM-Shoulder | C12: 1.3 | D12: 0.86 | E12: 0.6 | F12: 1.42 | G12: 1.02 | H12: 0.75 | I12: 0.43 | J12: 0.46 | K12: 0.36 | L12: 0.9 | M12: 0.43 | N12: 0.37 | O12: 0.39 | P12: 0.4 | Q12: 1.04 | R12: 1.15 | T12: AM-Shoulder | U12: 2533.39 | V12: 1496.45 | W12: 3023 | X12: 3080.56 | Y12: 3752.48 | Z12: 3250.94 | AA12: 3698.55 | AB12: 3151.9 | AC12: 2063.77 | AD12: 884.26 | AE12: 1654.95 | AF12: 808.6 | AG12: 449.52 | AH12: 449.73 | AI12: 592.11 | AJ12: 608.98 | AM12: AM-Shoulder | AN12: 16294.61 | AO12: 9521.47 | AP12: 21112 | AQ12: 20241.44 | AR12: 21836.72 | AS12: 19135.06 | AT12: 21232.95 | AU12: 18496.1 | AV12: 12255.07 | AW12: 8036.34 | AX12: 9800.65 | AY12: 8112 | AZ12: 3780 | BA12: 3781.77 | BB12: 3763.09 | BC12: 3774.86 | BF12: AM-Shoulder | BG12: 18828 | BH12: 11017.92 | BI12: 24135 | BJ12: 23322 | BK12: 25589.2 | BL12: 22386 | BM12: 24931.5 | BN12: 21648 | BO12: 14318.84 | BP12: 8920.6 | BQ12: 11455.6 | BR12: 8920.6 | BS12: 4229.52 | BT12: 4231.5 | BU12: 4355.2 | BV12: 4383.84
B13: MD | C13: 1.4 | D13: 1.26 | E13: 0.9 | F13: 1.05 | G13: 0.72 | H13: 0.67 | I13: 0.38 | J13: 0.4 | K13: 0.33 | L13: 0.32 | M13: 0.35 | N13: 0.32 | O13: 0.44 | P13: 0.43 | Q13: 1.42 | R13: 1.47 | T13: MD | U13: 9021.33 | V13: 10345.83 | W13: 11445.31 | X13: 12128.17 | Y13: 12932.57 | Z13: 15215.44 | AA13: 12964.95 | AB13: 15897.9 | AC13: 12434.61 | AD13: 10492.18 | AE13: 12230.6 | AF13: 10275.37 | AG13: 3978.87 | AH13: 3835.98 | AI13: 4396.52 | AJ13: 4207.25 | AM13: MD | AN13: 55910.67 | AO13: 61654.17 | AP13: 76842.19 | AQ13: 77071.83 | AR13: 73727.43 | AS13: 82812.56 | AT13: 72307.05 | AU13: 87359.1 | AV13: 68971.39 | AW13: 59434.82 | AX13: 67758.4 | AY13: 58182.63 | AZ13: 21735.63 | BA13: 20954.52 | BB13: 27155.48 | BC13: 25530.72 | BF13: MD | BG13: 64932 | BH13: 72000 | BI13: 88287.5 | BJ13: 89200 | BK13: 86660 | BL13: 98028 | BM13: 85272 | BN13: 103257 | BO13: 81406 | BP13: 69927 | BQ13: 79989 | BR13: 68458 | BS13: 25714.5 | BT13: 24790.5 | BU13: 31552 | BV13: 29737.97
B14: PM-Shoulder | C14: 1.21 | D14: 1.2 | E14: 0.45 | F14: 0.53 | G14: 0.67 | H14: 1 | I14: 0.32 | J14: 0.55 | K14: 0.21 | L14: 0.2 | M14: 0.27 | N14: 0.25 | O14: 0.34 | P14: 0.3 | Q14: 0.58 | R14: 1.23 | T14: PM-Shoulder | U14: 2946.61 | V14: 2725.44 | W14: 3386.47 | X14: 4267.02 | Y14: 4491.75 | Z14: 5481.41 | AA14: 4171.02 | AB14: 5569.83 | AC14: 2831.23 | AD14: 2271.52 | AE14: 2393.27 | AF14: 1871.44 | AG14: 1278.12 | AH14: 1137.84 | AI14: 777.04 | AJ14: 758.78 | AM14: PM-Shoulder | AN14: 14620.88 | AO14: 12658.92 | AP14: 18497.15 | AQ14: 20777.98 | AR14: 20328.28 | AS14: 25083.82 | AT14: 18460.38 | AU14: 24004.77 | AV14: 11735.6 | AW14: 10091.86 | AX14: 9865.73 | AY14: 8019.27 | AZ14: 5308.63 | BA14: 4720.36 | BB14: 3837.92 | BC14: 3402.82 | BF14: PM-Shoulder | BG14: 17567.49 | BH14: 15384.36 | BI14: 21883.62 | BJ14: 25045 | BK14: 24820.03 | BL14: 30565.23 | BM14: 22631.4 | BN14: 29574.6 | BO14: 14566.83 | BP14: 12363.38 | BQ14: 12259 | BR14: 9890.71 | BS14: 6586.75 | BT14: 5858.21 | BU14: 4614.96 | BV14: 4161.6
B15: PM-Peak | C15: 1.55 | D15: 1.44 | E15: 1.07 | F15: 0.72 | G15: 0.75 | H15: 0.82 | I15: 0.48 | J15: 0.52 | K15: 0.36 | L15: 0.38 | M15: 0.48 | N15: 0.49 | O15: 0.9 | P15: 0.47 | Q15: 1.6 | R15: 1.42 | T15: PM-Peak | U15: 9597 | V15: 9715.69 | W15: 8368.8 | X15: 10537.48 | Y15: 12150.78 | Z15: 13393.05 | AA15: 11843 | AB15: 13628.06 | AC15: 8580.69 | AD15: 7716.54 | AE15: 6923.26 | AF15: 6209.95 | AG15: 1073.52 | AH15: 3423.95 | AI15: 2124.67 | AJ15: 2306.6 | AM15: PM-Peak | AN15: 47069.86 | AO15: 46321.91 | AP15: 44554.2 | AQ15: 54832.52 | AR15: 55688.31 | AS15: 59226.32 | AT15: 54050.48 | AU15: 59290.84 | AV15: 36658.04 | AW15: 35109.95 | AX15: 29267.72 | AY15: 28051.24 | AZ15: 9718.38 | BA15: 14150.67 | BB15: 9524.93 | BC15: 11184.28 | BF15: PM-Peak | BG15: 56666.86 | BH15: 56037.6 | BI15: 52923 | BJ15: 65370 | BK15: 67839.09 | BL15: 72619.37 | BM15: 65893.48 | BN15: 72918.89 | BO15: 45238.73 | BP15: 42826.49 | BQ15: 36190.98 | BR15: 34261.19 | BS15: 10791.9 | BT15: 17574.62 | BU15: 11649.6 | BV15: 13490.88
B16: PM-Late | C16: 0.5 | D16: 0.43 | E16: 0.6 | F16: 0.2 | G16: 0.67 | H16: 0.59 | I16: 0.5 | J16: 0.39 | K16: 0.48 | L16: 0.53 | M16: 0.48 | N16: 0.53 | O16: 0.38 | P16: 0.32 | Q16: 0.71 | R16: 1.14 | T16: PM-Late | U16: 4473.33 | V16: 5852.34 | W16: 4082.13 | X16: 4355.99 | Y16: 4207 | Z16: 5093.21 | AA16: 3921.81 | AB16: 5422.39 | AC16: 4622.71 | AD16: 3910.53 | AE16: 4622.71 | AF16: 3910.73 | AG16: 825.3 | AH16: 1297.59 | AI16: 1654.3 | AJ16: 1821.58 | AM16: PM-Late | AN16: 22721.07 | AO16: 27447.66 | AP16: 24545.37 | AQ16: 26851.51 | AR16: 19959.8 | AS16: 22643.59 | AT16: 18749.19 | AU16: 23525.21 | AV16: 21585.29 | AW16: 17344.47 | AX16: 21585.29 | AY16: 17344.27 | AZ16: 4536 | BA16: 4718.91 | BB16: 9181.7 | BC16: 9392.21 | BF16: PM-Late | BG16: 27194.4 | BH16: 33300 | BI16: 28627.5 | BJ16: 31207.5 | BK16: 24166.8 | BL16: 27736.8 | BM16: 22671 | BN16: 28947.6 | BO16: 26208 | BP16: 21255 | BQ16: 26208 | BR16: 21255 | BS16: 5361.3 | BT16: 6016.5 | BU16: 10836 | BV16: 11213.79
B19: CaptureRateLights | T19: ML Volume (PCE/Period) | AM19: GP Volume (PCE/Period) | BF19: Highway Volume
B20: Direction | C20: NB | D20: SB | E20: NB | F20: SB | G20: NB | H20: SB | I20: NB | J20: SB | K20: NB | L20: SB | M20: NB | N20: SB | O20: NB | P20: SB | Q20: NB | R20: SB | T20: Direction | U20: NB | V20: SB | W20: NB | X20: SB | Y20: NB | Z20: SB | AA20: NB | AB20: SB | AC20: NB | AD20: SB | AE20: NB | AF20: SB | AG20: NB | AH20: SB | AI20: NB | AJ20: SB | AM20: Direction | AN20: NB | AO20: SB | AP20: NB | AQ20: SB | AR20: NB | AS20: SB | AT20: NB | AU20: SB | AV20: NB | AW20: SB | AX20: NB | AY20: SB | AZ20: NB | BA20: SB | BB20: NB | BC20: SB | BF20: Direction | BG20: NB | BH20: SB | BI20: NB | BJ20: SB | BK20: NB | BL20: SB | BM20: NB | BN20: SB | BO20: NB | BP20: SB | BQ20: NB | BR20: SB | BS20: NB | BT20: SB | BU20: NB | BV20: SB
B21: Segment | C21: 11 | D21: 11 | E21: 12 | F21: 12 | G21: 13 | H21: 13 | I21: 14 | J21: 14 | K21: 15 | L21: 15 | M21: 16 | N21: 16 | O21: 17 | P21: 17 | Q21: 18 | R21: 18 | T21: Segment | U21: 11 | V21: 11 | W21: 12 | X21: 12 | Y21: 13 | Z21: 13 | AA21: 14 | AB21: 14 | AC21: 15 | AD21: 15 | AE21: 16 | AF21: 16 | AG21: 17 | AH21: 17 | AI21: 18 | AJ21: 18 | AM21: Segment | AN21: 11 | AO21: 11 | AP21: 12 | AQ21: 12 | AR21: 13 | AS21: 13 | AT21: 14 | AU21: 14 | AV21: 15 | AW21: 15 | AX21: 16 | AY21: 16 | AZ21: 17 | BA21: 17 | BB21: 18 | BC21: 18 | BF21: Segment | BG21: 11 | BH21: 11 | BI21: 12 | BJ21: 12 | BK21: 13 | BL21: 13 | BM21: 14 | BN21: 14 | BO21: 15 | BP21: 15 | BQ21: 16 | BR21: 16 | BS21: 17 | BT21: 17 | BU21: 18 | BV21: 18
B22: Period | T22: Period | AM22: Period | BF22: Period
B23: Night | C23: 0.06 | D23: 0.06 | E23: 0.06 | F23: 0.06 | G23: 0.05 | H23: 0.05 | I23: 0.06 | J23: 0.05 | K23: 0.05 | L23: 0.05 | M23: 0.05 | N23: 0.05 | O23: 0.05 | P23: 0.05 | Q23: 0.1 | R23: 0.1 | T23: Night | U23: 971.81 | V23: 967.63 | W23: 1183.03 | X23: 901.19 | Y23: 643.95 | Z23: 569.74 | AA23: 655.44 | AB23: 463.33 | AC23: 583.02 | AD23: 716.18 | AE23: 583.02 | AF23: 691.91 | AG23: 238.49 | AH23: 219.57 | AI23: 2256.16 | AJ23: 1807.14 | AM23: Night | AN23: 15632.19 | AO23: 15524.37 | AP23: 18388.97 | AQ23: 14141.81 | AR23: 11739.05 | AS23: 10448.26 | AT23: 10201.56 | AU23: 8769.67 | AV23: 10931.98 | AW23: 13388.82 | AX23: 10931.98 | AY23: 12937.09 | AZ23: 4458.51 | BA23: 4106.43 | BB23: 20521.84 | BC23: 16728.86 | BF23: Night | BG23: 16604 | BH23: 16492 | BI23: 19572 | BJ23: 15043 | BK23: 12383 | BL23: 11018 | BM23: 10857 | BN23: 9233 | BO23: 11515 | BP23: 14105 | BQ23: 11515 | BR23: 13629 | BS23: 4697 | BT23: 4326 | BU23: 22778 | BV23: 18536
B24: AM-Early | C24: 0.16 | D24: 0.17 | E24: 0.16 | F24: 0.17 | G24: 0.17 | H24: 0.17 | I24: 0.17 | J24: 0.17 | K24: 0.18 | L24: 0.17 | M24: 0.18 | N24: 0.17 | O24: 0.18 | P24: 0.18 | Q24: 0.17 | R24: 0.18 | T24: AM-Early | U24: 1002.83 | V24: 640.92 | W24: 1148.78 | X24: 637.23 | Y24: 1260.6 | Z24: 626.67 | AA24: 1138.82 | AB24: 580.17 | AC24: 652.69 | AD24: 909.69 | AE24: 652.67 | AF24: 899.03 | AG24: 544.68 | AH24: 446.73 | AI24: 1206.17 | AJ24: 954.15 | AM24: AM-Early | AN24: 5772.17 | AO24: 3761.08 | AP24: 6885.22 | AQ24: 3928.82 | AR24: 6788.4 | AS24: 3408.33 | AT24: 6118.18 | AU24: 3248.83 | AV24: 3809.31 | AW24: 4979.31 | AX24: 3809.33 | AY24: 4918.97 | AZ24: 2937.32 | BA24: 2407.27 | BB24: 6593.83 | BC24: 5633.85 | BF24: AM-Early | BG24: 6775 | BH24: 4402 | BI24: 8034 | BJ24: 4566.05 | BK24: 8049 | BL24: 4035 | BM24: 7257 | BN24: 3829 | BO24: 4462 | BP24: 5889 | BQ24: 4462 | BR24: 5818 | BS24: 3482 | BT24: 2854 | BU24: 7800 | BV24: 6588
B25: AM-Peak | C25: 0.21 | D25: 0.17 | E25: 0.16 | F25: 0.26 | G25: 0.17 | H25: 0.17 | I25: 0.16 | J25: 0.17 | K25: 0.18 | L25: 0.17 | M25: 0.18 | N25: 0.18 | O25: 0.18 | P25: 0.1 | Q25: 0.18 | R25: 0.2 | T25: AM-Peak | U25: 4638.71 | V25: 1840.31 | W25: 4205.3 | X25: 3934.12 | Y25: 4716.69 | Z25: 3326.17 | AA25: 4043.32 | AB25: 3000.99 | AC25: 1909.89 | AD25: 2221.13 | AE25: 1580.64 | AF25: 1805.69 | AG25: 1382.62 | AH25: 659.1 | AI25: 2467.39 | AJ25: 3245.03 | AM25: AM-Peak | AN25: 20925.21 | AO25: 11073.04 | AP25: 26838.7 | AQ25: 15096.08 | AR25: 25613.56 | AS25: 18619.23 | AT25: 23297.23 | AU25: 17372.65 | AV25: 11271.22 | AW25: 12754.59 | AX25: 9303.36 | AY25: 10344.31 | AZ25: 7740.23 | BA25: 5958.9 | BB25: 13993.61 | BC25: 16206.97 | BF25: AM-Peak | BG25: 25563.92 | BH25: 12913.35 | BI25: 31044 | BJ25: 19030.2 | BK25: 30330.25 | BL25: 21945.4 | BM25: 27340.55 | BN25: 20373.64 | BO25: 13181.11 | BP25: 14975.72 | BQ25: 10884 | BR25: 12150 | BS25: 9122.85 | BT25: 6618 | BU25: 16461 | BV25: 19452
B26: AM-Shoulder | C26: 0.16 | D26: 0.17 | E26: 0.16 | F26: 0.17 | G26: 0.16 | H26: 0.17 | I26: 0.17 | J26: 0.17 | K26: 0.18 | L26: 0.1 | M26: 0.18 | N26: 0.1 | O26: 0.12 | P26: 0.12 | Q26: 0.18 | R26: 0.18 | T26: AM-Shoulder | U26: 1055.58 | V26: 623.52 | W26: 1209.2 | X26: 1232.22 | Y26: 1340.17 | Z26: 1161.05 | AA26: 1120.77 | AB26: 955.12 | AC26: 793.76 | AD26: 340.1 | AE26: 636.52 | AF26: 311 | AG26: 214.06 | AH26: 214.16 | AI26: 740.13 | AJ26: 761.22 | AM26: AM-Shoulder | AN26: 6789.42 | AO26: 3967.28 | AP26: 8444.8 | AQ26: 8096.58 | AR26: 7798.83 | AS26: 6833.95 | AT26: 6434.23 | AU26: 5604.88 | AV26: 4713.49 | AW26: 3090.9 | AX26: 3769.48 | AY26: 3120 | AZ26: 1800 | BA26: 1800.84 | BB26: 4703.87 | BC26: 4718.58 | BF26: AM-Shoulder | BG26: 7845 | BH26: 4590.8 | BI26: 9654 | BJ26: 9328.8 | BK26: 9139 | BL26: 7995 | BM26: 7555 | BN26: 6560 | BO26: 5507.25 | BP26: 3431 | BQ26: 4406 | BR26: 3431 | BS26: 2014.06 | BT26: 2015 | BU26: 5444 | BV26: 5479.8
B27: MD | C27: 0.16 | D27: 0.17 | E27: 0.16 | F27: 0.17 | G27: 0.17 | H27: 0.17 | I27: 0.17 | J27: 0.17 | K27: 0.18 | L27: 0.18 | M27: 0.18 | N27: 0.18 | O27: 0.18 | P27: 0.18 | Q27: 0.18 | R27: 0.18 | T27: MD | U27: 3758.89 | V27: 4310.76 | W27: 4578.12 | X27: 4851.27 | Y27: 4618.77 | Z27: 5434.09 | AA27: 3928.77 | AB27: 4817.55 | AC27: 4782.54 | AD27: 4035.45 | AE27: 4704.08 | AF27: 3952.07 | AG27: 1894.7 | AH27: 1826.66 | AI27: 5495.65 | AJ27: 5259.06 | AM27: MD | AN27: 23296.11 | AO27: 25689.24 | AP27: 30736.88 | AQ27: 30828.73 | AR27: 26331.23 | AS27: 29575.91 | AT27: 21911.23 | AU27: 26472.45 | AV27: 26527.46 | AW27: 22859.55 | AX27: 26060.92 | AY27: 22377.93 | AZ27: 10350.3 | BA27: 9978.34 | BB27: 33944.35 | BC27: 31913.4 | BF27: MD | BG27: 27055 | BH27: 30000 | BI27: 35315 | BJ27: 35680 | BK27: 30950 | BL27: 35010 | BM27: 25840 | BN27: 31290 | BO27: 31310 | BP27: 26895 | BQ27: 30765 | BR27: 26330 | BS27: 12245 | BT27: 11805 | BU27: 39440 | BV27: 37172.46
B28: PM-Shoulder | C28: 0.2 | D28: 0.21 | E28: 0.2 | F28: 0.2 | G28: 0.2 | H28: 0.19 | I28: 0.2 | J28: 0.2 | K28: 0.21 | L28: 0.21 | M28: 0.22 | N28: 0.22 | O28: 0.22 | P28: 0.22 | Q28: 0.22 | R28: 0.22 | T28: PM-Shoulder | U28: 1227.76 | V28: 1135.6 | W28: 1354.59 | X28: 1706.81 | Y28: 1604.2 | Z28: 1957.65 | AA28: 1263.94 | AB28: 1687.83 | AC28: 1088.93 | AD28: 873.66 | AE28: 920.49 | AF28: 719.78 | AG28: 608.63 | AH28: 541.83 | AI28: 971.3 | AJ28: 948.47 | AM28: PM-Shoulder | AN28: 6092.03 | AO28: 5274.55 | AP28: 7398.86 | AQ28: 8311.19 | AR28: 7260.1 | AS28: 8958.51 | AT28: 5594.06 | AU28: 7274.17 | AV28: 4513.69 | AW28: 3881.48 | AX28: 3794.51 | AY28: 3084.34 | AZ28: 2527.92 | BA28: 2247.79 | BB28: 4797.4 | BC28: 4253.53 | BF28: PM-Shoulder | BG28: 7319.79 | BH28: 6410.15 | BI28: 8753.45 | BJ28: 10018 | BK28: 8864.3 | BL28: 10916.15 | BM28: 6858 | BN28: 8962 | BO28: 5602.63 | BP28: 4755.15 | BQ28: 4715 | BR28: 3804.12 | BS28: 3136.55 | BT28: 2789.62 | BU28: 5768.7 | BV28: 5202
B29: PM-Peak | C29: 0.2 | D29: 0.2 | E29: 0.2 | F29: 0.2 | G29: 0.2 | H29: 0.2 | I29: 0.2 | J29: 0.2 | K29: 0.21 | L29: 0.21 | M29: 0.21 | N29: 0.22 | O29: 0.1 | P29: 0.22 | Q29: 0.23 | R29: 0.22 | T29: PM-Peak | U29: 3998.75 | V29: 4048.2 | W29: 3347.52 | X29: 4214.99 | Y29: 4339.56 | Z29: 4783.23 | AA29: 3588.79 | AB29: 4129.71 | AC29: 3300.26 | AD29: 2967.9 | AE29: 2662.79 | AF29: 2388.44 | AG29: 511.2 | AH29: 1630.45 | AI29: 2655.84 | AJ29: 2883.25 | AM29: PM-Peak | AN29: 19612.44 | AO29: 19300.8 | AP29: 17821.68 | AQ29: 21933.01 | AR29: 19888.68 | AS29: 21152.26 | AT29: 16378.93 | AU29: 17966.92 | AV29: 14099.25 | AW29: 13503.83 | AX29: 11256.82 | AY29: 10788.94 | AZ29: 4627.8 | BA29: 6738.41 | BB29: 11906.16 | BC29: 13980.35 | BF29: PM-Peak | BG29: 23611.19 | BH29: 23349 | BI29: 21169.2 | BJ29: 26148 | BK29: 24228.25 | BL29: 25935.49 | BM29: 19967.72 | BN29: 22096.63 | BO29: 17399.51 | BP29: 16471.73 | BQ29: 13919.61 | BR29: 13177.38 | BS29: 5139 | BT29: 8368.87 | BU29: 14562 | BV29: 16863.6
B30: PM-Late | C30: 0.2 | D30: 0.21 | E30: 0.2 | F30: 0.18 | G30: 0.21 | H30: 0.21 | I30: 0.21 | J30: 0.21 | K30: 0.22 | L30: 0.22 | M30: 0.22 | N30: 0.22 | O30: 0.18 | P30: 0.25 | Q30: 0.22 | R30: 0.22 | T30: PM-Late | U30: 1863.89 | V30: 2438.48 | W30: 1632.85 | X30: 1742.4 | Y30: 1502.5 | Z30: 1819 | AA30: 1188.43 | AB30: 1643.15 | AC30: 1777.96 | AD30: 1504.05 | AE30: 1777.97 | AF30: 1504.13 | AG30: 393 | AH30: 617.9 | AI30: 2067.88 | AJ30: 2276.98 | AM30: PM-Late | AN30: 9467.11 | AO30: 11436.52 | AP30: 9818.15 | AQ30: 10740.6 | AR30: 7128.5 | AS30: 8087 | AT30: 5681.57 | AU30: 7128.85 | AV30: 8302.04 | AW30: 6670.95 | AX30: 8302.03 | AY30: 6670.87 | AZ30: 2160 | BA30: 2247.1 | BB30: 11477.12 | BC30: 11740.27 | BF30: PM-Late | BG30: 11331 | BH30: 13875 | BI30: 11451 | BJ30: 12483 | BK30: 8631 | BL30: 9906 | BM30: 6870 | BN30: 8772 | BO30: 10080 | BP30: 8175 | BQ30: 10080 | BR30: 8175 | BS30: 2553 | BT30: 2865 | BU30: 13545 | BV30: 14017.24
B33: Revenue Per Period | T33: ML Flow (PCE/hr) | AM33: GP Flow (PCE/hr) | BF33: Highway Flow
B34: Direction | C34: NB | D34: SB | E34: NB | F34: SB | G34: NB | H34: SB | I34: NB | J34: SB | K34: NB | L34: SB | M34: NB | N34: SB | O34: NB | P34: SB | Q34: NB | R34: SB | T34: Direction | U34: NB | V34: SB | W34: NB | X34: SB | Y34: NB | Z34: SB | AA34: NB | AB34: SB | AC34: NB | AD34: SB | AE34: NB | AF34: SB | AG34: NB | AH34: SB | AI34: NB | AJ34: SB | AM34: Direction | AN34: NB | AO34: SB | AP34: NB | AQ34: SB | AR34: NB | AS34: SB | AT34: NB | AU34: SB | AV34: NB | AW34: SB | AX34: NB | AY34: SB | AZ34: NB | BA34: SB | BB34: NB | BC34: SB | BF34: Direction | BG34: NB | BH34: SB | BI34: NB | BJ34: SB | BK34: NB | BL34: SB | BM34: NB | BN34: SB | BO34: NB | BP34: SB | BQ34: NB | BR34: SB | BS34: NB | BT34: SB | BU34: NB | BV34: SB
B35: Segment | C35: 11 | D35: 11 | E35: 12 | F35: 12 | G35: 13 | H35: 13 | I35: 14 | J35: 14 | K35: 15 | L35: 15 | M35: 16 | N35: 16 | O35: 17 | P35: 17 | Q35: 18 | R35: 18 | T35: Segment | U35: 11 | V35: 11 | W35: 12 | X35: 12 | Y35: 13 | Z35: 13 | AA35: 14 | AB35: 14 | AC35: 15 | AD35: 15 | AE35: 16 | AF35: 16 | AG35: 17 | AH35: 17 | AI35: 18 | AJ35: 18 | AM35: Segment | AN35: 11 | AO35: 11 | AP35: 12 | AQ35: 12 | AR35: 13 | AS35: 13 | AT35: 14 | AU35: 14 | AV35: 15 | AW35: 15 | AX35: 16 | AY35: 16 | AZ35: 17 | BA35: 17 | BB35: 18 | BC35: 18 | BF35: Segment | BG35: 11 | BH35: 11 | BI35: 12 | BJ35: 12 | BK35: 13 | BL35: 13 | BM35: 14 | BN35: 14 | BO35: 15 | BP35: 15 | BQ35: 16 | BR35: 16 | BS35: 17 | BT35: 17 | BU35: 18 | BV35: 18
B36: Period | T36: Period | AM36: Period | BF36: Period
B37: Night | C37: 466.47 | D37: 464.46 | E37: 591.52 | F37: 450.59 | G37: 360.61 | H37: 319.05 | I37: 432.59 | J37: 305.8 | K37: 303.17 | L37: 372.42 | M37: 303.17 | N37: 359.79 | O37: 100.17 | P37: 92.22 | Q37: 360.99 | R37: 289.14 | T37: Night | U37: 138.83 | V37: 138.23 | W37: 169 | X37: 128.74 | Y37: 91.99 | Z37: 81.39 | AA37: 93.63 | AB37: 66.19 | AC37: 83.29 | AD37: 102.31 | AE37: 83.29 | AF37: 98.84 | AG37: 34.07 | AH37: 31.37 | AI37: 322.31 | AJ37: 258.16 | AM37: Night | AN37: 2233.17 | AO37: 2217.77 | AP37: 2627 | AQ37: 2020.26 | AR37: 1677.01 | AS37: 1492.61 | AT37: 1457.37 | AU37: 1252.81 | AV37: 1561.71 | AW37: 1912.69 | AX37: 1561.71 | AY37: 1848.16 | AZ37: 636.93 | BA37: 586.63 | BB37: 2931.69 | BC37: 2389.84 | BF37: Night | BG37: 2372 | BH37: 2356 | BI37: 2796 | BJ37: 2149 | BK37: 1769 | BL37: 1574 | BM37: 1551 | BN37: 1319 | BO37: 1645 | BP37: 2015 | BQ37: 1645 | BR37: 1947 | BS37: 671 | BT37: 618 | BU37: 3254 | BV37: 2648
B38: AM-Early | C38: 2511.01 | D38: 763.19 | E38: 1160.57 | F38: 2479.66 | G38: 2472.74 | H38: 1314.62 | I38: 2922.02 | J38: 1137.49 | K38: 837.72 | L38: 857.53 | M38: 837.73 | N38: 856.99 | O38: 600.55 | P38: 500.97 | Q38: 1211.45 | R38: 721.26 | T38: AM-Early | U38: 1002.83 | V38: 640.92 | W38: 1148.78 | X38: 637.23 | Y38: 1260.6 | Z38: 626.67 | AA38: 1138.82 | AB38: 580.17 | AC38: 652.69 | AD38: 909.69 | AE38: 652.67 | AF38: 899.03 | AG38: 544.68 | AH38: 446.73 | AI38: 1206.17 | AJ38: 954.15 | AM38: AM-Early | AN38: 5772.17 | AO38: 3761.08 | AP38: 6885.22 | AQ38: 3928.82 | AR38: 6788.4 | AS38: 3408.33 | AT38: 6118.18 | AU38: 3248.83 | AV38: 3809.31 | AW38: 4979.31 | AX38: 3809.33 | AY38: 4918.97 | AZ38: 2937.32 | BA38: 2407.27 | BB38: 6593.83 | BC38: 5633.85 | BF38: AM-Early | BG38: 6775 | BH38: 4402 | BI38: 8034 | BJ38: 4566.05 | BK38: 8049 | BL38: 4035 | BM38: 7257 | BN38: 3829 | BO38: 4462 | BP38: 5889 | BQ38: 4462 | BR38: 5818 | BS38: 3482 | BT38: 2854 | BU38: 7800 | BV38: 6588
B39: AM-Peak | C39: 17812.64 | D39: 5687.49 | E39: 8588.65 | F39: 15736.5 | G39: 21130.78 | H39: 8010.06 | I39: 16319.12 | J39: 7110.63 | K39: 2175.78 | L39: 2816.07 | M39: 2070.99 | N39: 2678.64 | O39: 1936.13 | P39: 1245.7 | Q39: 2303.25 | R39: 4153.64 | T39: AM-Peak | U39: 1546.24 | V39: 613.44 | W39: 1401.77 | X39: 1311.37 | Y39: 1572.23 | Z39: 1108.72 | AA39: 1347.77 | AB39: 1000.33 | AC39: 636.63 | AD39: 740.38 | AE39: 526.88 | AF39: 601.9 | AG39: 460.87 | AH39: 219.7 | AI39: 822.46 | AJ39: 1081.68 | AM39: AM-Peak | AN39: 6975.07 | AO39: 3691.01 | AP39: 8946.23 | AQ39: 5032.03 | AR39: 8537.85 | AS39: 6206.41 | AT39: 7765.74 | AU39: 5790.88 | AV39: 3757.07 | AW39: 4251.53 | AX39: 3101.12 | AY39: 3448.1 | AZ39: 2580.08 | BA39: 1986.3 | BB39: 4664.54 | BC39: 5402.32 | BF39: AM-Peak | BG39: 8521.31 | BH39: 4304.45 | BI39: 10348 | BJ39: 6343.4 | BK39: 10110.08 | BL39: 7315.13 | BM39: 9113.52 | BN39: 6791.21 | BO39: 4393.7 | BP39: 4991.91 | BQ39: 3628 | BR39: 4050 | BS39: 3040.95 | BT39: 2206 | BU39: 5487 | BV39: 6484
B40: AM-Shoulder | C40: 3287.34 | D40: 1282.07 | E40: 1820.81 | F40: 4376.28 | G40: 3826.33 | H40: 2440.99 | I40: 1583.25 | J40: 1448.75 | K40: 752.75 | L40: 795.83 | M40: 703.52 | N40: 302.96 | O40: 177.38 | P40: 177.71 | Q40: 617.13 | R40: 702.45 | T40: AM-Shoulder | U40: 1055.58 | V40: 623.52 | W40: 1209.2 | X40: 1232.22 | Y40: 1340.17 | Z40: 1161.05 | AA40: 1120.77 | AB40: 955.12 | AC40: 793.76 | AD40: 340.1 | AE40: 636.52 | AF40: 311 | AG40: 214.06 | AH40: 214.16 | AI40: 740.13 | AJ40: 761.22 | AM40: AM-Shoulder | AN40: 6789.42 | AO40: 3967.28 | AP40: 8444.8 | AQ40: 8096.58 | AR40: 7798.83 | AS40: 6833.95 | AT40: 6434.23 | AU40: 5604.88 | AV40: 4713.49 | AW40: 3090.9 | AX40: 3769.48 | AY40: 3120 | AZ40: 1800 | BA40: 1800.84 | BB40: 4703.87 | BC40: 4718.58 | BF40: AM-Shoulder | BG40: 7845 | BH40: 4590.8 | BI40: 9654 | BJ40: 9328.8 | BK40: 9139 | BL40: 7995 | BM40: 7555 | BN40: 6560 | BO40: 5507.25 | BP40: 3431 | BQ40: 4406 | BR40: 3431 | BS40: 2014.06 | BT40: 2015 | BU40: 5444 | BV40: 5479.8
B41: MD | C41: 12634.66 | D41: 13067.49 | E41: 10295.66 | F41: 12753.01 | G41: 9300.54 | H41: 10163.58 | I41: 4948.15 | J41: 6300.76 | K41: 4058.85 | L41: 3339.1 | M41: 4316.15 | N41: 3335.32 | O41: 1745.04 | P41: 1642.82 | Q41: 6253.22 | R41: 6192.58 | T41: MD | U41: 751.78 | V41: 862.15 | W41: 915.62 | X41: 970.25 | Y41: 923.75 | Z41: 1086.82 | AA41: 785.75 | AB41: 963.51 | AC41: 956.51 | AD41: 807.09 | AE41: 940.82 | AF41: 790.41 | AG41: 378.94 | AH41: 365.33 | AI41: 1099.13 | AJ41: 1051.81 | AM41: MD | AN41: 4659.22 | AO41: 5137.85 | AP41: 6147.38 | AQ41: 6165.75 | AR41: 5266.25 | AS41: 5915.18 | AT41: 4382.25 | AU41: 5294.49 | AV41: 5305.49 | AW41: 4571.91 | AX41: 5212.18 | AY41: 4475.59 | AZ41: 2070.06 | BA41: 1995.67 | BB41: 6788.87 | BC41: 6382.68 | BF41: MD | BG41: 5411 | BH41: 6000 | BI41: 7063 | BJ41: 7136 | BK41: 6190 | BL41: 7002 | BM41: 5168 | BN41: 6258 | BO41: 6262 | BP41: 5379 | BQ41: 6153 | BR41: 5266 | BS41: 2449 | BT41: 2361 | BU41: 7888 | BV41: 7434.49
B42: PM-Shoulder | C42: 3562.96 | D42: 3257.85 | E42: 1540.54 | F42: 2247.47 | G42: 3029.88 | H42: 5467.7 | I42: 1338.36 | J42: 3080.63 | K42: 590.1 | L42: 454.31 | M42: 646.46 | N42: 469.59 | O42: 437.32 | P42: 342.81 | Q42: 450.76 | R42: 936.61 | T42: PM-Shoulder | U42: 1227.76 | V42: 1135.6 | W42: 1354.59 | X42: 1706.81 | Y42: 1604.2 | Z42: 1957.65 | AA42: 1263.94 | AB42: 1687.83 | AC42: 1088.93 | AD42: 873.66 | AE42: 920.49 | AF42: 719.78 | AG42: 608.63 | AH42: 541.83 | AI42: 971.3 | AJ42: 948.47 | AM42: PM-Shoulder | AN42: 6092.03 | AO42: 5274.55 | AP42: 7398.86 | AQ42: 8311.19 | AR42: 7260.1 | AS42: 8958.51 | AT42: 5594.06 | AU42: 7274.17 | AV42: 4513.69 | AW42: 3881.48 | AX42: 3794.51 | AY42: 3084.34 | AZ42: 2527.92 | BA42: 2247.79 | BB42: 4797.4 | BC42: 4253.53 | BF42: PM-Shoulder | BG42: 7319.79 | BH42: 6410.15 | BI42: 8753.45 | BJ42: 10018 | BK42: 8864.3 | BL42: 10916.15 | BM42: 6858 | BN42: 8962 | BO42: 5602.63 | BP42: 4755.15 | BQ42: 4715 | BR42: 3804.12 | BS42: 3136.55 | BT42: 2789.62 | BU42: 5768.7 | BV42: 5202
B43: PM-Peak | C43: 14865.7 | D43: 13970.06 | E43: 8921.19 | F43: 7548.29 | G43: 9173.31 | H43: 10951.54 | I43: 5743.55 | J43: 7088 | K43: 3057.31 | L43: 2899.18 | M43: 3299.14 | N43: 3014.29 | O43: 966.17 | P43: 1600.66 | Q43: 3399.47 | R43: 3285.74 | T43: PM-Peak | U43: 1332.92 | V43: 1349.4 | W43: 1115.84 | X43: 1405 | Y43: 1446.52 | Z43: 1594.41 | AA43: 1196.26 | AB43: 1376.57 | AC43: 1100.09 | AD43: 989.3 | AE43: 887.6 | AF43: 796.15 | AG43: 170.4 | AH43: 543.48 | AI43: 885.28 | AJ43: 961.08 | AM43: PM-Peak | AN43: 6537.48 | AO43: 6433.6 | AP43: 5940.56 | AQ43: 7311 | AR43: 6629.56 | AS43: 7050.75 | AT43: 5459.64 | AU43: 5988.97 | AV43: 4699.75 | AW43: 4501.28 | AX43: 3752.27 | AY43: 3596.31 | AZ43: 1542.6 | BA43: 2246.14 | BB43: 3968.72 | BC43: 4660.12 | BF43: PM-Peak | BG43: 7870.4 | BH43: 7783 | BI43: 7056.4 | BJ43: 8716 | BK43: 8076.08 | BL43: 8645.16 | BM43: 6655.91 | BN43: 7365.54 | BO43: 5799.84 | BP43: 5490.58 | BQ43: 4639.87 | BR43: 4392.46 | BS43: 1713 | BT43: 2789.62 | BU43: 4854 | BV43: 5621.2
B44: PM-Late | C44: 2242.92 | D44: 2526.16 | E44: 2434.7 | F44: 871.2 | G44: 2799.09 | H44: 3014.52 | I44: 1955.64 | J44: 2140.38 | K44: 2214.16 | L44: 2081.61 | M44: 2214.16 | N44: 2081.6 | O44: 315.89 | P44: 416.3 | Q44: 1171.21 | R44: 2068.08 | T44: PM-Late | U44: 621.3 | V44: 812.83 | W44: 544.28 | X44: 580.8 | Y44: 500.83 | Z44: 606.33 | AA44: 396.14 | AB44: 547.72 | AC44: 592.65 | AD44: 501.35 | AE44: 592.66 | AF44: 501.38 | AG44: 131 | AH44: 205.97 | AI44: 689.29 | AJ44: 758.99 | AM44: PM-Late | AN44: 3155.7 | AO44: 3812.17 | AP44: 3272.72 | AQ44: 3580.2 | AR44: 2376.17 | AS44: 2695.67 | AT44: 1893.86 | AU44: 2376.28 | AV44: 2767.35 | AW44: 2223.65 | AX44: 2767.34 | AY44: 2223.62 | AZ44: 720 | BA44: 749.03 | BB44: 3825.71 | BC44: 3913.42 | BF44: PM-Late | BG44: 3777 | BH44: 4625 | BI44: 3817 | BJ44: 4161 | BK44: 2877 | BL44: 3302 | BM44: 2290 | BN44: 2924 | BO44: 3360 | BP44: 2725 | BQ44: 3360 | BR44: 2725 | BS44: 851 | BT44: 955 | BU44: 4515 | BV44: 4672.41
B47: Revenue Per Period Lights | T47: ML V/C | AM47: GP V/C real | BF47: Highway Vol / GP Capacity
B48: Direction | C48: NB | D48: SB | E48: NB | F48: SB | G48: NB | H48: SB | I48: NB | J48: SB | K48: NB | L48: SB | M48: NB | N48: SB | O48: NB | P48: SB | Q48: NB | R48: SB | T48: Direction | U48: NB | V48: SB | W48: NB | X48: SB | Y48: NB | Z48: SB | AA48: NB | AB48: SB | AC48: NB | AD48: SB | AE48: NB | AF48: SB | AG48: NB | AH48: SB | AI48: NB | AJ48: SB | AM48: Direction | AN48: NB | AO48: SB | AP48: NB | AQ48: SB | AR48: NB | AS48: SB | AT48: NB | AU48: SB | AV48: NB | AW48: SB | AX48: NB | AY48: SB | AZ48: NB | BA48: SB | BB48: NB | BC48: SB | BF48: Direction | BG48: NB | BH48: SB | BI48: NB | BJ48: SB | BK48: NB | BL48: SB | BM48: NB | BN48: SB | BO48: NB | BP48: SB | BQ48: NB | BR48: SB | BS48: NB | BT48: SB | BU48: NB | BV48: SB
B49: Segment | C49: 11 | D49: 11 | E49: 12 | F49: 12 | G49: 13 | H49: 13 | I49: 14 | J49: 14 | K49: 15 | L49: 15 | M49: 16 | N49: 16 | O49: 17 | P49: 17 | Q49: 18 | R49: 18 | T49: Segment | U49: 11 | V49: 11 | W49: 12 | X49: 12 | Y49: 13 | Z49: 13 | AA49: 14 | AB49: 14 | AC49: 15 | AD49: 15 | AE49: 16 | AF49: 16 | AG49: 17 | AH49: 17 | AI49: 18 | AJ49: 18 | AM49: Segment | AN49: 11 | AO49: 11 | AP49: 12 | AQ49: 12 | AR49: 13 | AS49: 13 | AT49: 14 | AU49: 14 | AV49: 15 | AW49: 15 | AX49: 16 | AY49: 16 | AZ49: 17 | BA49: 17 | BB49: 18 | BC49: 18 | BF49: Segment | BG49: 11 | BH49: 11 | BI49: 12 | BJ49: 12 | BK49: 13 | BL49: 13 | BM49: 14 | BN49: 14 | BO49: 15 | BP49: 15 | BQ49: 16 | BR49: 16 | BS49: 17 | BT49: 17 | BU49: 18 | BV49: 18
B50: Period | T50: Period | AM50: Period | BF50: Period
B51: Night | C51: 285.56 | D51: 277.41 | E51: 320.03 | F51: 192.5 | G51: 257.99 | H51: 214.44 | I51: 298.51 | J51: 179.28 | K51: 157.8 | L51: 227.61 | M51: 157.8 | N51: 218.33 | O51: 58.78 | P51: 52.63 | Q51: 192.55 | R51: 124.44 | T51: Night | U51: 0.04 | V51: 0.04 | W51: 0.05 | X51: 0.04 | Y51: 0.03 | Z51: 0.02 | AA51: 0.03 | AB51: 0.02 | AC51: 0.02 | AD51: 0.03 | AE51: 0.02 | AF51: 0.03 | AG51: 0.01 | AH51: 0.01 | AI51: 0.09 | AJ51: 0.07 | AM51: Night | AN51: 0.28 | AO51: 0.28 | AP51: 0.26 | AQ51: 0.2 | AR51: 0.17 | AS51: 0.15 | AT51: 0.15 | AU51: 0.13 | AV51: 0.16 | AW51: 0.19 | AX51: 0.2 | AY51: 0.23 | AZ51: 0.11 | BA51: 0.1 | BB51: 0.49 | BC51: 0.4 | BF51: Night | BG51: 0.3 | BH51: 0.29 | BI51: 0.28 | BJ51: 0.21 | BK51: 0.18 | BL51: 0.16 | BM51: 0.16 | BN51: 0.13 | BO51: 0.16 | BP51: 0.2 | BQ51: 0.21 | BR51: 0.24 | BS51: 0.11 | BT51: 0.1 | BU51: 0.54 | BV51: 0.44
B52: AM-Early | C52: 2140.47 | D52: 612.93 | E52: 977.71 | F52: 1841.12 | G52: 2205 | H52: 1083.46 | I52: 2611.62 | J52: 919.94 | K52: 668.99 | L52: 724.08 | M52: 669 | N52: 723.59 | O52: 473.32 | P52: 395.1 | Q52: 1020.92 | R52: 535.67 | T52: AM-Early | U52: 0.28 | V52: 0.18 | W52: 0.32 | X52: 0.18 | Y52: 0.35 | Z52: 0.17 | AA52: 0.32 | AB52: 0.16 | AC52: 0.18 | AD52: 0.25 | AE52: 0.18 | AF52: 0.25 | AG52: 0.15 | AH52: 0.12 | AI52: 0.34 | AJ52: 0.27 | AM52: AM-Early | AN52: 0.78 | AO52: 0.51 | AP52: 0.57 | AQ52: 0.86 | AR52: 0.68 | AS52: 0.6 | AT52: 0.72 | AU52: 0.56 | AV52: 0.52 | AW52: 0.5 | AX52: 0.52 | AY52: 0.5 | AZ52: 0.51 | BA52: 0.49 | BB52: 0.85 | BC52: 0.75 | BF52: AM-Early | BG52: 0.92 | BH52: 0.6 | BI52: 0.67 | BJ52: 1 | BK52: 0.8 | BL52: 0.71 | BM52: 0.85 | BN52: 0.65 | BO52: 0.61 | BP52: 0.59 | BQ52: 0.61 | BR52: 0.59 | BS52: 0.61 | BT52: 0.59 | BU52: 1 | BV52: 0.88
B53: AM-Peak | C53: 14590.06 | D53: 4462.71 | E53: 6943.84 | F53: 11344.41 | G53: 18037.29 | H53: 6424.75 | I53: 13803.34 | J53: 5510.77 | K53: 1668.79 | L53: 2190.24 | M53: 1586.54 | N53: 2076.59 | O53: 1403.06 | P53: 783.03 | Q53: 1866.79 | R53: 3124.74 | T53: AM-Peak | U53: 0.43 | V53: 0.17 | W53: 0.39 | X53: 0.36 | Y53: 0.44 | Z53: 0.31 | AA53: 0.37 | AB53: 0.28 | AC53: 0.18 | AD53: 0.21 | AE53: 0.15 | AF53: 0.17 | AG53: 0.13 | AH53: 0.06 | AI53: 0.23 | AJ53: 0.3 | AM53: AM-Peak | AN53: 0.87 | AO53: 0.63 | AP53: 0.69 | AQ53: 0.9 | AR53: 0.85 | AS53: 0.62 | AT53: 0.78 | AU53: 0.58 | AV53: 0.38 | AW53: 0.43 | AX53: 0.38 | AY53: 0.43 | AZ53: 0.43 | BA53: 0.25 | BB53: 0.69 | BC53: 0.84 | BF53: AM-Peak | BG53: 1.07 | BH53: 0.73 | BI53: 0.8 | BJ53: 1.14 | BK53: 1.01 | BL53: 0.73 | BM53: 0.91 | BN53: 0.68 | BO53: 0.44 | BP53: 0.5 | BQ53: 0.44 | BR53: 0.5 | BS53: 0.51 | BT53: 0.28 | BU53: 0.81 | BV53: 1.01
B54: AM-Shoulder | C54: 2586.24 | D54: 993.3 | E54: 1335.68 | F54: 3139.65 | G54: 3134.41 | H54: 1883.47 | I54: 1242.78 | J54: 1145.19 | K54: 582.77 | L54: 517.14 | M54: 544.84 | N54: 222.12 | O54: 117.63 | P54: 118.09 | Q54: 453.67 | R54: 504.88 | T54: AM-Shoulder | U54: 0.29 | V54: 0.17 | W54: 0.34 | X54: 0.34 | Y54: 0.37 | Z54: 0.32 | AA54: 0.31 | AB54: 0.27 | AC54: 0.22 | AD54: 0.09 | AE54: 0.18 | AF54: 0.09 | AG54: 0.06 | AH54: 0.06 | AI54: 0.21 | AJ54: 0.21 | AM54: AM-Shoulder | AN54: 0.84 | AO54: 0.68 | AP54: 0.67 | AQ54: 0.88 | AR54: 0.78 | AS54: 0.68 | AT54: 0.58 | AU54: 0.56 | AV54: 0.47 | AW54: 0.24 | AX54: 0.47 | AY54: 0.3 | AZ54: 0.3 | BA54: 0.3 | BB54: 0.76 | BC54: 0.79 | BF54: AM-Shoulder | BG54: 0.97 | BH54: 0.79 | BI54: 0.77 | BJ54: 1.01 | BK54: 0.91 | BL54: 0.8 | BM54: 0.68 | BN54: 0.66 | BO54: 0.55 | BP54: 0.26 | BQ54: 0.55 | BR54: 0.33 | BS54: 0.34 | BT54: 0.34 | BU54: 0.87 | BV54: 0.91
B55: MD | C55: 10343.57 | D55: 10737.73 | E55: 7751.86 | F55: 9765.05 | G55: 7703.65 | H55: 8563.52 | I55: 4073.92 | J55: 5269.34 | K55: 3358.31 | L55: 2664.1 | M55: 3573.75 | N55: 2662.98 | O55: 1335.18 | P55: 1253.03 | Q55: 4715.36 | R55: 4744.92 | T55: MD | U55: 0.21 | V55: 0.24 | W55: 0.25 | X55: 0.27 | Y55: 0.26 | Z55: 0.3 | AA55: 0.22 | AB55: 0.27 | AC55: 0.27 | AD55: 0.22 | AE55: 0.26 | AF55: 0.22 | AG55: 0.11 | AH55: 0.1 | AI55: 0.31 | AJ55: 0.29 | AM55: MD | AN55: 0.84 | AO55: 0.82 | AP55: 0.74 | AQ55: 0.78 | AR55: 0.64 | AS55: 0.64 | AT55: 0.48 | AU55: 0.53 | AV55: 0.49 | AW55: 0.45 | AX55: 0.5 | AY55: 0.45 | AZ55: 0.42 | BA55: 0.41 | BB55: 0.87 | BC55: 0.88 | BF55: MD | BG55: 0.98 | BH55: 0.96 | BI55: 0.85 | BJ55: 0.91 | BK55: 0.75 | BL55: 0.76 | BM55: 0.57 | BN55: 0.63 | BO55: 0.58 | BP55: 0.53 | BQ55: 0.59 | BR55: 0.53 | BS55: 0.49 | BT55: 0.48 | BU55: 1.01 | BV55: 1.02
B56: PM-Shoulder | C56: 3066.09 | D56: 2879.56 | E56: 1257.81 | F56: 1953.86 | G56: 2626.77 | H56: 4939.79 | I56: 1166.91 | J56: 2805.24 | K56: 513.62 | L56: 390.74 | M56: 562.44 | N56: 404.46 | O56: 370.54 | P56: 290.31 | Q56: 368.68 | R56: 815.92 | T56: PM-Shoulder | U56: 0.34 | V56: 0.32 | W56: 0.38 | X56: 0.47 | Y56: 0.45 | Z56: 0.54 | AA56: 0.35 | AB56: 0.47 | AC56: 0.3 | AD56: 0.24 | AE56: 0.26 | AF56: 0.2 | AG56: 0.17 | AH56: 0.15 | AI56: 0.27 | AJ56: 0.26 | AM56: PM-Shoulder | AN56: 0.85 | AO56: 0.84 | AP56: 0.64 | AQ56: 0.72 | AR56: 0.73 | AS56: 0.84 | AT56: 0.56 | AU56: 0.73 | AV56: 0.45 | AW56: 0.39 | AX56: 0.45 | AY56: 0.39 | AZ56: 0.42 | BA56: 0.37 | BB56: 0.64 | BC56: 0.83 | BF56: PM-Shoulder | BG56: 1.02 | BH56: 1.02 | BI56: 0.76 | BJ56: 0.87 | BK56: 0.89 | BL56: 1.02 | BM56: 0.69 | BN56: 0.9 | BO56: 0.56 | BP56: 0.48 | BQ56: 0.56 | BR56: 0.48 | BS56: 0.52 | BT56: 0.46 | BU56: 0.76 | BV56: 1.02
B57: PM-Peak | C57: 13267.24 | D57: 12330.38 | E57: 7601.64 | F57: 6465.57 | G57: 8334.6 | H57: 10113.15 | I57: 5075.65 | J57: 6587.01 | K57: 2759.51 | L57: 2524.49 | M57: 2978.25 | N57: 2624.64 | O57: 765.45 | P57: 1402.96 | Q57: 2869.39 | R57: 2819.07 | T57: PM-Peak | U57: 0.37 | V57: 0.37 | W57: 0.31 | X57: 0.39 | Y57: 0.4 | Z57: 0.44 | AA57: 0.33 | AB57: 0.38 | AC57: 0.31 | AD57: 0.27 | AE57: 0.25 | AF57: 0.22 | AG57: 0.05 | AH57: 0.15 | AI57: 0.25 | AJ57: 0.27 | AM57: PM-Peak | AN57: 0.82 | AO57: 0.8 | AP57: 0.72 | AQ57: 0.67 | AR57: 0.66 | AS57: 0.71 | AT57: 0.55 | AU57: 0.6 | AV57: 0.47 | AW57: 0.45 | AX57: 0.47 | AY57: 0.45 | AZ57: 0.21 | BA57: 0.37 | BB57: 0.83 | BC57: 0.79 | BF57: PM-Peak | BG57: 0.98 | BH57: 0.97 | BI57: 0.86 | BJ57: 0.8 | BK57: 0.81 | BL57: 0.86 | BM57: 0.67 | BN57: 0.74 | BO57: 0.58 | BP57: 0.55 | BQ57: 0.58 | BR57: 0.55 | BS57: 0.23 | BT57: 0.46 | BU57: 1.01 | BV57: 0.95
B58: PM-Late | C58: 1986.85 | D58: 2305.2 | E58: 1992.51 | F58: 739.44 | G58: 2493.21 | H58: 2744.03 | I58: 1749.99 | J58: 2031.17 | K58: 1977.76 | L58: 1903.17 | M58: 1977.76 | N58: 1903.16 | O58: 284.72 | P58: 378.82 | Q58: 958.24 | R58: 1779.5 | T58: PM-Late | U58: 0.17 | V58: 0.23 | W58: 0.15 | X58: 0.16 | Y58: 0.14 | Z58: 0.17 | AA58: 0.11 | AB58: 0.15 | AC58: 0.16 | AD58: 0.14 | AE58: 0.16 | AF58: 0.14 | AG58: 0.04 | AH58: 0.06 | AI58: 0.19 | AJ58: 0.21 | AM58: PM-Late | AN58: 0.53 | AO58: 0.53 | AP58: 0.57 | AQ58: 0.3 | AR58: 0.55 | AS58: 0.53 | AT58: 0.47 | AU58: 0.44 | AV58: 0.51 | AW58: 0.52 | AX58: 0.51 | AY58: 0.52 | AZ58: 0.3 | BA58: 0.31 | BB58: 0.65 | BC58: 0.8 | BF58: PM-Late | BG58: 0.63 | BH58: 0.64 | BI58: 0.66 | BJ58: 0.35 | BK58: 0.67 | BL58: 0.65 | BM58: 0.57 | BN58: 0.54 | BO58: 0.62 | BP58: 0.64 | BQ58: 0.62 | BR58: 0.64 | BS58: 0.35 | BT58: 0.4 | BU58: 0.76 | BV58: 0.95
B61: Revenue Per Period Medium A | T61: ML Speed | AM61: GP Speed | BF61: Time Saving
B62: Direction | C62: NB | D62: SB | E62: NB | F62: SB | G62: NB | H62: SB | I62: NB | J62: SB | K62: NB | L62: SB | M62: NB | N62: SB | O62: NB | P62: SB | Q62: NB | R62: SB | T62: Direction | U62: NB | V62: SB | W62: NB | X62: SB | Y62: NB | Z62: SB | AA62: NB | AB62: SB | AC62: NB | AD62: SB | AE62: NB | AF62: SB | AG62: NB | AH62: SB | AI62: NB | AJ62: SB | AM62: Direction | AN62: NB | AO62: SB | AP62: NB | AQ62: SB | AR62: NB | AS62: SB | AT62: NB | AU62: SB | AV62: NB | AW62: SB | AX62: NB | AY62: SB | AZ62: NB | BA62: SB | BB62: NB | BC62: SB | BF62: Direction | BG62: NB | BH62: SB | BI62: NB | BJ62: SB | BK62: NB | BL62: SB | BM62: NB | BN62: SB | BO62: NB | BP62: SB | BQ62: NB | BR62: SB | BS62: NB | BT62: SB | BU62: NB | BV62: SB
B63: Segment | C63: 11 | D63: 11 | E63: 12 | F63: 12 | G63: 13 | H63: 13 | I63: 14 | J63: 14 | K63: 15 | L63: 15 | M63: 16 | N63: 16 | O63: 17 | P63: 17 | Q63: 18 | R63: 18 | T63: Segment | U63: 11 | V63: 11 | W63: 12 | X63: 12 | Y63: 13 | Z63: 13 | AA63: 14 | AB63: 14 | AC63: 15 | AD63: 15 | AE63: 16 | AF63: 16 | AG63: 17 | AH63: 17 | AI63: 18 | AJ63: 18 | AM63: Segment | AN63: 11 | AO63: 11 | AP63: 12 | AQ63: 12 | AR63: 13 | AS63: 13 | AT63: 14 | AU63: 14 | AV63: 15 | AW63: 15 | AX63: 16 | AY63: 16 | AZ63: 17 | BA63: 17 | BB63: 18 | BC63: 18 | BF63: Segment | BG63: 11 | BH63: 11 | BI63: 12 | BJ63: 12 | BK63: 13 | BL63: 13 | BM63: 14 | BN63: 14 | BO63: 15 | BP63: 15 | BQ63: 16 | BR63: 16 | BS63: 17 | BT63: 17 | BU63: 18 | BV63: 18
B64: Period | T64: Period | AM64: Period | BF64: Period
B65: Night | C65: 22.69 | D65: 23.92 | E65: 29.38 | F65: 33.22 | G65: 18.89 | H65: 18.83 | I65: 20.24 | J65: 22.62 | K65: 22.28 | L65: 18.94 | M65: 22.28 | N65: 18.38 | O65: 6.3 | P65: 5.85 | Q65: 17.81 | R65: 21.35 | T65: Night | U65: 60 | V65: 60 | W65: 60 | X65: 60 | Y65: 60 | Z65: 60 | AA65: 60 | AB65: 60 | AC65: 70 | AD65: 70 | AE65: 70 | AF65: 70 | AG65: 70 | AH65: 70 | AI65: 60 | AJ65: 60 | AM65: Night | AN65: 59.97 | AO65: 59.97 | AP65: 59.98 | AQ65: 60 | AR65: 55 | AS65: 55 | AT65: 60 | AU65: 60 | AV65: 70 | AW65: 70 | AX65: 70 | AY65: 69.99 | AZ65: 70 | BA65: 70 | BB65: 59.19 | BC65: 59.76 | BF65: Night | BG65: 0 | BH65: 0 | BI65: 0 | BJ65: 0 | BK65: -0.25 | BL65: -0.25 | BM65: 0 | BN65: 0 | BO65: 0 | BP65: 0 | BQ65: 0 | BR65: 0 | BS65: 0 | BT65: 0 | BU65: -0.01 | BV65: 0
B66: AM-Early | C66: 184.26 | D66: 72.03 | E66: 88.83 | F66: 224.48 | G66: 120.27 | H66: 116.78 | I66: 138.11 | J66: 104.07 | K66: 71.06 | L66: 67.23 | M66: 71.06 | N66: 67 | O66: 56.45 | P66: 46.79 | Q66: 92.69 | R66: 64.96 | T66: AM-Early | U66: 59.97 | V66: 60 | W66: 59.93 | X66: 60 | Y66: 59.87 | Z66: 60 | AA66: 59.93 | AB66: 60 | AC66: 70 | AD66: 69.98 | AE66: 70 | AF66: 69.98 | AG66: 70 | AH66: 70 | AI66: 59.9 | AJ66: 59.98 | AM66: AM-Early | AN66: 48.88 | AO66: 58.92 | AP66: 57.99 | AQ66: 42.68 | AR66: 50.1 | AS66: 52.55 | AT66: 52.63 | AU66: 58.29 | AV66: 68.68 | AW66: 68.95 | AX66: 68.68 | AY66: 68.95 | AZ66: 68.77 | BA66: 69 | BB66: 43.96 | BC66: 50.87 | BF66: AM-Early | BG66: -0.54 | BH66: -0.04 | BI66: -0.08 | BJ66: -1.01 | BK66: -0.55 | BL66: -0.4 | BM66: -0.46 | BN66: -0.1 | BO66: -0.04 | BP66: -0.03 | BQ66: -0.04 | BR66: -0.03 | BS66: -0.03 | BT66: -0.03 | BU66: -0.29 | BV66: -0.14
B67: AM-Peak | C67: 1715.67 | D67: 607.66 | E67: 810.01 | F67: 1590.73 | G67: 1624.67 | H67: 899.38 | I67: 1425.44 | J67: 914.9 | K67: 263.03 | L67: 341.11 | M67: 250.68 | N67: 328.06 | O67: 255.96 | P67: 142.88 | Q67: 217.09 | R67: 401.12 | T67: AM-Peak | U67: 59.54 | V67: 60 | W67: 59.75 | X67: 59.83 | Y67: 59.48 | Z67: 59.94 | AA67: 59.8 | AB67: 59.97 | AC67: 70 | AD67: 69.99 | AE67: 70 | AF67: 70 | AG67: 70 | AH67: 70 | AI67: 59.99 | AJ67: 59.95 | AM67: AM-Peak | AN67: 41.69 | AO67: 56.54 | AP67: 54.24 | AQ67: 38.75 | AR67: 39.64 | AS67: 52.03 | AT67: 49.21 | AU67: 57.82 | AV67: 69.8 | AW67: 69.59 | AX67: 69.8 | AY67: 69.59 | AZ67: 69.56 | BA67: 69.98 | BB67: 54.16 | BC67: 44 | BF67: AM-Peak | BG67: -1.04 | BH67: -0.15 | BI67: -0.26 | BJ67: -1.36 | BK67: -1.41 | BL67: -0.43 | BM67: -0.71 | BN67: -0.12 | BO67: -0.01 | BP67: -0.01 | BQ67: -0.01 | BR67: -0.01 | BS67: -0.01 | BT67: 0 | BU67: -0.09 | BV67: -0.29
B68: AM-Shoulder | C68: 344.85 | D68: 120.42 | E68: 206.67 | F68: 509.42 | G68: 351.81 | H68: 273.38 | I68: 202.59 | J68: 141.15 | K68: 85.29 | L68: 75.11 | M68: 79.83 | N68: 32.43 | O68: 24.19 | P68: 24.03 | Q68: 70.02 | R68: 81.93 | T68: AM-Shoulder | U68: 59.96 | V68: 60 | W68: 59.9 | X68: 59.89 | Y68: 59.81 | Z68: 59.92 | AA68: 59.94 | AB68: 59.98 | AC68: 69.99 | AD68: 70 | AE68: 70 | AF68: 70 | AG68: 70 | AH68: 70 | AI68: 60 | AJ68: 59.99 | AM68: AM-Shoulder | AN68: 44.25 | AO68: 54.56 | AP68: 55.02 | AQ68: 41.34 | AR68: 44.9 | AS68: 49.92 | AT68: 57.86 | AU68: 58.2 | AV68: 69.24 | AW68: 69.99 | AX68: 69.24 | AY68: 69.95 | AZ68: 69.95 | BA68: 69.95 | BB68: 50.61 | BC68: 48.52 | BF68: AM-Shoulder | BG68: -0.85 | BH68: -0.24 | BI68: -0.22 | BJ68: -1.12 | BK68: -0.93 | BL68: -0.56 | BM68: -0.12 | BN68: -0.1 | BO68: -0.02 | BP68: 0 | BQ68: -0.02 | BR68: 0 | BS68: 0 | BT68: 0 | BU68: -0.15 | BV68: -0.19
B69: MD | C69: 1099.35 | D69: 1071.06 | E69: 1113.91 | F69: 1298.69 | G69: 770.21 | H69: 834.6 | I69: 459.11 | J69: 550.01 | K69: 332.47 | L69: 351.49 | M69: 352.34 | N69: 349.65 | O69: 186.8 | P69: 177.67 | Q69: 672.13 | R69: 629.54 | T69: MD | U69: 60 | V69: 59.99 | W69: 59.98 | X69: 59.98 | Y69: 59.98 | Z69: 59.95 | AA69: 59.99 | AB69: 59.98 | AC69: 69.97 | AD69: 69.99 | AE69: 69.98 | AF69: 69.99 | AG69: 70 | AH69: 70 | AI69: 59.95 | AJ69: 59.96 | AM69: MD | AN69: 44.26 | AO69: 45.84 | AP69: 51.8 | AQ69: 48.76 | AR69: 51.49 | AS69: 51.35 | AT69: 59.27 | AU69: 58.71 | AV69: 69.06 | AW69: 69.45 | AX69: 68.91 | AY69: 69.45 | AZ69: 69.63 | BA69: 69.68 | BB69: 41.82 | BC69: 41.35 | BF69: MD | BG69: -0.85 | BH69: -0.74 | BI69: -0.39 | BJ69: -0.58 | BK69: -0.46 | BL69: -0.47 | BM69: -0.04 | BN69: -0.07 | BO69: -0.03 | BP69: -0.02 | BQ69: -0.03 | BR69: -0.02 | BS69: -0.01 | BT69: -0.01 | BU69: -0.35 | BV69: -0.36
B70: PM-Shoulder | C70: 226.82 | D70: 193.89 | E70: 111.03 | F70: 106.44 | G70: 232.38 | H70: 311.57 | I70: 102.05 | J70: 147 | K70: 44.69 | L70: 36.08 | M70: 49.05 | N70: 37.25 | O70: 36.91 | P70: 28.83 | Q70: 32.53 | R70: 44.29 | T70: PM-Shoulder | U70: 59.89 | V70: 59.93 | W70: 59.8 | X70: 59.14 | Y70: 59.42 | Z70: 58 | AA70: 59.87 | AB70: 59.2 | AC70: 69.94 | AD70: 69.99 | AE70: 69.98 | AF70: 70 | AG70: 70 | AH70: 70 | AI70: 59.98 | AJ70: 59.98 | AM70: PM-Shoulder | AN70: 43.66 | AO70: 44.46 | AP70: 56.03 | AQ70: 52.52 | AR70: 47.97 | AS70: 40.92 | AT70: 58.22 | AU70: 52.26 | AV70: 69.41 | AW70: 69.76 | AX70: 69.42 | AY70: 69.77 | AZ70: 69.61 | BA70: 69.81 | BB70: 56.27 | BC70: 44.89 | BF70: PM-Shoulder | BG70: -0.89 | BH70: -0.84 | BI70: -0.17 | BJ70: -0.32 | BK70: -0.67 | BL70: -1.21 | BM70: -0.09 | BN70: -0.44 | BO70: -0.02 | BP70: -0.01 | BQ70: -0.02 | BR70: -0.01 | BS70: -0.01 | BT70: 0 | BU70: -0.05 | BV70: -0.27
B71: PM-Peak | C71: 745.14 | D71: 796.34 | E71: 546.02 | F71: 388.45 | G71: 413.16 | H71: 448.27 | I71: 379 | J71: 236.77 | K71: 155 | L71: 156.05 | M71: 168.14 | N71: 163.57 | O71: 69.74 | P71: 129.67 | Q71: 212.6 | R71: 168.64 | T71: PM-Peak | U71: 59.82 | V71: 59.8 | W71: 59.94 | X71: 59.75 | Y71: 59.69 | Z71: 59.44 | AA71: 59.91 | AB71: 59.78 | AC71: 69.94 | AD71: 69.97 | AE71: 69.98 | AF71: 69.99 | AG71: 70 | AH71: 70 | AI71: 59.99 | AJ71: 59.98 | AM71: PM-Peak | AN71: 46.23 | AO71: 47.62 | AP71: 52.46 | AQ71: 54.97 | AR71: 50.7 | AS71: 48.98 | AT71: 58.45 | AU71: 57.35 | AV71: 69.25 | AW71: 69.42 | AX71: 69.26 | AY71: 69.43 | AZ71: 69.99 | BA71: 69.81 | BB71: 45.56 | BC71: 48.35 | BF71: PM-Peak | BG71: -0.71 | BH71: -0.62 | BI71: -0.36 | BJ71: -0.22 | BK71: -0.5 | BL71: -0.6 | BM71: -0.08 | BN71: -0.14 | BO71: -0.02 | BP71: -0.02 | BQ71: -0.02 | BR71: -0.02 | BS71: 0 | BT71: 0 | BU71: -0.25 | BV71: -0.19
B72: PM-Late | C72: 111.54 | D72: 75.83 | E72: 130.65 | F72: 27.52 | G72: 123.31 | H72: 104.32 | I72: 86.55 | J72: 24.83 | K72: 82.66 | L72: 64.88 | M72: 82.66 | N72: 64.88 | O72: 13.8 | P72: 17.94 | Q72: 63.09 | R72: 65.86 | T72: PM-Late | U72: 60 | V72: 59.99 | W72: 60 | X72: 60 | Y72: 60 | Z72: 60 | AA72: 60 | AB72: 60 | AC72: 70 | AD72: 70 | AE72: 70 | AF72: 70 | AG72: 70 | AH72: 70 | AI72: 60 | AJ72: 59.99 | AM72: PM-Late | AN72: 58.74 | AO72: 58.74 | AP72: 58.09 | AQ72: 59.95 | AR72: 53.49 | AS72: 53.79 | AT72: 59.33 | AU72: 59.56 | AV72: 68.8 | AW72: 68.62 | AX72: 68.8 | AY72: 68.62 | AZ72: 69.95 | BA72: 69.94 | BB72: 55.91 | BC72: 47.86 | BF72: PM-Late | BG72: -0.05 | BH72: -0.05 | BI72: -0.08 | BJ72: 0 | BK72: -0.34 | BL72: -0.32 | BM72: -0.04 | BN72: -0.02 | BO72: -0.04 | BP72: -0.04 | BQ72: -0.04 | BR72: -0.04 | BS72: 0 | BT72: 0 | BU72: -0.06 | BV72: -0.2
B75: Revenue Per Period Medium B | T75: ML time | AM75: GP Time | BF75: Difference in travel time
B76: Direction | C76: NB | D76: SB | E76: NB | F76: SB | G76: NB | H76: SB | I76: NB | J76: SB | K76: NB | L76: SB | M76: NB | N76: SB | O76: NB | P76: SB | Q76: NB | R76: SB | T76: Direction | U76: NB | V76: SB | W76: NB | X76: SB | Y76: NB | Z76: SB | AA76: NB | AB76: SB | AC76: NB | AD76: SB | AE76: NB | AF76: SB | AG76: NB | AH76: SB | AI76: NB | AJ76: SB | AM76: Direction | AN76: NB | AO76: SB | AP76: NB | AQ76: SB | AR76: NB | AS76: SB | AT76: NB | AU76: SB | AV76: NB | AW76: SB | AX76: NB | AY76: SB | AZ76: NB | BA76: SB | BB76: NB | BC76: SB | BF76: Direction | BG76: NB | BH76: SB | BI76: NB | BJ76: SB | BK76: NB | BL76: SB | BM76: NB | BN76: SB | BO76: NB | BP76: SB | BQ76: NB | BR76: SB | BS76: NB | BT76: SB | BU76: NB | BV76: SB
B77: Segment | C77: 11 | D77: 11 | E77: 12 | F77: 12 | G77: 13 | H77: 13 | I77: 14 | J77: 14 | K77: 15 | L77: 15 | M77: 16 | N77: 16 | O77: 17 | P77: 17 | Q77: 18 | R77: 18 | T77: Segment | U77: 11 | V77: 11 | W77: 12 | X77: 12 | Y77: 13 | Z77: 13 | AA77: 14 | AB77: 14 | AC77: 15 | AD77: 15 | AE77: 16 | AF77: 16 | AG77: 17 | AH77: 17 | AI77: 18 | AJ77: 18 | AM77: Segment | AN77: 11 | AO77: 11 | AP77: 12 | AQ77: 12 | AR77: 13 | AS77: 13 | AT77: 14 | AU77: 14 | AV77: 15 | AW77: 15 | AX77: 16 | AY77: 16 | AZ77: 17 | BA77: 17 | BB77: 18 | BC77: 18 | BF77: Segment | BG77: 11 | BH77: 11 | BI77: 12 | BJ77: 12 | BK77: 13 | BL77: 13 | BM77: 14 | BN77: 14 | BO77: 15 | BP77: 15 | BQ77: 16 | BR77: 16 | BS77: 17 | BT77: 17 | BU77: 18 | BV77: 18
B78: Period | T78: Period | AM78: Period | BF78: Period
B79: Night | C79: 6.13 | D79: 9.81 | E79: 2.56 | F79: 5.11 | G79: 4.41 | H79: 6.9 | I79: 4.22 | J79: 2.12 | K79: 1.11 | L79: 1.67 | M79: 1.11 | N79: 1.11 | O79: 2.25 | P79: 1.8 | Q79: 1.66 | R79: 3.27 | T79: Night | U79: 2.4 | V79: 2.4 | W79: 2.5 | X79: 2.5 | Y79: 2.8 | Z79: 2.8 | AA79: 3.3 | AB79: 3.3 | AC79: 2.23 | AD79: 2.23 | AE79: 2.23 | AF79: 2.23 | AG79: 1.8 | AH79: 1.8 | AI79: 0.8 | AJ79: 0.8 | AM79: Night | AN79: 2.4 | AO79: 2.4 | AP79: 2.5 | AQ79: 2.5 | AR79: 3.05 | AS79: 3.05 | AT79: 3.3 | AU79: 3.3 | AV79: 2.23 | AW79: 2.23 | AX79: 2.23 | AY79: 2.23 | AZ79: 1.8 | BA79: 1.8 | BB79: 0.81 | BC79: 0.8 | BF79: Night | BG79: 0 | BH79: 0 | BI79: 0 | BJ79: 0 | BK79: -0.08 | BL79: -0.08 | BM79: 0 | BN79: 0 | BO79: 0 | BP79: 0 | BQ79: 0 | BR79: 0 | BS79: 0 | BT79: 0 | BU79: -0.01 | BV79: 0
B80: AM-Early | C80: 96.41 | D80: 32.08 | E80: 36.32 | F80: 211.39 | G80: 92.9 | H80: 64.88 | I80: 111.26 | J80: 56.59 | K80: 34.52 | L80: 24.23 | M80: 34.52 | N80: 24.5 | O80: 42.49 | P80: 35.54 | Q80: 38.01 | R80: 61.78 | T80: AM-Early | U80: 2.4 | V80: 2.4 | W80: 2.5 | X80: 2.5 | Y80: 2.81 | Z80: 2.8 | AA80: 3.3 | AB80: 3.3 | AC80: 2.23 | AD80: 2.23 | AE80: 2.23 | AF80: 2.23 | AG80: 1.8 | AH80: 1.8 | AI80: 0.8 | AJ80: 0.8 | AM80: AM-Early | AN80: 2.95 | AO80: 2.44 | AP80: 2.59 | AQ80: 3.51 | AR80: 3.35 | AS80: 3.2 | AT80: 3.76 | AU80: 3.4 | AV80: 2.27 | AW80: 2.26 | AX80: 2.27 | AY80: 2.26 | AZ80: 1.83 | BA80: 1.83 | BB80: 1.09 | BC80: 0.94 | BF80: AM-Early | BG80: -0.18 | BH80: -0.02 | BI80: -0.03 | BJ80: -0.29 | BK80: -0.16 | BL80: -0.12 | BM80: -0.12 | BN80: -0.03 | BO80: -0.02 | BP80: -0.01 | BQ80: -0.02 | BR80: -0.01 | BS80: -0.02 | BT80: -0.01 | BU80: -0.27 | BV80: -0.15
B81: AM-Peak | C81: 425.05 | D81: 211.63 | E81: 248.69 | F81: 954.55 | G81: 710.58 | H81: 342.04 | I81: 498.55 | J81: 286.5 | K81: 72.64 | L81: 96.28 | M81: 70.45 | N81: 93.74 | O81: 157.52 | P81: 88.45 | Q81: 66.46 | R81: 235.96 | T81: AM-Peak | U81: 2.42 | V81: 2.4 | W81: 2.51 | X81: 2.51 | Y81: 2.82 | Z81: 2.8 | AA81: 3.31 | AB81: 3.3 | AC81: 2.23 | AD81: 2.23 | AE81: 2.23 | AF81: 2.23 | AG81: 1.8 | AH81: 1.8 | AI81: 0.8 | AJ81: 0.8 | AM81: AM-Peak | AN81: 3.45 | AO81: 2.55 | AP81: 2.77 | AQ81: 3.87 | AR81: 4.24 | AS81: 3.23 | AT81: 4.02 | AU81: 3.42 | AV81: 2.23 | AW81: 2.24 | AX81: 2.23 | AY81: 2.24 | AZ81: 1.81 | BA81: 1.8 | BB81: 0.89 | BC81: 1.09 | BF81: AM-Peak | BG81: -0.3 | BH81: -0.06 | BI81: -0.09 | BJ81: -0.35 | BK81: -0.33 | BL81: -0.13 | BM81: -0.18 | BN81: -0.04 | BO81: 0 | BP81: -0.01 | BQ81: 0 | BR81: -0.01 | BS81: -0.01 | BT81: 0 | BU81: -0.1 | BV81: -0.27
B82: AM-Shoulder | C82: 95.74 | D82: 46.97 | E82: 68.18 | F82: 267.14 | G82: 153.27 | H82: 127.61 | I82: 63.55 | J82: 67.48 | K82: 23.94 | L82: 26.68 | M82: 22.14 | N82: 11.59 | O82: 18.04 | P82: 17.91 | Q82: 22.9 | R82: 42.82 | T82: AM-Shoulder | U82: 2.4 | V82: 2.4 | W82: 2.5 | X82: 2.5 | Y82: 2.81 | Z82: 2.8 | AA82: 3.3 | AB82: 3.3 | AC82: 2.23 | AD82: 2.23 | AE82: 2.23 | AF82: 2.23 | AG82: 1.8 | AH82: 1.8 | AI82: 0.8 | AJ82: 0.8 | AM82: AM-Shoulder | AN82: 3.25 | AO82: 2.64 | AP82: 2.73 | AQ82: 3.63 | AR82: 3.74 | AS82: 3.37 | AT82: 3.42 | AU82: 3.4 | AV82: 2.25 | AW82: 2.23 | AX82: 2.25 | AY82: 2.23 | AZ82: 1.8 | BA82: 1.8 | BB82: 0.95 | BC82: 0.99 | BF82: AM-Shoulder | BG82: -0.26 | BH82: -0.09 | BI82: -0.08 | BJ82: -0.31 | BK82: -0.25 | BL82: -0.17 | BM82: -0.03 | BN82: -0.03 | BO82: -0.01 | BP82: 0 | BQ82: -0.01 | BR82: 0 | BS82: 0 | BT82: 0 | BU82: -0.16 | BV82: -0.19
B83: MD | C83: 299.88 | D83: 333.8 | E83: 362.09 | F83: 457.68 | G83: 349.2 | H83: 357.06 | I83: 199.07 | J83: 209.24 | K83: 132.55 | L83: 98.87 | M83: 140.95 | N83: 98.63 | O83: 122.9 | P83: 117.65 | Q83: 218.02 | R83: 221.7 | T83: MD | U83: 2.4 | V83: 2.4 | W83: 2.5 | X83: 2.5 | Y83: 2.8 | Z83: 2.8 | AA83: 3.3 | AB83: 3.3 | AC83: 2.23 | AD83: 2.23 | AE83: 2.23 | AF83: 2.23 | AG83: 1.8 | AH83: 1.8 | AI83: 0.8 | AJ83: 0.8 | AM83: MD | AN83: 3.25 | AO83: 3.14 | AP83: 2.9 | AQ83: 3.08 | AR83: 3.26 | AS83: 3.27 | AT83: 3.34 | AU83: 3.37 | AV83: 2.26 | AW83: 2.25 | AX83: 2.26 | AY83: 2.25 | AZ83: 1.81 | BA83: 1.81 | BB83: 1.15 | BC83: 1.16 | BF83: MD | BG83: -0.26 | BH83: -0.24 | BI83: -0.14 | BJ83: -0.19 | BK83: -0.14 | BL83: -0.14 | BM83: -0.01 | BN83: -0.02 | BO83: -0.01 | BP83: -0.01 | BQ83: -0.02 | BR83: -0.01 | BS83: -0.01 | BT83: 0 | BU83: -0.3 | BV83: -0.31
B84: PM-Shoulder | C84: 76.27 | D84: 26.21 | E84: 38.9 | F84: 59.23 | G84: 70.37 | H84: 66.49 | I84: 26.66 | J84: 66.33 | K84: 14.31 | L84: 8.53 | M84: 15.9 | N84: 8.89 | O84: 15.42 | P84: 12.36 | Q84: 11.2 | R84: 24.68 | T84: PM-Shoulder | U84: 2.4 | V84: 2.4 | W84: 2.51 | X84: 2.54 | Y84: 2.83 | Z84: 2.9 | AA84: 3.31 | AB84: 3.34 | AC84: 2.23 | AD84: 2.23 | AE84: 2.23 | AF84: 2.23 | AG84: 1.8 | AH84: 1.8 | AI84: 0.8 | AJ84: 0.8 | AM84: PM-Shoulder | AN84: 3.3 | AO84: 3.24 | AP84: 2.68 | AQ84: 2.86 | AR84: 3.5 | AS84: 4.11 | AT84: 3.4 | AU84: 3.79 | AV84: 2.25 | AW84: 2.24 | AX84: 2.25 | AY84: 2.24 | AZ84: 1.81 | BA84: 1.8 | BB84: 0.85 | BC84: 1.07 | BF84: PM-Shoulder | BG84: -0.27 | BH84: -0.26 | BI84: -0.06 | BJ84: -0.11 | BK84: -0.19 | BL84: -0.29 | BM84: -0.03 | BN84: -0.12 | BO84: -0.01 | BP84: 0 | BQ84: -0.01 | BR84: 0 | BS84: -0.01 | BT84: 0 | BU84: -0.06 | BV84: -0.25
B85: PM-Peak | C85: 163.27 | D85: 151.73 | E85: 82.75 | F85: 92.19 | G85: 96.43 | H85: 95.77 | I85: 74.57 | J85: 78.93 | K85: 33.85 | L85: 58.52 | M85: 36.03 | N85: 60.4 | O85: 8.51 | P85: 17.01 | Q85: 28.99 | R85: 40.88 | T85: PM-Peak | U85: 2.41 | V85: 2.41 | W85: 2.5 | X85: 2.51 | Y85: 2.81 | Z85: 2.83 | AA85: 3.31 | AB85: 3.31 | AC85: 2.23 | AD85: 2.23 | AE85: 2.23 | AF85: 2.23 | AG85: 1.8 | AH85: 1.8 | AI85: 0.8 | AJ85: 0.8 | AM85: PM-Peak | AN85: 3.11 | AO85: 3.02 | AP85: 2.86 | AQ85: 2.73 | AR85: 3.31 | AS85: 3.43 | AT85: 3.39 | AU85: 3.45 | AV85: 2.25 | AW85: 2.25 | AX85: 2.25 | AY85: 2.25 | AZ85: 1.8 | BA85: 1.8 | BB85: 1.05 | BC85: 0.99 | BF85: PM-Peak | BG85: -0.23 | BH85: -0.2 | BI85: -0.12 | BJ85: -0.08 | BK85: -0.15 | BL85: -0.18 | BM85: -0.02 | BN85: -0.04 | BO85: -0.01 | BP85: -0.01 | BQ85: -0.01 | BR85: -0.01 | BS85: 0 | BT85: 0 | BU85: -0.24 | BV85: -0.19
B86: PM-Late | C86: 10.94 | D86: 17.5 | E86: 13.61 | F86: 7.51 | G86: 24.66 | H86: 37.93 | I86: 3.09 | J86: 2.48 | K86: 2.43 | L86: 2.7 | M86: 2.43 | N86: 2.7 | O86: 0 | P86: 0 | Q86: 6.64 | R86: 16.89 | T86: PM-Late | U86: 2.4 | V86: 2.4 | W86: 2.5 | X86: 2.5 | Y86: 2.8 | Z86: 2.8 | AA86: 3.3 | AB86: 3.3 | AC86: 2.23 | AD86: 2.23 | AE86: 2.23 | AF86: 2.23 | AG86: 1.8 | AH86: 1.8 | AI86: 0.8 | AJ86: 0.8 | AM86: PM-Late | AN86: 2.45 | AO86: 2.45 | AP86: 2.58 | AQ86: 2.5 | AR86: 3.14 | AS86: 3.12 | AT86: 3.34 | AU86: 3.32 | AV86: 2.27 | AW86: 2.27 | AX86: 2.27 | AY86: 2.27 | AZ86: 1.8 | BA86: 1.8 | BB86: 0.86 | BC86: 1 | BF86: PM-Late | BG86: -0.02 | BH86: -0.02 | BI86: -0.03 | BJ86: 0 | BK86: -0.11 | BL86: -0.1 | BM86: -0.01 | BN86: -0.01 | BO86: -0.02 | BP86: -0.02 | BQ86: -0.02 | BR86: -0.02 | BS86: 0 | BT86: 0 | BU86: -0.07 | BV86: -0.2
B89: Revenue Per Period Heavy A | T89: ML light veh.Miles | AM89: GP light veh.Miles | BF89: LVr Toll
B90: Direction | C90: NB | D90: SB | E90: NB | F90: SB | G90: NB | H90: SB | I90: NB | J90: SB | K90: NB | L90: SB | M90: NB | N90: SB | O90: NB | P90: SB | Q90: NB | R90: SB | T90: Direction | U90: NB | AC90: SB | AM90: Direction | AN90: NB | AV90: SB | BF90: Direction | BG90: NB | BH90: SB | BI90: NB | BJ90: SB | BK90: NB | BL90: SB | BM90: NB | BN90: SB | BO90: NB | BP90: SB | BQ90: NB | BR90: SB | BS90: NB | BT90: SB | BU90: NB | BV90: SB
B91: Segment | C91: 11 | D91: 11 | E91: 12 | F91: 12 | G91: 13 | H91: 13 | I91: 14 | J91: 14 | K91: 15 | L91: 15 | M91: 16 | N91: 16 | O91: 17 | P91: 17 | Q91: 18 | R91: 18 | T91: Segment | U91: 11 | V91: 12 | W91: 13 | X91: 14 | Y91: 15 | Z91: 16 | AA91: 17 | AB91: 18 | AC91: 11 | AD91: 12 | AE91: 13 | AF91: 14 | AG91: 15 | AH91: 16 | AI91: 17 | AJ91: 18 | AM91: Segment | AN91: 11 | AO91: 12 | AP91: 13 | AQ91: 14 | AR91: 15 | AS91: 16 | AT91: 17 | AU91: 18 | AV91: 11 | AW91: 12 | AX91: 13 | AY91: 14 | AZ91: 15 | BA91: 16 | BB91: 17 | BC91: 18 | BF91: Segment | BG91: 11 | BH91: 11 | BI91: 12 | BJ91: 12 | BK91: 13 | BL91: 13 | BM91: 14 | BN91: 14 | BO91: 15 | BP91: 15 | BQ91: 16 | BR91: 16 | BS91: 17 | BT91: 17 | BU91: 18 | BV91: 18
B92: Period | T92: Period | AM92: Period | BF92: Period
B93: Night | C93: 152.08 | D93: 153.32 | E93: 239.54 | F93: 219.76 | G93: 79.32 | H93: 78.87 | I93: 109.62 | J93: 101.77 | K93: 121.97 | L93: 124.2 | M93: 121.97 | N93: 121.97 | O93: 32.84 | P93: 31.94 | Q93: 148.97 | R93: 140.09 | T93: Night | U93: 1427.81 | V93: 1600.16 | W93: 1289.95 | X93: 1492.57 | Y93: 789.02 | Z93: 789.02 | AA93: 293.9 | AB93: 962.75 | AC93: 1387.05 | AD93: 962.52 | AE93: 1072.22 | AF93: 896.42 | AG93: 1138.04 | AH93: 1091.63 | AI93: 263.16 | AJ93: 622.21 | AM93: Night | AN93: 22041.79 | AO93: 24702.34 | AP93: 22798.45 | AQ93: 23039.63 | AR93: 14680.98 | AS93: 14680.98 | AT93: 5468.5 | AU93: 8691.65 | AV93: 21410.55 | AW93: 14857.48 | AX93: 19017.78 | AY93: 16682.68 | AZ93: 21175.16 | BA93: 20311.57 | BB93: 4896.54 | BC93: 5655.39 | BF93: Night | BG93: 0.48 | BH93: 0.48 | BI93: 0.5 | BJ93: 0.5 | BK93: 0.56 | BL93: 0.56 | BM93: 0.66 | BN93: 0.66 | BO93: 0.52 | BP93: 0.52 | BQ93: 0.52 | BR93: 0.52 | BS93: 0.42 | BT93: 0.42 | BU93: 0.16 | BV93: 0.16
B94: AM-Early | C94: 89.87 | D94: 46.15 | E94: 57.7 | F94: 202.67 | G94: 54.57 | H94: 49.5 | I94: 61.03 | J94: 56.89 | K94: 63.15 | L94: 42 | M94: 63.15 | N94: 41.9 | O94: 28.29 | P94: 23.55 | Q94: 59.83 | R94: 58.85 | T94: AM-Early | U94: 2051.63 | V94: 2419.44 | W94: 3147.49 | X94: 3358.9 | Y94: 1355.19 | Z94: 1355.16 | AA94: 901.5 | AB94: 813.18 | AC94: 1235.36 | AD94: 1182.84 | AE94: 1446.13 | AF94: 1548.39 | AG94: 1997.12 | AH94: 1973.62 | AI94: 739.86 | AJ94: 566.91 | AM94: AM-Early | AN94: 10615.57 | AO94: 12558.06 | AP94: 15878.51 | AQ94: 16955.9 | AR94: 6361.61 | AS94: 6361.64 | AT94: 4224.6 | AU94: 3839.06 | AV94: 6060.64 | AW94: 5808.04 | AX94: 6979.07 | AY94: 7473.81 | AZ94: 9445.48 | BA94: 9331.18 | BB94: 3464.34 | BC94: 2661.09 | BF94: AM-Early | BG94: 2.5 | BH94: 1.19 | BI94: 1.01 | BJ94: 3.89 | BK94: 1.96 | BL94: 2.1 | BM94: 2.57 | BN94: 1.96 | BO94: 1.28 | BP94: 0.94 | BQ94: 1.28 | BR94: 0.95 | BS94: 1.1 | BT94: 1.12 | BU94: 1 | BV94: 0.76
B95: AM-Peak | C95: 1081.86 | D95: 405.49 | E95: 586.12 | F95: 1846.81 | G95: 758.25 | H95: 343.89 | I95: 591.79 | J95: 398.47 | K95: 171.33 | L95: 188.44 | M95: 163.32 | N95: 180.24 | O95: 119.59 | P95: 231.34 | Q95: 152.9 | R95: 391.82 | T95: AM-Peak | U95: 9118.8 | V95: 8499.86 | W95: 11273.31 | X95: 11285.98 | Y95: 3808.63 | Z95: 3148.32 | AA95: 2104.08 | AB95: 1599.86 | AC95: 3465.62 | AD95: 7090.25 | AE95: 7470.04 | AF95: 7675.07 | AG95: 4491.55 | AH95: 3639.59 | AI95: 870.03 | AJ95: 1952.96 | AM95: AM-Peak | AN95: 35075.02 | AO95: 45237.64 | AP95: 55155.04 | AQ95: 58867.46 | AR95: 17939.71 | AS95: 14783.88 | AT95: 9859.17 | AU95: 7508.14 | AV95: 16994.26 | AW95: 20639.12 | AX95: 36916.49 | AY95: 37847.82 | AZ95: 21221.03 | BA95: 17116.21 | BB95: 7830.27 | BC95: 7589.44 | BF95: AM-Peak | BG95: 3.84 | BH95: 3.09 | BI95: 2.04 | BJ95: 4 | BK95: 4.48 | BL95: 2.41 | BM95: 4.04 | BN95: 2.37 | BO95: 1.14 | BP95: 1.27 | BQ95: 1.31 | BR95: 1.48 | BS95: 1.4 | BT95: 1.89 | BU95: 0.93 | BV95: 1.28
B96: AM-Shoulder | C96: 260.51 | D96: 121.38 | E96: 210.28 | F96: 460.07 | G96: 186.85 | H96: 156.52 | I96: 74.33 | J96: 94.92 | K96: 60.75 | L96: 176.9 | M96: 56.7 | N96: 36.82 | O96: 17.53 | P96: 17.67 | Q96: 70.55 | R96: 72.83 | T96: AM-Shoulder | U96: 1993.09 | V96: 2217.57 | W96: 3073.91 | X96: 2903.19 | Y96: 1597.76 | Z96: 1281.68 | AA96: 298.09 | AB96: 435.27 | AC96: 1159.4 | AD96: 2210.07 | AE96: 2508.44 | AF96: 2491.48 | AG96: 574.6 | AH96: 592.83 | AI96: 298.86 | AJ96: 437.69 | AM96: AM-Shoulder | AN96: 10304.51 | AO96: 11484.93 | AP96: 15585.29 | AQ96: 14573.61 | AR96: 7526.05 | AS96: 6016.52 | AT96: 2161.08 | AU96: 2038.33 | AV96: 5677.12 | AW96: 11029.31 | AX96: 12292.36 | AY96: 12157.22 | AZ96: 5171.4 | BA96: 5153.17 | BB96: 2156.04 | BC96: 2050.62 | BF96: AM-Shoulder | BG96: 3.11 | BH96: 2.06 | BI96: 1.51 | BJ96: 3.55 | BK96: 2.86 | BL96: 2.1 | BM96: 1.41 | BN96: 1.52 | BO96: 0.95 | BP96: 2.34 | BQ96: 1.11 | BR96: 0.97 | BS96: 0.83 | BT96: 0.83 | BU96: 0.83 | BV96: 0.92
B97: MD | C97: 891.86 | D97: 924.9 | E97: 1067.79 | F97: 1231.6 | G97: 477.49 | H97: 408.41 | I97: 216.05 | J97: 272.17 | K97: 235.51 | L97: 224.65 | M97: 249.11 | N97: 224.07 | O97: 100.17 | P97: 94.48 | Q97: 647.72 | R97: 596.43 | T97: MD | U97: 7385.46 | V97: 8617.46 | W97: 10712.06 | X97: 10674.32 | Y97: 10288.47 | Z97: 10126.85 | AA97: 3044.33 | AB97: 3315.28 | AC97: 8501.31 | AD97: 9286.6 | AE97: 12820.06 | AF97: 13295.46 | AG97: 8371.17 | AH97: 8204.04 | AI97: 2925.81 | AJ97: 3223.71 | AM97: MD | AN97: 37422.54 | AO97: 43670.04 | AP97: 52427.94 | AQ97: 52223.68 | AR97: 48107.53 | AS97: 47320.15 | AT97: 14070.67 | AU97: 15396.72 | AV97: 41430.69 | AW97: 45263.4 | AX97: 61939.94 | AY97: 64172.04 | AZ97: 38974.83 | BA97: 38179.96 | BB97: 13517.19 | BC97: 14969.2 | BF97: MD | BG97: 3.36 | BH97: 3.03 | BI97: 2.25 | BJ97: 2.63 | BK97: 2.01 | BL97: 1.87 | BM97: 1.26 | BN97: 1.31 | BO97: 0.85 | BP97: 0.83 | BQ97: 0.92 | BR97: 0.84 | BS97: 0.92 | BT97: 0.9 | BU97: 1.14 | BV97: 1.18
B98: PM-Shoulder | C98: 193.77 | D98: 158.2 | E98: 132.8 | F98: 127.95 | G98: 100.36 | H98: 149.84 | I98: 42.74 | J98: 62.06 | K98: 17.48 | L98: 18.95 | M98: 19.07 | N98: 18.99 | O98: 14.44 | P98: 11.3 | Q98: 38.35 | R98: 51.73 | T98: PM-Shoulder | U98: 2535.7 | V98: 2764.96 | W98: 3894.15 | X98: 3636.7 | Y98: 2464.29 | Z98: 2082.23 | AA98: 1082.96 | AB98: 635.55 | AC98: 2408.96 | AD98: 3709.56 | AE98: 4952.19 | AF98: 5071.93 | AG98: 1953.72 | AH98: 1611.87 | AI98: 963.6 | AJ98: 661 | AM98: PM-Shoulder | AN98: 10241.4 | AO98: 11139.47 | AP98: 15470.39 | AQ98: 14183.3 | AR98: 9028.99 | AS98: 7587.17 | AT98: 3915.92 | AU98: 2297.73 | AV98: 9295.6 | AW98: 14690.44 | AX98: 20485.42 | AY98: 20235.77 | AZ98: 7367.57 | BA98: 5845.16 | BB98: 3482.08 | BC98: 2394.89 | BF98: PM-Shoulder | BG98: 2.9 | BH98: 2.87 | BI98: 1.14 | BJ98: 1.32 | BK98: 1.89 | BL98: 2.79 | BM98: 1.06 | BN98: 1.83 | BO98: 0.54 | BP98: 0.52 | BQ98: 0.7 | BR98: 0.65 | BS98: 0.72 | BT98: 0.63 | BU98: 0.46 | BV98: 0.99
B99: PM-Peak | C99: 690.05 | D99: 691.62 | E99: 690.79 | F99: 602.06 | G99: 329.12 | H99: 294.35 | I99: 214.33 | J99: 185.29 | K99: 108.95 | L99: 160.12 | M99: 116.72 | N99: 165.68 | O99: 122.47 | P99: 51.03 | Q99: 288.49 | R99: 257.15 | T99: PM-Peak | U99: 8565.06 | V99: 7130.95 | W99: 11039.85 | X99: 10465.82 | Y99: 7744.86 | Z99: 6249.87 | AA99: 850.5 | AB99: 1793.37 | AC99: 8575.34 | AD99: 9026 | AE99: 12367.74 | AF99: 12664.8 | AG99: 6719.26 | AH99: 5407.21 | AI99: 3001.06 | AJ99: 1979 | AM99: PM-Peak | AN99: 35225.43 | AO99: 28636.92 | AP99: 43988.99 | AQ99: 41190.64 | AR99: 28636.71 | AS99: 22862.31 | AT99: 7654.5 | AU99: 5907.75 | AV99: 33811.06 | AW99: 35351.5 | AX99: 49250.82 | AY99: 49758.11 | AZ99: 24678.22 | BA99: 19695.76 | BB99: 10858.55 | BC99: 7164.88 | BF99: PM-Peak | BG99: 3.72 | BH99: 3.45 | BI99: 2.67 | BJ99: 1.79 | BK99: 2.11 | BL99: 2.29 | BM99: 1.6 | BN99: 1.72 | BO99: 0.93 | BP99: 0.98 | BQ99: 1.24 | BR99: 1.26 | BS99: 1.89 | BT99: 0.98 | BU99: 1.28 | BV99: 1.14
B100: PM-Late | C100: 133.6 | D100: 127.63 | E100: 297.92 | F100: 96.74 | G100: 157.9 | H100: 128.24 | I100: 116.01 | J100: 81.9 | K100: 151.31 | L100: 110.86 | M100: 151.31 | N100: 110.86 | O100: 17.36 | P100: 19.54 | Q100: 143.24 | R100: 205.83 | T100: PM-Late | U100: 3962.62 | V100: 3340.74 | W100: 3747.27 | X100: 3509.4 | Y100: 4129.16 | Z100: 4129.16 | AA100: 743.89 | AB100: 1353.49 | AC100: 5340.44 | AD100: 3697.19 | AE100: 4636.2 | AF100: 5145.73 | AG100: 3575.31 | AH100: 3575.48 | AI100: 1180.75 | AJ100: 1567.4 | AM100: PM-Late | AN100: 15671.78 | AO100: 13136.76 | AP100: 14094.33 | AQ100: 13310.7 | AR100: 14918.44 | AS100: 14918.44 | AT100: 3502.31 | AU100: 4881.71 | AV100: 20291.56 | AW100: 16462.81 | AX100: 17254.2 | AY100: 19168.67 | AZ100: 12906.09 | BA100: 12905.92 | BB100: 3607.25 | BC100: 5657.95 | BF100: PM-Late | BG100: 1.2 | BH100: 1.04 | BI100: 1.49 | BJ100: 0.5 | BK100: 1.86 | BL100: 1.66 | BM100: 1.65 | BN100: 1.3 | BO100: 1.25 | BP100: 1.38 | BQ100: 1.25 | BR100: 1.38 | BS100: 0.8 | BT100: 0.67 | BU100: 0.57 | BV100: 0.91
B103: % Workday Revenue | T103: ML light veh/period | AM103: GP light veh/period | BF103: Medium A Toll
B104: Direction | C104: NB | D104: SB | E104: NB | F104: SB | G104: NB | H104: SB | I104: NB | J104: SB | K104: NB | L104: SB | M104: NB | N104: SB | O104: NB | P104: SB | Q104: NB | R104: SB | T104: Direction | U104: NB | V104: SB | W104: NB | X104: SB | Y104: NB | Z104: SB | AA104: NB | AB104: SB | AC104: NB | AD104: SB | AE104: NB | AF104: SB | AG104: NB | AH104: SB | AI104: NB | AJ104: SB | AM104: Direction | AN104: NB | AO104: SB | AP104: NB | AQ104: SB | AR104: NB | AS104: SB | AT104: NB | AU104: SB | AV104: NB | AW104: SB | AX104: NB | AY104: SB | AZ104: NB | BA104: SB | BB104: NB | BC104: SB | BF104: Direction | BG104: NB | BH104: SB | BI104: NB | BJ104: SB | BK104: NB | BL104: SB | BM104: NB | BN104: SB | BO104: NB | BP104: SB | BQ104: NB | BR104: SB | BS104: NB | BT104: SB | BU104: NB | BV104: SB
B105: Segment | C105: 11 | D105: 11 | E105: 12 | F105: 12 | G105: 13 | H105: 13 | I105: 14 | J105: 14 | K105: 15 | L105: 15 | M105: 16 | N105: 16 | O105: 17 | P105: 17 | Q105: 18 | R105: 18 | T105: Segment | U105: 11 | V105: 11 | W105: 12 | X105: 12 | Y105: 13 | Z105: 13 | AA105: 14 | AB105: 14 | AC105: 15 | AD105: 15 | AE105: 16 | AF105: 16 | AG105: 17 | AH105: 17 | AI105: 18 | AJ105: 18 | AM105: Segment | AN105: 11 | AO105: 11 | AP105: 12 | AQ105: 12 | AR105: 13 | AS105: 13 | AT105: 14 | AU105: 14 | AV105: 15 | AW105: 15 | AX105: 16 | AY105: 16 | AZ105: 17 | BA105: 17 | BB105: 18 | BC105: 18 | BF105: Segment | BG105: 11 | BH105: 11 | BI105: 12 | BJ105: 12 | BK105: 13 | BL105: 13 | BM105: 14 | BN105: 14 | BO105: 15 | BP105: 15 | BQ105: 16 | BR105: 16 | BS105: 17 | BT105: 17 | BU105: 18 | BV105: 18
B106: Period | T106: Period | AM106: Period | BF106: Period
B107: Night | C107: 0.0081289635 | D107: 0.011323109 | E107: 0.016731516 | F107: 0.0096978241 | G107: 0.00692239 | H107: 0.0076543722 | I107: 0.012274606 | J107: 0.010687659 | K107: 0.021670727 | L107: 0.027351545 | M107: 0.02106617 | N107: 0.027466605 | O107: 0.015954067 | P107: 0.015320998 | Q107: 0.022894591 | R107: 0.015757378 | T107: Night | U107: 594.92 | V107: 577.94 | W107: 640.06 | X107: 385.01 | Y107: 460.7 | Z107: 382.94 | AA107: 452.3 | AB107: 271.64 | AC107: 303.47 | AD107: 437.71 | AE107: 303.47 | AF107: 419.86 | AG107: 139.95 | AH107: 125.31 | AI107: 1203.44 | AJ107: 777.76 | AM107: Night | AN107: 9184.08 | AO107: 8921.06 | AP107: 9880.94 | AQ107: 5942.99 | AR107: 8142.3 | AS107: 6792.06 | AT107: 6981.7 | AU107: 5055.36 | AV107: 5646.53 | AW107: 8144.29 | AX107: 5646.53 | AY107: 7812.14 | AZ107: 2604.05 | BA107: 2331.69 | BB107: 10864.56 | BC107: 7069.24 | BF107: Night | BG107: 1.44 | BH107: 1.44 | BI107: 1.5 | BJ107: 1.5 | BK107: 1.68 | BL107: 1.68 | BM107: 1.98 | BN107: 1.98 | BO107: 1.56 | BP107: 1.56 | BQ107: 1.56 | BR107: 1.56 | BS107: 1.26 | BT107: 1.26 | BU107: 0.48 | BV107: 0.48
B108: AM-Early | C108: 0.043758245 | D108: 0.018605872 | E108: 0.032827454 | F108: 0.053368487 | G108: 0.047467543 | H108: 0.031539228 | I108: 0.082911402 | J108: 0.039755086 | K108: 0.059880599 | L108: 0.062979352 | M108: 0.058210783 | N108: 0.065423179 | O108: 0.095649542 | P108: 0.083228807 | Q108: 0.076832189 | R108: 0.039306793 | T108: AM-Early | U108: 854.84 | V108: 514.73 | W108: 967.78 | X108: 473.13 | Y108: 1124.1 | Z108: 516.48 | AA108: 1017.85 | AB108: 469.21 | AC108: 521.23 | AD108: 768.12 | AE108: 521.22 | AF108: 759.09 | AG108: 429.29 | AH108: 352.31 | AI108: 1016.47 | AJ108: 708.64 | AM108: AM-Early | AN108: 4423.16 | AO108: 2525.27 | AP108: 5023.22 | AQ108: 2323.21 | AR108: 5670.9 | AS108: 2492.52 | AT108: 5138.15 | AU108: 2264.79 | AV108: 2446.77 | AW108: 3632.88 | AX108: 2446.78 | AY108: 3588.91 | AZ108: 2011.71 | BA108: 1649.69 | BB108: 4798.83 | BC108: 3326.36 | BF108: AM-Early | BG108: 7.51 | BH108: 3.57 | BI108: 3.03 | BJ108: 11.67 | BK108: 5.88 | BL108: 6.29 | BM108: 7.7 | BN108: 5.88 | BO108: 3.85 | BP108: 2.83 | BQ108: 3.85 | BR108: 2.86 | BS108: 3.31 | BT108: 3.36 | BU108: 3.01 | BV108: 2.27
B109: AM-Peak | C109: 0.31041289 | D109: 0.13865579 | E109: 0.24293538 | F109: 0.33868885 | G109: 0.40563351 | H109: 0.19217044 | I109: 0.46304992 | J109: 0.24851533 | K109: 0.15552572 | L109: 0.20681989 | M109: 0.14390549 | N109: 0.20448914 | O109: 0.30836724 | P109: 0.20695476 | Q109: 0.14607597 | R109: 0.22636257 | T109: AM-Peak | U109: 3799.5 | V109: 1444.01 | W109: 3399.94 | X109: 2836.1 | Y109: 4026.18 | Z109: 2667.87 | AA109: 3419.99 | AB109: 2325.78 | AC109: 1464.86 | AD109: 1727.52 | AE109: 1210.89 | AF109: 1399.84 | AG109: 1001.94 | AH109: 414.3 | AI109: 1999.83 | AJ109: 2441.2 | AM109: AM-Peak | AN109: 14614.59 | AO109: 7080.94 | AP109: 18095.06 | AQ109: 8255.65 | AR109: 19698.23 | AS109: 13184.46 | AT109: 17838.62 | AU109: 11469.04 | AV109: 6899.89 | AW109: 8161.93 | AX109: 5686.11 | AY109: 6583.16 | AZ109: 4694.84 | BA109: 3728.7 | BB109: 9385.17 | BC109: 9486.8 | BF109: AM-Peak | BG109: 11.52 | BH109: 9.27 | BI109: 6.13 | BJ109: 12 | BK109: 13.44 | BL109: 7.22 | BM109: 12.11 | BN109: 7.11 | BO109: 3.42 | BP109: 3.8 | BQ109: 3.93 | BR109: 4.45 | BS109: 4.2 | BT109: 5.67 | BU109: 2.8 | BV109: 3.84
B110: AM-Shoulder | C110: 0.057287 | D110: 0.031255691 | E110: 0.051502759 | F110: 0.094188494 | G110: 0.073451509 | H110: 0.058562125 | I110: 0.044924223 | J110: 0.050633571 | K110: 0.053806906 | L110: 0.058447935 | M110: 0.048885022 | N110: 0.023128165 | O110: 0.028251296 | P110: 0.029523906 | Q110: 0.039139419 | R110: 0.038281697 | T110: AM-Shoulder | U110: 830.45 | V110: 483.08 | W110: 887.03 | X110: 884.03 | Y110: 1097.83 | Z110: 895.87 | AA110: 879.75 | AB110: 754.99 | AC110: 614.52 | AD110: 221 | AE110: 492.95 | AF110: 228.01 | AG110: 141.95 | AH110: 142.31 | AI110: 544.09 | AJ110: 547.12 | AM110: AM-Shoulder | AN110: 4293.55 | AO110: 2365.47 | AP110: 4593.97 | AQ110: 4411.72 | AR110: 5566.17 | AS110: 4390.13 | AT110: 4416.25 | AU110: 3684.01 | AV110: 2894.63 | AW110: 1989 | AX110: 2314.05 | AY110: 1981.99 | AZ110: 1029.08 | BA110: 1026.69 | BB110: 2547.91 | BC110: 2563.28 | BF110: AM-Shoulder | BG110: 9.34 | BH110: 6.17 | BI110: 4.52 | BJ110: 10.65 | BK110: 8.57 | BL110: 6.31 | BM110: 4.24 | BN110: 4.55 | BO110: 2.85 | BP110: 7.02 | BQ110: 3.32 | BR110: 2.92 | BS110: 2.49 | BT110: 2.49 | BU110: 2.5 | BV110: 2.77
B111: MD | C111: 0.22017855 | D111: 0.31857342 | E111: 0.29121924 | F111: 0.27447668 | G111: 0.17853627 | H111: 0.24383584 | I111: 0.14040221 | J111: 0.22021051 | K111: 0.29012841 | L111: 0.24523265 | M111: 0.29991342 | N111: 0.25462052 | O111: 0.27793236 | P111: 0.27293041 | Q111: 0.39658969 | R111: 0.3374795 | T111: MD | U111: 3077.27 | V111: 3542.21 | W111: 3446.98 | X111: 3714.64 | Y111: 3825.73 | Z111: 4578.59 | AA111: 3234.64 | AB111: 4028.93 | AC111: 3957.1 | AD111: 3219.68 | AE111: 3894.94 | AF111: 3155.4 | AG111: 1449.68 | AH111: 1393.24 | AI111: 4144.1 | AJ111: 4029.63 | AM111: MD | AN111: 15592.73 | AO111: 17262.79 | AP111: 17468.02 | AQ111: 18105.36 | AR111: 18724.27 | AS111: 22121.41 | AT111: 15825.36 | AU111: 19446.07 | AV111: 18502.9 | AW111: 14990.32 | AX111: 18200.06 | AY111: 14684.6 | AZ111: 6700.32 | BA111: 6436.76 | BB111: 19245.9 | BC111: 18711.5 | BF111: MD | BG111: 10.08 | BH111: 9.09 | BI111: 6.75 | BJ111: 7.89 | BK111: 6.04 | BL111: 5.61 | BM111: 3.78 | BN111: 3.92 | BO111: 2.55 | BP111: 2.48 | BQ111: 2.75 | BR111: 2.53 | BS111: 2.76 | BT111: 2.7 | BU111: 3.41 | BV111: 3.53
B112: PM-Shoulder | C112: 0.062090106 | D112: 0.079423396 | E112: 0.043575145 | F112: 0.048371177 | G112: 0.058162588 | H112: 0.13117634 | I112: 0.037975546 | J112: 0.1076675 | K112: 0.042180611 | L112: 0.033365771 | M112: 0.044920132 | N112: 0.035848809 | O112: 0.069651916 | P112: 0.056952846 | Q112: 0.028587954 | R112: 0.051042808 | T112: PM-Shoulder | U112: 1056.54 | V112: 1003.73 | W112: 1105.99 | X112: 1483.82 | Y112: 1390.77 | Z112: 1768.64 | AA112: 1102.03 | AB112: 1536.95 | AC112: 947.81 | AD112: 751.43 | AE112: 800.86 | AF112: 619.95 | AG112: 515.69 | AH112: 458.86 | AI112: 794.44 | AJ112: 826.25 | AM112: PM-Shoulder | AN112: 4267.25 | AO112: 3873.17 | AP112: 4455.79 | AQ112: 5876.18 | AR112: 5525.14 | AS112: 7316.22 | AT112: 4297.97 | AU112: 6132.05 | AV112: 3472.69 | AW112: 2833.68 | AX112: 2918.14 | AY112: 2248.14 | AZ112: 1864.72 | BA112: 1658.13 | BB112: 2872.16 | BC112: 2993.62 | BF112: PM-Shoulder | BG112: 8.71 | BH112: 8.61 | BI112: 3.41 | BJ112: 3.95 | BK112: 5.67 | BL112: 8.38 | BM112: 3.18 | BN112: 5.48 | BO112: 1.63 | BP112: 1.56 | BQ112: 2.11 | BR112: 1.96 | BS112: 2.16 | BT112: 1.9 | BU112: 1.39 | BV112: 2.96
B113: PM-Peak | C113: 0.25905789 | D113: 0.34057725 | E113: 0.25234148 | F113: 0.16245808 | G113: 0.17609392 | H113: 0.26273989 | I113: 0.16297143 | J113: 0.24772442 | K113: 0.21853788 | L113: 0.21292372 | M113: 0.22924513 | N113: 0.23011288 | O113: 0.15388181 | P113: 0.26592615 | Q113: 0.21560008 | R113: 0.17906428 | T113: PM-Peak | U113: 3568.78 | V113: 3573.06 | W113: 2852.38 | X113: 3610.4 | Y113: 3942.8 | Z113: 4417.05 | AA113: 3171.46 | AB113: 3837.82 | AC113: 2978.79 | AD113: 2584.33 | AE113: 2403.8 | AF113: 2079.7 | AG113: 405 | AH113: 1429.07 | AI113: 2241.71 | AJ113: 2473.75 | AM113: PM-Peak | AN113: 14677.26 | AO113: 14087.94 | AP113: 11454.77 | AQ113: 14140.6 | AR113: 15710.35 | AS113: 17589.58 | AT113: 12482.01 | AU113: 15078.22 | AV113: 11014.12 | AW113: 9491.62 | AX113: 8793.2 | AY113: 7575.29 | AZ113: 3645 | BA113: 5170.74 | BB113: 7384.69 | BC113: 8956.1 | BF113: PM-Peak | BG113: 11.15 | BH113: 10.35 | BI113: 8 | BJ113: 5.37 | BK113: 6.34 | BL113: 6.87 | BM113: 4.8 | BN113: 5.15 | BO113: 2.78 | BP113: 2.93 | BQ113: 3.72 | BR113: 3.79 | BS113: 5.67 | BT113: 2.95 | BU113: 3.84 | BV113: 3.42
B114: PM-Late | C114: 0.039086361 | D114: 0.061585464 | E114: 0.068867025 | F114: 0.018750404 | G114: 0.053732266 | H114: 0.072321761 | I114: 0.055490672 | J114: 0.074805924 | K114: 0.15826914 | L114: 0.15287914 | M114: 0.15385385 | N114: 0.15891071 | O114: 0.050311771 | P114: 0.06916213 | Q114: 0.074280101 | R114: 0.11270498 | T114: PM-Late | U114: 1651.09 | V114: 2225.18 | W114: 1336.29 | X114: 1478.88 | Y114: 1338.31 | Z114: 1655.79 | AA114: 1063.45 | AB114: 1559.31 | AC114: 1588.14 | AD114: 1375.12 | AE114: 1588.14 | AF114: 1375.18 | AG114: 354.23 | AH114: 562.26 | AI114: 1691.86 | AJ114: 1959.25 | AM114: PM-Late | AN114: 6529.91 | AO114: 8454.82 | AP114: 5254.71 | AQ114: 6585.12 | AR114: 5033.69 | AS114: 6162.21 | AT114: 4033.55 | AU114: 5808.69 | AV114: 5737.86 | AW114: 4963.88 | AX114: 5737.86 | AY114: 4963.82 | AZ114: 1667.77 | BA114: 1717.74 | BB114: 6102.14 | BC114: 7072.44 | BF114: PM-Late | BG114: 3.61 | BH114: 3.11 | BI114: 4.47 | BJ114: 1.5 | BK114: 5.59 | BL114: 4.97 | BM114: 4.94 | BN114: 3.91 | BO114: 3.74 | BP114: 4.15 | BQ114: 3.74 | BR114: 4.15 | BS114: 2.41 | BT114: 2.02 | BU114: 1.7 | BV114: 2.72
T117: ML medium A veh.Miles | AM117: GP medium A veh.Miles | BF117: Implied VOT
...

Sheet Year_2032
B1: Lenght
C2: 11 | D2: 12 | E2: 13 | F2: 14 | G2: 15 | H2: 16 | I2: 17 | J2: 18
B3: Length | C3: 2.4 | D3: 2.5 | E3: 2.8 | F3: 3.3 | G3: 2.6 | H3: 2.6 | I3: 2.1 | J3: 0.8
B5: TollLights | T5: ML PCE.Miles | AM5: GP PCE.Miles | BF5: Highway PCE.Miles
B6: Direction | C6: NB | D6: SB | E6: NB | F6: SB | G6: NB | H6: SB | I6: NB | J6: SB | K6: NB | L6: SB | M6: NB | N6: SB | O6: NB | P6: SB | Q6: NB | R6: SB | T6: Direction | U6: NB | V6: SB | W6: NB | X6: SB | Y6: NB | Z6: SB | AA6: NB | AB6: SB | AC6: NB | AD6: SB | AE6: NB | AF6: SB | AG6: NB | AH6: SB | AI6: NB | AJ6: SB | AM6: Direction | AN6: NB | AO6: SB | AP6: NB | AQ6: SB | AR6: NB | AS6: SB | AT6: NB | AU6: SB | AV6: NB | AW6: SB | AX6: NB | AY6: SB | AZ6: NB | BA6: SB | BB6: NB | BC6: SB | BF6: Direction | BG6: NB | BH6: SB | BI6: NB | BJ6: SB | BK6: NB | BL6: SB | BM6: NB | BN6: SB | BO6: NB | BP6: SB | BQ6: NB | BR6: SB | BS6: NB | BT6: SB | BU6: NB | BV6: SB
B7: Segment | C7: 11 | D7: 11 | E7: 12 | F7: 12 | G7: 13 | H7: 13 | I7: 14 | J7: 14 | K7: 15 | L7: 15 | M7: 16 | N7: 16 | O7: 17 | P7: 17 | Q7: 18 | R7: 18 | T7: Segment | U7: 11 | V7: 11 | W7: 12 | X7: 12 | Y7: 13 | Z7: 13 | AA7: 14 | AB7: 14 | AC7: 15 | AD7: 15 | AE7: 16 | AF7: 16 | AG7: 17 | AH7: 17 | AI7: 18 | AJ7: 18 | AM7: Segment | AN7: 11 | AO7: 11 | AP7: 12 | AQ7: 12 | AR7: 13 | AS7: 13 | AT7: 14 | AU7: 14 | AV7: 15 | AW7: 15 | AX7: 16 | AY7: 16 | AZ7: 17 | BA7: 17 | BB7: 18 | BC7: 18 | BF7: Segment | BG7: 11 | BH7: 11 | BI7: 12 | BJ7: 12 | BK7: 13 | BL7: 13 | BM7: 14 | BN7: 14 | BO7: 15 | BP7: 15 | BQ7: 16 | BR7: 16 | BS7: 17 | BT7: 17 | BU7: 18 | BV7: 18
B8: Period | T8: Period | AM8: Period | BF8: Period
B9: Night | C9: 0.2 | D9: 0.2 | E9: 0.2 | F9: 0.2 | G9: 0.2 | H9: 0.2 | I9: 0.2 | J9: 0.2 | K9: 0.2 | L9: 0.2 | M9: 0.2 | N9: 0.2 | O9: 0.2 | P9: 0.2 | Q9: 0.2 | R9: 0.2 | T9: Night | U9: 7593.6 | V9: 7269.36 | W9: 6329.75 | X9: 2274.08 | Y9: 2350.83 | Z9: 2121.07 | AA9: 2191.06 | AB9: 1855.79 | AC9: 1881.29 | AD9: 2311.06 | AE9: 1881.29 | AF9: 2232.65 | AG9: 621.48 | AH9: 572.53 | AI9: 6047.78 | AJ9: 4877.47 | AM9: Night | AN9: 40320 | AO9: 40320 | AP9: 52500 | AQ9: 42938.92 | AR9: 39651.97 | AS9: 35254.17 | AT9: 41216.15 | AU9: 35062.63 | AV9: 35334.07 | AW9: 43272.66 | AX9: 35334.07 | AY9: 41811.35 | AZ9: 11635.38 | BA9: 10722.95 | BB9: 16453.02 | BC9: 13435.09 | BF9: Night | BG9: 47913.6 | BH9: 47589.36 | BI9: 58829.75 | BJ9: 45213 | BK9: 42002.8 | BL9: 37375.24 | BM9: 43407.21 | BN9: 36918.42 | BO9: 37215.36 | BP9: 45583.72 | BQ9: 37215.36 | BR9: 44044 | BS9: 12256.86 | BT9: 11295.48 | BU9: 22500.8 | BV9: 18312.56
B10: AM-Early | C10: 1.8 | D10: 0.89 | E10: 0.82 | F10: 1.8 | G10: 1.66 | H10: 1.44 | I10: 1.8 | J10: 1.11 | K10: 0.93 | L10: 0.7 | M10: 0.93 | N10: 0.7 | O10: 0.98 | P10: 0.98 | Q10: 1.8 | R10: 1.8 | T10: AM-Early | U10: 2926.67 | V10: 1844.15 | W10: 3396.97 | X10: 1976.36 | Y10: 4120.83 | Z10: 2115.07 | AA10: 4559.13 | AB10: 2310.83 | AC10: 2102.02 | AD10: 2909.36 | AE10: 2102.02 | AF10: 2876.11 | AG10: 1418.76 | AH10: 1164.97 | AI10: 1030.22 | AJ10: 978.84 | AM10: AM-Early | AN10: 15334.55 | AO10: 10857.61 | AP10: 20750.78 | AQ10: 9781.21 | AR10: 23183.65 | AS10: 11572.45 | AT10: 24301.7 | AU10: 12997.54 | AV10: 12318.36 | AW10: 16123.42 | AX10: 12318.36 | AY10: 15926.83 | AZ10: 7670.88 | BA10: 6284.78 | BB10: 5396.98 | BC10: 5202.48 | BF10: AM-Early | BG10: 18261.22 | BH10: 12701.76 | BI10: 24147.75 | BJ10: 11757.57 | BK10: 27304.48 | BL10: 13687.52 | BM10: 28860.83 | BN10: 15308.37 | BO10: 14420.38 | BP10: 19032.78 | BQ10: 14420.38 | BR10: 18802.94 | BS10: 9089.64 | BT10: 7449.75 | BU10: 6427.2 | BV10: 6181.31
B11: AM-Peak | C11: 3.96 | D11: 1.8 | E11: 1.8 | F11: 1.8 | G11: 3.72 | H11: 1.73 | I11: 3.27 | J11: 1.4 | K11: 0.77 | L11: 0.87 | M11: 0.88 | N11: 1.01 | O11: 1.17 | P11: 0.9 | Q11: 1.8 | R11: 1.8 | T11: AM-Peak | U11: 13242.38 | V11: 6561.83 | W11: 12411.49 | X11: 13990.11 | Y11: 17271.67 | Z11: 10985.98 | AA11: 14976.18 | AB11: 11741.05 | AC11: 6138.46 | AD11: 7118.73 | AE11: 5093.28 | AF11: 5810 | AG11: 3604.97 | AH11: 1738.85 | AI11: 3021.66 | AJ11: 4864.94 | AM11: AM-Peak | AN11: 59909.62 | AO11: 30700.65 | AP11: 80899.01 | AQ11: 38986.05 | AR11: 85619.46 | AS11: 63459.07 | AT11: 94330.77 | AU11: 69714.3 | AV11: 36463.76 | AW11: 41280.44 | AX11: 30083.16 | AY11: 33456.76 | AZ11: 20211.76 | BA11: 15535.75 | BB11: 13240.02 | BC11: 14351.62 | BF11: AM-Peak | BG11: 73152 | BH11: 37262.48 | BI11: 93310.5 | BJ11: 52976.16 | BK11: 102891.13 | BL11: 74445.06 | BM11: 109306.96 | BN11: 81455.35 | BO11: 42602.23 | BP11: 48399.17 | BQ11: 35176.44 | BR11: 39266.76 | BS11: 23816.73 | BT11: 17274.6 | BU11: 16261.68 | BV11: 19216.56
B12: AM-Shoulder | C12: 1.8 | D12: 1.79 | E12: 1.36 | F12: 1.8 | G12: 2.29 | H12: 1.73 | I12: 0.89 | J12: 0.91 | K12: 0.68 | L12: 1.34 | M12: 0.78 | N12: 0.37 | O12: 0.49 | P12: 0.49 | Q12: 1.8 | R12: 1.8 | T12: AM-Shoulder | U12: 3228.47 | V12: 1793.52 | W12: 3582.79 | X12: 3710.07 | Y12: 4162.8 | Z12: 3847.95 | AA12: 4385.12 | AB12: 3769.6 | AC12: 2549.8 | AD12: 1099.1 | AE12: 2050.81 | AF12: 1542.27 | AG12: 783.38 | AH12: 782.83 | AI12: 880.51 | AJ12: 860.34 | AM12: AM-Shoulder | AN12: 17096.01 | AO12: 11452.82 | AP12: 25434.96 | AQ12: 20555.58 | AR12: 25237.2 | AS12: 23273.41 | AT12: 25819.45 | AU12: 22457.15 | AV12: 15249.81 | AW12: 9988.6 | AX12: 12188.35 | AY12: 9545.43 | AZ12: 4474.12 | BA12: 4476.83 | BB12: 4351.41 | BC12: 4179.66 | BF12: AM-Shoulder | BG12: 20324.48 | BH12: 13246.34 | BI12: 29017.75 | BJ12: 24265.65 | BK12: 29400 | BL12: 27121.36 | BM12: 30204.57 | BN12: 26226.75 | BO12: 17799.61 | BP12: 11087.7 | BQ12: 14239.16 | BR12: 11087.7 | BS12: 5257.5 | BT12: 5259.66 | BU12: 5231.92 | BV12: 5040
B13: MD | C13: 1.8 | D13: 1.8 | E13: 1.8 | F13: 1.8 | G13: 1.5 | H13: 1.44 | I13: 0.69 | J13: 0.77 | K13: 0.63 | L13: 0.59 | M13: 0.68 | N13: 0.6 | O13: 0.77 | P13: 0.75 | Q13: 1.8 | R13: 1.8 | T13: MD | U13: 12020.9 | V13: 13419.84 | W13: 15249.7 | X13: 16469.84 | Y13: 15469.37 | Z13: 18053.6 | AA13: 15582.78 | AB13: 18987.41 | AC13: 15283.01 | AD13: 12953.08 | AE13: 15038.79 | AF13: 12690.26 | AG13: 4944.42 | AH13: 4765.25 | AI13: 5271.93 | AJ13: 5014.24 | AM13: MD | AN13: 57722.49 | AO13: 65320.13 | AP13: 90902.8 | AQ13: 86881.7 | AR13: 89519.43 | AS13: 100711.2 | AT13: 87722.07 | AU13: 106110.64 | AV13: 85906.39 | AW13: 73967.52 | AX13: 84390.41 | AY13: 72402.54 | AZ13: 27020.73 | BA13: 26050.15 | BB13: 27488.07 | BC13: 25598.38 | BF13: MD | BG13: 69743.39 | BH13: 78739.96 | BI13: 106152.5 | BJ13: 103351.54 | BK13: 104988.8 | BL13: 118764.8 | BM13: 103304.85 | BN13: 125098.05 | BO13: 101189.4 | BP13: 86920.6 | BQ13: 99429.2 | BR13: 85092.8 | BS13: 31965.15 | BT13: 30815.4 | BU13: 32760 | BV13: 30612.62
B14: PM-Shoulder | C14: 1.8 | D14: 1.8 | E14: 1.06 | F14: 1.56 | G14: 1.78 | H14: 1.71 | I14: 0.7 | J14: 1.25 | K14: 0.41 | L14: 0.35 | M14: 0.51 | N14: 0.45 | O14: 0.62 | P14: 0.54 | Q14: 1.31 | R14: 1.8 | T14: PM-Shoulder | U14: 3096.67 | V14: 2837.22 | W14: 3989.43 | X14: 4839.95 | Y14: 5018.2 | Z14: 5395.58 | AA14: 4913.38 | AB14: 5866.64 | AC14: 3465.62 | AD14: 2871.62 | AE14: 2945.07 | AF14: 2314.27 | AG14: 1584.47 | AH14: 1411.5 | AI14: 956.13 | AJ14: 805.65 | AM14: PM-Shoulder | AN14: 14987.52 | AO14: 12999.62 | AP14: 22321.87 | AQ14: 25272.3 | AR14: 24381.8 | AS14: 26068.62 | AT14: 22505.33 | AU14: 27133.36 | AV14: 14640.72 | AW14: 12496.42 | AX14: 12292.49 | AY14: 9979.95 | AZ14: 6603.39 | BA14: 5870.17 | BB14: 4742.49 | BC14: 3478.35 | BF14: PM-Shoulder | BG14: 18084.19 | BH14: 15836.84 | BI14: 26311.3 | BJ14: 30112.25 | BK14: 29400 | BL14: 31464.21 | BM14: 27418.71 | BN14: 33000 | BO14: 18106.34 | BP14: 15368.04 | BQ14: 15237.56 | BR14: 12294.22 | BS14: 8187.86 | BT14: 7281.66 | BU14: 5698.62 | BV14: 4284
B15: PM-Peak | C15: 1.8 | D15: 1.8 | E15: 1.8 | F15: 1.63 | G15: 1.79 | H15: 1.8 | I15: 0.99 | J15: 1.2 | K15: 0.71 | L15: 0.71 | M15: 0.9 | N15: 0.89 | O15: 1.35 | P15: 0.83 | Q15: 1.8 | R15: 1.8 | T15: PM-Peak | U15: 15843.8 | V15: 15386.66 | W15: 11631.65 | X15: 12245.18 | Y15: 13938.37 | Z15: 16460.66 | AA15: 13879.31 | AB15: 15625.89 | AC15: 10419.24 | AD15: 9435.95 | AE15: 8490.79 | AF15: 7649.31 | AG15: 1334.47 | AH15: 4242.33 | AI15: 4026.18 | AJ15: 4107.9 | AM15: PM-Peak | AN15: 52285.27 | AO15: 51988.78 | AP15: 51994.97 | AQ15: 66351.07 | AR15: 68248.2 | AS15: 71519.49 | AT15: 65955.12 | AU15: 72716.65 | AV15: 45812.06 | AW15: 43795.29 | AX15: 36493.23 | AY15: 34936 | AZ15: 12080.12 | BA15: 17602.81 | BB15: 10359.13 | BC15: 12551.18 | BF15: PM-Peak | BG15: 68129.07 | BH15: 67375.44 | BI15: 63626.62 | BJ15: 78596.25 | BK15: 82186.57 | BL15: 87980.14 | BM15: 79834.43 | BN15: 88342.54 | BO15: 56231.3 | BP15: 53231.24 | BQ15: 44984.02 | BR15: 42585.31 | BS15: 13414.59 | BT15: 21845.14 | BU15: 14385.31 | BV15: 16659.08
B16: PM-Late | C16: 0.92 | D16: 0.81 | E16: 1.12 | F16: 0.27 | G16: 1.23 | H16: 1.08 | I16: 0.89 | J16: 0.7 | K16: 0.91 | L16: 1.01 | M16: 0.91 | N16: 1.01 | O16: 0.5 | P16: 0.57 | Q16: 1.56 | R16: 1.73 | T16: PM-Late | U16: 5366.77 | V16: 6997.66 | W16: 4893.82 | X16: 5857.56 | Y16: 5054.96 | Z16: 6150.82 | AA16: 4748.97 | AB16: 6550.68 | AC16: 5731.94 | AD16: 4851.61 | AE16: 5732.13 | AF16: 4851.66 | AG16: 1433.16 | AH16: 1601.38 | AI16: 2040.92 | AJ16: 1877.64 | AM16: PM-Late | AN16: 27329.15 | AO16: 33040.82 | AP16: 29524.43 | AQ16: 31662.69 | AR16: 24224.08 | AS16: 27450.86 | AT16: 22718.58 | AU16: 28517.1 | AV16: 26843.2 | AW16: 21566.99 | AX16: 26843.01 | AY16: 21566.94 | AZ16: 5232.24 | BA16: 5877.35 | BB16: 11340.04 | BC16: 9690.27 | BF16: PM-Late | BG16: 32695.92 | BH16: 40038.48 | BI16: 34418.25 | BJ16: 37520.25 | BK16: 29279.04 | BL16: 33601.68 | BM16: 27467.55 | BN16: 35067.78 | BO16: 32575.14 | BP16: 26418.6 | BQ16: 32575.14 | BR16: 26418.6 | BS16: 6665.4 | BT16: 7478.73 | BU16: 13380.96 | BV16: 11567.91
B19: CaptureRateLights | T19: ML Volume (PCE/Period) | AM19: GP Volume (PCE/Period) | BF19: Highway Volume
B20: Direction | C20: NB | D20: SB | E20: NB | F20: SB | G20: NB | H20: SB | I20: NB | J20: SB | K20: NB | L20: SB | M20: NB | N20: SB | O20: NB | P20: SB | Q20: NB | R20: SB | T20: Direction | U20: NB | V20: SB | W20: NB | X20: SB | Y20: NB | Z20: SB | AA20: NB | AB20: SB | AC20: NB | AD20: SB | AE20: NB | AF20: SB | AG20: NB | AH20: SB | AI20: NB | AJ20: SB | AM20: Direction | AN20: NB | AO20: SB | AP20: NB | AQ20: SB | AR20: NB | AS20: SB | AT20: NB | AU20: SB | AV20: NB | AW20: SB | AX20: NB | AY20: SB | AZ20: NB | BA20: SB | BB20: NB | BC20: SB | BF20: Direction | BG20: NB | BH20: SB | BI20: NB | BJ20: SB | BK20: NB | BL20: SB | BM20: NB | BN20: SB | BO20: NB | BP20: SB | BQ20: NB | BR20: SB | BS20: NB | BT20: SB | BU20: NB | BV20: SB
B21: Segment | C21: 11 | D21: 11 | E21: 12 | F21: 12 | G21: 13 | H21: 13 | I21: 14 | J21: 14 | K21: 15 | L21: 15 | M21: 16 | N21: 16 | O21: 17 | P21: 17 | Q21: 18 | R21: 18 | T21: Segment | U21: 11 | V21: 11 | W21: 12 | X21: 12 | Y21: 13 | Z21: 13 | AA21: 14 | AB21: 14 | AC21: 15 | AD21: 15 | AE21: 16 | AF21: 16 | AG21: 17 | AH21: 17 | AI21: 18 | AJ21: 18 | AM21: Segment | AN21: 11 | AO21: 11 | AP21: 12 | AQ21: 12 | AR21: 13 | AS21: 13 | AT21: 14 | AU21: 14 | AV21: 15 | AW21: 15 | AX21: 16 | AY21: 16 | AZ21: 17 | BA21: 17 | BB21: 18 | BC21: 18 | BF21: Segment | BG21: 11 | BH21: 11 | BI21: 12 | BJ21: 12 | BK21: 13 | BL21: 13 | BM21: 14 | BN21: 14 | BO21: 15 | BP21: 15 | BQ21: 16 | BR21: 16 | BS21: 17 | BT21: 17 | BU21: 18 | BV21: 18
B22: Period | T22: Period | AM22: Period | BF22: Period
B23: Night | C23: 0.19 | D23: 0.18 | E23: 0.12 | F23: 0.05 | G23: 0.06 | H23: 0.06 | I23: 0.05 | J23: 0.05 | K23: 0.05 | L23: 0.05 | M23: 0.05 | N23: 0.05 | O23: 0.05 | P23: 0.05 | Q23: 0.27 | R23: 0.27 | T23: Night | U23: 3164 | V23: 3028.9 | W23: 2531.9 | X23: 909.63 | Y23: 839.58 | Z23: 757.53 | AA23: 663.96 | AB23: 562.36 | AC23: 723.57 | AD23: 888.87 | AE23: 723.57 | AF23: 858.71 | AG23: 295.94 | AH23: 272.63 | AI23: 7559.73 | AJ23: 6096.84 | AM23: Night | AN23: 16800 | AO23: 16800 | AP23: 21000 | AQ23: 17175.57 | AR23: 14161.42 | AS23: 12590.77 | AT23: 12489.74 | AU23: 10625.04 | AV23: 13590.03 | AW23: 16643.33 | AX23: 13590.03 | AY23: 16081.29 | AZ23: 5540.66 | BA23: 5106.17 | BB23: 20566.27 | BC23: 16793.86 | BF23: Night | BG23: 19964 | BH23: 19828.9 | BI23: 23531.9 | BJ23: 18085.2 | BK23: 15001 | BL23: 13348.3 | BM23: 13153.7 | BN23: 11187.4 | BO23: 14313.6 | BP23: 17532.2 | BQ23: 14313.6 | BR23: 16940 | BS23: 5836.6 | BT23: 5378.8 | BU23: 28126 | BV23: 22890.7
B24: AM-Early | C24: 0.18 | D24: 0.17 | E24: 0.16 | F24: 0.19 | G24: 0.16 | H24: 0.17 | I24: 0.17 | J24: 0.17 | K24: 0.17 | L24: 0.17 | M24: 0.17 | N24: 0.17 | O24: 0.18 | P24: 0.18 | Q24: 0.18 | R24: 0.19 | T24: AM-Early | U24: 1219.45 | V24: 768.39 | W24: 1358.79 | X24: 790.54 | Y24: 1471.73 | Z24: 755.38 | AA24: 1381.56 | AB24: 700.25 | AC24: 808.47 | AD24: 1118.98 | AE24: 808.47 | AF24: 1106.2 | AG24: 675.6 | AH24: 554.75 | AI24: 1287.78 | AJ24: 1223.54 | AM24: AM-Early | AN24: 6389.4 | AO24: 4524.01 | AP24: 8300.31 | AQ24: 3912.48 | AR24: 8279.87 | AS24: 4133.02 | AT24: 7364.15 | AU24: 3938.65 | AV24: 4737.83 | AW24: 6201.32 | AX24: 4737.83 | AY24: 6125.7 | AZ24: 3652.8 | BA24: 2992.75 | BB24: 6746.22 | BC24: 6503.1 | BF24: AM-Early | BG24: 7608.84 | BH24: 5292.4 | BI24: 9659.1 | BJ24: 4703.03 | BK24: 9751.6 | BL24: 4888.4 | BM24: 8745.71 | BN24: 4638.9 | BO24: 5546.3 | BP24: 7320.3 | BQ24: 5546.3 | BR24: 7231.9 | BS24: 4328.4 | BT24: 3547.5 | BU24: 8034 | BV24: 7726.64
B25: AM-Peak | C25: 0.21 | D25: 0.21 | E25: 0.15 | F25: 0.32 | G25: 0.18 | H25: 0.16 | I25: 0.15 | J25: 0.16 | K25: 0.17 | L25: 0.17 | M25: 0.17 | N25: 0.17 | O25: 0.18 | P25: 0.1 | Q25: 0.22 | R25: 0.3 | T25: AM-Peak | U25: 5517.66 | V25: 2734.1 | W25: 4964.6 | X25: 5596.04 | Y25: 6168.45 | Z25: 3923.57 | AA25: 4538.24 | AB25: 3557.89 | AC25: 2360.95 | AD25: 2737.97 | AE25: 1958.95 | AF25: 2234.61 | AG25: 1716.65 | AH25: 828.02 | AI25: 3777.08 | AJ25: 6081.18 | AM25: AM-Peak | AN25: 24962.34 | AO25: 12791.94 | AP25: 32359.6 | AQ25: 15594.42 | AR25: 30578.38 | AS25: 22663.96 | AT25: 28585.08 | AU25: 21125.55 | AV25: 14024.52 | AW25: 15877.09 | AX25: 11570.45 | AY25: 12867.99 | AZ25: 9624.65 | BA25: 7397.98 | BB25: 16550.02 | BC25: 17939.52 | BF25: AM-Peak | BG25: 30480 | BH25: 15526.03 | BI25: 37324.2 | BJ25: 21190.46 | BK25: 36746.83 | BL25: 26587.52 | BM25: 33123.32 | BN25: 24683.44 | BO25: 16385.47 | BP25: 18615.07 | BQ25: 13529.4 | BR25: 15102.6 | BS25: 11341.3 | BT25: 8226 | BU25: 20327.1 | BV25: 24020.7
B26: AM-Shoulder | C26: 0.19 | D26: 0.17 | E26: 0.16 | F26: 0.19 | G26: 0.16 | H26: 0.17 | I26: 0.16 | J26: 0.17 | K26: 0.17 | L26: 0.1 | M26: 0.18 | N26: 0.17 | O26: 0.18 | P26: 0.18 | Q26: 0.22 | R26: 0.21 | T26: AM-Shoulder | U26: 1345.2 | V26: 747.3 | W26: 1433.12 | X26: 1484.03 | Y26: 1486.71 | Z26: 1374.27 | AA26: 1328.82 | AB26: 1142.3 | AC26: 980.69 | AD26: 422.73 | AE26: 788.77 | AF26: 593.18 | AG26: 373.04 | AH26: 372.78 | AI26: 1100.64 | AJ26: 1075.43 | AM26: AM-Shoulder | AN26: 7123.34 | AO26: 4772.01 | AP26: 10173.98 | AQ26: 8222.23 | AR26: 9013.29 | AS26: 8311.93 | AT26: 7824.08 | AU26: 6805.2 | AV26: 5865.31 | AW26: 3841.77 | AX26: 4687.83 | AY26: 3671.32 | AZ26: 2130.53 | BA26: 2131.82 | BB26: 5439.26 | BC26: 5224.57 | BF26: AM-Shoulder | BG26: 8468.53 | BH26: 5519.31 | BI26: 11607.1 | BJ26: 9706.26 | BK26: 10500 | BL26: 9686.2 | BM26: 9152.9 | BN26: 7947.5 | BO26: 6846 | BP26: 4264.5 | BQ26: 5476.6 | BR26: 4264.5 | BS26: 2503.57 | BT26: 2504.6 | BU26: 6539.9 | BV26: 6300
B27: MD | C27: 0.2 | D27: 0.2 | E27: 0.18 | F27: 0.2 | G27: 0.17 | H27: 0.17 | I27: 0.17 | J27: 0.17 | K27: 0.17 | L27: 0.18 | M27: 0.17 | N27: 0.18 | O27: 0.18 | P27: 0.18 | Q27: 0.2 | R27: 0.2 | T27: MD | U27: 5008.71 | V27: 5591.6 | W27: 6099.88 | X27: 6587.94 | Y27: 5524.77 | Z27: 6447.71 | AA27: 4722.06 | AB27: 5753.76 | AC27: 5878.08 | AD27: 4981.95 | AE27: 5784.15 | AF27: 4880.87 | AG27: 2354.49 | AH27: 2269.17 | AI27: 6589.92 | AJ27: 6267.79 | AM27: MD | AN27: 24051.04 | AO27: 27216.72 | AP27: 36361.12 | AQ27: 34752.68 | AR27: 31971.23 | AS27: 35968.29 | AT27: 26582.44 | AU27: 32154.74 | AV27: 33040.92 | AW27: 28449.05 | AX27: 32457.85 | AY27: 27847.13 | AZ27: 12867.01 | BA27: 12404.83 | BB27: 34360.08 | BC27: 31997.98 | BF27: MD | BG27: 29059.75 | BH27: 32808.32 | BI27: 42461 | BJ27: 41340.61 | BK27: 37496 | BL27: 42416 | BM27: 31304.5 | BN27: 37908.5 | BO27: 38919 | BP27: 33431 | BQ27: 38242 | BR27: 32728 | BS27: 15221.5 | BT27: 14674 | BU27: 40950 | BV27: 38265.77
B28: PM-Shoulder | C28: 0.2 | D28: 0.21 | E28: 0.19 | F28: 0.19 | G28: 0.19 | H28: 0.19 | I28: 0.2 | J28: 0.19 | K28: 0.21 | L28: 0.21 | M28: 0.21 | N28: 0.21 | O28: 0.22 | P28: 0.22 | Q28: 0.22 | R28: 0.22 | T28: PM-Shoulder | U28: 1290.28 | V28: 1182.18 | W28: 1595.77 | X28: 1935.98 | Y28: 1792.22 | Z28: 1926.99 | AA28: 1488.9 | AB28: 1777.77 | AC28: 1332.93 | AD28: 1104.47 | AE28: 1132.72 | AF28: 890.11 | AG28: 754.51 | AH28: 672.14 | AI28: 1195.16 | AJ28: 1007.06 | AM28: PM-Shoulder | AN28: 6244.8 | AO28: 5416.51 | AP28: 8928.75 | AQ28: 10108.92 | AR28: 8707.78 | AS28: 9310.22 | AT28: 6819.8 | AU28: 8222.23 | AV28: 5631.05 | AW28: 4806.32 | AX28: 4727.88 | AY28: 3838.44 | AZ28: 3144.47 | BA28: 2795.32 | BB28: 5928.11 | BC28: 4347.94 | BF28: PM-Shoulder | BG28: 7535.08 | BH28: 6598.68 | BI28: 10524.52 | BJ28: 12044.9 | BK28: 10500 | BL28: 11237.22 | BM28: 8308.7 | BN28: 10000 | BO28: 6963.98 | BP28: 5910.78 | BQ28: 5860.6 | BR28: 4728.55 | BS28: 3898.98 | BT28: 3467.46 | BU28: 7123.27 | BV28: 5355
B29: PM-Peak | C29: 0.27 | D29: 0.27 | E29: 0.23 | F29: 0.2 | G29: 0.19 | H29: 0.2 | I29: 0.2 | J29: 0.19 | K29: 0.21 | L29: 0.21 | M29: 0.21 | N29: 0.21 | O29: 0.1 | P29: 0.22 | Q29: 0.35 | R29: 0.31 | T29: PM-Peak | U29: 6601.58 | V29: 6411.11 | W29: 4652.66 | X29: 4898.07 | Y29: 4977.99 | Z29: 5878.81 | AA29: 4205.85 | AB29: 4735.12 | AC29: 4007.4 | AD29: 3629.21 | AE29: 3265.69 | AF29: 2942.04 | AG29: 635.46 | AH29: 2020.16 | AI29: 5032.73 | AJ29: 5134.88 | AM29: PM-Peak | AN29: 21785.53 | AO29: 21661.99 | AP29: 20797.99 | AQ29: 26540.43 | AR29: 24374.36 | AS29: 25542.67 | AT29: 19986.4 | AU29: 22035.35 | AV29: 17620.02 | AW29: 16844.34 | AX29: 14035.86 | AY29: 13436.92 | AZ29: 5752.44 | BA29: 8382.29 | BB29: 12948.91 | BC29: 15688.98 | BF29: PM-Peak | BG29: 28387.11 | BH29: 28073.1 | BI29: 25450.65 | BJ29: 31438.5 | BK29: 29352.35 | BL29: 31421.48 | BM29: 24192.25 | BN29: 26770.47 | BO29: 21627.42 | BP29: 20473.55 | BQ29: 17301.55 | BR29: 16378.97 | BS29: 6387.9 | BT29: 10402.45 | BU29: 17981.64 | BV29: 20823.85
B30: PM-Late | C30: 0.2 | D30: 0.21 | E30: 0.2 | F30: 0.21 | G30: 0.21 | H30: 0.21 | I30: 0.21 | J30: 0.21 | K30: 0.22 | L30: 0.22 | M30: 0.22 | N30: 0.22 | O30: 0.25 | P30: 0.24 | Q30: 0.22 | R30: 0.22 | T30: PM-Late | U30: 2236.15 | V30: 2915.69 | W30: 1957.53 | X30: 2343.02 | Y30: 1805.34 | Z30: 2196.72 | AA30: 1439.08 | AB30: 1985.06 | AC30: 2204.59 | AD30: 1866 | AE30: 2204.66 | AF30: 1866.02 | AG30: 682.46 | AH30: 762.56 | AI30: 2551.15 | AJ30: 2347.05 | AM30: PM-Late | AN30: 11387.15 | AO30: 13767.01 | AP30: 11809.77 | AQ30: 12665.08 | AR30: 8651.46 | AS30: 9803.88 | AT30: 6884.42 | AU30: 8641.54 | AV30: 10324.31 | AW30: 8295 | AX30: 10324.24 | AY30: 8294.98 | AZ30: 2491.54 | BA30: 2798.74 | BB30: 14175.05 | BC30: 12112.84 | BF30: PM-Late | BG30: 13623.3 | BH30: 16682.7 | BI30: 13767.3 | BJ30: 15008.1 | BK30: 10456.8 | BL30: 12000.6 | BM30: 8323.5 | BN30: 10626.6 | BO30: 12528.9 | BP30: 10161 | BQ30: 12528.9 | BR30: 10161 | BS30: 3174 | BT30: 3561.3 | BU30: 16726.2 | BV30: 14459.89
B33: Revenue Per Period | T33: ML Flow (PCE/hr) | AM33: GP Flow (PCE/hr) | BF33: Highway Flow
B34: Direction | C34: NB | D34: SB | E34: NB | F34: SB | G34: NB | H34: SB | I34: NB | J34: SB | K34: NB | L34: SB | M34: NB | N34: SB | O34: NB | P34: SB | Q34: NB | R34: SB | T34: Direction | U34: NB | V34: SB | W34: NB | X34: SB | Y34: NB | Z34: SB | AA34: NB | AB34: SB | AC34: NB | AD34: SB | AE34: NB | AF34: SB | AG34: NB | AH34: SB | AI34: NB | AJ34: SB | AM34: Direction | AN34: NB | AO34: SB | AP34: NB | AQ34: SB | AR34: NB | AS34: SB | AT34: NB | AU34: SB | AV34: NB | AW34: SB | AX34: NB | AY34: SB | AZ34: NB | BA34: SB | BB34: NB | BC34: SB | BF34: Direction | BG34: NB | BH34: SB | BI34: NB | BJ34: SB | BK34: NB | BL34: SB | BM34: NB | BN34: SB | BO34: NB | BP34: SB | BQ34: NB | BR34: SB | BS34: NB | BT34: SB | BU34: NB | BV34: SB
B35: Segment | C35: 11 | D35: 11 | E35: 12 | F35: 12 | G35: 13 | H35: 13 | I35: 14 | J35: 14 | K35: 15 | L35: 15 | M35: 16 | N35: 16 | O35: 17 | P35: 17 | Q35: 18 | R35: 18 | T35: Segment | U35: 11 | V35: 11 | W35: 12 | X35: 12 | Y35: 13 | Z35: 13 | AA35: 14 | AB35: 14 | AC35: 15 | AD35: 15 | AE35: 16 | AF35: 16 | AG35: 17 | AH35: 17 | AI35: 18 | AJ35: 18 | AM35: Segment | AN35: 11 | AO35: 11 | AP35: 12 | AQ35: 12 | AR35: 13 | AS35: 13 | AT35: 14 | AU35: 14 | AV35: 15 | AW35: 15 | AX35: 16 | AY35: 16 | AZ35: 17 | BA35: 17 | BB35: 18 | BC35: 18 | BF35: Segment | BG35: 11 | BH35: 11 | BI35: 12 | BJ35: 12 | BK35: 13 | BL35: 13 | BM35: 14 | BN35: 14 | BO35: 15 | BP35: 15 | BQ35: 16 | BR35: 16 | BS35: 17 | BT35: 17 | BU35: 18 | BV35: 18
B36: Period | T36: Period | AM36: Period | BF36: Period
B37: Night | C37: 1518.72 | D37: 1453.87 | E37: 1265.95 | F37: 454.82 | G37: 470.17 | H37: 424.21 | I37: 438.21 | J37: 371.16 | K37: 376.26 | L37: 462.21 | M37: 376.26 | N37: 446.53 | O37: 124.3 | P37: 114.51 | Q37: 1209.56 | R37: 975.49 | T37: Night | U37: 452 | V37: 432.7 | W37: 361.7 | X37: 129.95 | Y37: 119.94 | Z37: 108.22 | AA37: 94.85 | AB37: 80.34 | AC37: 103.37 | AD37: 126.98 | AE37: 103.37 | AF37: 122.67 | AG37: 42.28 | AH37: 38.95 | AI37: 1079.96 | AJ37: 870.98 | AM37: Night | AN37: 2400 | AO37: 2400 | AP37: 3000 | AQ37: 2453.65 | AR37: 2023.06 | AS37: 1798.68 | AT37: 1784.25 | AU37: 1517.86 | AV37: 1941.43 | AW37: 2377.62 | AX37: 1941.43 | AY37: 2297.33 | AZ37: 791.52 | BA37: 729.45 | BB37: 2938.04 | BC37: 2399.12 | BF37: Night | BG37: 2852 | BH37: 2832.7 | BI37: 3361.7 | BJ37: 2583.6 | BK37: 2143 | BL37: 1906.9 | BM37: 1879.1 | BN37: 1598.2 | BO37: 2044.8 | BP37: 2504.6 | BQ37: 2044.8 | BR37: 2420 | BS37: 833.8 | BT37: 768.4 | BU37: 4018 | BV37: 3270.1
B38: AM-Early | C38: 5268.01 | D38: 1646.12 | E38: 2787.46 | F38: 3557.45 | G38: 6856.87 | H38: 3039.04 | I38: 8206.44 | J38: 2570.97 | K38: 1956.6 | L38: 2030.99 | M38: 1956.6 | N38: 2026.55 | O38: 1386.67 | P38: 1137.86 | Q38: 1854.4 | R38: 1761.9 | T38: AM-Early | U38: 1219.45 | V38: 768.39 | W38: 1358.79 | X38: 790.54 | Y38: 1471.73 | Z38: 755.38 | AA38: 1381.56 | AB38: 700.25 | AC38: 808.47 | AD38: 1118.98 | AE38: 808.47 | AF38: 1106.2 | AG38: 675.6 | AH38: 554.75 | AI38: 1287.78 | AJ38: 1223.54 | AM38: AM-Early | AN38: 6389.4 | AO38: 4524.01 | AP38: 8300.31 | AQ38: 3912.48 | AR38: 8279.87 | AS38: 4133.02 | AT38: 7364.15 | AU38: 3938.65 | AV38: 4737.83 | AW38: 6201.32 | AX38: 4737.83 | AY38: 6125.7 | AZ38: 3652.8 | BA38: 2992.75 | BB38: 6746.22 | BC38: 6503.1 | BF38: AM-Early | BG38: 7608.84 | BH38: 5292.4 | BI38: 9659.1 | BJ38: 4703.03 | BK38: 9751.6 | BL38: 4888.4 | BM38: 8745.71 | BN38: 4638.9 | BO38: 5546.3 | BP38: 7320.3 | BQ38: 5546.3 | BR38: 7231.9 | BS38: 4328.4 | BT38: 3547.5 | BU38: 8034 | BV38: 7726.64
B39: AM-Peak | C39: 52382.27 | D39: 11811.29 | E39: 22340.68 | F39: 25182.2 | G39: 64187.4 | H39: 19017.35 | I39: 49041.26 | J39: 16390.01 | K39: 4720.33 | L39: 6207.24 | M39: 4472.02 | N39: 5854.78 | O39: 4218.17 | P39: 1564.97 | Q39: 5438.99 | R39: 8756.9 | T39: AM-Peak | U39: 1839.22 | V39: 911.37 | W39: 1654.87 | X39: 1865.35 | Y39: 2056.15 | Z39: 1307.86 | AA39: 1512.75 | AB39: 1185.96 | AC39: 786.98 | AD39: 912.66 | AE39: 652.98 | AF39: 744.87 | AG39: 572.22 | AH39: 276.01 | AI39: 1259.03 | AJ39: 2027.06 | AM39: AM-Peak | AN39: 8320.78 | AO39: 4263.98 | AP39: 10786.53 | AQ39: 5198.14 | AR39: 10192.79 | AS39: 7554.65 | AT39: 9528.36 | AU39: 7041.85 | AV39: 4674.84 | AW39: 5292.36 | AX39: 3856.82 | AY39: 4289.33 | AZ39: 3208.22 | BA39: 2465.99 | BB39: 5516.67 | BC39: 5979.84 | BF39: AM-Peak | BG39: 10160 | BH39: 5175.34 | BI39: 12441.4 | BJ39: 7063.49 | BK39: 12248.94 | BL39: 8862.51 | BM39: 11041.11 | BN39: 8227.81 | BO39: 5461.82 | BP39: 6205.02 | BQ39: 4509.8 | BR39: 5034.2 | BS39: 3780.43 | BT39: 2742 | BU39: 6775.7 | BV39: 8006.9
B40: AM-Shoulder | C40: 5811.25 | D40: 3217.71 | E40: 4876.71 | F40: 6678.12 | G40: 9528.72 | H40: 6653.53 | I40: 3922.37 | J40: 3424.04 | K40: 1727.95 | L40: 1477.41 | M40: 1594.28 | N40: 577.85 | O40: 381.41 | P40: 381.32 | Q40: 1584.92 | R40: 1548.61 | T40: AM-Shoulder | U40: 1345.2 | V40: 747.3 | W40: 1433.12 | X40: 1484.03 | Y40: 1486.71 | Z40: 1374.27 | AA40: 1328.82 | AB40: 1142.3 | AC40: 980.69 | AD40: 422.73 | AE40: 788.77 | AF40: 593.18 | AG40: 373.04 | AH40: 372.78 | AI40: 1100.64 | AJ40: 1075.43 | AM40: AM-Shoulder | AN40: 7123.34 | AO40: 4772.01 | AP40: 10173.98 | AQ40: 8222.23 | AR40: 9013.29 | AS40: 8311.93 | AT40: 7824.08 | AU40: 6805.2 | AV40: 5865.31 | AW40: 3841.77 | AX40: 4687.83 | AY40: 3671.32 | AZ40: 2130.53 | BA40: 2131.82 | BB40: 5439.26 | BC40: 5224.57 | BF40: AM-Shoulder | BG40: 8468.53 | BH40: 5519.31 | BI40: 11607.1 | BJ40: 9706.26 | BK40: 10500 | BL40: 9686.2 | BM40: 9152.9 | BN40: 7947.5 | BO40: 6846 | BP40: 4264.5 | BQ40: 5476.6 | BR40: 4264.5 | BS40: 2503.57 | BT40: 2504.6 | BU40: 6539.9 | BV40: 6300
B41: MD | C41: 21637.61 | D41: 24155.71 | E41: 27449.46 | F41: 29645.71 | G41: 23137.66 | H41: 26017.86 | I41: 10809.99 | J41: 14557.02 | K41: 9618.59 | L41: 7580.66 | M41: 10290.51 | N41: 7559.03 | O41: 3825.05 | P41: 3588.09 | Q41: 9489.48 | R41: 9025.62 | T41: MD | U41: 1001.74 | V41: 1118.32 | W41: 1219.98 | X41: 1317.59 | Y41: 1104.95 | Z41: 1289.54 | AA41: 944.41 | AB41: 1150.75 | AC41: 1175.62 | AD41: 996.39 | AE41: 1156.83 | AF41: 976.17 | AG41: 470.9 | AH41: 453.83 | AI41: 1317.98 | AJ41: 1253.56 | AM41: MD | AN41: 4810.21 | AO41: 5443.34 | AP41: 7272.22 | AQ41: 6950.54 | AR41: 6394.25 | AS41: 7193.66 | AT41: 5316.49 | AU41: 6430.95 | AV41: 6608.18 | AW41: 5689.81 | AX41: 6491.57 | AY41: 5569.43 | AZ41: 2573.4 | BA41: 2480.97 | BB41: 6872.02 | BC41: 6399.6 | BF41: MD | BG41: 5811.95 | BH41: 6561.66 | BI41: 8492.2 | BJ41: 8268.12 | BK41: 7499.2 | BL41: 8483.2 | BM41: 6260.9 | BN41: 7581.7 | BO41: 7783.8 | BP41: 6686.2 | BQ41: 7648.4 | BR41: 6545.6 | BS41: 3044.3 | BT41: 2934.8 | BU41: 8190 | BV41: 7653.15
B42: PM-Shoulder | C42: 5574.01 | D42: 5107 | E42: 4210.56 | F42: 7569.22 | G42: 8918.09 | H42: 9200.46 | I42: 3457.58 | J42: 7338.65 | K42: 1433.89 | L42: 991.44 | M42: 1516.66 | N42: 1051.19 | O42: 983.17 | P42: 757.68 | Q42: 1252.46 | R42: 1450.17 | T42: PM-Shoulder | U42: 1290.28 | V42: 1182.18 | W42: 1595.77 | X42: 1935.98 | Y42: 1792.22 | Z42: 1926.99 | AA42: 1488.9 | AB42: 1777.77 | AC42: 1332.93 | AD42: 1104.47 | AE42: 1132.72 | AF42: 890.11 | AG42: 754.51 | AH42: 672.14 | AI42: 1195.16 | AJ42: 1007.06 | AM42: PM-Shoulder | AN42: 6244.8 | AO42: 5416.51 | AP42: 8928.75 | AQ42: 10108.92 | AR42: 8707.78 | AS42: 9310.22 | AT42: 6819.8 | AU42: 8222.23 | AV42: 5631.05 | AW42: 4806.32 | AX42: 4727.88 | AY42: 3838.44 | AZ42: 3144.47 | BA42: 2795.32 | BB42: 5928.11 | BC42: 4347.94 | BF42: PM-Shoulder | BG42: 7535.08 | BH42: 6598.68 | BI42: 10524.52 | BJ42: 12044.9 | BK42: 10500 | BL42: 11237.22 | BM42: 8308.7 | BN42: 10000 | BO42: 6963.98 | BP42: 5910.78 | BQ42: 5860.6 | BR42: 4728.55 | BS42: 3898.98 | BT42: 3467.46 | BU42: 7123.27 | BV42: 5355
B43: PM-Peak | C43: 28518.82 | D43: 27695.97 | E43: 20936.86 | F43: 20012.03 | G43: 24996.31 | H43: 29629.18 | I43: 13807.81 | J43: 18806.56 | K43: 7355.79 | L43: 6741.24 | M43: 7601.33 | N43: 6823.2 | O43: 1801.53 | P43: 3512.6 | Q43: 7247.13 | R43: 7394.23 | T43: PM-Peak | U43: 2200.53 | V43: 2137.04 | W43: 1550.89 | X43: 1632.69 | Y43: 1659.33 | Z43: 1959.6 | AA43: 1401.95 | AB43: 1578.37 | AC43: 1335.8 | AD43: 1209.74 | AE43: 1088.56 | AF43: 980.68 | AG43: 211.82 | AH43: 673.39 | AI43: 1677.58 | AJ43: 1711.63 | AM43: PM-Peak | AN43: 7261.84 | AO43: 7220.66 | AP43: 6932.66 | AQ43: 8846.81 | AR43: 8124.79 | AS43: 8514.22 | AT43: 6662.13 | AU43: 7345.12 | AV43: 5873.34 | AW43: 5614.78 | AX43: 4678.62 | AY43: 4478.97 | AZ43: 1917.48 | BA43: 2794.1 | BB43: 4316.3 | BC43: 5229.66 | BF43: PM-Peak | BG43: 9462.37 | BH43: 9357.7 | BI43: 8483.55 | BJ43: 10479.5 | BK43: 9784.12 | BL43: 10473.83 | BM43: 8064.08 | BN43: 8923.49 | BO43: 7209.14 | BP43: 6824.52 | BQ43: 5767.18 | BR43: 5459.66 | BS43: 2129.3 | BT43: 3467.48 | BU43: 5993.88 | BV43: 6941.28
B44: PM-Late | C44: 4950.33 | D44: 5666.54 | E44: 5499.87 | F44: 1560.83 | G44: 6239.5 | H44: 6633.37 | I44: 4220.74 | J44: 4583.15 | K44: 5200.78 | L44: 4903.13 | M44: 5200.73 | N44: 4903.12 | O44: 715.49 | P44: 905.63 | Q44: 3179.74 | R44: 3241.93 | T44: PM-Late | U44: 745.38 | V44: 971.9 | W44: 652.51 | X44: 781.01 | Y44: 601.78 | Z44: 732.24 | AA44: 479.69 | AB44: 661.69 | AC44: 734.86 | AD44: 622 | AE44: 734.89 | AF44: 622.01 | AG44: 227.49 | AH44: 254.19 | AI44: 850.38 | AJ44: 782.35 | AM44: PM-Late | AN44: 3795.72 | AO44: 4589 | AP44: 3936.59 | AQ44: 4221.69 | AR44: 2883.82 | AS44: 3267.96 | AT44: 2294.81 | AU44: 2880.51 | AV44: 3441.44 | AW44: 2765 | AX44: 3441.41 | AY44: 2764.99 | AZ44: 830.51 | BA44: 932.91 | BB44: 4725.02 | BC44: 4037.61 | BF44: PM-Late | BG44: 4541.1 | BH44: 5560.9 | BI44: 4589.1 | BJ44: 5002.7 | BK44: 3485.6 | BL44: 4000.2 | BM44: 2774.5 | BN44: 3542.2 | BO44: 4176.3 | BP44: 3387 | BQ44: 4176.3 | BR44: 3387 | BS44: 1058 | BT44: 1187.1 | BU44: 5575.4 | BV44: 4819.96
B47: Revenue Per Period Lights | T47: ML V/C | AM47: GP V/C real | BF47: Highway Vol / GP Capacity
B48: Direction | C48: NB | D48: SB | E48: NB | F48: SB | G48: NB | H48: SB | I48: NB | J48: SB | K48: NB | L48: SB | M48: NB | N48: SB | O48: NB | P48: SB | Q48: NB | R48: SB | T48: Direction | U48: NB | V48: SB | W48: NB | X48: SB | Y48: NB | Z48: SB | AA48: NB | AB48: SB | AC48: NB | AD48: SB | AE48: NB | AF48: SB | AG48: NB | AH48: SB | AI48: NB | AJ48: SB | AM48: Direction | AN48: NB | AO48: SB | AP48: NB | AQ48: SB | AR48: NB | AS48: SB | AT48: NB | AU48: SB | AV48: NB | AW48: SB | AX48: NB | AY48: SB | AZ48: NB | BA48: SB | BB48: NB | BC48: SB | BF48: Direction | BG48: NB | BH48: SB | BI48: NB | BJ48: SB | BK48: NB | BL48: SB | BM48: NB | BN48: SB | BO48: NB | BP48: SB | BQ48: NB | BR48: SB | BS48: NB | BT48: SB | BU48: NB | BV48: SB
B49: Segment | C49: 11 | D49: 11 | E49: 12 | F49: 12 | G49: 13 | H49: 13 | I49: 14 | J49: 14 | K49: 15 | L49: 15 | M49: 16 | N49: 16 | O49: 17 | P49: 17 | Q49: 18 | R49: 18 | T49: Segment | U49: 11 | V49: 11 | W49: 12 | X49: 12 | Y49: 13 | Z49: 13 | AA49: 14 | AB49: 14 | AC49: 15 | AD49: 15 | AE49: 16 | AF49: 16 | AG49: 17 | AH49: 17 | AI49: 18 | AJ49: 18 | AM49: Segment | AN49: 11 | AO49: 11 | AP49: 12 | AQ49: 12 | AR49: 13 | AS49: 13 | AT49: 14 | AU49: 14 | AV49: 15 | AW49: 15 | AX49: 16 | AY49: 16 | AZ49: 17 | BA49: 17 | BB49: 18 | BC49: 18 | BF49: Segment | BG49: 11 | BH49: 11 | BI49: 12 | BJ49: 12 | BK49: 13 | BL49: 13 | BM49: 14 | BN49: 14 | BO49: 15 | BP49: 15 | BQ49: 16 | BR49: 16 | BS49: 17 | BT49: 17 | BU49: 18 | BV49: 18
B50: Period | T50: Period | AM50: Period | BF50: Period
B51: Night | C51: 1049.15 | D51: 993.2 | E51: 755.29 | F51: 194.32 | G51: 345.8 | H51: 295.69 | I51: 302.36 | J51: 217.59 | K51: 195.86 | L51: 282.48 | M51: 195.86 | N51: 270.97 | O51: 72.96 | P51: 65.32 | Q51: 645.34 | R51: 419.14 | T51: Night | U51: 0.13 | V51: 0.12 | W51: 0.1 | X51: 0.04 | Y51: 0.03 | Z51: 0.03 | AA51: 0.03 | AB51: 0.02 | AC51: 0.03 | AD51: 0.04 | AE51: 0.03 | AF51: 0.03 | AG51: 0.01 | AH51: 0.01 | AI51: 0.3 | AJ51: 0.24 | AM51: Night | AN51: 0.3 | AO51: 0.3 | AP51: 0.3 | AQ51: 0.25 | AR51: 0.2 | AS51: 0.18 | AT51: 0.18 | AU51: 0.15 | AV51: 0.19 | AW51: 0.24 | AX51: 0.24 | AY51: 0.29 | AZ51: 0.13 | BA51: 0.12 | BB51: 0.49 | BC51: 0.4 | BF51: Night | BG51: 0.36 | BH51: 0.35 | BI51: 0.34 | BJ51: 0.26 | BK51: 0.21 | BL51: 0.19 | BM51: 0.19 | BN51: 0.16 | BO51: 0.2 | BP51: 0.25 | BQ51: 0.26 | BR51: 0.3 | BS51: 0.14 | BT51: 0.13 | BU51: 0.67 | BV51: 0.55
B52: AM-Early | C52: 4487.02 | D52: 1321.61 | E52: 2345.41 | F52: 2492.94 | G52: 6104.94 | H52: 2503.6 | I52: 7333.03 | J52: 2078.48 | K52: 1561.84 | L52: 1713.55 | M52: 1561.84 | N52: 1709.77 | O52: 1092.67 | P52: 897.25 | Q52: 1562.31 | R52: 1304.99 | T52: AM-Early | U52: 0.34 | V52: 0.21 | W52: 0.38 | X52: 0.22 | Y52: 0.41 | Z52: 0.21 | AA52: 0.38 | AB52: 0.19 | AC52: 0.22 | AD52: 0.31 | AE52: 0.22 | AF52: 0.31 | AG52: 0.19 | AH52: 0.15 | AI52: 0.36 | AJ52: 0.34 | AM52: AM-Early | AN52: 0.86 | AO52: 0.62 | AP52: 0.69 | AQ52: 0.86 | AR52: 0.83 | AS52: 0.73 | AT52: 0.87 | AU52: 0.67 | AV52: 0.64 | AW52: 0.62 | AX52: 0.64 | AY52: 0.62 | AZ52: 0.64 | BA52: 0.61 | BB52: 0.86 | BC52: 0.87 | BF52: AM-Early | BG52: 1.03 | BH52: 0.72 | BI52: 0.8 | BJ52: 1.03 | BK52: 0.98 | BL52: 0.86 | BM52: 1.03 | BN52: 0.79 | BO52: 0.75 | BP52: 0.73 | BQ52: 0.75 | BR52: 0.73 | BS52: 0.75 | BT52: 0.73 | BU52: 1.03 | BV52: 1.03
B53: AM-Peak | C53: 42865 | D53: 9209.54 | E53: 18022.99 | F53: 17904.66 | G53: 54640.58 | H53: 15221.14 | I53: 41261.95 | J53: 12675.99 | K53: 3617.85 | L53: 4823.46 | M53: 3424.49 | N53: 4536.71 | O53: 3055.88 | P53: 973.31 | Q53: 4382.57 | R53: 6466.82 | T53: AM-Peak | U53: 0.51 | V53: 0.25 | W53: 0.46 | X53: 0.52 | Y53: 0.57 | Z53: 0.36 | AA53: 0.42 | AB53: 0.33 | AC53: 0.22 | AD53: 0.25 | AE53: 0.18 | AF53: 0.21 | AG53: 0.16 | AH53: 0.08 | AI53: 0.35 | AJ53: 0.56 | AM53: AM-Peak | AN53: 1.04 | AO53: 0.73 | AP53: 0.83 | AQ53: 0.93 | AR53: 1.02 | AS53: 0.76 | AT53: 0.95 | AU53: 0.7 | AV53: 0.47 | AW53: 0.53 | AX53: 0.47 | AY53: 0.53 | AZ53: 0.53 | BA53: 0.32 | BB53: 0.82 | BC53: 0.94 | BF53: AM-Peak | BG53: 1.27 | BH53: 0.88 | BI53: 0.96 | BJ53: 1.27 | BK53: 1.22 | BL53: 0.89 | BM53: 1.1 | BN53: 0.82 | BO53: 0.55 | BP53: 0.62 | BQ53: 0.55 | BR53: 0.62 | BS53: 0.63 | BT53: 0.35 | BU53: 1 | BV53: 1.25
B54: AM-Shoulder | C54: 4552.7 | D54: 2491.6 | E54: 3568.24 | F54: 4774.05 | G54: 7782.24 | H54: 5120.7 | I54: 3073.56 | J54: 2702.96 | K54: 1336.71 | L54: 960.09 | M54: 1234.21 | N54: 444.23 | O54: 261.92 | P54: 261.59 | Q54: 1153.61 | R54: 1103.43 | T54: AM-Shoulder | U54: 0.37 | V54: 0.21 | W54: 0.4 | X54: 0.41 | Y54: 0.41 | Z54: 0.38 | AA54: 0.37 | AB54: 0.32 | AC54: 0.27 | AD54: 0.12 | AE54: 0.22 | AF54: 0.16 | AG54: 0.1 | AH54: 0.1 | AI54: 0.31 | AJ54: 0.3 | AM54: AM-Shoulder | AN54: 0.88 | AO54: 0.82 | AP54: 0.81 | AQ54: 0.89 | AR54: 0.9 | AS54: 0.83 | AT54: 0.7 | AU54: 0.68 | AV54: 0.59 | AW54: 0.3 | AX54: 0.59 | AY54: 0.35 | AZ54: 0.36 | BA54: 0.36 | BB54: 0.87 | BC54: 0.87 | BF54: AM-Shoulder | BG54: 1.05 | BH54: 0.95 | BI54: 0.92 | BJ54: 1.05 | BK54: 1.05 | BL54: 0.97 | BM54: 0.82 | BN54: 0.79 | BO54: 0.68 | BP54: 0.33 | BQ54: 0.68 | BR54: 0.41 | BS54: 0.42 | BT54: 0.42 | BU54: 1.05 | BV54: 1.05
B55: MD | C55: 17606.58 | D55: 19760.9 | E55: 20590.15 | F55: 22577.06 | G55: 19143.45 | H55: 21889.64 | I55: 8895.18 | J55: 12161.8 | K55: 7950.89 | L55: 6044.1 | M55: 8512.69 | N55: 6031.37 | O55: 2926.18 | P55: 2736.57 | Q55: 7116.91 | R55: 6765.9 | T55: MD | U55: 0.28 | V55: 0.31 | W55: 0.34 | X55: 0.37 | Y55: 0.31 | Z55: 0.36 | AA55: 0.26 | AB55: 0.32 | AC55: 0.33 | AD55: 0.28 | AE55: 0.32 | AF55: 0.27 | AG55: 0.13 | AH55: 0.13 | AI55: 0.37 | AJ55: 0.35 | AM55: MD | AN55: 0.87 | AO55: 0.87 | AP55: 0.87 | AQ55: 0.88 | AR55: 0.78 | AS55: 0.78 | AT55: 0.58 | AU55: 0.64 | AV55: 0.61 | AW55: 0.56 | AX55: 0.62 | AY55: 0.56 | AZ55: 0.52 | BA55: 0.51 | BB55: 0.88 | BC55: 0.88 | BF55: MD | BG55: 1.05 | BH55: 1.05 | BI55: 1.02 | BJ55: 1.05 | BK55: 0.91 | BL55: 0.92 | BM55: 0.69 | BN55: 0.76 | BO55: 0.72 | BP55: 0.65 | BQ55: 0.74 | BR55: 0.65 | BS55: 0.61 | BT55: 0.6 | BU55: 1.05 | BV55: 1.05
B56: PM-Shoulder | C56: 4800.55 | D56: 4516.42 | E56: 3429.78 | F56: 6551.55 | G56: 7708.49 | H56: 8297.34 | I56: 3010.66 | J56: 6670.47 | K56: 1247.21 | L56: 853.46 | M56: 1318.99 | N56: 905.12 | O56: 832.92 | P56: 641.58 | Q56: 1023.99 | R56: 1262.55 | T56: PM-Shoulder | U56: 0.36 | V56: 0.33 | W56: 0.44 | X56: 0.54 | Y56: 0.5 | Z56: 0.54 | AA56: 0.41 | AB56: 0.49 | AC56: 0.37 | AD56: 0.31 | AE56: 0.31 | AF56: 0.25 | AG56: 0.21 | AH56: 0.19 | AI56: 0.33 | AJ56: 0.28 | AM56: PM-Shoulder | AN56: 0.87 | AO56: 0.86 | AP56: 0.78 | AQ56: 0.88 | AR56: 0.87 | AS56: 0.87 | AT56: 0.68 | AU56: 0.82 | AV56: 0.56 | AW56: 0.48 | AX56: 0.56 | AY56: 0.48 | AZ56: 0.52 | BA56: 0.47 | BB56: 0.79 | BC56: 0.85 | BF56: PM-Shoulder | BG56: 1.05 | BH56: 1.05 | BI56: 0.92 | BJ56: 1.05 | BK56: 1.05 | BL56: 1.05 | BM56: 0.83 | BN56: 1 | BO56: 0.7 | BP56: 0.59 | BQ56: 0.7 | BR56: 0.59 | BS56: 0.65 | BT56: 0.58 | BU56: 0.94 | BV56: 1.05
B57: PM-Peak | C57: 25300.15 | D57: 24322.29 | E57: 17763.33 | F57: 17082.15 | G57: 22652.27 | H57: 27365.88 | I57: 12181.17 | J57: 17444.13 | K57: 6632.32 | L57: 5863.37 | M57: 6857.85 | N57: 5937.41 | O57: 1427.22 | P57: 3078.46 | Q57: 5982.01 | R57: 6241.42 | T57: PM-Peak | U57: 0.61 | V57: 0.59 | W57: 0.43 | X57: 0.45 | Y57: 0.46 | Z57: 0.54 | AA57: 0.39 | AB57: 0.44 | AC57: 0.37 | AD57: 0.34 | AE57: 0.3 | AF57: 0.27 | AG57: 0.06 | AH57: 0.19 | AI57: 0.47 | AJ57: 0.48 | AM57: PM-Peak | AN57: 0.91 | AO57: 0.9 | AP57: 0.84 | AQ57: 0.81 | AR57: 0.81 | AS57: 0.85 | AT57: 0.67 | AU57: 0.73 | AV57: 0.59 | AW57: 0.56 | AX57: 0.58 | AY57: 0.56 | AZ57: 0.26 | BA57: 0.47 | BB57: 0.9 | BC57: 0.89 | BF57: PM-Peak | BG57: 1.18 | BH57: 1.16 | BI57: 1.03 | BJ57: 0.96 | BK57: 0.98 | BL57: 1.05 | BM57: 0.81 | BN57: 0.89 | BO57: 0.72 | BP57: 0.68 | BQ57: 0.72 | BR57: 0.68 | BS57: 0.28 | BT57: 0.58 | BU57: 1.25 | BV57: 1.17
B58: PM-Late | C58: 4384.48 | D58: 5169.13 | E58: 4501.61 | F58: 1342.87 | G58: 5558.03 | H58: 6037.15 | I58: 3776.85 | J58: 4348.94 | K58: 4644.55 | L58: 4482.55 | M58: 4644.5 | N58: 4482.54 | O58: 649.41 | P58: 824.26 | Q58: 2601.1 | R58: 2789.36 | T58: PM-Late | U58: 0.21 | V58: 0.27 | W58: 0.18 | X58: 0.22 | Y58: 0.17 | Z58: 0.2 | AA58: 0.13 | AB58: 0.18 | AC58: 0.2 | AD58: 0.17 | AE58: 0.2 | AF58: 0.17 | AG58: 0.06 | AH58: 0.07 | AI58: 0.24 | AJ58: 0.22 | AM58: PM-Late | AN58: 0.63 | AO58: 0.63 | AP58: 0.68 | AQ58: 0.36 | AR58: 0.67 | AS58: 0.64 | AT58: 0.57 | AU58: 0.53 | AV58: 0.63 | AW58: 0.65 | AX58: 0.63 | AY58: 0.65 | AZ58: 0.35 | BA58: 0.39 | BB58: 0.8 | BC58: 0.82 | BF58: PM-Late | BG58: 0.76 | BH58: 0.77 | BI58: 0.79 | BJ58: 0.42 | BK58: 0.81 | BL58: 0.79 | BM58: 0.69 | BN58: 0.66 | BO58: 0.77 | BP58: 0.79 | BQ58: 0.77 | BR58: 0.79 | BS58: 0.44 | BT58: 0.49 | BU58: 0.94 | BV58: 0.98
B61: Revenue Per Period Medium A | T61: ML Speed | AM61: GP Speed | BF61: Time Saving
B62: Direction | C62: NB | D62: SB | E62: NB | F62: SB | G62: NB | H62: SB | I62: NB | J62: SB | K62: NB | L62: SB | M62: NB | N62: SB | O62: NB | P62: SB | Q62: NB | R62: SB | T62: Direction | U62: NB | V62: SB | W62: NB | X62: SB | Y62: NB | Z62: SB | AA62: NB | AB62: SB | AC62: NB | AD62: SB | AE62: NB | AF62: SB | AG62: NB | AH62: SB | AI62: NB | AJ62: SB | AM62: Direction | AN62: NB | AO62: SB | AP62: NB | AQ62: SB | AR62: NB | AS62: SB | AT62: NB | AU62: SB | AV62: NB | AW62: SB | AX62: NB | AY62: SB | AZ62: NB | BA62: SB | BB62: NB | BC62: SB | BF62: Direction | BG62: NB | BH62: SB | BI62: NB | BJ62: SB | BK62: NB | BL62: SB | BM62: NB | BN62: SB | BO62: NB | BP62: SB | BQ62: NB | BR62: SB | BS62: NB | BT62: SB | BU62: NB | BV62: SB
B63: Segment | C63: 11 | D63: 11 | E63: 12 | F63: 12 | G63: 13 | H63: 13 | I63: 14 | J63: 14 | K63: 15 | L63: 15 | M63: 16 | N63: 16 | O63: 17 | P63: 17 | Q63: 18 | R63: 18 | T63: Segment | U63: 11 | V63: 11 | W63: 12 | X63: 12 | Y63: 13 | Z63: 13 | AA63: 14 | AB63: 14 | AC63: 15 | AD63: 15 | AE63: 16 | AF63: 16 | AG63: 17 | AH63: 17 | AI63: 18 | AJ63: 18 | AM63: Segment | AN63: 11 | AO63: 11 | AP63: 12 | AQ63: 12 | AR63: 13 | AS63: 13 | AT63: 14 | AU63: 14 | AV63: 15 | AW63: 15 | AX63: 16 | AY63: 16 | AZ63: 17 | BA63: 17 | BB63: 18 | BC63: 18 | BF63: Segment | BG63: 11 | BH63: 11 | BI63: 12 | BJ63: 12 | BK63: 13 | BL63: 13 | BM63: 14 | BN63: 14 | BO63: 15 | BP63: 15 | BQ63: 16 | BR63: 16 | BS63: 17 | BT63: 17 | BU63: 18 | BV63: 18
B64: Period | T64: Period | AM64: Period | BF64: Period
B65: Night | C65: 37.24 | D65: 46.69 | E65: 35.65 | F65: 33.52 | G65: 25.29 | H65: 25.93 | I65: 20.52 | J65: 27.47 | K65: 27.64 | L65: 23.52 | M65: 27.64 | N65: 22.8 | O65: 7.82 | P65: 7.28 | Q65: 59.2 | R65: 72.98 | T65: Night | U65: 60 | V65: 60 | W65: 60 | X65: 60 | Y65: 60 | Z65: 60 | AA65: 60 | AB65: 60 | AC65: 70 | AD65: 70 | AE65: 70 | AF65: 70 | AG65: 70 | AH65: 70 | AI65: 59.95 | AJ65: 59.99 | AM65: Night | AN65: 59.96 | AO65: 59.96 | AP65: 59.96 | AQ65: 59.99 | AR65: 55 | AS65: 55 | AT65: 60 | AU65: 60 | AV65: 70 | AW65: 69.99 | AX65: 69.99 | AY65: 69.96 | AZ65: 70 | BA65: 70 | BB65: 59.18 | BC65: 59.76 | BF65: Night | BG65: 0 | BH65: 0 | BI65: 0 | BJ65: 0 | BK65: -0.25 | BL65: -0.25 | BM65: 0 | BN65: 0 | BO65: 0 | BP65: 0 | BQ65: 0 | BR65: 0 | BS65: 0 | BT65: 0 | BU65: -0.01 | BV65: 0
B66: AM-Early | C66: 386.58 | D66: 155.48 | E66: 213.74 | F66: 303.45 | G66: 335.61 | H66: 270.21 | I66: 389.36 | J66: 235.47 | K66: 166.07 | L66: 159.48 | M66: 166.07 | N66: 158.67 | O66: 130.44 | P66: 106.31 | Q66: 141.86 | R66: 158.35 | T66: AM-Early | U66: 59.9 | V66: 59.99 | W66: 59.79 | X66: 59.99 | Y66: 59.66 | Z66: 59.99 | AA66: 59.77 | AB66: 60 | AC66: 69.99 | AD66: 69.93 | AE66: 69.99 | AF66: 69.93 | AG66: 70 | AH66: 70 | AI66: 59.85 | AJ66: 59.89 | AM66: AM-Early | AN66: 42.29 | AO66: 56.84 | AP66: 54.24 | AQ66: 42.99 | AR66: 41.6 | AS66: 47.91 | AT66: 42.09 | AU66: 54.89 | AV66: 65.37 | AW66: 66.24 | AX66: 65.37 | AY66: 66.24 | AZ66: 65.67 | BA66: 66.46 | BB66: 42.3 | BC66: 42.12 | BF66: AM-Early | BG66: -1 | BH66: -0.13 | BI66: -0.26 | BJ66: -0.99 | BK66: -1.22 | BL66: -0.71 | BM66: -1.39 | BN66: -0.31 | BO66: -0.16 | BP66: -0.12 | BQ66: -0.16 | BR66: -0.12 | BS66: -0.12 | BT66: -0.1 | BU66: -0.33 | BV66: -0.34
B67: AM-Peak | C67: 5071.62 | D67: 1255.14 | E67: 2115.13 | F67: 2510.52 | G67: 4975.53 | H67: 2142.23 | I67: 4340.42 | J67: 2113.14 | K67: 571 | L67: 752.39 | M67: 541.51 | N67: 717.42 | O67: 557.89 | P67: 187.32 | Q67: 509.75 | R67: 830.15 | T67: AM-Peak | U67: 58.64 | V67: 59.98 | W67: 59.29 | X67: 58.51 | Y67: 57.31 | Z67: 59.84 | AA67: 59.6 | AB67: 59.91 | AC67: 69.99 | AD67: 69.98 | AE67: 70 | AF67: 69.99 | AG67: 70 | AH67: 70 | AI67: 59.87 | AJ67: 57.53 | AM67: AM-Peak | AN67: 26.48 | AO67: 52.38 | AP67: 45.24 | AQ67: 36 | AR67: 25.93 | AS67: 46.38 | AT67: 34.32 | AU67: 53.48 | AV67: 69.28 | AW67: 68.49 | AX67: 69.28 | AY67: 68.5 | AZ67: 68.4 | BA67: 69.93 | BB67: 46.33 | BC67: 35.95 | BF67: AM-Peak | BG67: -2.98 | BH67: -0.35 | BI67: -0.79 | BJ67: -1.6 | BK67: -3.55 | BL67: -0.81 | BM67: -2.45 | BN67: -0.4 | BO67: -0.02 | BP67: -0.05 | BQ67: -0.02 | BR67: -0.05 | BS67: -0.04 | BT67: 0 | BU67: -0.23 | BV67: -0.5
B68: AM-Shoulder | C68: 607.14 | D68: 302.48 | E68: 554.25 | F68: 774.39 | G68: 880.82 | H68: 747.1 | I68: 502.88 | J68: 334.09 | K68: 195.92 | L68: 139.45 | M68: 181.01 | N68: 64.83 | O68: 53.02 | P68: 53.05 | Q68: 178.07 | R68: 179.1 | T68: AM-Shoulder | U68: 59.81 | V68: 60 | W68: 59.71 | X68: 59.64 | Y68: 59.64 | Z68: 59.78 | AA68: 59.82 | AB68: 59.93 | AC68: 69.97 | AD68: 70 | AE68: 69.99 | AF68: 70 | AG68: 70 | AH68: 70 | AI68: 59.95 | AJ68: 59.95 | AM68: AM-Shoulder | AN68: 40.69 | AO68: 46.07 | AP68: 46.99 | AQ68: 40.13 | AR68: 35.8 | AS68: 41.36 | AT68: 53.6 | AU68: 54.58 | AV68: 67.26 | AW68: 69.95 | AX68: 67.28 | AY68: 69.86 | AZ68: 69.86 | BA68: 69.86 | BB68: 41.56 | BC68: 41.79 | BF68: AM-Shoulder | BG68: -1.13 | BH68: -0.73 | BI68: -0.68 | BJ68: -1.22 | BK68: -1.88 | BL68: -1.25 | BM68: -0.38 | BN68: -0.32 | BO68: -0.09 | BP68: 0 | BQ68: -0.09 | BR68: 0 | BS68: 0 | BT68: 0 | BU68: -0.35 | BV68: -0.35
B69: MD | C69: 1871.53 | D69: 1971.72 | E69: 2963.85 | F69: 3005.3 | G69: 1920.03 | H69: 2143.21 | I69: 1003.79 | J69: 1273.05 | K69: 788.92 | L69: 798.53 | M69: 840.86 | N69: 792.86 | O69: 409.65 | P69: 388.19 | Q69: 1014.23 | R69: 896.53 | T69: MD | U69: 59.97 | V69: 59.94 | W69: 59.9 | X69: 59.83 | Y69: 59.94 | Z69: 59.85 | AA69: 59.98 | AB69: 59.93 | AC69: 69.9 | AD69: 69.97 | AE69: 69.91 | AF69: 69.97 | AG69: 70 | AH69: 70 | AI69: 59.83 | AJ69: 59.88 | AM69: MD | AN69: 41.94 | AO69: 41.76 | AP69: 41.85 | AQ69: 40.73 | AR69: 45.14 | AS69: 44.72 | AT69: 57.74 | AU69: 56.04 | AV69: 66.62 | AW69: 68 | AX69: 66.09 | AY69: 68 | AZ69: 68.66 | BA69: 68.85 | BB69: 40.88 | BC69: 41.15 | BF69: MD | BG69: -1.03 | BH69: -1.05 | BI69: -1.08 | BJ69: -1.18 | BK69: -0.92 | BL69: -0.95 | BM69: -0.13 | BN69: -0.23 | BO69: -0.11 | BP69: -0.06 | BQ69: -0.13 | BR69: -0.06 | BS69: -0.04 | BT69: -0.03 | BU69: -0.37 | BV69: -0.36
B70: PM-Shoulder | C70: 355.22 | D70: 304.32 | E70: 303.9 | F70: 360.27 | G70: 688.03 | H70: 526.97 | I70: 264.28 | J70: 352.44 | K70: 108.71 | L70: 78.71 | M70: 115.15 | N70: 83.44 | O70: 83.02 | P70: 63.74 | Q70: 90.44 | R70: 68.51 | T70: PM-Shoulder | U70: 59.85 | V70: 59.91 | W70: 59.43 | X70: 58.13 | Y70: 58.84 | Z70: 58.18 | AA70: 59.63 | AB70: 58.89 | AC70: 69.79 | AD70: 69.93 | AE70: 69.92 | AF70: 69.98 | AG70: 69.99 | AH70: 70 | AI70: 59.91 | AJ70: 59.97 | AM70: PM-Shoulder | AN70: 41.83 | AO70: 42.56 | AP70: 49.22 | AQ70: 41.06 | AR70: 38.3 | AS70: 38.37 | AT70: 54.52 | AU70: 45.84 | AV70: 67.84 | AW70: 69.15 | AX70: 67.87 | AY70: 69.16 | AZ70: 68.58 | BA70: 69.29 | BB70: 48.55 | BC70: 43.35 | BF70: PM-Shoulder | BG70: -1.04 | BH70: -0.98 | BI70: -0.52 | BJ70: -1.07 | BK70: -1.53 | BL70: -1.49 | BM70: -0.31 | BN70: -0.96 | BO70: -0.06 | BP70: -0.03 | BQ70: -0.07 | BR70: -0.03 | BS70: -0.04 | BT70: -0.02 | BU70: -0.19 | BV70: -0.31
B71: PM-Peak | C71: 1418.19 | D71: 1568.81 | E71: 1276.65 | F71: 1032.94 | G71: 1132.69 | H71: 1217.72 | I71: 913.9 | J71: 632.22 | K71: 373.58 | L71: 363.15 | M71: 387.94 | N71: 370.64 | O71: 130.13 | P71: 284.61 | Q71: 443.24 | R71: 373.36 | T71: PM-Peak | U71: 55.97 | V71: 56.61 | W71: 59.53 | X71: 59.35 | Y71: 59.28 | Z71: 57.99 | AA71: 59.75 | AB71: 59.47 | AC71: 69.78 | AD71: 69.88 | AE71: 69.94 | AF71: 69.97 | AG71: 70 | AH71: 70 | AI71: 59.23 | AJ71: 59.13 | AM71: PM-Peak | AN71: 38.48 | AO71: 39.48 | AP71: 44.02 | AQ71: 46.61 | AR71: 42.71 | AS71: 39.83 | AT71: 55.18 | AU71: 51.86 | AV71: 67.24 | AW71: 67.87 | AX71: 67.31 | AY71: 67.91 | AZ71: 69.98 | BA71: 69.29 | BB71: 39.35 | BC71: 40.51 | BF71: PM-Peak | BG71: -1.17 | BH71: -1.1 | BI71: -0.89 | BJ71: -0.69 | BK71: -1.1 | BL71: -1.32 | BM71: -0.27 | BN71: -0.49 | BO71: -0.08 | BP71: -0.07 | BQ71: -0.09 | BR71: -0.07 | BS71: 0 | BT71: -0.02 | BU71: -0.41 | BV71: -0.37
B72: PM-Late | C72: 246.24 | D72: 170.28 | E72: 295.31 | F72: 49.54 | G72: 275.09 | H72: 229.85 | I72: 186.76 | J72: 53.13 | K72: 194.45 | L72: 152.76 | M72: 194.45 | N72: 152.76 | O72: 31.86 | P72: 39.01 | Q72: 171.37 | R72: 103.35 | T72: PM-Late | U72: 60 | V72: 59.97 | W72: 60 | X72: 59.99 | Y72: 60 | Z72: 60 | AA72: 60 | AB72: 60 | AC72: 69.99 | AD72: 70 | AE72: 69.99 | AF72: 70 | AG72: 70 | AH72: 70 | AI72: 59.99 | AJ72: 59.99 | AM72: PM-Late | AN72: 56.34 | AO72: 56.31 | AP72: 54.57 | AQ72: 59.87 | AR72: 50.44 | AS72: 51.35 | AT72: 57.93 | AU72: 58.63 | AV72: 65.76 | AW72: 65.15 | AX72: 65.76 | AY72: 65.15 | AZ72: 69.88 | BA72: 69.76 | BB72: 47.63 | BC72: 45.94 | BF72: PM-Late | BG72: -0.16 | BH72: -0.16 | BI72: -0.25 | BJ72: 0 | BK72: -0.53 | BL72: -0.47 | BM72: -0.12 | BN72: -0.08 | BO72: -0.14 | BP72: -0.17 | BQ72: -0.14 | BR72: -0.17 | BS72: 0 | BT72: -0.01 | BU72: -0.21 | BV72: -0.24
B75: Revenue Per Period Medium B | T75: ML time | AM75: GP Time | BF75: Difference in travel time
B76: Direction | C76: NB | D76: SB | E76: NB | F76: SB | G76: NB | H76: SB | I76: NB | J76: SB | K76: NB | L76: SB | M76: NB | N76: SB | O76: NB | P76: SB | Q76: NB | R76: SB | T76: Direction | U76: NB | V76: SB | W76: NB | X76: SB | Y76: NB | Z76: SB | AA76: NB | AB76: SB | AC76: NB | AD76: SB | AE76: NB | AF76: SB | AG76: NB | AH76: SB | AI76: NB | AJ76: SB | AM76: Direction | AN76: NB | AO76: SB | AP76: NB | AQ76: SB | AR76: NB | AS76: SB | AT76: NB | AU76: SB | AV76: NB | AW76: SB | AX76: NB | AY76: SB | AZ76: NB | BA76: SB | BB76: NB | BC76: SB | BF76: Direction | BG76: NB | BH76: SB | BI76: NB | BJ76: SB | BK76: NB | BL76: SB | BM76: NB | BN76: SB | BO76: NB | BP76: SB | BQ76: NB | BR76: SB | BS76: NB | BT76: SB | BU76: NB | BV76: SB
B77: Segment | C77: 11 | D77: 11 | E77: 12 | F77: 12 | G77: 13 | H77: 13 | I77: 14 | J77: 14 | K77: 15 | L77: 15 | M77: 16 | N77: 16 | O77: 17 | P77: 17 | Q77: 18 | R77: 18 | T77: Segment | U77: 11 | V77: 11 | W77: 12 | X77: 12 | Y77: 13 | Z77: 13 | AA77: 14 | AB77: 14 | AC77: 15 | AD77: 15 | AE77: 16 | AF77: 16 | AG77: 17 | AH77: 17 | AI77: 18 | AJ77: 18 | AM77: Segment | AN77: 11 | AO77: 11 | AP77: 12 | AQ77: 12 | AR77: 13 | AS77: 13 | AT77: 14 | AU77: 14 | AV77: 15 | AW77: 15 | AX77: 16 | AY77: 16 | AZ77: 17 | BA77: 17 | BB77: 18 | BC77: 18 | BF77: Segment | BG77: 11 | BH77: 11 | BI77: 12 | BJ77: 12 | BK77: 13 | BL77: 13 | BM77: 14 | BN77: 14 | BO77: 15 | BP77: 15 | BQ77: 16 | BR77: 16 | BS77: 17 | BT77: 17 | BU77: 18 | BV77: 18
B78: Period | T78: Period | AM78: Period | BF78: Period
B79: Night | C79: 12.15 | D79: 18.26 | E79: 3.96 | F79: 5.15 | G79: 5.92 | H79: 9.5 | I79: 4.3 | J79: 2.55 | K79: 1.39 | L79: 2.06 | M79: 1.39 | N79: 1.39 | O79: 2.78 | P79: 2.25 | Q79: 5.61 | R79: 11.14 | T79: Night | U79: 2.4 | V79: 2.4 | W79: 2.5 | X79: 2.5 | Y79: 2.8 | Z79: 2.8 | AA79: 3.3 | AB79: 3.3 | AC79: 2.23 | AD79: 2.23 | AE79: 2.23 | AF79: 2.23 | AG79: 1.8 | AH79: 1.8 | AI79: 0.8 | AJ79: 0.8 | AM79: Night | AN79: 2.4 | AO79: 2.4 | AP79: 2.5 | AQ79: 2.5 | AR79: 3.05 | AS79: 3.05 | AT79: 3.3 | AU79: 3.3 | AV79: 2.23 | AW79: 2.23 | AX79: 2.23 | AY79: 2.23 | AZ79: 1.8 | BA79: 1.8 | BB79: 0.81 | BC79: 0.8 | BF79: Night | BG79: 0 | BH79: 0 | BI79: 0 | BJ79: 0 | BK79: -0.08 | BL79: -0.08 | BM79: 0 | BN79: 0 | BO79: 0 | BP79: 0 | BQ79: 0 | BR79: 0 | BS79: 0 | BT79: 0 | BU79: -0.01 | BV79: 0
B80: AM-Early | C80: 202.38 | D80: 69.22 | E80: 87.45 | F80: 285.79 | G80: 259.3 | H80: 150.21 | I80: 313.78 | J80: 127.94 | K80: 80.69 | L80: 57.45 | M80: 80.69 | N80: 58.02 | O80: 98.11 | P80: 80.76 | Q80: 58.19 | R80: 150.56 | T80: AM-Early | U80: 2.4 | V80: 2.4 | W80: 2.51 | X80: 2.5 | Y80: 2.82 | Z80: 2.8 | AA80: 3.31 | AB80: 3.3 | AC80: 2.23 | AD80: 2.23 | AE80: 2.23 | AF80: 2.23 | AG80: 1.8 | AH80: 1.8 | AI80: 0.8 | AJ80: 0.8 | AM80: AM-Early | AN80: 3.4 | AO80: 2.53 | AP80: 2.77 | AQ80: 3.49 | AR80: 4.04 | AS80: 3.51 | AT80: 4.7 | AU80: 3.61 | AV80: 2.39 | AW80: 2.36 | AX80: 2.39 | AY80: 2.36 | AZ80: 1.92 | BA80: 1.9 | BB80: 1.13 | BC80: 1.14 | BF80: AM-Early | BG80: -0.29 | BH80: -0.05 | BI80: -0.09 | BJ80: -0.28 | BK80: -0.3 | BL80: -0.2 | BM80: -0.3 | BN80: -0.09 | BO80: -0.07 | BP80: -0.05 | BQ80: -0.07 | BR80: -0.05 | BS80: -0.06 | BT80: -0.05 | BU80: -0.29 | BV80: -0.3
B81: AM-Peak | C81: 1256.77 | D81: 437.11 | E81: 649.85 | F81: 1506.79 | G81: 2177.55 | H81: 815.41 | I81: 1519.43 | J81: 662.27 | K81: 157.7 | L81: 212.5 | M81: 152.33 | N81: 204.97 | O81: 343.48 | P81: 116.7 | Q81: 156.17 | R81: 488.47 | T81: AM-Peak | U81: 2.46 | V81: 2.4 | W81: 2.53 | X81: 2.56 | Y81: 2.93 | Z81: 2.81 | AA81: 3.32 | AB81: 3.3 | AC81: 2.23 | AD81: 2.23 | AE81: 2.23 | AF81: 2.23 | AG81: 1.8 | AH81: 1.8 | AI81: 0.8 | AJ81: 0.83 | AM81: AM-Peak | AN81: 5.44 | AO81: 2.75 | AP81: 3.32 | AQ81: 4.17 | AR81: 6.48 | AS81: 3.62 | AT81: 5.77 | AU81: 3.7 | AV81: 2.25 | AW81: 2.28 | AX81: 2.25 | AY81: 2.28 | AZ81: 1.84 | BA81: 1.8 | BB81: 1.04 | BC81: 1.34 | BF81: AM-Peak | BG81: -0.55 | BH81: -0.13 | BI81: -0.24 | BJ81: -0.38 | BK81: -0.55 | BL81: -0.22 | BM81: -0.42 | BN81: -0.11 | BO81: -0.01 | BP81: -0.02 | BQ81: -0.01 | BR81: -0.02 | BS81: -0.02 | BT81: 0 | BU81: -0.23 | BV81: -0.38
B82: AM-Shoulder | C82: 168.48 | D82: 118.05 | E82: 182.87 | F82: 406.04 | G82: 383.76 | H82: 349.02 | I82: 157.78 | J82: 159.75 | K82: 55.03 | L82: 49.49 | M82: 50.18 | N82: 23.02 | O82: 39.58 | P82: 39.6 | Q82: 58.24 | R82: 93.58 | T82: AM-Shoulder | U82: 2.41 | V82: 2.4 | W82: 2.51 | X82: 2.52 | Y82: 2.82 | Z82: 2.81 | AA82: 3.31 | AB82: 3.3 | AC82: 2.23 | AD82: 2.23 | AE82: 2.23 | AF82: 2.23 | AG82: 1.8 | AH82: 1.8 | AI82: 0.8 | AJ82: 0.8 | AM82: AM-Shoulder | AN82: 3.54 | AO82: 3.13 | AP82: 3.19 | AQ82: 3.74 | AR82: 4.69 | AS82: 4.06 | AT82: 3.69 | AU82: 3.63 | AV82: 2.32 | AW82: 2.23 | AX82: 2.32 | AY82: 2.23 | AZ82: 1.8 | BA82: 1.8 | BB82: 1.15 | BC82: 1.15 | BF82: AM-Shoulder | BG82: -0.32 | BH82: -0.23 | BI82: -0.21 | BJ82: -0.33 | BK82: -0.4 | BL82: -0.31 | BM82: -0.1 | BN82: -0.09 | BO82: -0.04 | BP82: 0 | BQ82: -0.04 | BR82: 0 | BS82: 0 | BT82: 0 | BU82: -0.31 | BV82: -0.3
B83: MD | C83: 510.74 | D83: 614.59 | E83: 964.08 | F83: 1059.99 | G83: 871 | H83: 917.62 | I83: 435.34 | J83: 484.25 | K83: 314.36 | L83: 224.48 | M83: 336.52 | N83: 223.73 | O83: 269.64 | P83: 256.97 | Q83: 328.99 | R83: 315.66 | T83: MD | U83: 2.4 | V83: 2.4 | W83: 2.5 | X83: 2.51 | Y83: 2.8 | Z83: 2.81 | AA83: 3.3 | AB83: 3.3 | AC83: 2.23 | AD83: 2.23 | AE83: 2.23 | AF83: 2.23 | AG83: 1.8 | AH83: 1.8 | AI83: 0.8 | AJ83: 0.8 | AM83: MD | AN83: 3.43 | AO83: 3.45 | AP83: 3.58 | AQ83: 3.68 | AR83: 3.72 | AS83: 3.76 | AT83: 3.43 | AU83: 3.53 | AV83: 2.34 | AW83: 2.29 | AX83: 2.36 | AY83: 2.29 | AZ83: 1.84 | BA83: 1.83 | BB83: 1.17 | BC83: 1.17 | BF83: MD | BG83: -0.3 | BH83: -0.3 | BI83: -0.3 | BJ83: -0.32 | BK83: -0.25 | BL83: -0.25 | BM83: -0.04 | BN83: -0.06 | BO83: -0.05 | BP83: -0.03 | BQ83: -0.05 | BR83: -0.03 | BS83: -0.02 | BT83: -0.02 | BU83: -0.32 | BV83: -0.31
B84: PM-Shoulder | C84: 119.45 | D84: 41.04 | E84: 106.44 | F84: 200.6 | G84: 208.35 | H84: 112.47 | I84: 69.09 | J84: 159.12 | K84: 34.85 | L84: 18.6 | M84: 37.33 | N84: 19.91 | O84: 34.66 | P84: 27.33 | Q84: 31.1 | R84: 38.22 | T84: PM-Shoulder | U84: 2.41 | V84: 2.4 | W84: 2.52 | X84: 2.58 | Y84: 2.86 | Z84: 2.89 | AA84: 3.32 | AB84: 3.36 | AC84: 2.24 | AD84: 2.23 | AE84: 2.23 | AF84: 2.23 | AG84: 1.8 | AH84: 1.8 | AI84: 0.8 | AJ84: 0.8 | AM84: PM-Shoulder | AN84: 3.44 | AO84: 3.38 | AP84: 3.05 | AQ84: 3.65 | AR84: 4.39 | AS84: 4.38 | AT84: 3.63 | AU84: 4.32 | AV84: 2.3 | AW84: 2.26 | AX84: 2.3 | AY84: 2.26 | AZ84: 1.84 | BA84: 1.82 | BB84: 0.99 | BC84: 1.11 | BF84: PM-Shoulder | BG84: -0.3 | BH84: -0.29 | BI84: -0.17 | BJ84: -0.29 | BK84: -0.35 | BL84: -0.34 | BM84: -0.09 | BN84: -0.22 | BO84: -0.03 | BP84: -0.01 | BQ84: -0.03 | BR84: -0.01 | BS84: -0.02 | BT84: -0.01 | BU84: -0.19 | BV84: -0.28
B85: PM-Peak | C85: 311.35 | D85: 299.34 | E85: 193.15 | F85: 245.44 | G85: 264.1 | H85: 260.63 | I85: 180.03 | J85: 210.81 | K85: 81.58 | L85: 136.3 | M85: 82.95 | N85: 136.71 | O85: 15.82 | P85: 37.18 | Q85: 60.37 | R85: 90.71 | T85: PM-Peak | U85: 2.57 | V85: 2.54 | W85: 2.52 | X85: 2.53 | Y85: 2.83 | Z85: 2.9 | AA85: 3.31 | AB85: 3.33 | AC85: 2.24 | AD85: 2.23 | AE85: 2.23 | AF85: 2.23 | AG85: 1.8 | AH85: 1.8 | AI85: 0.81 | AJ85: 0.81 | AM85: PM-Peak | AN85: 3.74 | AO85: 3.65 | AP85: 3.41 | AQ85: 3.22 | AR85: 3.93 | AS85: 4.22 | AT85: 3.59 | AU85: 3.82 | AV85: 2.32 | AW85: 2.3 | AX85: 2.32 | AY85: 2.3 | AZ85: 1.8 | BA85: 1.82 | BB85: 1.22 | BC85: 1.18 | BF85: PM-Peak | BG85: -0.31 | BH85: -0.3 | BI85: -0.26 | BJ85: -0.21 | BK85: -0.28 | BL85: -0.31 | BM85: -0.08 | BN85: -0.13 | BO85: -0.04 | BP85: -0.03 | BQ85: -0.04 | BR85: -0.03 | BS85: 0 | BT85: -0.01 | BU85: -0.34 | BV85: -0.31
B86: PM-Late | C86: 24.1 | D86: 39.21 | E86: 30.71 | F86: 13.48 | G86: 55.15 | H86: 83.32 | I86: 6.61 | J86: 5.27 | K86: 5.52 | L86: 6.15 | M86: 5.52 | N86: 6.15 | O86: 0 | P86: 0 | Q86: 18.01 | R86: 26.37 | T86: PM-Late | U86: 2.4 | V86: 2.4 | W86: 2.5 | X86: 2.5 | Y86: 2.8 | Z86: 2.8 | AA86: 3.3 | AB86: 3.3 | AC86: 2.23 | AD86: 2.23 | AE86: 2.23 | AF86: 2.23 | AG86: 1.8 | AH86: 1.8 | AI86: 0.8 | AJ86: 0.8 | AM86: PM-Late | AN86: 2.56 | AO86: 2.56 | AP86: 2.75 | AQ86: 2.51 | AR86: 3.33 | AS86: 3.27 | AT86: 3.42 | AU86: 3.38 | AV86: 2.37 | AW86: 2.39 | AX86: 2.37 | AY86: 2.39 | AZ86: 1.8 | BA86: 1.81 | BB86: 1.01 | BC86: 1.04 | BF86: PM-Late | BG86: -0.06 | BH86: -0.06 | BI86: -0.09 | BJ86: 0 | BK86: -0.16 | BL86: -0.14 | BM86: -0.03 | BN86: -0.02 | BO86: -0.06 | BP86: -0.07 | BQ86: -0.06 | BR86: -0.07 | BS86: 0 | BT86: 0 | BU86: -0.21 | BV86: -0.23
B89: Revenue Per Period Heavy A | T89: ML light veh.Miles | AM89: GP light veh.Miles | BF89: LVr Toll
B90: Direction | C90: NB | D90: SB | E90: NB | F90: SB | G90: NB | H90: SB | I90: NB | J90: SB | K90: NB | L90: SB | M90: NB | N90: SB | O90: NB | P90: SB | Q90: NB | R90: SB | T90: Direction | U90: NB | AC90: SB | AM90: Direction | AN90: NB | AV90: SB | BF90: Direction | BG90: NB | BH90: SB | BI90: NB | BJ90: SB | BK90: NB | BL90: SB | BM90: NB | BN90: SB | BO90: NB | BP90: SB | BQ90: NB | BR90: SB | BS90: NB | BT90: SB | BU90: NB | BV90: SB
B91: Segment | C91: 11 | D91: 11 | E91: 12 | F91: 12 | G91: 13 | H91: 13 | I91: 14 | J91: 14 | K91: 15 | L91: 15 | M91: 16 | N91: 16 | O91: 17 | P91: 17 | Q91: 18 | R91: 18 | T91: Segment | U91: 11 | V91: 12 | W91: 13 | X91: 14 | Y91: 15 | Z91: 16 | AA91: 17 | AB91: 18 | AC91: 11 | AD91: 12 | AE91: 13 | AF91: 14 | AG91: 15 | AH91: 16 | AI91: 17 | AJ91: 18 | AM91: Segment | AN91: 11 | AO91: 12 | AP91: 13 | AQ91: 14 | AR91: 15 | AS91: 16 | AT91: 17 | AU91: 18 | AV91: 11 | AW91: 12 | AX91: 13 | AY91: 14 | AZ91: 15 | BA91: 16 | BB91: 17 | BC91: 18 | BF91: Segment | BG91: 11 | BH91: 11 | BI91: 12 | BJ91: 12 | BK91: 13 | BL91: 13 | BM91: 14 | BN91: 14 | BO91: 15 | BP91: 15 | BQ91: 16 | BR91: 16 | BS91: 17 | BT91: 17 | BU91: 18 | BV91: 18
B92: Period | T92: Period | AM92: Period | BF92: Period
B93: Night | C93: 420.18 | D93: 395.72 | E93: 471.05 | F93: 221.83 | G93: 93.16 | H93: 93.08 | I93: 111.04 | J93: 123.55 | K93: 151.37 | L93: 154.15 | M93: 151.37 | N93: 151.37 | O93: 40.74 | P93: 39.66 | Q93: 499.39 | R93: 472.24 | T93: Night | U93: 5245.74 | V93: 3776.47 | W93: 1728.98 | X93: 1511.78 | Y93: 979.3 | Z93: 979.3 | AA93: 364.79 | AB93: 3226.72 | AC93: 4966.02 | AD93: 971.58 | AE93: 1478.47 | AF93: 1087.96 | AG93: 1412.4 | AH93: 1354.85 | AI93: 326.62 | AJ93: 2095.7 | AM93: Night | AN93: 22971.54 | AO93: 27847.78 | AP93: 27455.42 | AQ93: 28208.68 | AR93: 18250.82 | AS93: 18250.82 | AT93: 6798.52 | AU93: 8695.12 | AV93: 22443.18 | AW93: 18049.17 | AX93: 22860.81 | AY93: 20210.24 | AZ93: 26322.58 | BA93: 25249.91 | BB93: 6086.99 | BC93: 5656.38 | BF93: Night | BG93: 0.48 | BH93: 0.48 | BI93: 0.5 | BJ93: 0.5 | BK93: 0.56 | BL93: 0.56 | BM93: 0.66 | BN93: 0.66 | BO93: 0.52 | BP93: 0.52 | BQ93: 0.52 | BR93: 0.52 | BS93: 0.42 | BT93: 0.42 | BU93: 0.16 | BV93: 0.16
B94: AM-Early | C94: 192.03 | D94: 99.81 | E94: 140.86 | F94: 475.27 | G94: 157.02 | H94: 115.03 | I94: 170.26 | J94: 129.08 | K94: 148 | L94: 100.52 | M94: 148 | N94: 100.08 | O94: 65.46 | P94: 53.53 | Q94: 92.04 | R94: 148.01 | T94: AM-Early | U94: 2492.79 | V94: 2858.26 | W94: 3668.94 | X94: 4073.91 | Y94: 1677.92 | Z94: 1677.92 | AA94: 1117.95 | AB94: 867.95 | AC94: 1480.6 | AD94: 1384.97 | AE94: 1742.42 | AF94: 1868.17 | AG94: 2454.63 | AH94: 2426.54 | AI94: 918.63 | AJ94: 724.99 | AM94: AM-Early | AN94: 11733.72 | AO94: 15149.24 | AP94: 19381.78 | AQ94: 20408.56 | AR94: 7914.26 | AS94: 7914.26 | AT94: 5253.87 | AU94: 3923.77 | AV94: 7291.4 | AW94: 5815.39 | AX94: 8464.98 | AY94: 9062.42 | AZ94: 11768.67 | BA94: 11625.42 | BB94: 4307.22 | BC94: 3060.86 | BF94: AM-Early | BG94: 4.32 | BH94: 2.14 | BI94: 2.05 | BJ94: 4.5 | BK94: 4.66 | BL94: 4.02 | BM94: 5.94 | BN94: 3.67 | BO94: 2.42 | BP94: 1.82 | BQ94: 2.42 | BR94: 1.83 | BS94: 2.05 | BT94: 2.05 | BU94: 1.44 | BV94: 1.44
B95: AM-Peak | C95: 3188.89 | D95: 909.51 | E95: 1552.71 | F95: 3260.24 | G95: 2393.74 | H95: 838.57 | I95: 1919.46 | J95: 938.6 | K95: 373.78 | L95: 418.88 | M95: 353.7 | N95: 395.68 | O95: 260.91 | P95: 287.64 | Q95: 390.5 | R95: 971.45 | T95: AM-Peak | U95: 10836.39 | V95: 10012.77 | W95: 14702.79 | X95: 12600.54 | Y95: 4704.76 | Z95: 3900.22 | AA95: 2611.64 | AB95: 2434.76 | AC95: 5116.41 | AD95: 9947.03 | AE95: 8792.98 | AF95: 9080.5 | AG95: 5531.76 | AH95: 4502.01 | AI95: 1081.46 | AJ95: 3592.68 | AM95: AM-Peak | AN95: 41856.9 | AO95: 54596.73 | AP95: 65777.07 | AQ95: 72391.97 | AR95: 22328.62 | AS95: 18389.84 | AT95: 12258.87 | AU95: 8812.12 | AV95: 19482.64 | AW95: 20931.03 | AX95: 44982.41 | AY95: 46071.6 | AZ95: 26429.04 | BA95: 21298.05 | BB95: 9733.12 | BC95: 8190.6 | BF95: AM-Peak | BG95: 9.49 | BH95: 4.32 | BI95: 4.5 | BJ95: 4.5 | BK95: 10.41 | BL95: 4.85 | BM95: 10.81 | BN95: 4.61 | BO95: 2 | BP95: 2.27 | BQ95: 2.28 | BR95: 2.62 | BS95: 2.46 | BT95: 1.89 | BU95: 1.44 | BV95: 1.44
B96: AM-Shoulder | C96: 482.93 | D96: 305.59 | E96: 571.35 | F96: 723.65 | G96: 481.89 | H96: 436.71 | I96: 188.16 | J96: 227.24 | K96: 140.29 | L96: 328.38 | M96: 128.88 | N96: 45.77 | O96: 26.89 | P96: 27.08 | Q96: 195 | R96: 172.5 | T96: AM-Shoulder | U96: 2529.28 | V96: 2621.49 | W96: 3399.82 | X96: 3436.17 | Y96: 1972.47 | Z96: 1587.63 | AA96: 537.97 | AB96: 640.89 | AC96: 1388.79 | AD96: 2652.25 | AE96: 2961.46 | AF96: 2975.74 | AG96: 714.25 | AH96: 1185.66 | AI96: 537.04 | AJ96: 613.02 | AM96: AM-Shoulder | AN96: 10746.13 | AO96: 13853.26 | AP96: 18038.19 | AQ96: 17737.62 | AR96: 9368.45 | AS96: 7484.03 | AT96: 2518.88 | AU96: 2330.66 | AV96: 6830.76 | AW96: 11122.77 | AX96: 14970.3 | AY96: 14771.66 | AZ96: 6428.21 | BA96: 5956.8 | BB96: 2514.47 | BC96: 2247.83 | BF96: AM-Shoulder | BG96: 4.32 | BH96: 4.31 | BI96: 3.4 | BJ96: 4.5 | BK96: 6.41 | BL96: 4.84 | BM96: 2.95 | BN96: 3 | BO96: 1.76 | BP96: 3.49 | BQ96: 2.02 | BR96: 0.97 | BS96: 1.02 | BT96: 1.02 | BU96: 1.44 | BV96: 1.44
B97: MD | C97: 1648.77 | D97: 1808.49 | E97: 2931.38 | F97: 3003.36 | G97: 1203.17 | H97: 1067.4 | I97: 475.69 | J97: 637.91 | K97: 564.42 | L97: 513.55 | M97: 600.44 | N97: 511.07 | O97: 219.58 | P97: 206.36 | Q97: 1029.34 | R97: 1047.53 | T97: MD | U97: 9781.43 | V97: 11438.97 | W97: 12798.93 | X97: 12822.54 | Y97: 12633.2 | Z97: 12440.64 | AA97: 3782.51 | AB97: 3953.84 | AC97: 10978.28 | AD97: 12542.81 | AE97: 15189.05 | AF97: 15863.22 | AG97: 10327.56 | AH97: 10125.59 | AI97: 3634.37 | AJ97: 3758.83 | AM97: MD | AN97: 38346.51 | AO97: 51427.28 | AP97: 63697.07 | AQ97: 63381.06 | AR97: 59953.6 | AS97: 58967.06 | AT97: 17491.54 | AU97: 15475.06 | AV97: 43628.21 | AW97: 50662.37 | AX97: 75385.35 | AY97: 77990.43 | AZ97: 48524.74 | BA97: 47530.71 | BB97: 16804.93 | BC97: 14969.37 | BF97: MD | BG97: 4.32 | BH97: 4.32 | BI97: 4.5 | BJ97: 4.5 | BK97: 4.19 | BL97: 4.04 | BM97: 2.29 | BN97: 2.53 | BO97: 1.64 | BP97: 1.52 | BQ97: 1.78 | BR97: 1.55 | BS97: 1.62 | BT97: 1.58 | BU97: 1.44 | BV97: 1.44
B98: PM-Shoulder | C98: 298.79 | D98: 245.22 | E98: 370.45 | F98: 456.81 | G98: 313.22 | H98: 263.68 | I98: 113.55 | J98: 156.62 | K98: 43.12 | L98: 40.68 | M98: 45.19 | N98: 42.71 | O98: 32.57 | P98: 25.03 | Q98: 106.93 | R98: 80.89 | T98: PM-Shoulder | U98: 2666.97 | V98: 3249.66 | W98: 4337.56 | X98: 4278.29 | Y98: 3014.42 | Z98: 2561.23 | AA98: 1342.33 | AB98: 781.71 | AC98: 2509.12 | AD98: 4189.23 | AE98: 4865.95 | AF98: 5332.48 | AG98: 2471.96 | AH98: 1992.7 | AI98: 1195.21 | AJ98: 701.42 | AM98: PM-Shoulder | AN98: 10485.73 | AO98: 13467.9 | AP98: 18600.45 | AQ98: 17311.3 | AR98: 11271.83 | AS98: 9458.05 | AT98: 4871.39 | AU98: 2840.43 | AV98: 9539.72 | AW98: 17933.27 | AX98: 21320.15 | AY98: 22906.17 | AZ98: 9114.52 | BA98: 7276.59 | BB98: 4330.88 | BC98: 2444.46 | BF98: PM-Shoulder | BG98: 4.32 | BH98: 4.32 | BI98: 2.64 | BJ98: 3.91 | BK98: 4.98 | BL98: 4.77 | BM98: 2.32 | BN98: 4.13 | BO98: 1.08 | BP98: 0.9 | BQ98: 1.34 | BR98: 1.18 | BS98: 1.3 | BT98: 1.13 | BU98: 1.05 | BV98: 1.44
B99: PM-Peak | C99: 1489.14 | D99: 1505.53 | E99: 1703.72 | F99: 1651.51 | G99: 947.25 | H99: 784.95 | I99: 532.71 | J99: 519.4 | K99: 268.32 | L99: 378.42 | M99: 272.59 | N99: 378.44 | O99: 228.36 | P99: 112.35 | Q99: 761.51 | R99: 688.73 | T99: PM-Peak | U99: 14055.65 | V99: 9868.57 | W99: 12631.3 | X99: 12244.24 | Y99: 9394.47 | Z99: 7660.32 | AA99: 1057.2 | AB99: 3323.34 | AC99: 13512.39 | AD99: 10452.41 | AE99: 15203.27 | AF99: 14493.88 | AG99: 8207.17 | AH99: 6656.27 | AI99: 3718 | AJ99: 3467.46 | AM99: PM-Peak | AN99: 38593.85 | AO99: 33135.68 | AP99: 54038.29 | AQ99: 50338.82 | AR99: 35828.64 | AS99: 28526.76 | AT99: 9514.83 | AU99: 6186.42 | AV99: 37449.21 | AW99: 42903.34 | AX99: 59449.58 | AY99: 61133.38 | AZ99: 30820.15 | BA99: 24547.37 | BB99: 13509.6 | BC99: 7823.7 | BF99: PM-Peak | BG99: 4.32 | BH99: 4.32 | BI99: 4.5 | BJ99: 4.09 | BK99: 5.02 | BL99: 5.04 | BM99: 3.28 | BN99: 3.97 | BO99: 1.84 | BP99: 1.86 | BQ99: 2.33 | BR99: 2.32 | BS99: 2.84 | BT99: 1.74 | BU99: 1.44 | BV99: 1.44
B100: PM-Late | C100: 295.51 | D100: 287.91 | E100: 672.24 | F100: 154.95 | G100: 351.23 | H100: 283.04 | I100: 250.52 | J100: 175.81 | K100: 356.27 | L100: 261.67 | M100: 356.27 | N100: 261.67 | O100: 34.22 | P100: 42.37 | Q100: 389.26 | R100: 322.85 | T100: PM-Late | U100: 4753.32 | V100: 4005.56 | W100: 4502.86 | X100: 4249.52 | Y100: 5118.9 | Z100: 5119.06 | AA100: 1300.8 | AB100: 1669.52 | AC100: 6383.4 | AD100: 5039.57 | AE100: 5597.97 | AF100: 6215.92 | AG100: 4435.44 | AH100: 4435.49 | AI100: 1457.48 | AJ100: 1615.52 | AM100: PM-Late | AN100: 18853.32 | AO100: 15805.69 | AP100: 17112.86 | AQ100: 16128.64 | AR100: 18557.22 | AS100: 18557.06 | AT100: 3977.34 | AU100: 6029.92 | AV100: 24434.04 | AW100: 19198.93 | AX100: 20922.51 | AY100: 23241.53 | AZ100: 16051.26 | BA100: 16051.21 | BB100: 4494.13 | BC100: 5838.28 | BF100: PM-Late | BG100: 2.21 | BH100: 1.94 | BI100: 2.81 | BJ100: 0.67 | BK100: 3.46 | BL100: 3.02 | BM100: 2.93 | BN100: 2.31 | BO100: 2.36 | BP100: 2.63 | BQ100: 2.36 | BR100: 2.63 | BS100: 1.05 | BT100: 1.19 | BU100: 1.25 | BV100: 1.38
B103: % Workday Revenue | T103: ML light veh/period | AM103: GP light veh/period | BF103: Medium A Toll
B104: Direction | C104: NB | D104: SB | E104: NB | F104: SB | G104: NB | H104: SB | I104: NB | J104: SB | K104: NB | L104: SB | M104: NB | N104: SB | O104: NB | P104: SB | Q104: NB | R104: SB | T104: Direction | U104: NB | V104: SB | W104: NB | X104: SB | Y104: NB | Z104: SB | AA104: NB | AB104: SB | AC104: NB | AD104: SB | AE104: NB | AF104: SB | AG104: NB | AH104: SB | AI104: NB | AJ104: SB | AM104: Direction | AN104: NB | AO104: SB | AP104: NB | AQ104: SB | AR104: NB | AS104: SB | AT104: NB | AU104: SB | AV104: NB | AW104: SB | AX104: NB | AY104: SB | AZ104: NB | BA104: SB | BB104: NB | BC104: SB | BF104: Direction | BG104: NB | BH104: SB | BI104: NB | BJ104: SB | BK104: NB | BL104: SB | BM104: NB | BN104: SB | BO104: NB | BP104: SB | BQ104: NB | BR104: SB | BS104: NB | BT104: SB | BU104: NB | BV104: SB
B105: Segment | C105: 11 | D105: 11 | E105: 12 | F105: 12 | G105: 13 | H105: 13 | I105: 14 | J105: 14 | K105: 15 | L105: 15 | M105: 16 | N105: 16 | O105: 17 | P105: 17 | Q105: 18 | R105: 18 | T105: Segment | U105: 11 | V105: 11 | W105: 12 | X105: 12 | Y105: 13 | Z105: 13 | AA105: 14 | AB105: 14 | AC105: 15 | AD105: 15 | AE105: 16 | AF105: 16 | AG105: 17 | AH105: 17 | AI105: 18 | AJ105: 18 | AM105: Segment | AN105: 11 | AO105: 11 | AP105: 12 | AQ105: 12 | AR105: 13 | AS105: 13 | AT105: 14 | AU105: 14 | AV105: 15 | AW105: 15 | AX105: 16 | AY105: 16 | AZ105: 17 | BA105: 17 | BB105: 18 | BC105: 18 | BF105: Segment | BG105: 11 | BH105: 11 | BI105: 12 | BJ105: 12 | BK105: 13 | BL105: 13 | BM105: 14 | BN105: 14 | BO105: 15 | BP105: 15 | BQ105: 16 | BR105: 16 | BS105: 17 | BT105: 17 | BU105: 18 | BV105: 18
B106: Period | T106: Period | AM106: Period | BF106: Period
B107: Night | C107: 0.012085848 | D107: 0.018003643 | E107: 0.014165656 | F107: 0.0048047557 | G107: 0.0032574976 | H107: 0.0042161706 | I107: 0.0046665545 | J107: 0.0054549014 | K107: 0.01161648 | L107: 0.015207118 | M107: 0.01139892 | N107: 0.015270029 | O107: 0.0092514099 | P107: 0.0095722858 | Q107: 0.038697648 | R107: 0.028560805 | T107: Night | U107: 2185.72 | V107: 2069.18 | W107: 1510.59 | X107: 388.63 | Y107: 617.49 | Z107: 528.02 | AA107: 458.12 | AB107: 329.69 | AC107: 376.65 | AD107: 543.23 | AE107: 376.65 | AF107: 521.1 | AG107: 173.71 | AH107: 155.53 | AI107: 4033.4 | AJ107: 2619.63 | AM107: Night | AN107: 9571.48 | AO107: 9351.32 | AP107: 11139.11 | AQ107: 7219.67 | AR107: 9805.51 | AS107: 8164.58 | AT107: 8548.08 | AU107: 6124.31 | AV107: 7019.55 | AW107: 10124.07 | AX107: 7019.55 | AY107: 9711.5 | AZ107: 3237.39 | BA107: 2898.57 | BB107: 10868.9 | BC107: 7070.47 | BF107: Night | BG107: 1.44 | BH107: 1.44 | BI107: 1.5 | BJ107: 1.5 | BK107: 1.68 | BL107: 1.68 | BM107: 1.98 | BN107: 1.98 | BO107: 1.56 | BP107: 1.56 | BQ107: 1.56 | BR107: 1.56 | BS107: 1.26 | BT107: 1.26 | BU107: 0.48 | BV107: 0.48
B108: AM-Early | C108: 0.041922388 | D108: 0.020384324 | E108: 0.031190964 | F108: 0.037581193 | G108: 0.047506726 | H108: 0.030204641 | I108: 0.087391432 | J108: 0.037785289 | K108: 0.060407179 | L108: 0.066821367 | M108: 0.059275839 | N108: 0.069302123 | O108: 0.10320718 | P108: 0.095117641 | Q108: 0.059328118 | R108: 0.051585646 | T108: AM-Early | U108: 1038.66 | V108: 616.92 | W108: 1143.3 | X108: 553.99 | Y108: 1310.34 | Z108: 622.29 | AA108: 1234.52 | AB108: 566.11 | AC108: 645.35 | AD108: 944.09 | AE108: 645.35 | AF108: 933.29 | AG108: 532.35 | AH108: 437.44 | AI108: 1084.94 | AJ108: 906.24 | AM108: AM-Early | AN108: 4889.05 | AO108: 3038.08 | AP108: 6059.7 | AQ108: 2326.16 | AR108: 6922.06 | AS108: 3023.21 | AT108: 6184.41 | AU108: 2746.19 | AV108: 3043.95 | AW108: 4526.41 | AX108: 3043.95 | AY108: 4471.31 | AZ108: 2501.85 | BA108: 2051.06 | BB108: 4904.71 | BC108: 3826.07 | BF108: AM-Early | BG108: 12.96 | BH108: 6.43 | BI108: 6.15 | BJ108: 13.5 | BK108: 13.98 | BL108: 12.07 | BM108: 17.82 | BN108: 11.01 | BO108: 7.26 | BP108: 5.45 | BQ108: 7.26 | BR108: 5.5 | BS108: 6.16 | BT108: 6.15 | BU108: 4.32 | BV108: 4.32
B109: AM-Peak | C109: 0.41685377 | D109: 0.14626222 | E109: 0.24998649 | F109: 0.26602682 | G109: 0.44471212 | H109: 0.18901108 | I109: 0.52224667 | J109: 0.24088234 | K109: 0.14573332 | L109: 0.20422368 | M109: 0.13548131 | N109: 0.20021647 | O109: 0.31395028 | P109: 0.13082124 | Q109: 0.17401048 | R109: 0.25638818 | T109: AM-Peak | U109: 4515.16 | V109: 2131.84 | W109: 4005.11 | X109: 3978.81 | Y109: 5251 | Z109: 3140.35 | AA109: 3818.35 | AB109: 2751.67 | AC109: 1809.52 | AD109: 2127.6 | AE109: 1500.09 | AF109: 1731.54 | AG109: 1243.64 | AH109: 514.98 | AI109: 3043.45 | AJ109: 4490.85 | AM109: AM-Peak | AN109: 17440.37 | AO109: 8117.77 | AP109: 21838.69 | AQ109: 8372.41 | AR109: 23491.81 | AS109: 16065.15 | AT109: 21936.96 | AU109: 13961.09 | AV109: 8587.93 | AW109: 10165.01 | AX109: 7073.01 | AY109: 8191.56 | AZ109: 5837.56 | BA109: 4634.82 | BB109: 11015.15 | BC109: 10238.25 | BF109: AM-Peak | BG109: 28.48 | BH109: 12.96 | BI109: 13.5 | BJ109: 13.5 | BK109: 31.22 | BL109: 14.54 | BM109: 32.42 | BN109: 13.82 | BO109: 6 | BP109: 6.8 | BQ109: 6.85 | BR109: 7.86 | BS109: 7.37 | BT109: 5.67 | BU109: 4.32 | BV109: 4.32
B110: AM-Shoulder | C110: 0.046245447 | D110: 0.039845724 | E110: 0.054569136 | F110: 0.070548206 | G110: 0.066018211 | H110: 0.066128609 | I110: 0.041769821 | J110: 0.050322773 | K110: 0.053347943 | L110: 0.048608095 | M110: 0.048299235 | N110: 0.019760791 | O110: 0.028387612 | P110: 0.031875854 | Q110: 0.050706601 | R110: 0.045340852 | T110: AM-Shoulder | U110: 1053.87 | V110: 578.66 | W110: 1048.6 | X110: 1060.9 | Y110: 1214.22 | Z110: 1057.67 | AA110: 1041.26 | AB110: 901.74 | AC110: 758.64 | AD110: 274.71 | AE110: 610.63 | AF110: 456.02 | AG110: 256.17 | AH110: 255.73 | AI110: 801.12 | AJ110: 766.27 | AM110: AM-Shoulder | AN110: 4477.56 | AO110: 2846.15 | AP110: 5541.3 | AQ110: 4449.11 | AR110: 6442.21 | AS110: 5346.53 | AT110: 5375.04 | AU110: 4476.26 | AV110: 3603.25 | AW110: 2472.39 | AX110: 2878.47 | AY110: 2291.08 | AZ110: 1199.47 | BA110: 1197.37 | BB110: 2913.33 | BC110: 2809.79 | BF110: AM-Shoulder | BG110: 12.96 | BH110: 12.92 | BI110: 10.21 | BJ110: 13.5 | BK110: 19.23 | BL110: 14.52 | BM110: 8.86 | BN110: 8.99 | BO110: 5.29 | BP110: 10.48 | BQ110: 6.06 | BR110: 2.92 | BS110: 3.07 | BT110: 3.07 | BU110: 4.32 | BV110: 4.32
B111: MD | C111: 0.17219031 | D111: 0.29912632 | E111: 0.30715243 | F111: 0.31317971 | G111: 0.16030557 | H111: 0.25858828 | I111: 0.11511697 | J111: 0.21394307 | K111: 0.29695997 | L111: 0.24941042 | M111: 0.31175438 | N111: 0.25849687 | O111: 0.28469111 | P111: 0.29994082 | Q111: 0.30359846 | R111: 0.26425588 | T111: MD | U111: 4075.6 | V111: 4574.28 | W111: 4575.59 | X111: 5017.12 | Y111: 4571.04 | Z111: 5424.66 | AA111: 3885.62 | AB111: 4807.03 | AC111: 4858.92 | AD111: 3972.14 | AE111: 4784.86 | AF111: 3894.46 | AG111: 1801.19 | AH111: 1730.65 | AI111: 4942.3 | AJ111: 4698.54 | AM111: MD | AN111: 15977.71 | AO111: 18178.42 | AP111: 20570.91 | AQ111: 20264.95 | AR111: 22748.96 | AS111: 26923.34 | AT111: 19206.38 | AU111: 23633.47 | AV111: 23059.08 | AW111: 18663.36 | AX111: 22679.64 | AY111: 18281.04 | AZ111: 8329.31 | BA111: 8002.35 | BB111: 19343.83 | BC111: 18711.72 | BF111: MD | BG111: 12.96 | BH111: 12.96 | BI111: 13.5 | BJ111: 13.5 | BK111: 12.56 | BL111: 12.11 | BM111: 6.87 | BN111: 7.59 | BO111: 4.91 | BP111: 4.56 | BQ111: 5.34 | BR111: 4.65 | BS111: 4.87 | BT111: 4.74 | BU111: 4.32 | BV111: 4.32
B112: PM-Shoulder | C112: 0.04435751 | D112: 0.063241285 | E112: 0.047115088 | F112: 0.079961859 | G112: 0.061787559 | H112: 0.09144223 | I112: 0.036820213 | J112: 0.1078554 | K112: 0.044269268 | L112: 0.032619253 | M112: 0.045947712 | N112: 0.035947644 | O112: 0.073175452 | P112: 0.063337084 | Q112: 0.040070155 | R112: 0.042458684 | T112: PM-Shoulder | U112: 1111.24 | V112: 1045.47 | W112: 1299.86 | X112: 1675.69 | Y112: 1549.13 | Z112: 1737.84 | AA112: 1296.45 | AB112: 1615.9 | AC112: 1159.39 | AD112: 950.75 | AE112: 985.09 | AF112: 766.42 | AG112: 639.2 | AH112: 569.15 | AI112: 977.13 | AJ112: 876.77 | AM112: PM-Shoulder | AN112: 4369.06 | AO112: 3974.88 | AP112: 5387.16 | AQ112: 7173.31 | AR112: 6643.02 | AS112: 7614.34 | AT112: 5245.85 | AU112: 6941.26 | AV112: 4335.32 | AW112: 3505.59 | AX112: 3637.71 | AY112: 2798.69 | AZ112: 2319.71 | BA112: 2062.32 | BB112: 3550.54 | BC112: 3055.57 | BF112: PM-Shoulder | BG112: 12.96 | BH112: 12.96 | BI112: 7.92 | BJ112: 11.73 | BK112: 14.93 | BL112: 14.32 | BM112: 6.97 | BN112: 12.38 | BO112: 3.23 | BP112: 2.69 | BQ112: 4.02 | BR112: 3.54 | BS112: 3.91 | BT112: 3.38 | BU112: 3.14 | BV112: 4.32
B113: PM-Peak | C113: 0.22695041 | D113: 0.34296627 | E113: 0.2342781 | F113: 0.21140872 | G113: 0.17318293 | H113: 0.29448074 | I113: 0.14704114 | J113: 0.27639813 | K113: 0.22709932 | L113: 0.22179276 | M113: 0.23028479 | N113: 0.23333362 | O113: 0.13408441 | P113: 0.29363035 | Q113: 0.2318586 | R113: 0.21649136 | T113: PM-Peak | U113: 5856.52 | V113: 5630.16 | W113: 3947.43 | X113: 4180.97 | Y113: 4511.18 | Z113: 5429.74 | AA113: 3710.38 | AB113: 4392.08 | AC113: 3613.26 | AD113: 3156.6 | AE113: 2946.28 | AF113: 2560.1 | AG113: 503.43 | AH113: 1770.48 | AI113: 4154.17 | AJ113: 4334.32 | AM113: PM-Peak | AN113: 16080.77 | AO113: 15603.84 | AP113: 13254.27 | AQ113: 17161.33 | AR113: 19299.39 | AS113: 21231.99 | AT113: 15254.19 | AU113: 18525.27 | AV113: 13780.25 | AW113: 11853.9 | AX113: 10971.83 | AY113: 9441.3 | AZ113: 4530.87 | BA113: 6433.14 | BB113: 7733.03 | BC113: 9779.63 | BF113: PM-Peak | BG113: 12.96 | BH113: 12.96 | BI113: 13.5 | BJ113: 12.26 | BK113: 15.06 | BL113: 15.12 | BM113: 9.85 | BN113: 11.92 | BO113: 5.51 | BP113: 5.57 | BQ113: 6.98 | BR113: 6.96 | BS113: 8.51 | BT113: 5.22 | BU113: 4.32 | BV113: 4.32
B114: PM-Late | C114: 0.039394317 | D114: 0.070170212 | E114: 0.061542137 | F114: 0.016488736 | G114: 0.043229377 | H114: 0.065928241 | I114: 0.044947202 | J114: 0.067358097 | K114: 0.16056652 | L114: 0.16131731 | M114: 0.15755782 | N114: 0.16767246 | O114: 0.053252544 | P114: 0.075704735 | Q114: 0.10172993 | R114: 0.094918584 | T114: PM-Late | U114: 1980.55 | V114: 2659.75 | W114: 1602.23 | X114: 2015.83 | Y114: 1608.17 | Z114: 1999.28 | AA114: 1287.73 | AB114: 1883.61 | AC114: 1968.81 | AD114: 1705.94 | AE114: 1968.87 | AF114: 1705.96 | AG114: 619.43 | AH114: 694.04 | AI114: 2086.9 | AJ114: 2019.4 | AM114: PM-Late | AN114: 7855.55 | AO114: 10180.85 | AP114: 6322.27 | AQ114: 7679.57 | AR114: 6111.73 | AS114: 7472.32 | AT114: 4887.47 | AU114: 7042.89 | AV114: 7137.39 | AW114: 6173.56 | AX114: 7137.33 | AY114: 6173.54 | AZ114: 1893.97 | BA114: 2140.06 | BB114: 7537.4 | BC114: 7297.85 | BF114: PM-Late | BG114: 6.64 | BH114: 5.83 | BI114: 8.43 | BJ114: 2 | BK114: 10.37 | BL114: 9.06 | BM114: 8.8 | BN114: 6.93 | BO114: 7.08 | BP114: 7.88 | BQ114: 7.08 | BR114: 7.88 | BS114: 3.15 | BT114: 3.56 | BU114: 3.74 | BV114: 4.14
T117: ML medium A veh.Miles | AM117: GP medium A veh.Miles | BF117: Implied VOT
...

Sheet Year_2040
B1: Lenght
C2: 11 | D2: 12 | E2: 13 | F2: 14 | G2: 15 | H2: 16 | I2: 17 | J2: 18
B3: Length | C3: 2.4 | D3: 2.5 | E3: 2.8 | F3: 3.3 | G3: 2.6 | H3: 2.6 | I3: 2.1 | J3: 0.8
B5: TollLights | T5: ML PCE.Miles | AM5: GP PCE.Miles | BF5: Highway PCE.Miles
B6: Direction | C6: NB | D6: SB | E6: NB | F6: SB | G6: NB | H6: SB | I6: NB | J6: SB | K6: NB | L6: SB | M6: NB | N6: SB | O6: NB | P6: SB | Q6: NB | R6: SB | T6: Direction | U6: NB | V6: SB | W6: NB | X6: SB | Y6: NB | Z6: SB | AA6: NB | AB6: SB | AC6: NB | AD6: SB | AE6: NB | AF6: SB | AG6: NB | AH6: SB | AI6: NB | AJ6: SB | AM6: Direction | AN6: NB | AO6: SB | AP6: NB | AQ6: SB | AR6: NB | AS6: SB | AT6: NB | AU6: SB | AV6: NB | AW6: SB | AX6: NB | AY6: SB | AZ6: NB | BA6: SB | BB6: NB | BC6: SB | BF6: Direction | BG6: NB | BH6: SB | BI6: NB | BJ6: SB | BK6: NB | BL6: SB | BM6: NB | BN6: SB | BO6: NB | BP6: SB | BQ6: NB | BR6: SB | BS6: NB | BT6: SB | BU6: NB | BV6: SB
B7: Segment | C7: 11 | D7: 11 | E7: 12 | F7: 12 | G7: 13 | H7: 13 | I7: 14 | J7: 14 | K7: 15 | L7: 15 | M7: 16 | N7: 16 | O7: 17 | P7: 17 | Q7: 18 | R7: 18 | T7: Segment | U7: 11 | V7: 11 | W7: 12 | X7: 12 | Y7: 13 | Z7: 13 | AA7: 14 | AB7: 14 | AC7: 15 | AD7: 15 | AE7: 16 | AF7: 16 | AG7: 17 | AH7: 17 | AI7: 18 | AJ7: 18 | AM7: Segment | AN7: 11 | AO7: 11 | AP7: 12 | AQ7: 12 | AR7: 13 | AS7: 13 | AT7: 14 | AU7: 14 | AV7: 15 | AW7: 15 | AX7: 16 | AY7: 16 | AZ7: 17 | BA7: 17 | BB7: 18 | BC7: 18 | BF7: Segment | BG7: 11 | BH7: 11 | BI7: 12 | BJ7: 12 | BK7: 13 | BL7: 13 | BM7: 14 | BN7: 14 | BO7: 15 | BP7: 15 | BQ7: 16 | BR7: 16 | BS7: 17 | BT7: 17 | BU7: 18 | BV7: 18
B8: Period | T8: Period | AM8: Period | BF8: Period
B9: Night | C9: 0.2 | D9: 0.2 | E9: 0.2 | F9: 0.2 | G9: 0.2 | H9: 0.2 | I9: 0.2 | J9: 0.2 | K9: 0.2 | L9: 0.2 | M9: 0.2 | N9: 0.2 | O9: 0.2 | P9: 0.2 | Q9: 0.2 | R9: 0.2 | T9: Night | U9: 12872.16 | V9: 12519.36 | W9: 12813.5 | X9: 2648.38 | Y9: 5933.16 | Z9: 5206.71 | AA9: 2546.99 | AB9: 2149.81 | AC9: 2300.5 | AD9: 2825.7 | AE9: 2300.5 | AF9: 7067.06 | AG9: 759.9 | AH9: 686.83 | AI9: 8656.48 | AJ9: 6746.22 | AM9: Night | AN9: 40320 | AO9: 40320 | AP9: 52500 | AQ9: 47553.87 | AR9: 41028.44 | AS9: 36574.61 | AT9: 45983.8 | AU9: 39118.34 | AV9: 40573.24 | AW9: 49688.58 | AX9: 40573.24 | AY9: 43680 | AZ9: 13360.92 | BA9: 12319.73 | BB9: 17185.84 | BC9: 14282.34 | BF9: Night | BG9: 53192.16 | BH9: 52839.36 | BI9: 65313.5 | BJ9: 50202.25 | BK9: 46961.6 | BL9: 41781.32 | BM9: 48530.79 | BN9: 41268.15 | BO9: 42873.74 | BP9: 52514.28 | BQ9: 42873.74 | BR9: 50747.06 | BS9: 14120.82 | BT9: 13006.56 | BU9: 25842.32 | BV9: 21028.56
B10: AM-Early | C10: 2.1 | D10: 1.58 | E10: 1.65 | F10: 2.1 | G10: 2.1 | H10: 2.1 | I10: 2.1 | J10: 2.06 | K10: 1.79 | L10: 1.39 | M10: 1.79 | N10: 1.4 | O10: 1.85 | P10: 1.8 | Q10: 2.1 | R10: 2.1 | T10: AM-Early | U10: 3739.7 | V10: 2036.75 | W10: 3664.58 | X10: 2596.97 | Y10: 5829.56 | Z10: 2852.73 | AA10: 5848.6 | AB10: 2562.67 | AC10: 2402.7 | AD10: 3282.11 | AE10: 2402.7 | AF10: 3246.64 | AG10: 1626.21 | AH10: 1338.41 | AI10: 1324.59 | AJ10: 1268.44 | AM10: AM-Early | AN10: 15407.98 | AO10: 12065.89 | AP10: 23146.92 | AQ10: 9731.35 | AR10: 24410.44 | AS10: 12450.67 | AT10: 24413.25 | AU10: 14552.12 | AV10: 14209.74 | AW10: 18642.91 | AX10: 14209.74 | AY10: 18414.74 | AZ10: 8844.6 | BA10: 7244.08 | BB10: 5414.61 | BC10: 5212.94 | BF10: AM-Early | BG10: 19147.69 | BH10: 14102.64 | BI10: 26811.5 | BJ10: 12328.32 | BK10: 30240 | BL10: 15303.4 | BM10: 30261.84 | BN10: 17114.79 | BO10: 16612.44 | BP10: 21925.02 | BQ10: 16612.44 | BR10: 21661.38 | BS10: 10470.81 | BT10: 8582.49 | BU10: 6739.2 | BV10: 6481.38
B11: AM-Peak | C11: 6.3 | D11: 2.1 | E11: 4.2 | F11: 2.1 | G11: 6.3 | H11: 2.1 | I11: 6.2 | J11: 2.73 | K11: 1.34 | L11: 1.57 | M11: 1.51 | N11: 1.77 | O11: 2.04 | P11: 0.9 | Q11: 2.1 | R11: 6.3 | T11: AM-Peak | U11: 16852.21 | V11: 9286.36 | W11: 12631.54 | X11: 18275.08 | Y11: 22390.39 | Z11: 15452.6 | AA11: 18458.41 | AB11: 12642 | AC11: 7002.43 | AD11: 8078.77 | AE11: 5836.44 | AF11: 6639.61 | AG11: 4141.62 | AH11: 3095.41 | AI11: 4575.64 | AJ11: 4587.61 | AM11: AM-Peak | AN11: 63787.79 | AO11: 32084.66 | AP11: 90971.21 | AQ11: 40123.83 | AR11: 92636.27 | AS11: 67775.12 | AT11: 103744.47 | AU11: 78423.17 | AV11: 42073.19 | AW11: 47679.24 | AX11: 34689.24 | AY11: 38596.49 | AZ11: 23290.66 | BA11: 16805.66 | BB11: 14099.24 | BC11: 16896.91 | BF11: AM-Peak | BG11: 80640 | BH11: 41371.02 | BI11: 103602.75 | BJ11: 58398.91 | BK11: 115026.66 | BL11: 83227.72 | BM11: 122202.88 | BN11: 91065.17 | BO11: 49075.62 | BP11: 55758.01 | BQ11: 40525.68 | BR11: 45236.1 | BS11: 27432.27 | BT11: 19901.07 | BU11: 18674.88 | BV11: 21484.52
B12: AM-Shoulder | C12: 3.67 | D12: 2.1 | E12: 2.1 | F12: 2.1 | G12: 3.74 | H12: 2.1 | I12: 1.87 | J12: 1.79 | K12: 1.28 | L12: 1.34 | M12: 1.44 | N12: 0.59 | O12: 0.82 | P12: 0.82 | Q12: 2.1 | R12: 2.1 | T12: AM-Shoulder | U12: 2727.99 | V12: 2878.59 | W12: 4701.99 | X12: 4409.19 | Y12: 4105.88 | Z12: 5604.27 | AA12: 4713.27 | AB12: 4115.46 | AC12: 2903.03 | AD12: 1266.23 | AE12: 2347.94 | AF12: 1858.78 | AG12: 902.11 | AH12: 901.47 | AI12: 1058.48 | AJ12: 1029.72 | AM12: AM-Shoulder | AN12: 17983.63 | AO12: 11829.73 | AP12: 27515.26 | AQ12: 20318.66 | AR12: 25854.12 | AS12: 24355.73 | AT12: 29055.63 | AU12: 25206.03 | AV12: 17600.44 | AW12: 11507.57 | AX12: 14055.72 | AY12: 10915.02 | AZ12: 5154.46 | BA12: 5157.87 | BB12: 4273.1 | BC12: 4106.28 | BF12: AM-Shoulder | BG12: 20711.62 | BH12: 14708.32 | BI12: 32217.25 | BJ12: 24727.85 | BK12: 29960 | BL12: 29960 | BM12: 33768.9 | BN12: 29321.49 | BO12: 20503.47 | BP12: 12773.8 | BQ12: 16403.66 | BR12: 12773.8 | BS12: 6056.57 | BT12: 6059.34 | BU12: 5331.58 | BV12: 5136
B13: MD | C13: 2.1 | D13: 3.63 | E13: 2.1 | F13: 2.1 | G13: 2.1 | H13: 2.1 | I13: 1.25 | J13: 1.48 | K13: 1.26 | L13: 1.09 | M13: 1.37 | N13: 1.11 | O13: 1.36 | P13: 1.31 | Q13: 2.1 | R13: 2.1 | T13: MD | U13: 14130.26 | V13: 11331.08 | W13: 20321.67 | X13: 19615.17 | Y13: 21544.45 | Z13: 24379.22 | AA13: 17181.2 | AB13: 20688.76 | AC13: 17222.7 | AD13: 14730 | AE13: 16955.85 | AF13: 14441.6 | AG13: 5689.76 | AH13: 5485.67 | AI13: 6291.87 | AJ13: 5979.83 | AM13: MD | AN13: 56941.58 | AO13: 68908.7 | AP13: 91473.08 | AQ13: 85704.97 | AR13: 95834.35 | AS13: 108393.98 | AT13: 98322.1 | AU13: 119176.79 | AV13: 99345.7 | AW13: 85402.5 | AX13: 97585.85 | AY13: 83587.5 | AZ13: 31131.64 | BA13: 30017.98 | BB13: 27092.13 | BC13: 25215.88 | BF13: MD | BG13: 71071.84 | BH13: 80239.77 | BI13: 111794.75 | BJ13: 105320.14 | BK13: 117378.8 | BL13: 132773.2 | BM13: 115503.3 | BN13: 139865.55 | BO13: 116568.4 | BP13: 100132.5 | BQ13: 114541.7 | BR13: 98029.1 | BS13: 36821.4 | BT13: 35503.65 | BU13: 33384 | BV13: 31195.71
B14: PM-Shoulder | C14: 2.1 | D14: 3 | E14: 2.38 | F14: 2.79 | G14: 2.1 | H14: 3.09 | I14: 1.58 | J14: 2.87 | K14: 0.87 | L14: 0.65 | M14: 1.01 | N14: 0.83 | O14: 1.13 | P14: 0.95 | Q14: 2.1 | R14: 2.1 | T14: PM-Shoulder | U14: 3670.73 | V14: 2787.69 | W14: 4264.09 | X14: 4699.7 | Y14: 5734.93 | Z14: 5135.29 | AA14: 5208.31 | AB14: 5690.38 | AC14: 3872.28 | AD14: 3252.11 | AE14: 3325.39 | AF14: 2640.21 | AG14: 1815.43 | AH14: 1619.78 | AI14: 1290 | AJ14: 958.09 | AM14: PM-Shoulder | AN14: 14757.91 | AO14: 13350.8 | AP14: 24947.44 | AQ14: 26062.8 | AR14: 24225.07 | AS14: 26928.23 | AT14: 25445.72 | AU14: 29619.62 | AV14: 16986.99 | AW14: 14452.1 | AX14: 14229.81 | AY14: 11523.21 | AZ14: 7616.9 | BA14: 6769.2 | BB14: 5166.41 | BC14: 3407.51 | BF14: PM-Shoulder | BG14: 18428.65 | BH14: 16138.49 | BI14: 29211.52 | BJ14: 30762.5 | BK14: 29960 | BL14: 32063.53 | BM14: 30654.03 | BN14: 35310 | BO14: 20859.27 | BP14: 17704.21 | BQ14: 17555.2 | BR14: 14163.42 | BS14: 9432.33 | BT14: 8388.99 | BU14: 6456.41 | BV14: 4365.6
B15: PM-Peak | C15: 6.3 | D15: 6.3 | E15: 2.1 | F15: 2.1 | G15: 4.2 | H15: 4.2 | I15: 2.1 | J15: 2.89 | K15: 1.48 | L15: 1.41 | M15: 1.73 | N15: 1.66 | O15: 1.69 | P15: 1.46 | Q15: 2.1 | R15: 6.3 | T15: PM-Peak | U15: 14615.48 | V15: 13996.34 | W15: 16279.31 | X15: 16451.9 | Y15: 14552.88 | Z15: 17848.21 | AA15: 14637.71 | AB15: 15833.48 | AC15: 11479.19 | AD15: 10542.11 | AE15: 9530.67 | AF15: 8661.33 | AG15: 1537.33 | AH15: 4859.01 | AI15: 5469.13 | AJ15: 4007.37 | AM15: PM-Peak | AN15: 61028.3 | AO15: 60806.62 | AP15: 54368.93 | AQ15: 70808.35 | AR15: 77332.32 | AS15: 80513.4 | AT15: 74612.47 | AU15: 82930.68 | AV15: 53301.54 | AW15: 50786.29 | AX15: 42294.63 | AY15: 40402.04 | AZ15: 13917.2 | BA15: 20305.86 | BB15: 10679.59 | BC15: 15124.12 | BF15: PM-Peak | BG15: 75643.77 | BH15: 74802.96 | BI15: 70648.24 | BJ15: 87260.25 | BK15: 91885.19 | BL15: 98361.61 | BM15: 89250.18 | BN15: 98764.15 | BO15: 64780.74 | BP15: 61328.4 | BQ15: 51825.3 | BR15: 49063.37 | BS15: 15454.53 | BT15: 25164.87 | BU15: 16148.72 | BV15: 19131.49
B16: PM-Late | C16: 1.67 | D16: 1.5 | E16: 2.07 | F16: 0.45 | G16: 2.1 | H16: 1.98 | I16: 1.56 | J16: 1.23 | K16: 1.75 | L16: 1.96 | M16: 1.75 | N16: 1.96 | O16: 0.86 | P16: 0.99 | Q16: 2.1 | R16: 2.1 | T16: PM-Late | U16: 5932.24 | V16: 7689.06 | W16: 5429.49 | X16: 6471.76 | Y16: 6027.76 | Z16: 6828.26 | AA16: 5302.19 | AB16: 7285.46 | AC16: 6562.92 | AD16: 5559.68 | AE16: 6562.8 | AF16: 5559.69 | AG16: 1641.7 | AH16: 1825.82 | AI16: 2767 | AJ16: 2440.25 | AM16: PM-Late | AN16: 30368.72 | AO16: 36763.02 | AP16: 32786.01 | AQ16: 35188.49 | AR16: 26706.2 | AS16: 30742.42 | AT16: 25407.61 | AU16: 31923.49 | AV16: 30964.44 | AW16: 24875.92 | AX16: 30964.56 | AY16: 24875.91 | AZ16: 6035.48 | BA16: 6790.06 | BB16: 11714.97 | BC16: 9599.82 | BF16: PM-Late | BG16: 36300.96 | BH16: 44452.08 | BI16: 38215.5 | BJ16: 41660.25 | BK16: 32733.96 | BL16: 37570.68 | BM16: 30709.8 | BN16: 39208.95 | BO16: 37527.36 | BP16: 30435.6 | BQ16: 37527.36 | BR16: 30435.6 | BS16: 7677.18 | BT16: 8615.88 | BU16: 14481.97 | BV16: 12040.07
B19: CaptureRateLights | T19: ML Volume (PCE/Period) | AM19: GP Volume (PCE/Period) | BF19: Highway Volume
B20: Direction | C20: NB | D20: SB | E20: NB | F20: SB | G20: NB | H20: SB | I20: NB | J20: SB | K20: NB | L20: SB | M20: NB | N20: SB | O20: NB | P20: SB | Q20: NB | R20: SB | T20: Direction | U20: NB | V20: SB | W20: NB | X20: SB | Y20: NB | Z20: SB | AA20: NB | AB20: SB | AC20: NB | AD20: SB | AE20: NB | AF20: SB | AG20: NB | AH20: SB | AI20: NB | AJ20: SB | AM20: Direction | AN20: NB | AO20: SB | AP20: NB | AQ20: SB | AR20: NB | AS20: SB | AT20: NB | AU20: SB | AV20: NB | AW20: SB | AX20: NB | AY20: SB | AZ20: NB | BA20: SB | BB20: NB | BC20: SB | BF20: Direction | BG20: NB | BH20: SB | BI20: NB | BJ20: SB | BK20: NB | BL20: SB | BM20: NB | BN20: SB | BO20: NB | BP20: SB | BQ20: NB | BR20: SB | BS20: NB | BT20: SB | BU20: NB | BV20: SB
B21: Segment | C21: 11 | D21: 11 | E21: 12 | F21: 12 | G21: 13 | H21: 13 | I21: 14 | J21: 14 | K21: 15 | L21: 15 | M21: 16 | N21: 16 | O21: 17 | P21: 17 | Q21: 18 | R21: 18 | T21: Segment | U21: 11 | V21: 11 | W21: 12 | X21: 12 | Y21: 13 | Z21: 13 | AA21: 14 | AB21: 14 | AC21: 15 | AD21: 15 | AE21: 16 | AF21: 16 | AG21: 17 | AH21: 17 | AI21: 18 | AJ21: 18 | AM21: Segment | AN21: 11 | AO21: 11 | AP21: 12 | AQ21: 12 | AR21: 13 | AS21: 13 | AT21: 14 | AU21: 14 | AV21: 15 | AW21: 15 | AX21: 16 | AY21: 16 | AZ21: 17 | BA21: 17 | BB21: 18 | BC21: 18 | BF21: Segment | BG21: 11 | BH21: 11 | BI21: 12 | BJ21: 12 | BK21: 13 | BL21: 13 | BM21: 14 | BN21: 14 | BO21: 15 | BP21: 15 | BQ21: 16 | BR21: 16 | BS21: 17 | BT21: 17 | BU21: 18 | BV21: 18
B22: Period | T22: Period | AM22: Period | BF22: Period
B23: Night | C23: 0.25 | D23: 0.25 | E23: 0.2 | F23: 0.05 | G23: 0.15 | H23: 0.15 | I23: 0.05 | J23: 0.05 | K23: 0.05 | L23: 0.05 | M23: 0.05 | N23: 0.15 | O23: 0.05 | P23: 0.05 | Q23: 0.36 | R23: 0.36 | T23: Night | U23: 5363.4 | V23: 5216.4 | W23: 5125.4 | X23: 1059.35 | Y23: 2118.99 | Z23: 1859.54 | AA23: 771.82 | AB23: 651.46 | AC23: 884.81 | AD23: 1086.81 | AE23: 884.81 | AF23: 2718.1 | AG23: 361.86 | AH23: 327.06 | AI23: 10820.6 | AJ23: 8432.78 | AM23: Night | AN23: 16800 | AO23: 16800 | AP23: 21000 | AQ23: 19021.55 | AR23: 14653.01 | AS23: 13062.36 | AT23: 13934.48 | AU23: 11854.04 | AV23: 15605.09 | AW23: 19110.99 | AX23: 15605.09 | AY23: 16800 | AZ23: 6362.34 | BA23: 5866.54 | BB23: 21482.3 | BC23: 17852.92 | BF23: Night | BG23: 22163.4 | BH23: 22016.4 | BI23: 26125.4 | BJ23: 20080.9 | BK23: 16772 | BL23: 14921.9 | BM23: 14706.3 | BN23: 12505.5 | BO23: 16489.9 | BP23: 20197.8 | BQ23: 16489.9 | BR23: 19518.1 | BS23: 6724.2 | BT23: 6193.6 | BU23: 32302.9 | BV23: 26285.7
B24: AM-Early | C24: 0.21 | D24: 0.17 | E24: 0.15 | F24: 0.23 | G24: 0.2 | H24: 0.21 | I24: 0.2 | J24: 0.17 | K24: 0.17 | L24: 0.17 | M24: 0.17 | N24: 0.17 | O24: 0.17 | P24: 0.18 | Q24: 0.22 | R24: 0.23 | T24: AM-Early | U24: 1558.21 | V24: 848.65 | W24: 1465.83 | X24: 1038.79 | Y24: 2081.99 | Z24: 1018.83 | AA24: 1772.3 | AB24: 776.57 | AC24: 924.11 | AD24: 1262.35 | AE24: 924.11 | AF24: 1248.71 | AG24: 774.39 | AH24: 637.34 | AI24: 1655.74 | AJ24: 1585.55 | AM24: AM-Early | AN24: 6419.99 | AO24: 5027.45 | AP24: 9258.77 | AQ24: 3892.54 | AR24: 8718.01 | AS24: 4446.67 | AT24: 7397.95 | AU24: 4409.73 | AV24: 5465.29 | AW24: 7170.35 | AX24: 5465.29 | AY24: 7082.59 | AZ24: 4211.71 | BA24: 3449.56 | BB24: 6768.26 | BC24: 6516.18 | BF24: AM-Early | BG24: 7978.2 | BH24: 5876.1 | BI24: 10724.6 | BJ24: 4931.33 | BK24: 10800 | BL24: 5465.5 | BM24: 9170.26 | BN24: 5186.3 | BO24: 6389.4 | BP24: 8432.7 | BQ24: 6389.4 | BR24: 8331.3 | BS24: 4986.1 | BT24: 4086.9 | BU24: 8424 | BV24: 8101.72
B25: AM-Peak | C25: 0.24 | D25: 0.26 | E25: 0.14 | F25: 0.38 | G25: 0.21 | H25: 0.21 | I25: 0.16 | J25: 0.16 | K25: 0.17 | L25: 0.17 | M25: 0.17 | N25: 0.17 | O25: 0.18 | P25: 0.17 | Q25: 0.28 | R25: 0.26 | T25: AM-Peak | U25: 7021.75 | V25: 3869.32 | W25: 5052.62 | X25: 7310.03 | Y25: 7996.57 | Z25: 5518.79 | AA25: 5593.46 | AB25: 3830.91 | AC25: 2693.24 | AD25: 3107.22 | AE25: 2244.78 | AF25: 2553.7 | AG25: 1972.2 | AH25: 1474.01 | AI25: 5719.56 | AJ25: 5734.52 | AM25: AM-Peak | AN25: 26578.25 | AO25: 13368.61 | AP25: 36388.48 | AQ25: 16049.53 | AR25: 33084.38 | AS25: 24205.4 | AT25: 31437.72 | AU25: 23764.6 | AV25: 16182 | AW25: 18338.17 | AX25: 13342.02 | AY25: 14844.8 | AZ25: 11090.79 | BA25: 8002.69 | BB25: 17624.04 | BC25: 21121.14 | BF25: AM-Peak | BG25: 33600 | BH25: 17237.92 | BI25: 41441.1 | BJ25: 23359.57 | BK25: 41080.95 | BL25: 29724.19 | BM25: 37031.17 | BN25: 27595.51 | BO25: 18875.24 | BP25: 21445.39 | BQ25: 15586.8 | BR25: 17398.5 | BS25: 13062.99 | BT25: 9476.7 | BU25: 23343.6 | BV25: 26855.65
B26: AM-Shoulder | C26: 0.16 | D26: 0.24 | E26: 0.19 | F26: 0.21 | G26: 0.15 | H26: 0.22 | I26: 0.16 | J26: 0.16 | K26: 0.17 | L26: 0.1 | M26: 0.17 | N26: 0.17 | O26: 0.18 | P26: 0.18 | Q26: 0.23 | R26: 0.23 | T26: AM-Shoulder | U26: 1136.66 | V26: 1199.41 | W26: 1880.8 | X26: 1763.68 | Y26: 1466.38 | Z26: 2001.53 | AA26: 1428.26 | AB26: 1247.11 | AC26: 1116.55 | AD26: 487.01 | AE26: 903.05 | AF26: 714.91 | AG26: 429.58 | AH26: 429.27 | AI26: 1323.1 | AJ26: 1287.15 | AM26: AM-Shoulder | AN26: 7493.18 | AO26: 4929.05 | AP26: 11006.1 | AQ26: 8127.46 | AR26: 9233.62 | AS26: 8698.47 | AT26: 8804.74 | AU26: 7638.19 | AV26: 6769.4 | AW26: 4425.99 | AX26: 5406.05 | AY26: 4198.09 | AZ26: 2454.5 | BA26: 2456.13 | BB26: 5341.37 | BC26: 5132.85 | BF26: AM-Shoulder | BG26: 8629.84 | BH26: 6128.46 | BI26: 12886.9 | BJ26: 9891.14 | BK26: 10700 | BL26: 10700 | BM26: 10233 | BN26: 8885.3 | BO26: 7885.95 | BP26: 4913 | BQ26: 6309.1 | BR26: 4913 | BS26: 2884.08 | BT26: 2885.4 | BU26: 6664.47 | BV26: 6420
B27: MD | C27: 0.22 | D27: 0.17 | E27: 0.22 | F27: 0.21 | G27: 0.21 | H27: 0.2 | I27: 0.17 | J27: 0.16 | K27: 0.17 | L27: 0.17 | M27: 0.17 | N27: 0.17 | O27: 0.18 | P27: 0.18 | Q27: 0.22 | R27: 0.22 | T27: MD | U27: 5887.61 | V27: 4721.28 | W27: 8128.67 | X27: 7846.07 | Y27: 7694.45 | Z27: 8706.86 | AA27: 5206.43 | AB27: 6269.32 | AC27: 6624.12 | AD27: 5665.38 | AE27: 6521.48 | AF27: 5554.46 | AG27: 2709.41 | AH27: 2612.22 | AI27: 7864.84 | AJ27: 7474.79 | AM27: MD | AN27: 23725.66 | AO27: 28711.96 | AP27: 36589.23 | AQ27: 34281.99 | AR27: 34226.55 | AS27: 38712.14 | AT27: 29794.57 | AU27: 36114.18 | AV27: 38209.88 | AW27: 32847.12 | AX27: 37533.02 | AY27: 32149.04 | AZ27: 14824.59 | BA27: 14294.28 | BB27: 33865.16 | BC27: 31519.85 | BF27: MD | BG27: 29613.27 | BH27: 33433.24 | BI27: 44717.9 | BJ27: 42128.05 | BK27: 41921 | BL27: 47419 | BM27: 35001 | BN27: 42383.5 | BO27: 44834 | BP27: 38512.5 | BQ27: 44054.5 | BR27: 37703.5 | BS27: 17534 | BT27: 16906.5 | BU27: 41730 | BV27: 38994.64
B28: PM-Shoulder | C28: 0.22 | D28: 0.2 | E28: 0.19 | F28: 0.18 | G28: 0.2 | H28: 0.17 | I28: 0.19 | J28: 0.17 | K28: 0.2 | L28: 0.21 | M28: 0.21 | N28: 0.21 | O28: 0.21 | P28: 0.22 | Q28: 0.26 | R28: 0.24 | T28: PM-Shoulder | U28: 1529.47 | V28: 1161.54 | W28: 1705.63 | X28: 1879.88 | Y28: 2048.19 | Z28: 1834.03 | AA28: 1578.27 | AB28: 1724.36 | AC28: 1489.34 | AD28: 1250.81 | AE28: 1279 | AF28: 1015.47 | AG28: 864.49 | AH28: 771.32 | AI28: 1612.49 | AJ28: 1197.61 | AM28: PM-Shoulder | AN28: 6149.13 | AO28: 5562.83 | AP28: 9978.97 | AQ28: 10425.12 | AR28: 8651.81 | AS28: 9617.23 | AT28: 7710.83 | AU28: 8975.64 | AV28: 6533.46 | AW28: 5558.5 | AX28: 5473 | AY28: 4432 | AZ28: 3627.1 | BA28: 3223.43 | BB28: 6458.01 | BC28: 4259.39 | BF28: PM-Shoulder | BG28: 7678.6 | BH28: 6724.37 | BI28: 11684.61 | BJ28: 12305 | BK28: 10700 | BL28: 11451.26 | BM28: 9289.1 | BN28: 10700 | BO28: 8022.8 | BP28: 6809.31 | BQ28: 6752 | BR28: 5447.47 | BS28: 4491.58 | BT28: 3994.75 | BU28: 8070.51 | BV28: 5457
B29: PM-Peak | C29: 0.22 | D29: 0.22 | E29: 0.29 | F29: 0.24 | G29: 0.18 | H29: 0.2 | I29: 0.18 | J29: 0.17 | K29: 0.2 | L29: 0.2 | M29: 0.21 | N29: 0.21 | O29: 0.1 | P29: 0.21 | Q29: 0.42 | R29: 0.26 | T29: PM-Peak | U29: 6089.78 | V29: 5831.81 | W29: 6511.72 | X29: 6580.76 | Y29: 5197.46 | Z29: 6374.36 | AA29: 4435.67 | AB29: 4798.02 | AC29: 4415.07 | AD29: 4054.66 | AE29: 3665.64 | AF29: 3331.28 | AG29: 732.06 | AH29: 2313.81 | AI29: 6836.41 | AJ29: 5009.21 | AM29: PM-Peak | AN29: 25428.46 | AO29: 25336.09 | AP29: 21747.57 | AQ29: 28323.34 | AR29: 27618.68 | AS29: 28754.78 | AT29: 22609.84 | AU29: 25130.51 | AV29: 20500.59 | AW29: 19533.19 | AX29: 16267.17 | AY29: 15539.25 | AZ29: 6627.24 | BA29: 9669.46 | BB29: 13349.48 | BC29: 18905.16 | BF29: PM-Peak | BG29: 31518.24 | BH29: 31167.9 | BI29: 28259.3 | BJ29: 34904.1 | BK29: 32816.14 | BL29: 35129.14 | BM29: 27045.51 | BN29: 29928.53 | BO29: 24915.67 | BP29: 23587.85 | BQ29: 19932.81 | BR29: 18870.53 | BS29: 7359.3 | BT29: 11983.27 | BU29: 20185.89 | BV29: 23914.36
B30: PM-Late | C30: 0.2 | D30: 0.2 | E30: 0.2 | F30: 0.21 | G30: 0.22 | H30: 0.21 | I30: 0.21 | J30: 0.21 | K30: 0.21 | L30: 0.22 | M30: 0.21 | N30: 0.22 | O30: 0.25 | P30: 0.24 | Q30: 0.27 | R30: 0.25 | T30: PM-Late | U30: 2471.77 | V30: 3203.78 | W30: 2171.8 | X30: 2588.7 | Y30: 2152.77 | Z30: 2438.67 | AA30: 1606.73 | AB30: 2207.72 | AC30: 2524.2 | AD30: 2138.34 | AE30: 2524.16 | AF30: 2138.34 | AG30: 781.76 | AH30: 869.44 | AI30: 3458.75 | AJ30: 3050.31 | AM30: PM-Late | AN30: 12653.63 | AO30: 15317.92 | AP30: 13114.4 | AQ30: 14075.4 | AR30: 9537.93 | AS30: 10979.43 | AT30: 7699.27 | AU30: 9673.78 | AV30: 11909.4 | AW30: 9567.66 | AX30: 11909.44 | AY30: 9567.66 | AZ30: 2874.04 | BA30: 3233.36 | BB30: 14643.72 | BC30: 11999.78 | BF30: PM-Late | BG30: 15125.4 | BH30: 18521.7 | BI30: 15286.2 | BJ30: 16664.1 | BK30: 11690.7 | BL30: 13418.1 | BM30: 9306 | BN30: 11881.5 | BO30: 14433.6 | BP30: 11706 | BQ30: 14433.6 | BR30: 11706 | BS30: 3655.8 | BT30: 4102.8 | BU30: 18102.46 | BV30: 15050.09
B33: Revenue Per Period | T33: ML Flow (PCE/hr) | AM33: GP Flow (PCE/hr) | BF33: Highway Flow
B34: Direction | C34: NB | D34: SB | E34: NB | F34: SB | G34: NB | H34: SB | I34: NB | J34: SB | K34: NB | L34: SB | M34: NB | N34: SB | O34: NB | P34: SB | Q34: NB | R34: SB | T34: Direction | U34: NB | V34: SB | W34: NB | X34: SB | Y34: NB | Z34: SB | AA34: NB | AB34: SB | AC34: NB | AD34: SB | AE34: NB | AF34: SB | AG34: NB | AH34: SB | AI34: NB | AJ34: SB | AM34: Direction | AN34: NB | AO34: SB | AP34: NB | AQ34: SB | AR34: NB | AS34: SB | AT34: NB | AU34: SB | AV34: NB | AW34: SB | AX34: NB | AY34: SB | AZ34: NB | BA34: SB | BB34: NB | BC34: SB | BF34: Direction | BG34: NB | BH34: SB | BI34: NB | BJ34: SB | BK34: NB | BL34: SB | BM34: NB | BN34: SB | BO34: NB | BP34: SB | BQ34: NB | BR34: SB | BS34: NB | BT34: SB | BU34: NB | BV34: SB
B35: Segment | C35: 11 | D35: 11 | E35: 12 | F35: 12 | G35: 13 | H35: 13 | I35: 14 | J35: 14 | K35: 15 | L35: 15 | M35: 16 | N35: 16 | O35: 17 | P35: 17 | Q35: 18 | R35: 18 | T35: Segment | U35: 11 | V35: 11 | W35: 12 | X35: 12 | Y35: 13 | Z35: 13 | AA35: 14 | AB35: 14 | AC35: 15 | AD35: 15 | AE35: 16 | AF35: 16 | AG35: 17 | AH35: 17 | AI35: 18 | AJ35: 18 | AM35: Segment | AN35: 11 | AO35: 11 | AP35: 12 | AQ35: 12 | AR35: 13 | AS35: 13 | AT35: 14 | AU35: 14 | AV35: 15 | AW35: 15 | AX35: 16 | AY35: 16 | AZ35: 17 | BA35: 17 | BB35: 18 | BC35: 18 | BF35: Segment | BG35: 11 | BH35: 11 | BI35: 12 | BJ35: 12 | BK35: 13 | BL35: 13 | BM35: 14 | BN35: 14 | BO35: 15 | BP35: 15 | BQ35: 16 | BR35: 16 | BS35: 17 | BT35: 17 | BU35: 18 | BV35: 18
B36: Period | T36: Period | AM36: Period | BF36: Period
B37: Night | C37: 2574.43 | D37: 2503.87 | E37: 2562.7 | F37: 529.68 | G37: 1186.63 | H37: 1041.34 | I37: 509.4 | J37: 429.96 | K37: 460.1 | L37: 565.14 | M37: 460.1 | N37: 1413.41 | O37: 151.98 | P37: 137.37 | Q37: 1731.3 | R37: 1349.24 | T37: Night | U37: 766.2 | V37: 745.2 | W37: 732.2 | X37: 151.34 | Y37: 302.71 | Z37: 265.65 | AA37: 110.26 | AB37: 93.07 | AC37: 126.4 | AD37: 155.26 | AE37: 126.4 | AF37: 388.3 | AG37: 51.69 | AH37: 46.72 | AI37: 1545.8 | AJ37: 1204.68 | AM37: Night | AN37: 2400 | AO37: 2400 | AP37: 3000 | AQ37: 2717.36 | AR37: 2093.29 | AS37: 1866.05 | AT37: 1990.64 | AU37: 1693.43 | AV37: 2229.3 | AW37: 2730.14 | AX37: 2229.3 | AY37: 2400 | AZ37: 908.91 | BA37: 838.08 | BB37: 3068.9 | BC37: 2550.42 | BF37: Night | BG37: 3166.2 | BH37: 3145.2 | BI37: 3732.2 | BJ37: 2868.7 | BK37: 2396 | BL37: 2131.7 | BM37: 2100.9 | BN37: 1786.5 | BO37: 2355.7 | BP37: 2885.4 | BQ37: 2355.7 | BR37: 2788.3 | BS37: 960.6 | BT37: 884.8 | BU37: 4614.7 | BV37: 3755.1
B38: AM-Early | C38: 7853.38 | D38: 3216.32 | E38: 6037.22 | F38: 5453.64 | G38: 12242.08 | H38: 5990.72 | I38: 12282.05 | J38: 5281.63 | K38: 4306.76 | L38: 4562.24 | M38: 4306.76 | N38: 4543.82 | O38: 3006.48 | P38: 2414.83 | Q38: 2781.64 | R38: 2663.72 | T38: AM-Early | U38: 1558.21 | V38: 848.65 | W38: 1465.83 | X38: 1038.79 | Y38: 2081.99 | Z38: 1018.83 | AA38: 1772.3 | AB38: 776.57 | AC38: 924.11 | AD38: 1262.35 | AE38: 924.11 | AF38: 1248.71 | AG38: 774.39 | AH38: 637.34 | AI38: 1655.74 | AJ38: 1585.55 | AM38: AM-Early | AN38: 6419.99 | AO38: 5027.45 | AP38: 9258.77 | AQ38: 3892.54 | AR38: 8718.01 | AS38: 4446.67 | AT38: 7397.95 | AU38: 4409.73 | AV38: 5465.29 | AW38: 7170.35 | AX38: 5465.29 | AY38: 7082.59 | AZ38: 4211.71 | BA38: 3449.56 | BB38: 6768.26 | BC38: 6516.18 | BF38: AM-Early | BG38: 7978.2 | BH38: 5876.1 | BI38: 10724.6 | BJ38: 4931.33 | BK38: 10800 | BL38: 5465.5 | BM38: 9170.26 | BN38: 5186.3 | BO38: 6389.4 | BP38: 8432.7 | BQ38: 6389.4 | BR38: 8331.3 | BS38: 4986.1 | BT38: 4086.9 | BU38: 8424 | BV38: 8101.72
B39: AM-Peak | C39: 106168.92 | D39: 19501.35 | E39: 53052.49 | F39: 38377.66 | G39: 141059.46 | H39: 32450.46 | I39: 114426.12 | J39: 34496.04 | K39: 9396.04 | L39: 12657.33 | M39: 8839.25 | N39: 11784.57 | O39: 8440.16 | P39: 2785.87 | Q39: 9608.85 | R39: 28901.97 | T39: AM-Peak | U39: 2340.58 | V39: 1289.77 | W39: 1684.21 | X39: 2436.68 | Y39: 2665.52 | Z39: 1839.6 | AA39: 1864.49 | AB39: 1276.97 | AC39: 897.75 | AD39: 1035.74 | AE39: 748.26 | AF39: 851.23 | AG39: 657.4 | AH39: 491.34 | AI39: 1906.52 | AJ39: 1911.51 | AM39: AM-Peak | AN39: 8859.42 | AO39: 4456.2 | AP39: 12129.49 | AQ39: 5349.84 | AR39: 11028.13 | AS39: 8068.47 | AT39: 10479.24 | AU39: 7921.53 | AV39: 5394 | AW39: 6112.72 | AX39: 4447.34 | AY39: 4948.27 | AZ39: 3696.93 | BA39: 2667.56 | BB39: 5874.68 | BC39: 7040.38 | BF39: AM-Peak | BG39: 11200 | BH39: 5745.98 | BI39: 13813.7 | BJ39: 7786.52 | BK39: 13693.65 | BL39: 9908.06 | BM39: 12343.72 | BN39: 9198.5 | BO39: 6291.75 | BP39: 7148.46 | BQ39: 5195.6 | BR39: 5799.5 | BS39: 4354.33 | BT39: 3158.9 | BU39: 7781.2 | BV39: 8951.88
B40: AM-Shoulder | C40: 10005.91 | D40: 6045.03 | E40: 9874.18 | F40: 9259.3 | G40: 15340.05 | H40: 11768.98 | I40: 8828.04 | J40: 7362.84 | K40: 3722.15 | L40: 1702.06 | M40: 3374.81 | N40: 1090.89 | O40: 742.3 | P40: 742.21 | Q40: 2222.81 | R40: 2162.42 | T40: AM-Shoulder | U40: 1136.66 | V40: 1199.41 | W40: 1880.8 | X40: 1763.68 | Y40: 1466.38 | Z40: 2001.53 | AA40: 1428.26 | AB40: 1247.11 | AC40: 1116.55 | AD40: 487.01 | AE40: 903.05 | AF40: 714.91 | AG40: 429.58 | AH40: 429.27 | AI40: 1323.1 | AJ40: 1287.15 | AM40: AM-Shoulder | AN40: 7493.18 | AO40: 4929.05 | AP40: 11006.1 | AQ40: 8127.46 | AR40: 9233.62 | AS40: 8698.47 | AT40: 8804.74 | AU40: 7638.19 | AV40: 6769.4 | AW40: 4425.99 | AX40: 5406.05 | AY40: 4198.09 | AZ40: 2454.5 | BA40: 2456.13 | BB40: 5341.37 | BC40: 5132.85 | BF40: AM-Shoulder | BG40: 8629.84 | BH40: 6128.46 | BI40: 12886.9 | BJ40: 9891.14 | BK40: 10700 | BL40: 10700 | BM40: 10233 | BN40: 8885.3 | BO40: 7885.95 | BP40: 4913 | BQ40: 6309.1 | BR40: 4913 | BS40: 2884.08 | BT40: 2885.4 | BU40: 6664.47 | BV40: 6420
B41: MD | C41: 29673.54 | D41: 41109.34 | E41: 42675.51 | F41: 41191.85 | G41: 45243.35 | H41: 51196.36 | I41: 21517.17 | J41: 30714.83 | K41: 21635.27 | L41: 16106.42 | M41: 23309.78 | N41: 16022.83 | O41: 7723.29 | P41: 7211.1 | Q41: 13212.93 | R41: 12557.65 | T41: MD | U41: 1177.52 | V41: 944.26 | W41: 1625.73 | X41: 1569.21 | Y41: 1538.89 | Z41: 1741.37 | AA41: 1041.29 | AB41: 1253.86 | AC41: 1324.82 | AD41: 1133.08 | AE41: 1304.3 | AF41: 1110.89 | AG41: 541.88 | AH41: 522.44 | AI41: 1572.97 | AJ41: 1494.96 | AM41: MD | AN41: 4745.13 | AO41: 5742.39 | AP41: 7317.85 | AQ41: 6856.4 | AR41: 6845.31 | AS41: 7742.43 | AT41: 5958.91 | AU41: 7222.84 | AV41: 7641.98 | AW41: 6569.42 | AX41: 7506.6 | AY41: 6429.81 | AZ41: 2964.92 | BA41: 2858.86 | BB41: 6773.03 | BC41: 6303.97 | BF41: MD | BG41: 5922.65 | BH41: 6686.65 | BI41: 8943.58 | BJ41: 8425.61 | BK41: 8384.2 | BL41: 9483.8 | BM41: 7000.2 | BN41: 8476.7 | BO41: 8966.8 | BP41: 7702.5 | BQ41: 8810.9 | BR41: 7540.7 | BS41: 3506.8 | BT41: 3381.3 | BU41: 8346 | BV41: 7798.93
B42: PM-Shoulder | C42: 7708.54 | D42: 8364.26 | E42: 10140.47 | F42: 13102.42 | G42: 12043.36 | H42: 15850.17 | I42: 8216.74 | J42: 16336.41 | K42: 3353 | L42: 2126.68 | M42: 3372.62 | N42: 2183.78 | O42: 2052.31 | P42: 1543.31 | Q42: 2708.99 | R42: 2011.99 | T42: PM-Shoulder | U42: 1529.47 | V42: 1161.54 | W42: 1705.63 | X42: 1879.88 | Y42: 2048.19 | Z42: 1834.03 | AA42: 1578.27 | AB42: 1724.36 | AC42: 1489.34 | AD42: 1250.81 | AE42: 1279 | AF42: 1015.47 | AG42: 864.49 | AH42: 771.32 | AI42: 1612.49 | AJ42: 1197.61 | AM42: PM-Shoulder | AN42: 6149.13 | AO42: 5562.83 | AP42: 9978.97 | AQ42: 10425.12 | AR42: 8651.81 | AS42: 9617.23 | AT42: 7710.83 | AU42: 8975.64 | AV42: 6533.46 | AW42: 5558.5 | AX42: 5473 | AY42: 4432 | AZ42: 3627.1 | BA42: 3223.43 | BB42: 6458.01 | BC42: 4259.39 | BF42: PM-Shoulder | BG42: 7678.6 | BH42: 6724.37 | BI42: 11684.61 | BJ42: 12305 | BK42: 10700 | BL42: 11451.26 | BM42: 9289.1 | BN42: 10700 | BO42: 8022.8 | BP42: 6809.31 | BQ42: 6752 | BR42: 5447.47 | BS42: 4491.58 | BT42: 3994.75 | BU42: 8070.51 | BV42: 5457
B43: PM-Peak | C43: 92077.49 | D43: 88176.97 | E43: 34186.54 | F43: 34548.97 | G43: 61122.08 | H43: 74962.48 | I43: 30683.67 | J43: 45755.06 | K43: 16966.21 | L43: 14826.02 | M43: 16490.05 | N43: 14415.9 | O43: 2590.66 | P43: 7078.21 | Q43: 11485.17 | R43: 25246.41 | T43: PM-Peak | U43: 2029.93 | V43: 1943.94 | W43: 2170.57 | X43: 2193.59 | Y43: 1732.49 | Z43: 2124.79 | AA43: 1478.56 | AB43: 1599.34 | AC43: 1471.69 | AD43: 1351.55 | AE43: 1221.88 | AF43: 1110.43 | AG43: 244.02 | AH43: 771.27 | AI43: 2278.8 | AJ43: 1669.74 | AM43: PM-Peak | AN43: 8476.15 | AO43: 8445.36 | AP43: 7249.19 | AQ43: 9441.11 | AR43: 9206.23 | AS43: 9584.93 | AT43: 7536.61 | AU43: 8376.84 | AV43: 6833.53 | AW43: 6511.06 | AX43: 5422.39 | AY43: 5179.75 | AZ43: 2209.08 | BA43: 3223.15 | BB43: 4449.83 | BC43: 6301.72 | BF43: PM-Peak | BG43: 10506.08 | BH43: 10389.3 | BI43: 9419.76 | BJ43: 11634.7 | BK43: 10938.71 | BL43: 11709.71 | BM43: 9015.17 | BN43: 9976.18 | BO43: 8305.22 | BP43: 7862.62 | BQ43: 6644.27 | BR43: 6290.18 | BS43: 2453.1 | BT43: 3994.42 | BU43: 6728.63 | BV43: 7971.45
B44: PM-Late | C44: 9920.55 | D44: 11552.43 | E44: 11256.44 | F44: 2902.75 | G44: 12658.3 | H44: 13493.77 | I44: 8284.11 | J44: 8927.37 | K44: 11516.86 | L44: 10895.16 | M44: 11516.93 | N44: 10895.16 | O44: 1415.54 | P44: 1800.49 | Q44: 5810.69 | R44: 5124.53 | T44: PM-Late | U44: 823.92 | V44: 1067.93 | W44: 723.93 | X44: 862.9 | Y44: 717.59 | Z44: 812.89 | AA44: 535.58 | AB44: 735.91 | AC44: 841.4 | AD44: 712.78 | AE44: 841.39 | AF44: 712.78 | AG44: 260.59 | AH44: 289.81 | AI44: 1152.92 | AJ44: 1016.77 | AM44: PM-Late | AN44: 4217.88 | AO44: 5105.97 | AP44: 4371.47 | AQ44: 4691.8 | AR44: 3179.31 | AS44: 3659.81 | AT44: 2566.42 | AU44: 3224.59 | AV44: 3969.8 | AW44: 3189.22 | AX44: 3969.81 | AY44: 3189.22 | AZ44: 958.01 | BA44: 1077.79 | BB44: 4881.24 | BC44: 3999.93 | BF44: PM-Late | BG44: 5041.8 | BH44: 6173.9 | BI44: 5095.4 | BJ44: 5554.7 | BK44: 3896.9 | BL44: 4472.7 | BM44: 3102 | BN44: 3960.5 | BO44: 4811.2 | BP44: 3902 | BQ44: 4811.2 | BR44: 3902 | BS44: 1218.6 | BT44: 1367.6 | BU44: 6034.15 | BV44: 5016.7
B47: Revenue Per Period Lights | T47: ML V/C | AM47: GP V/C real | BF47: Highway Vol / GP Capacity
B48: Direction | C48: NB | D48: SB | E48: NB | F48: SB | G48: NB | H48: SB | I48: NB | J48: SB | K48: NB | L48: SB | M48: NB | N48: SB | O48: NB | P48: SB | Q48: NB | R48: SB | T48: Direction | U48: NB | V48: SB | W48: NB | X48: SB | Y48: NB | Z48: SB | AA48: NB | AB48: SB | AC48: NB | AD48: SB | AE48: NB | AF48: SB | AG48: NB | AH48: SB | AI48: NB | AJ48: SB | AM48: Direction | AN48: NB | AO48: SB | AP48: NB | AQ48: SB | AR48: NB | AS48: SB | AT48: NB | AU48: SB | AV48: NB | AW48: SB | AX48: NB | AY48: SB | AZ48: NB | BA48: SB | BB48: NB | BC48: SB | BF48: Direction | BG48: NB | BH48: SB | BI48: NB | BJ48: SB | BK48: NB | BL48: SB | BM48: NB | BN48: SB | BO48: NB | BP48: SB | BQ48: NB | BR48: SB | BS48: NB | BT48: SB | BU48: NB | BV48: SB
B49: Segment | C49: 11 | D49: 11 | E49: 12 | F49: 12 | G49: 13 | H49: 13 | I49: 14 | J49: 14 | K49: 15 | L49: 15 | M49: 16 | N49: 16 | O49: 17 | P49: 17 | Q49: 18 | R49: 18 | T49: Segment | U49: 11 | V49: 11 | W49: 12 | X49: 12 | Y49: 13 | Z49: 13 | AA49: 14 | AB49: 14 | AC49: 15 | AD49: 15 | AE49: 16 | AF49: 16 | AG49: 17 | AH49: 17 | AI49: 18 | AJ49: 18 | AM49: Segment | AN49: 11 | AO49: 11 | AP49: 12 | AQ49: 12 | AR49: 13 | AS49: 13 | AT49: 14 | AU49: 14 | AV49: 15 | AW49: 15 | AX49: 16 | AY49: 16 | AZ49: 17 | BA49: 17 | BB49: 18 | BC49: 18 | BF49: Segment | BG49: 11 | BH49: 11 | BI49: 12 | BJ49: 12 | BK49: 13 | BL49: 13 | BM49: 14 | BN49: 14 | BO49: 15 | BP49: 15 | BQ49: 16 | BR49: 16 | BS49: 17 | BT49: 17 | BU49: 18 | BV49: 18
B50: Period | T50: Period | AM50: Period | BF50: Period
B51: Night | C51: 1597.15 | D51: 1526.68 | E51: 1391.81 | F51: 226.28 | G51: 993.26 | H51: 836 | I51: 351.5 | J51: 252.11 | K51: 239.47 | L51: 345.4 | M51: 239.47 | N51: 926.16 | O51: 89.2 | P51: 78.4 | Q51: 999 | R51: 648.49 | T51: Night | U51: 0.21 | V51: 0.21 | W51: 0.2 | X51: 0.04 | Y51: 0.08 | Z51: 0.07 | AA51: 0.03 | AB51: 0.03 | AC51: 0.04 | AD51: 0.04 | AE51: 0.04 | AF51: 0.11 | AG51: 0.01 | AH51: 0.01 | AI51: 0.43 | AJ51: 0.33 | AM51: Night | AN51: 0.3 | AO51: 0.3 | AP51: 0.3 | AQ51: 0.27 | AR51: 0.21 | AS51: 0.19 | AT51: 0.2 | AU51: 0.17 | AV51: 0.22 | AW51: 0.27 | AX51: 0.28 | AY51: 0.3 | AZ51: 0.15 | BA51: 0.14 | BB51: 0.51 | BC51: 0.43 | BF51: Night | BG51: 0.4 | BH51: 0.39 | BI51: 0.37 | BJ51: 0.29 | BK51: 0.24 | BL51: 0.21 | BM51: 0.21 | BN51: 0.18 | BO51: 0.24 | BP51: 0.29 | BQ51: 0.29 | BR51: 0.35 | BS51: 0.16 | BT51: 0.15 | BU51: 0.77 | BV51: 0.63
B52: AM-Early | C52: 6584.73 | D52: 2580.79 | E52: 5068.38 | F52: 3616.26 | G52: 10895.66 | H52: 4921.14 | I52: 10953.49 | J52: 4266.11 | K52: 3434.34 | L52: 3843.12 | M52: 3434.34 | N52: 3827.56 | O52: 2367.84 | P52: 1903.68 | Q52: 2311.24 | R52: 1908.4 | T52: AM-Early | U52: 0.43 | V52: 0.24 | W52: 0.41 | X52: 0.29 | Y52: 0.58 | Z52: 0.28 | AA52: 0.49 | AB52: 0.22 | AC52: 0.26 | AD52: 0.35 | AE52: 0.26 | AF52: 0.35 | AG52: 0.22 | AH52: 0.18 | AI52: 0.46 | AJ52: 0.44 | AM52: AM-Early | AN52: 0.87 | AO52: 0.69 | AP52: 0.77 | AQ52: 0.85 | AR52: 0.87 | AS52: 0.78 | AT52: 0.87 | AU52: 0.75 | AV52: 0.74 | AW52: 0.72 | AX52: 0.74 | AY52: 0.72 | AZ52: 0.73 | BA52: 0.71 | BB52: 0.87 | BC52: 0.87 | BF52: AM-Early | BG52: 1.08 | BH52: 0.8 | BI52: 0.89 | BJ52: 1.08 | BK52: 1.08 | BL52: 0.96 | BM52: 1.08 | BN52: 0.89 | BO52: 0.87 | BP52: 0.84 | BQ52: 0.87 | BR52: 0.84 | BS52: 0.87 | BT52: 0.84 | BU52: 1.08 | BV52: 1.08
B53: AM-Peak | C53: 86478.69 | D53: 15076.35 | E53: 42393.75 | F53: 26979.79 | G53: 119636.96 | H53: 25948.12 | I53: 96594.5 | J53: 26576.03 | K53: 7192.93 | L53: 9819.8 | M53: 6763.76 | N53: 9122.33 | O53: 6112.92 | P53: 1873.05 | Q53: 7671.72 | R53: 21510.94 | T53: AM-Peak | U53: 0.65 | V53: 0.36 | W53: 0.47 | X53: 0.68 | Y53: 0.74 | Z53: 0.51 | AA53: 0.52 | AB53: 0.35 | AC53: 0.25 | AD53: 0.29 | AE53: 0.21 | AF53: 0.24 | AG53: 0.18 | AH53: 0.14 | AI53: 0.53 | AJ53: 0.53 | AM53: AM-Peak | AN53: 1.11 | AO53: 0.76 | AP53: 0.93 | AQ53: 0.96 | AR53: 1.1 | AS53: 0.81 | AT53: 1.05 | AU53: 0.79 | AV53: 0.54 | AW53: 0.61 | AX53: 0.54 | AY53: 0.61 | AZ53: 0.62 | BA53: 0.34 | BB53: 0.87 | BC53: 1.1 | BF53: AM-Peak | BG53: 1.4 | BH53: 0.98 | BI53: 1.06 | BJ53: 1.4 | BK53: 1.37 | BL53: 0.99 | BM53: 1.23 | BN53: 0.92 | BO53: 0.63 | BP53: 0.71 | BQ53: 0.63 | BR53: 0.71 | BS53: 0.73 | BT53: 0.4 | BU53: 1.15 | BV53: 1.4
B54: AM-Shoulder | C54: 7849.01 | D54: 4612.54 | E54: 7205.51 | F54: 6100.86 | G54: 12490.81 | H54: 9023.48 | I54: 6894.03 | J54: 5797.35 | K54: 2875.31 | L54: 1106 | M54: 2610.34 | N54: 842.25 | O54: 509.69 | P54: 509.11 | Q54: 1464.73 | R54: 1401.71 | T54: AM-Shoulder | U54: 0.32 | V54: 0.33 | W54: 0.52 | X54: 0.49 | Y54: 0.41 | Z54: 0.56 | AA54: 0.4 | AB54: 0.35 | AC54: 0.31 | AD54: 0.14 | AE54: 0.25 | AF54: 0.2 | AG54: 0.12 | AH54: 0.12 | AI54: 0.37 | AJ54: 0.36 | AM54: AM-Shoulder | AN54: 0.93 | AO54: 0.85 | AP54: 0.87 | AQ54: 0.88 | AR54: 0.92 | AS54: 0.87 | AT54: 0.79 | AU54: 0.76 | AV54: 0.68 | AW54: 0.34 | AX54: 0.68 | AY54: 0.4 | AZ54: 0.41 | BA54: 0.41 | BB54: 0.86 | BC54: 0.86 | BF54: AM-Shoulder | BG54: 1.07 | BH54: 1.05 | BI54: 1.02 | BJ54: 1.07 | BK54: 1.07 | BL54: 1.07 | BM54: 0.92 | BN54: 0.89 | BO54: 0.79 | BP54: 0.38 | BQ54: 0.79 | BR54: 0.47 | BS54: 0.48 | BT54: 0.48 | BU54: 1.07 | BV54: 1.07
B55: MD | C55: 22332.56 | D55: 33711.26 | E55: 30555.42 | F55: 28776.94 | G55: 37302.23 | H55: 43014.07 | I55: 17685.69 | J55: 25612.54 | K55: 17849.76 | L55: 12824.85 | M55: 19245.76 | N55: 12768.42 | O55: 5908.1 | P55: 5498.6 | Q55: 9079.98 | R55: 8642.32 | T55: MD | U55: 0.33 | V55: 0.26 | W55: 0.45 | X55: 0.44 | Y55: 0.43 | Z55: 0.48 | AA55: 0.29 | AB55: 0.35 | AC55: 0.37 | AD55: 0.31 | AE55: 0.36 | AF55: 0.31 | AG55: 0.15 | AH55: 0.15 | AI55: 0.44 | AJ55: 0.42 | AM55: MD | AN55: 0.86 | AO55: 0.92 | AP55: 0.88 | AQ55: 0.87 | AR55: 0.83 | AS55: 0.84 | AT55: 0.65 | AU55: 0.72 | AV55: 0.7 | AW55: 0.64 | AX55: 0.72 | AY55: 0.64 | AZ55: 0.6 | BA55: 0.58 | BB55: 0.87 | BC55: 0.86 | BF55: MD | BG55: 1.07 | BH55: 1.07 | BI55: 1.07 | BJ55: 1.07 | BK55: 1.02 | BL55: 1.03 | BM55: 0.77 | BN55: 0.85 | BO55: 0.83 | BP55: 0.75 | BQ55: 0.85 | BR55: 0.75 | BS55: 0.71 | BT55: 0.69 | BU55: 1.07 | BV55: 1.07
B56: PM-Shoulder | C56: 6090.5 | D56: 7380.45 | E56: 8222.52 | F56: 11294.49 | G56: 9990.4 | H56: 14251.33 | I56: 7135.59 | J56: 14796.99 | K56: 2912.49 | L56: 1828.92 | M56: 2930.22 | N56: 1879.25 | O56: 1738.08 | P56: 1306.53 | Q56: 2198.96 | R56: 1598.74 | T56: PM-Shoulder | U56: 0.42 | V56: 0.32 | W56: 0.47 | X56: 0.52 | Y56: 0.57 | Z56: 0.51 | AA56: 0.44 | AB56: 0.48 | AC56: 0.41 | AD56: 0.35 | AE56: 0.36 | AF56: 0.28 | AG56: 0.24 | AH56: 0.21 | AI56: 0.45 | AJ56: 0.33 | AM56: PM-Shoulder | AN56: 0.86 | AO56: 0.89 | AP56: 0.87 | AQ56: 0.91 | AR56: 0.87 | AS56: 0.9 | AT56: 0.77 | AU56: 0.9 | AV56: 0.65 | AW56: 0.56 | AX56: 0.65 | AY56: 0.55 | AZ56: 0.6 | BA56: 0.54 | BB56: 0.86 | BC56: 0.84 | BF56: PM-Shoulder | BG56: 1.07 | BH56: 1.07 | BI56: 1.02 | BJ56: 1.07 | BK56: 1.07 | BL56: 1.07 | BM56: 0.93 | BN56: 1.07 | BO56: 0.8 | BP56: 0.68 | BQ56: 0.8 | BR56: 0.68 | BS56: 0.75 | BT56: 0.67 | BU56: 1.07 | BV56: 1.07
B57: PM-Peak | C57: 82015.11 | D57: 77783.74 | E57: 28685.85 | F57: 29497.22 | G57: 55178.84 | H57: 69122.66 | I57: 26983.26 | J57: 42281.31 | K57: 15264.1 | L57: 12865.65 | M57: 14858 | N57: 12527.61 | O57: 2052.4 | P57: 6201.16 | Q57: 9357.15 | R57: 21479.36 | T57: PM-Peak | U57: 0.56 | V57: 0.54 | W57: 0.6 | X57: 0.61 | Y57: 0.48 | Z57: 0.59 | AA57: 0.41 | AB57: 0.44 | AC57: 0.41 | AD57: 0.38 | AE57: 0.34 | AF57: 0.31 | AG57: 0.07 | AH57: 0.21 | AI57: 0.63 | AJ57: 0.46 | AM57: PM-Peak | AN57: 1.06 | AO57: 1.05 | AP57: 0.88 | AQ57: 0.87 | AR57: 0.92 | AS57: 0.96 | AT57: 0.75 | AU57: 0.84 | AV57: 0.68 | AW57: 0.65 | AX57: 0.68 | AY57: 0.65 | AZ57: 0.29 | BA57: 0.54 | BB57: 0.93 | BC57: 1.07 | BF57: PM-Peak | BG57: 1.31 | BH57: 1.29 | BI57: 1.15 | BJ57: 1.07 | BK57: 1.09 | BL57: 1.17 | BM57: 0.9 | BN57: 1 | BO57: 0.83 | BP57: 0.79 | BQ57: 0.83 | BR57: 0.79 | BS57: 0.33 | BT57: 0.67 | BU57: 1.4 | BV57: 1.35
B58: PM-Late | C58: 8782.94 | D58: 10531.39 | E58: 9210.88 | F58: 2495.85 | G58: 11254.69 | H58: 12275.03 | I58: 7411.44 | J58: 8468.88 | K58: 10279.79 | L58: 9956.28 | M58: 10279.85 | N58: 9956.27 | O58: 1284.98 | P58: 1638.99 | Q58: 4685.58 | R58: 4031.24 | T58: PM-Late | U58: 0.23 | V58: 0.3 | W58: 0.2 | X58: 0.24 | Y58: 0.2 | Z58: 0.23 | AA58: 0.15 | AB58: 0.2 | AC58: 0.23 | AD58: 0.2 | AE58: 0.23 | AF58: 0.2 | AG58: 0.07 | AH58: 0.08 | AI58: 0.32 | AJ58: 0.28 | AM58: PM-Late | AN58: 0.7 | AO58: 0.71 | AP58: 0.76 | AQ58: 0.4 | AR58: 0.74 | AS58: 0.72 | AT58: 0.64 | AU58: 0.6 | AV58: 0.73 | AW58: 0.75 | AX58: 0.73 | AY58: 0.75 | AZ58: 0.4 | BA58: 0.45 | BB58: 0.83 | BC58: 0.81 | BF58: PM-Late | BG58: 0.84 | BH58: 0.85 | BI58: 0.88 | BJ58: 0.47 | BK58: 0.91 | BL58: 0.88 | BM58: 0.78 | BN58: 0.74 | BO58: 0.89 | BP58: 0.92 | BQ58: 0.89 | BR58: 0.92 | BS58: 0.51 | BT58: 0.57 | BU58: 1.02 | BV58: 1.02
B61: Revenue Per Period Medium A | T61: ML Speed | AM61: GP Speed | BF61: Time Saving
B62: Direction | C62: NB | D62: SB | E62: NB | F62: SB | G62: NB | H62: SB | I62: NB | J62: SB | K62: NB | L62: SB | M62: NB | N62: SB | O62: NB | P62: SB | Q62: NB | R62: SB | T62: Direction | U62: NB | V62: SB | W62: NB | X62: SB | Y62: NB | Z62: SB | AA62: NB | AB62: SB | AC62: NB | AD62: SB | AE62: NB | AF62: SB | AG62: NB | AH62: SB | AI62: NB | AJ62: SB | AM62: Direction | AN62: NB | AO62: SB | AP62: NB | AQ62: SB | AR62: NB | AS62: SB | AT62: NB | AU62: SB | AV62: NB | AW62: SB | AX62: NB | AY62: SB | AZ62: NB | BA62: SB | BB62: NB | BC62: SB | BF62: Direction | BG62: NB | BH62: SB | BI62: NB | BJ62: SB | BK62: NB | BL62: SB | BM62: NB | BN62: SB | BO62: NB | BP62: SB | BQ62: NB | BR62: SB | BS62: NB | BT62: SB | BU62: NB | BV62: SB
B63: Segment | C63: 11 | D63: 11 | E63: 12 | F63: 12 | G63: 13 | H63: 13 | I63: 14 | J63: 14 | K63: 15 | L63: 15 | M63: 16 | N63: 16 | O63: 17 | P63: 17 | Q63: 18 | R63: 18 | T63: Segment | U63: 11 | V63: 11 | W63: 12 | X63: 12 | Y63: 13 | Z63: 13 | AA63: 14 | AB63: 14 | AC63: 15 | AD63: 15 | AE63: 16 | AF63: 16 | AG63: 17 | AH63: 17 | AI63: 18 | AJ63: 18 | AM63: Segment | AN63: 11 | AO63: 11 | AP63: 12 | AQ63: 12 | AR63: 13 | AS63: 13 | AT63: 14 | AU63: 14 | AV63: 15 | AW63: 15 | AX63: 16 | AY63: 16 | AZ63: 17 | BA63: 17 | BB63: 18 | BC63: 18 | BF63: Segment | BG63: 11 | BH63: 11 | BI63: 12 | BJ63: 12 | BK63: 13 | BL63: 13 | BM63: 14 | BN63: 14 | BO63: 15 | BP63: 15 | BQ63: 16 | BR63: 16 | BS63: 17 | BT63: 17 | BU63: 18 | BV63: 18
B64: Period | T64: Period | AM64: Period | BF64: Period
B65: Night | C65: 112.64 | D65: 113.6 | E65: 122.58 | F65: 39.04 | G65: 72.74 | H65: 73.28 | I65: 23.82 | J65: 31.77 | K65: 33.82 | L65: 28.74 | M65: 33.82 | N65: 47.44 | O65: 9.53 | P65: 8.7 | Q65: 92.1 | R65: 112.7 | T65: Night | U65: 59.99 | V65: 60 | W65: 60 | X65: 60 | Y65: 60 | Z65: 60 | AA65: 60 | AB65: 60 | AC65: 70 | AD65: 70 | AE65: 70 | AF65: 70 | AG65: 70 | AH65: 70 | AI65: 59.54 | AJ65: 59.9 | AM65: Night | AN65: 59.96 | AO65: 59.96 | AP65: 59.96 | AQ65: 59.98 | AR65: 55 | AS65: 55 | AT65: 60 | AU65: 60 | AV65: 69.99 | AW65: 69.97 | AX65: 69.97 | AY65: 69.95 | AZ65: 70 | BA65: 70 | BB65: 58.94 | BC65: 59.65 | BF65: Night | BG65: 0 | BH65: 0 | BI65: 0 | BJ65: 0 | BK65: -0.25 | BL65: -0.25 | BM65: 0 | BN65: 0 | BO65: 0 | BP65: 0 | BQ65: 0 | BR65: 0 | BS65: 0 | BT65: 0 | BU65: -0.01 | BV65: 0
B66: AM-Early | C66: 565.25 | D66: 304.14 | E66: 464.66 | F66: 440.15 | G66: 597.27 | H66: 531.77 | I66: 576.57 | J66: 484.51 | K66: 366.25 | L66: 359.04 | M66: 366.25 | N66: 356.68 | O66: 283.05 | P66: 225.74 | Q66: 209.49 | R66: 231.33 | T66: AM-Early | U66: 59.51 | V66: 59.99 | W66: 59.67 | X66: 59.96 | Y66: 57.1 | Z66: 59.97 | AA66: 58.92 | AB66: 59.99 | AC66: 69.98 | AD66: 69.85 | AE66: 69.98 | AF66: 69.86 | AG66: 69.99 | AH66: 70 | AI66: 59.29 | AJ66: 59.46 | AM66: AM-Early | AN66: 41.93 | AO66: 54.31 | AP66: 49.8 | AQ66: 43.36 | AR66: 38.22 | AS66: 44.73 | AT66: 41.74 | AU66: 50.7 | AV66: 59.98 | AW66: 61.63 | AX66: 59.98 | AY66: 61.64 | AZ66: 60.61 | BA66: 62.22 | BB66: 42.05 | BC66: 41.97 | BF66: AM-Early | BG66: -1.01 | BH66: -0.25 | BI66: -0.5 | BJ66: -0.96 | BK66: -1.45 | BL66: -0.95 | BM66: -1.38 | BN66: -0.61 | BO66: -0.37 | BP66: -0.3 | BQ66: -0.37 | BR66: -0.3 | BS66: -0.28 | BT66: -0.23 | BU66: -0.33 | BV66: -0.34
B67: AM-Peak | C67: 10273.85 | D67: 2054.66 | E67: 5074.39 | F67: 3784.84 | G67: 10986.56 | H67: 3643.94 | I67: 10197.45 | J67: 4467.55 | K67: 1137.45 | L67: 1536.38 | M67: 1071.36 | N67: 1445.96 | O67: 1116.72 | P67: 358.65 | Q67: 892.73 | R67: 2768.23 | T67: AM-Peak | U67: 54.24 | V67: 59.85 | W67: 59.21 | X67: 52.78 | Y67: 48.35 | Z67: 58.63 | AA67: 58.52 | AB67: 59.86 | AC67: 69.98 | AD67: 69.96 | AE67: 69.99 | AF67: 69.99 | AG67: 70 | AH67: 70 | AI67: 58.3 | AJ67: 58.27 | AM67: AM-Peak | AN67: 21.09 | AO67: 50.45 | AP67: 36.15 | AQ67: 33.48 | AR67: 19.65 | AS67: 43.11 | AT67: 25.81 | AU67: 48.11 | AV67: 68.32 | AW67: 66.53 | AX67: 68.33 | AY67: 66.57 | AZ67: 66.37 | BA67: 69.89 | BB67: 41.95 | BC67: 21.57 | BF67: AM-Peak | BG67: -4.17 | BH67: -0.45 | BI67: -1.62 | BJ67: -1.64 | BK67: -5.07 | BL67: -1.03 | BM67: -4.29 | BN67: -0.81 | BO67: -0.05 | BP67: -0.11 | BQ67: -0.05 | BR67: -0.11 | BS67: -0.1 | BT67: 0 | BU67: -0.32 | BV67: -1.4
B68: AM-Shoulder | C68: 1053.98 | D68: 560.09 | E68: 1119.13 | F68: 985.83 | G68: 1425.76 | H68: 1314.49 | I68: 1136.45 | J68: 720.48 | K68: 422.5 | L68: 160.63 | M68: 383.56 | N68: 122.52 | O68: 103.18 | P68: 103.24 | Q68: 225.98 | R68: 227.34 | T68: AM-Shoulder | U68: 59.93 | V68: 59.91 | W68: 58.44 | X68: 58.95 | Y68: 59.67 | Z68: 57.71 | AA68: 59.72 | AB68: 59.88 | AC68: 69.93 | AD68: 70 | AE68: 69.98 | AF68: 70 | AG68: 70 | AH68: 70 | AI68: 59.83 | AJ68: 59.85 | AM68: AM-Shoulder | AN68: 36.52 | AO68: 43.89 | AP68: 41.55 | AQ68: 41.04 | AR68: 33.96 | AS68: 38.38 | AT68: 48.28 | AU68: 50.06 | AV68: 63.86 | AW68: 69.89 | AX68: 63.92 | AY68: 69.7 | AZ68: 69.67 | BA68: 69.67 | BB68: 42.93 | BC68: 43.1 | BF68: AM-Shoulder | BG68: -1.54 | BH68: -0.88 | BI68: -1.04 | BJ68: -1.11 | BK68: -2.13 | BL68: -1.47 | BM68: -0.79 | BN68: -0.65 | BO68: -0.21 | BP68: 0 | BQ68: -0.21 | BR68: -0.01 | BS68: -0.01 | BT68: -0.01 | BU68: -0.32 | BV68: -0.31
B69: MD | C69: 2368.34 | D69: 3382.67 | E69: 4383.2 | F69: 3817.56 | G69: 3743.05 | H69: 4210.04 | I69: 2002.4 | J69: 2695.17 | K69: 1778.22 | L69: 1698.52 | M69: 1909.56 | N69: 1682.9 | O69: 827.05 | P69: 780.48 | Q69: 1292.6 | R69: 1145.41 | T69: MD | U69: 59.92 | V69: 59.98 | W69: 59.37 | X69: 59.49 | Y69: 59.55 | Z69: 59.03 | AA69: 59.96 | AB69: 59.88 | AC69: 69.79 | AD69: 69.92 | AE69: 69.81 | AF69: 69.93 | AG69: 70 | AH69: 70 | AI69: 59.48 | AJ69: 59.62 | AM69: MD | AN69: 42.95 | AO69: 37.45 | AP69: 41.37 | AQ69: 41.79 | AR69: 41.39 | AS69: 40.53 | AT69: 55.68 | AU69: 52.54 | AV69: 62.43 | AW69: 65.44 | AX69: 61.33 | AY69: 65.45 | AZ69: 66.94 | BA69: 67.36 | BB69: 42 | BC69: 42.3 | BF69: MD | BG69: -0.95 | BH69: -1.44 | BI69: -1.1 | BJ69: -1.07 | BK69: -1.24 | BL69: -1.3 | BM69: -0.25 | BN69: -0.46 | BO69: -0.26 | BP69: -0.15 | BQ69: -0.31 | BR69: -0.15 | BS69: -0.08 | BT69: -0.07 | BU69: -0.34 | BV69: -0.33
B70: PM-Shoulder | C70: 448.81 | D70: 499.8 | E70: 734.03 | F70: 626.91 | G70: 879.63 | H70: 916.53 | I70: 631.55 | J70: 795.45 | K70: 254.87 | L70: 169.06 | M70: 256.71 | N70: 173.47 | O70: 173.37 | P70: 129.86 | Q70: 194.22 | R70: 86.74 | T70: PM-Shoulder | U70: 59.57 | V70: 59.92 | W70: 59.14 | X70: 58.44 | Y70: 57.37 | Z70: 58.66 | AA70: 59.47 | AB70: 59.08 | AC70: 69.57 | AD70: 69.86 | AE70: 69.84 | AF70: 69.96 | AG70: 69.99 | AH70: 69.99 | AI70: 59.4 | AJ70: 59.91 | AM70: PM-Shoulder | AN70: 42.99 | AO70: 40.51 | AP70: 42.05 | AQ70: 38.59 | AR70: 38.75 | AS70: 36.03 | AT70: 49.58 | AU70: 39.4 | AV70: 64.95 | AW70: 67.99 | AX70: 65.08 | AY70: 68.03 | AZ70: 66.74 | BA70: 68.36 | BB70: 43.04 | BC70: 44.8 | BF70: PM-Shoulder | BG70: -0.93 | BH70: -1.15 | BI70: -1.03 | BJ70: -1.32 | BK70: -1.41 | BL70: -1.8 | BM70: -0.66 | BN70: -1.67 | BO70: -0.16 | BP70: -0.06 | BQ70: -0.16 | BR70: -0.06 | BS70: -0.09 | BT70: -0.04 | BU70: -0.31 | BV70: -0.27
B71: PM-Peak | C71: 4651 | D71: 5075.08 | E71: 2064.12 | F71: 1777.1 | G71: 2808.16 | H71: 3123.62 | I71: 2043.24 | J71: 1559.16 | K71: 865.88 | L71: 801.28 | M71: 843.98 | N71: 784.71 | O71: 186.96 | P71: 573.81 | Q71: 693.46 | R71: 1288.1 | T71: PM-Peak | U71: 57.51 | V71: 58.08 | W71: 56.28 | X71: 56.04 | Y71: 59.06 | Z71: 56.72 | AA71: 59.65 | AB71: 59.43 | AC71: 69.6 | AD71: 69.77 | AE71: 69.88 | AF71: 69.93 | AG71: 70 | AH71: 69.99 | AI71: 55.06 | AJ71: 59.25 | AM71: PM-Peak | AN71: 24.85 | AO71: 25.75 | AP71: 40.69 | AQ71: 42.13 | AR71: 34.19 | AS71: 30.98 | AT71: 50.71 | AU71: 44.59 | AV71: 63.53 | AW71: 65.04 | AX71: 63.81 | AY71: 65.2 | AZ71: 69.95 | BA71: 68.36 | BB71: 36.81 | BC71: 24.26 | BF71: PM-Peak | BG71: -3.29 | BH71: -3.11 | BI71: -1.02 | BJ71: -0.88 | BK71: -2.07 | BL71: -2.46 | BM71: -0.59 | BN71: -1.11 | BO71: -0.21 | BP71: -0.16 | BQ71: -0.21 | BR71: -0.16 | BS71: 0 | BT71: -0.04 | BU71: -0.43 | BV71: -1.17
B72: PM-Late | C72: 494.24 | D72: 347.91 | E72: 605.35 | F72: 92.19 | G72: 557.57 | H72: 468.08 | I72: 366.81 | J72: 103.4 | K72: 430.91 | L72: 340.58 | M72: 430.92 | N72: 340.58 | O72: 63.12 | P72: 77.73 | Q72: 308.53 | R72: 149.1 | T72: PM-Late | U72: 59.99 | V72: 59.95 | W72: 60 | X72: 59.99 | Y72: 60 | Z72: 59.99 | AA72: 60 | AB72: 60 | AC72: 69.99 | AD72: 70 | AE72: 69.99 | AF72: 70 | AG72: 70 | AH72: 70 | AI72: 59.93 | AJ72: 59.97 | AM72: PM-Late | AN72: 53.47 | AO72: 53.37 | AP72: 50.57 | AQ72: 59.76 | AR72: 47.33 | AS72: 48.23 | AT72: 56.09 | AU72: 57.36 | AV72: 60.77 | AW72: 59.57 | AX72: 60.77 | AY72: 59.57 | AZ72: 69.72 | BA72: 69.43 | BB72: 45.61 | BC72: 46.54 | BF72: PM-Late | BG72: -0.29 | BH72: -0.3 | BI72: -0.47 | BJ72: -0.01 | BK72: -0.75 | BL72: -0.68 | BM72: -0.23 | BN72: -0.15 | BO72: -0.34 | BP72: -0.39 | BQ72: -0.34 | BR72: -0.39 | BS72: -0.01 | BT72: -0.01 | BU72: -0.25 | BV72: -0.23
B75: Revenue Per Period Medium B | T75: ML time | AM75: GP Time | BF75: Difference in travel time
