Workbook

Sheet Year_2025
B1: Lenght
B3: Length
B5: TollLights | D5: ML PCE.Miles | G5: GP PCE.Miles | J5: Highway PCE.Miles
B6: Direction | D6: Direction | G6: Direction | J6: Direction
B7: Period | D7: Period | G7: Period | J7: Period
B8: Period | D8: Period | G8: Period | J8: Period
B11: CaptureRateLights | D11: ML Volume (PCE/Period) | G11: GP Volume (PCE/Period) | J11: Highway Volume
B12: Direction | D12: Direction | G12: Direction | J12: Direction
B13: Period | D13: Period | G13: Period | J13: Period
B14: Period | D14: Period | G14: Period | J14: Period
B17: Revenue Per Period | D17: ML Flow (PCE/hr) | G17: GP Flow (PCE/hr) | J17: Highway Flow
B18: Direction | D18: Direction | G18: Direction | J18: Direction
B19: Period | D19: Period | G19: Period | J19: Period
B20: Period | D20: Period | G20: Period | J20: Period
... B50: Period | D50: Period | G50: Period | J50: Period
D53: ML medium A veh.Miles | G53: GP medium A veh.Miles | J53: Implied VOT
D54: Direction | G54: Direction | J54: Direction
D55: Period | G55: Period | J55: Period
D56: Period | G56: Period | J56: Period
D59: ML medium A veh/period | G59: GP medium A veh/period
D60: Direction | G60: Direction
D61: Period | G61: Period
D62: Period | G62: Period
D65: ML medium B veh.Miles | G65: GP medium B veh.Miles
D66: Direction | G66: Direction
D67: Period | G67: Period
D68: Period | G68: Period
D71: ML medium B veh/period | G71: GP medium B veh/period
D72: Direction | G72: Direction
D73: Period | G73: Period
D74: Period | G74: Period
... D98: Period | G98: Period
D101: Bonus %
D102: Direction
D103: Period
D104: Period

Sheet Year_2032
B1: Lenght
C2: 1 | D2: 2 | E2: 3 | F2: 4 | G2: 5 | H2: 6 | I2: 7 | J2: 8 | K2: 9 | L2: 10
B3: Length | C3: 1.3 | D3: 1.3 | E3: 0.5 | F3: 1.6 | G3: 2 | H3: 3.6 | I3: 2.9 | J3: 3.8 | K3: 3.4 | L3: 4.5
B5: TollLights | X5: ML PCE.Miles | AU5: GP PCE.Miles | BR5: Highway PCE.Miles
B6: Direction | C6: NB | D6: SB | E6: NB | F6: SB | G6: NB | H6: SB | I6: NB | J6: SB | K6: NB | L6: SB | M6: NB | N6: SB | O6: NB | P6: SB | Q6: NB | R6: SB | S6: NB | T6: SB | U6: NB | V6: SB | X6: Direction | Y6: NB | Z6: SB | AA6: NB | AB6: SB | AC6: NB | AD6: SB | AE6: NB | AF6: SB | AG6: NB | AH6: SB | AI6: NB | AJ6: SB | AK6: NB | AL6: SB | AM6: NB | AN6: SB | AO6: NB | AP6: SB | AQ6: NB | AR6: SB | AU6: Direction | AV6: NB | AW6: SB | AX6: NB | AY6: SB | AZ6: NB | BA6: SB | BB6: NB | BC6: SB | BD6: NB | BE6: SB | BF6: NB | BG6: SB | BH6: NB | BI6: SB | BJ6: NB | BK6: SB | BL6: NB | BM6: SB | BN6: NB | BO6: SB | BR6: Direction | BS6: NB | BT6: SB | BU6: NB | BV6: SB | BW6: NB | BX6: SB | BY6: NB | BZ6: SB | CA6: NB | CB6: SB | CC6: NB | CD6: SB | CE6: NB | CF6: SB | CG6: NB | CH6: SB | CI6: NB | CJ6: SB | CK6: NB | CL6: SB
B7: Segment | C7: 1 | D7: 1 | E7: 2 | F7: 2 | G7: 3 | H7: 3 | I7: 4 | J7: 4 | K7: 5 | L7: 5 | M7: 6 | N7: 6 | O7: 7 | P7: 7 | Q7: 8 | R7: 8 | S7: 9 | T7: 9 | U7: 10 | V7: 10 | X7: Segment | Y7: 1 | Z7: 1 | AA7: 2 | AB7: 2 | AC7: 3 | AD7: 3 | AE7: 4 | AF7: 4 | AG7: 5 | AH7: 5 | AI7: 6 | AJ7: 6 | AK7: 7 | AL7: 7 | AM7: 8 | AN7: 8 | AO7: 9 | AP7: 9 | AQ7: 10 | AR7: 10 | AU7: Segment | AV7: 1 | AW7: 1 | AX7: 2 | AY7: 2 | AZ7: 3 | BA7: 3 | BB7: 4 | BC7: 4 | BD7: 5 | BE7: 5 | BF7: 6 | BG7: 6 | BH7: 7 | BI7: 7 | BJ7: 8 | BK7: 8 | BL7: 9 | BM7: 9 | BN7: 10 | BO7: 10 | BR7: Segment | BS7: 1 | BT7: 1 | BU7: 2 | BV7: 2 | BW7: 3 | BX7: 3 | BY7: 4 | BZ7: 4 | CA7: 5 | CB7: 5 | CC7: 6 | CD7: 6 | CE7: 7 | CF7: 7 | CG7: 8 | CH7: 8 | CI7: 9 | CJ7: 9 | CK7: 10 | CL7: 10
B8: Period | X8: Period | AU8: Period | BR8: Period
B9: Night | C9: 0.2 | D9: 0.2 | E9: 0.2 | F9: 0.2 | G9: 0.2 | H9: 0.2 | I9: 0.2 | J9: 0.54 | K9: 0.54 | L9: 0.54 | M9: 0.54 | N9: 0.54 | O9: 0.54 | P9: 0.54 | Q9: 0.54 | R9: 0.54 | S9: 0.54 | T9: 0.54 | U9: 0.54 | V9: 0.54 | X9: Night | Y9: 1353.17 | Z9: 1346.69 | AA9: 1160.75 | AB9: 1082.19 | AC9: 397.01 | AD9: 485.61 | AE9: 1386.03 | AF9: 2769.98 | AG9: 3877.16 | AH9: 3413.62 | AI9: 7063.56 | AJ9: 6056.32 | AK9: 5557.73 | AL9: 4777.81 | AM9: 7051.13 | AN9: 6424.43 | AO9: 5521.12 | AP9: 4211.41 | AQ9: 7445.02 | AR9: 5904.67 | AU9: Night | AV9: 23965.44 | AW9: 23806.8 | AX9: 18661.78 | AY9: 17464.52 | AZ9: 6780.44 | BA9: 8075.93 | BB9: 27860.14 | BC9: 26324.26 | BD9: 36860.04 | BE9: 32532.78 | BF9: 66459.96 | BG9: 57493.04 | BH9: 52973.26 | BI9: 44967.34 | BJ9: 66332.95 | BK9: 60397.43 | BL9: 51710.74 | BM9: 39923.31 | BN9: 70180.43 | BO9: 55608.53 | BR9: Night | BS9: 25318.61 | BT9: 25153.49 | BU9: 19822.53 | BV9: 18546.71 | BW9: 7177.45 | BX9: 8561.54 | BY9: 29246.17 | BZ9: 29094.24 | CA9: 40737.2 | CB9: 35946.4 | CC9: 73523.52 | CD9: 63549.36 | CE9: 58530.99 | CF9: 49745.15 | CG9: 73384.08 | CH9: 66821.86 | CI9: 57231.86 | CJ9: 44134.72 | CK9: 77625.45 | CL9: 61513.2
B10: AM-Early | C10: 0.89 | D10: 0.55 | E10: 0.69 | F10: 0.46 | G10: 0.81 | H10: 0.58 | I10: 0.82 | J10: 1.13 | K10: 0.91 | L10: 0.86 | M10: 1.18 | N10: 0.89 | O10: 1.23 | P10: 0.99 | Q10: 1.12 | R10: 0.78 | S10: 1.05 | T10: 0.71 | U10: 0.78 | V10: 0.47 | X10: AM-Early | Y10: 1545.55 | Z10: 952.77 | AA10: 1589.39 | AB10: 1022.77 | AC10: 401.84 | AD10: 496.88 | AE10: 2143.07 | AF10: 1481.81 | AG10: 2500.66 | AH10: 1709.98 | AI10: 4310.16 | AJ10: 3099.98 | AK10: 3048.28 | AL10: 2681.05 | AM10: 3786.73 | AN10: 3374.35 | AO10: 3287.41 | AP10: 2480.2 | AQ10: 5028.15 | AR10: 3132.01 | AU10: AM-Early | AV10: 8786.95 | AW10: 5759.95 | AX10: 8001.62 | AY10: 5350.07 | AZ10: 2118.86 | BA10: 2602.07 | BB10: 11102.51 | BC10: 8093.87 | BD10: 14047.01 | BE10: 10051.62 | BF10: 24628.86 | BG10: 18425.86 | BH10: 17532.44 | BI10: 15799.78 | BJ10: 21991.15 | BK10: 19726.76 | BL10: 19073.25 | BM10: 14907.38 | BN10: 30255.99 | BO10: 19299.35 | BR10: AM-Early | BS10: 10332.5 | BT10: 6712.72 | BU10: 9591.01 | BV10: 6372.85 | BW10: 2520.7 | BX10: 3098.95 | BY10: 13245.58 | BZ10: 9575.68 | CA10: 16547.67 | CB10: 11761.6 | CC10: 28939.01 | CD10: 21525.84 | CE10: 20580.72 | CF10: 18480.83 | CG10: 25777.87 | CH10: 23101.11 | CI10: 22360.66 | CJ10: 17387.59 | CK10: 35284.14 | CL10: 22431.35
B11: AM-Peak | C11: 3.6 | D11: 0.7 | E11: 4.09 | F11: 0.52 | G11: 1.8 | H11: 3.85 | I11: 1.8 | J11: 1.79 | K11: 1.8 | L11: 1.65 | M11: 1.8 | N11: 1.68 | O11: 1.8 | P11: 1.72 | Q11: 1.8 | R11: 1.59 | S11: 1.8 | T11: 1.35 | U11: 1.3 | V11: 1.15 | X11: AM-Peak | Y11: 7271.69 | Z11: 2377.84 | AA11: 6835.09 | AB11: 2313.36 | AC11: 2880.54 | AD11: 2741.78 | AE11: 10537.03 | AF11: 5076.23 | AG11: 13942.63 | AH11: 5635.59 | AI11: 25655.42 | AJ11: 10012.87 | AK11: 19604.9 | AL11: 8130.79 | AM11: 24818.8 | AN11: 10377.3 | AO11: 10549.37 | AP11: 8054.62 | AQ11: 10591.49 | AR11: 9442.81 | AU11: AM-Peak | AV11: 30333.12 | AW11: 14747.05 | AX11: 29312.89 | AY11: 12168 | AZ11: 7937.5 | BA11: 11584.92 | BB11: 35697.62 | BC11: 28760.65 | BD11: 46389.03 | BE11: 34752.88 | BF11: 84072.58 | BG11: 62840.33 | BH11: 62406.43 | BI11: 51325.95 | BJ11: 77359.15 | BK11: 64441.15 | BL11: 62798.66 | BM11: 51440.1 | BN11: 66571.29 | BO11: 60226.89 | BR11: AM-Peak | BS11: 37604.82 | BT11: 17124.88 | BU11: 36147.98 | BV11: 14481.36 | BW11: 10818.04 | BX11: 14326.7 | BY11: 46234.65 | BZ11: 33836.87 | CA11: 60331.66 | CB11: 40388.47 | CC11: 109728 | CD11: 72853.2 | CE11: 82011.34 | CF11: 59456.74 | CG11: 102177.96 | CH11: 74818.44 | CI11: 73348.03 | CJ11: 59494.71 | CK11: 77162.77 | CL11: 69669.7
B12: AM-Shoulder | C12: 1.8 | D12: 0.84 | E12: 1.8 | F12: 0.45 | G12: 1.8 | H12: 2.8 | I12: 1.8 | J12: 1.45 | K12: 1.8 | L12: 1.24 | M12: 1.8 | N12: 1.19 | O12: 1.8 | P12: 1.21 | Q12: 1.8 | R12: 1.08 | S12: 1.06 | T12: 0.98 | U12: 0.95 | V12: 0.88 | X12: AM-Shoulder | Y12: 2120.76 | Z12: 848.64 | AA12: 2123.88 | AB12: 933.9 | AC12: 704.15 | AD12: 663.57 | AE12: 2609.52 | AF12: 1698.86 | AG12: 3063.6 | AH12: 1896 | AI12: 5510.92 | AJ12: 3262.93 | AK12: 4424.85 | AL12: 2631.83 | AM12: 4402.89 | AN12: 3314.08 | AO12: 2995.22 | AP12: 2667.46 | AQ12: 3559.73 | AR12: 3330.49 | AU12: AM-Shoulder | AV12: 9006.83 | AW12: 5559.13 | AX12: 8431.31 | AY12: 5059.55 | AZ12: 2765.2 | BA12: 3776.43 | BB12: 11598.48 | BC12: 10014.7 | BD12: 14696.4 | BE12: 11965.93 | BF12: 26457.08 | BG12: 21034.87 | BH12: 21327.15 | BI12: 17055.78 | BJ12: 26502.69 | BK12: 21210.24 | BL12: 18881.82 | BM12: 17806.33 | BN12: 23220.49 | BO12: 22079.71 | BR12: AM-Shoulder | BS12: 11127.59 | BT12: 6407.78 | BU12: 10555.19 | BV12: 5993.46 | BW12: 3469.34 | BX12: 4440 | BY12: 14208 | BZ12: 11713.56 | CA12: 17760 | CB12: 13861.93 | CC12: 31968 | CD12: 24297.8 | CE12: 25752 | CF12: 19687.61 | CG12: 30905.58 | CH12: 24524.32 | CI12: 21877.04 | CJ12: 20473.79 | CK12: 26780.22 | CL12: 25410.19
B13: MD | C13: 1.8 | D13: 1.8 | E13: 1.8 | F13: 0.78 | G13: 1.8 | H13: 1.8 | I13: 0.8 | J13: 1.8 | K13: 1.68 | L13: 1.8 | M13: 1.44 | N13: 1.24 | O13: 1.26 | P13: 1.13 | Q13: 1.13 | R13: 1.04 | S13: 1.03 | T13: 0.84 | U13: 0.9 | V13: 0.63 | X13: MD | Y13: 7234.78 | Z13: 7725.89 | AA13: 9290.3 | AB13: 8275.63 | AC13: 2759.42 | AD13: 3031.89 | AE13: 8790.76 | AF13: 9907.37 | AG13: 11421.12 | AH13: 12271.42 | AI13: 19181.77 | AJ13: 19330.05 | AK13: 14621.34 | AL13: 15300.42 | AM13: 17991.24 | AN13: 17461.48 | AO13: 14890.23 | AP13: 14543.22 | AQ13: 18781.06 | AR13: 20960.65 | AU13: MD | AV13: 30613.43 | AW13: 40431.96 | AX13: 39579.08 | AY13: 42614.39 | AZ13: 11192.13 | BA13: 12524.32 | BB13: 47921.96 | BC13: 48449.43 | BD13: 67989.99 | BE13: 68625.58 | BF13: 115513.02 | BG13: 116421.72 | BH13: 88162.5 | BI13: 91869.08 | BJ13: 109792.77 | BK13: 105662.86 | BL13: 91558.67 | BM13: 88668.2 | BN13: 117963.36 | BO13: 131267.82 | BR13: MD | BS13: 37848.21 | BT13: 48157.85 | BU13: 48869.39 | BV13: 50890.03 | BW13: 13951.56 | BX13: 15556.21 | BY13: 56712.72 | BZ13: 58356.8 | CA13: 79411.12 | CB13: 80897 | CC13: 134694.79 | CD13: 135751.77 | CE13: 102783.84 | CF13: 107169.5 | CG13: 127784.01 | CH13: 123124.34 | CI13: 106448.9 | CJ13: 103211.42 | CK13: 136744.43 | CL13: 152228.48
B14: PM-Shoulder | C14: 1.8 | D14: 2.49 | E14: 2 | F14: 1.94 | G14: 1.8 | H14: 1.8 | I14: 0.82 | J14: 1.8 | K14: 0.82 | L14: 1.96 | M14: 1 | N14: 2.03 | O14: 0.98 | P14: 1.64 | Q14: 0.98 | R14: 1.67 | S14: 0.9 | T14: 1.35 | U14: 0.8 | V14: 0.67 | X14: PM-Shoulder | Y14: 1882.09 | Z14: 1577.81 | AA14: 2238.3 | AB14: 2284.79 | AC14: 641.16 | AD14: 713.26 | AE14: 2041.98 | AF14: 1900.57 | AG14: 2388.87 | AH14: 3001.23 | AI14: 4511.15 | AJ14: 5427.09 | AK14: 3625.59 | AL14: 4306.09 | AM14: 4649.78 | AN14: 5486.89 | AO14: 3964.21 | AP14: 4788.63 | AQ14: 4776.64 | AR14: 4700.18 | AU14: PM-Shoulder | AV14: 7096.76 | AW14: 7572.57 | AX14: 9305.7 | AY14: 9259.21 | AZ14: 2247.2 | BA14: 2564.73 | BB14: 8555.56 | BC14: 7011.3 | BD14: 10914.67 | BE14: 14316.76 | BF14: 21226.72 | BG14: 26540.91 | BH14: 16955.67 | BI14: 20263.02 | BJ14: 22090.32 | BK14: 26580.04 | BL14: 19038.3 | BM14: 22393.22 | BN14: 23425.06 | BO14: 21671.28 | BR14: PM-Shoulder | BS14: 8978.86 | BT14: 9150.38 | BU14: 11544 | BV14: 11544 | BW14: 2888.37 | BX14: 3277.99 | BY14: 10597.55 | BZ14: 8911.87 | CA14: 13303.53 | CB14: 17318 | CC14: 25737.86 | CD14: 31968 | CE14: 20581.26 | CF14: 24569.11 | CG14: 26740.1 | CH14: 32066.92 | CI14: 23002.51 | CJ14: 27181.85 | CK14: 28201.69 | CL14: 26371.46
B15: PM-Peak | C15: 3.6 | D15: 3.6 | E15: 2.26 | F15: 3.6 | G15: 1.8 | H15: 3.6 | I15: 1.66 | J15: 1.8 | K15: 1.44 | L15: 1.8 | M15: 1.62 | N15: 1.8 | O15: 1.62 | P15: 1.8 | Q15: 1.8 | R15: 2.27 | S15: 1.41 | T15: 1.44 | U15: 1.27 | V15: 1.22 | X15: PM-Peak | Y15: 7001.9 | Z15: 7314.86 | AA15: 6303.02 | AB15: 7626.07 | AC15: 3039.61 | AD15: 2709.59 | AE15: 6718.82 | AF15: 9509.27 | AG15: 7590.17 | AH15: 14643.69 | AI15: 13800.96 | AJ15: 26373.38 | AK15: 11192.45 | AL15: 18968.3 | AM15: 15182.38 | AN15: 15856.95 | AO15: 11870.1 | AP15: 12264.24 | AQ15: 14594.47 | AR15: 14521.96 | AU15: PM-Peak | AV15: 27191.95 | AW15: 28946.45 | AX15: 26262.88 | AY15: 31212.3 | AZ15: 7433.2 | BA15: 10266.1 | BB15: 29146.83 | BC15: 24500.88 | BD15: 35680.24 | BE15: 46316.31 | BF15: 67109.51 | BG15: 83354.62 | BH15: 54115.62 | BI15: 64946.25 | BJ15: 74188.36 | BK15: 80192.14 | BL15: 58809.28 | BM15: 59890.75 | BN15: 73130.39 | BO15: 71754.71 | BR15: PM-Peak | BS15: 34193.85 | BT15: 36261.3 | BU15: 32565.9 | BV15: 38838.37 | BW15: 10472.82 | BX15: 12975.7 | BY15: 35865.65 | BZ15: 34010.15 | CA15: 43270.41 | CB15: 60960 | CC15: 80910.47 | CD15: 109728 | CE15: 65308.07 | CF15: 83914.55 | CG15: 89370.74 | CH15: 96049.1 | CI15: 70679.38 | CJ15: 72154.98 | CK15: 87724.87 | CL15: 86276.67
B16: PM-Late | C16: 0.87 | D16: 1.14 | E16: 0.27 | F16: 0.28 | G16: 0.2 | H16: 0.33 | I16: 0.69 | J16: 1.57 | K16: 0.9 | L16: 1.54 | M16: 1.32 | N16: 1.53 | O16: 1.48 | P16: 1.35 | Q16: 1.3 | R16: 1.14 | S16: 1.19 | T16: 0.95 | U16: 1 | V16: 0.78 | X16: PM-Late | Y16: 3020.22 | Z16: 3814.59 | AA16: 2985.45 | AB16: 3184.83 | AC16: 215.14 | AD16: 1277.04 | AE16: 1220.21 | AF16: 4323.85 | AG16: 3831.67 | AH16: 5183.19 | AI16: 6746.02 | AJ16: 9567.34 | AK16: 5379.74 | AL16: 7273.93 | AM16: 6733.59 | AN16: 7444.06 | AO16: 5668.91 | AP16: 5760.79 | AQ16: 7778.2 | AR16: 7999.98 | AU16: PM-Late | AV16: 15169.38 | AW16: 18459.09 | AX16: 12168 | AY16: 12967.85 | AZ16: 4211.62 | BA16: 5549.28 | BB16: 14976 | BC16: 19056.72 | BD16: 19698.53 | BE16: 24551.06 | BF16: 34605.02 | BG16: 45647.86 | BH16: 27896.89 | BI16: 35354.33 | BJ16: 34879.83 | BK16: 37491.32 | BL16: 29288.53 | BM16: 29851.49 | BN16: 40653.05 | BO16: 43016.52 | BR16: PM-Late | BS16: 18189.6 | BT16: 22273.68 | BU16: 15153.45 | BV16: 16152.69 | BW16: 4426.76 | BX16: 6826.32 | BY16: 16196.21 | BZ16: 23380.57 | CA16: 23530.2 | CB16: 29734.25 | CC16: 41351.04 | CD16: 55215.2 | CE16: 33276.63 | CF16: 42628.26 | CG16: 41613.42 | CH16: 44935.38 | CI16: 34957.44 | CJ16: 35612.28 | CK16: 48431.25 | CL16: 51016.5
B19: CaptureRateLights | X19: ML Volume (PCE/Period) | AU19: GP Volume (PCE/Period) | BR19: Highway Volume
B20: Direction | C20: NB | D20: SB | E20: NB | F20: SB | G20: NB | H20: SB | I20: NB | J20: SB | K20: NB | L20: SB | M20: NB | N20: SB | O20: NB | P20: SB | Q20: NB | R20: SB | S20: NB | T20: SB | U20: NB | V20: SB | X20: Direction | Y20: NB | Z20: SB | AA20: NB | AB20: SB | AC20: NB | AD20: SB | AE20: NB | AF20: SB | AG20: NB | AH20: SB | AI20: NB | AJ20: SB | AK20: NB | AL20: SB | AM20: NB | AN20: SB | AO20: NB | AP20: SB | AQ20: NB | AR20: SB | AU20: Direction | AV20: NB | AW20: SB | AX20: NB | AY20: SB | AZ20: NB | BA20: SB | BB20: NB | BC20: SB | BD20: NB | BE20: SB | BF20: NB | BG20: SB | BH20: NB | BI20: SB | BJ20: NB | BK20: SB | BL20: NB | BM20: SB | BN20: NB | BO20: SB | BR20: Direction | BS20: NB | BT20: SB | BU20: NB | BV20: SB | BW20: NB | BX20: SB | BY20: NB | BZ20: SB | CA20: NB | CB20: SB | CC20: NB | CD20: SB | CE20: NB | CF20: SB | CG20: NB | CH20: SB | CI20: NB | CJ20: SB | CK20: NB | CL20: SB
B21: Segment | C21: 1 | D21: 1 | E21: 2 | F21: 2 | G21: 3 | H21: 3 | I21: 4 | J21: 4 | K21: 5 | L21: 5 | M21: 6 | N21: 6 | O21: 7 | P21: 7 | Q21: 8 | R21: 8 | S21: 9 | T21: 9 | U21: 10 | V21: 10 | X21: Segment | Y21: 1 | Z21: 1 | AA21: 2 | AB21: 2 | AC21: 3 | AD21: 3 | AE21: 4 | AF21: 4 | AG21: 5 | AH21: 5 | AI21: 6 | AJ21: 6 | AK21: 7 | AL21: 7 | AM21: 8 | AN21: 8 | AO21: 9 | AP21: 9 | AQ21: 10 | AR21: 10 | AU21: Segment | AV21: 1 | AW21: 1 | AX21: 2 | AY21: 2 | AZ21: 3 | BA21: 3 | BB21: 4 | BC21: 4 | BD21: 5 | BE21: 5 | BF21: 6 | BG21: 6 | BH21: 7 | BI21: 7 | BJ21: 8 | BK21: 8 | BL21: 9 | BM21: 9 | BN21: 10 | BO21: 10 | BR21: Segment | BS21: 1 | BT21: 1 | BU21: 2 | BV21: 2 | BW21: 3 | BX21: 3 | BY21: 4 | BZ21: 4 | CA21: 5 | CB21: 5 | CC21: 6 | CD21: 6 | CE21: 7 | CF21: 7 | CG21: 8 | CH21: 8 | CI21: 9 | CJ21: 9 | CK21: 10 | CL21: 10
B22: Period | X22: Period | AU22: Period | BR22: Period
B23: Night | C23: 0.06 | D23: 0.06 | E23: 0.06 | F23: 0.06 | G23: 0.06 | H23: 0.06 | I23: 0.05 | J23: 0.1 | K23: 0.1 | L23: 0.1 | M23: 0.1 | N23: 0.1 | O23: 0.1 | P23: 0.1 | Q23: 0.1 | R23: 0.1 | S23: 0.1 | T23: 0.1 | U23: 0.1 | V23: 0.1 | X23: Night | Y23: 1040.9 | Z23: 1035.92 | AA23: 892.88 | AB23: 832.45 | AC23: 794.02 | AD23: 971.22 | AE23: 866.27 | AF23: 1731.24 | AG23: 1938.58 | AH23: 1706.81 | AI23: 1962.1 | AJ23: 1682.31 | AK23: 1916.46 | AL23: 1647.52 | AM23: 1855.56 | AN23: 1690.64 | AO23: 1623.86 | AP23: 1238.65 | AQ23: 1654.45 | AR23: 1312.15 | AU23: Night | AV23: 18434.96 | AW23: 18312.92 | AX23: 14355.22 | AY23: 13434.25 | AZ23: 13560.88 | BA23: 16151.87 | BB23: 17412.59 | BC23: 16452.66 | BD23: 18430.02 | BE23: 16266.39 | BF23: 18461.1 | BG23: 15970.29 | BH23: 18266.64 | BI23: 15505.98 | BJ23: 17456.04 | BK23: 15894.06 | BL23: 15209.04 | BM23: 11742.15 | BN23: 15595.65 | BO23: 12357.45 | BR23: Night | BS23: 19475.85 | BT23: 19348.84 | BU23: 15248.1 | BV23: 14266.7 | BW23: 14354.9 | BX23: 17123.08 | BY23: 18278.86 | BZ23: 18183.9 | CA23: 20368.6 | CB23: 17973.2 | CC23: 20423.2 | CD23: 17652.6 | CE23: 20183.1 | CF23: 17153.5 | CG23: 19311.6 | CH23: 17584.7 | CI23: 16832.9 | CJ23: 12980.8 | CK23: 17250.1 | CL23: 13669.6
B24: AM-Early | C24: 0.16 | D24: 0.17 | E24: 0.17 | F24: 0.18 | G24: 0.18 | H24: 0.18 | I24: 0.17 | J24: 0.17 | K24: 0.16 | L24: 0.16 | M24: 0.16 | N24: 0.16 | O24: 0.16 | P24: 0.16 | Q24: 0.16 | R24: 0.16 | S24: 0.16 | T24: 0.16 | U24: 0.16 | V24: 0.16 | X24: AM-Early | Y24: 1188.89 | Z24: 732.9 | AA24: 1222.6 | AB24: 786.75 | AC24: 803.69 | AD24: 993.76 | AE24: 1339.42 | AF24: 926.13 | AG24: 1250.33 | AH24: 854.99 | AI24: 1197.27 | AJ24: 861.11 | AK24: 1051.13 | AL24: 924.5 | AM24: 996.51 | AN24: 887.99 | AO24: 966.89 | AP24: 729.47 | AQ24: 1117.37 | AR24: 696 | AU24: AM-Early | AV24: 6759.19 | AW24: 4430.73 | AX24: 6155.1 | AY24: 4115.44 | AZ24: 4237.71 | BA24: 5204.13 | BB24: 6939.07 | BC24: 5058.67 | BD24: 7023.51 | BE24: 5025.81 | BF24: 6841.35 | BG24: 5118.29 | BH24: 6045.67 | BI24: 5448.2 | BJ24: 5787.14 | BK24: 5191.25 | BL24: 5609.78 | BM24: 4384.52 | BN24: 6723.55 | BO24: 4288.74 | BR24: AM-Early | BS24: 7948.08 | BT24: 5163.63 | BU24: 7377.7 | BV24: 4902.19 | BW24: 5041.4 | BX24: 6197.9 | BY24: 8278.49 | BZ24: 5984.8 | CA24: 8273.83 | CB24: 5880.8 | CC24: 8038.62 | CD24: 5979.4 | CE24: 7096.8 | CF24: 6372.7 | CG24: 6783.65 | CH24: 6079.24 | CI24: 6576.67 | CJ24: 5114 | CK24: 7840.92 | CL24: 4984.74
B25: AM-Peak | C25: 0.22 | D25: 0.17 | E25: 0.2 | F25: 0.17 | G25: 0.3 | H25: 0.21 | I25: 0.25 | J25: 0.17 | K25: 0.26 | L25: 0.16 | M25: 0.26 | N25: 0.16 | O25: 0.27 | P25: 0.16 | Q25: 0.28 | R25: 0.16 | S25: 0.17 | T25: 0.16 | U25: 0.16 | V25: 0.16 | X25: AM-Peak | Y25: 5593.61 | Z25: 1829.1 | AA25: 5257.76 | AB25: 1779.51 | AC25: 5761.09 | AD25: 5483.55 | AE25: 6585.65 | AF25: 3172.64 | AG25: 6971.31 | AH25: 2817.8 | AI25: 7126.51 | AJ25: 2781.35 | AK25: 6760.31 | AL25: 2803.72 | AM25: 6531.26 | AN25: 2730.87 | AO25: 3102.75 | AP25: 2369 | AQ25: 2353.66 | AR25: 2098.4 | AU25: AM-Peak | AV25: 23333.17 | AW25: 11343.88 | AX25: 22548.38 | AY25: 9360 | AZ25: 15875 | BA25: 23169.85 | BB25: 22311.01 | BC25: 17975.4 | BD25: 23194.52 | BE25: 17376.44 | BF25: 23353.49 | BG25: 17455.65 | BH25: 21519.46 | BI25: 17698.6 | BJ25: 20357.67 | BK25: 16958.2 | BL25: 18470.19 | BM25: 15129.44 | BN25: 14793.62 | BO25: 13383.75 | BR25: AM-Peak | BS25: 28926.78 | BT25: 13172.98 | BU25: 27806.14 | BV25: 11139.51 | BW25: 21636.09 | BX25: 28653.4 | BY25: 28896.66 | BZ25: 21148.05 | CA25: 30165.83 | CB25: 20194.24 | CC25: 30480 | CD25: 20237 | CE25: 28279.77 | CF25: 20502.32 | CG25: 26888.94 | CH25: 19689.06 | CI25: 21572.95 | CJ25: 17498.45 | CK25: 17147.28 | CL25: 15482.16
B26: AM-Shoulder | C26: 0.23 | D26: 0.17 | E26: 0.22 | F26: 0.18 | G26: 0.24 | H26: 0.17 | I26: 0.21 | J26: 0.17 | K26: 0.2 | L26: 0.16 | M26: 0.2 | N26: 0.16 | O26: 0.2 | P26: 0.16 | Q26: 0.17 | R26: 0.16 | S26: 0.16 | T26: 0.16 | U26: 0.16 | V26: 0.16 | X26: AM-Shoulder | Y26: 1631.36 | Z26: 652.8 | AA26: 1633.75 | AB26: 718.39 | AC26: 1408.29 | AD26: 1327.14 | AE26: 1630.95 | AF26: 1061.78 | AG26: 1531.8 | AH26: 948 | AI26: 1530.81 | AJ26: 906.37 | AK26: 1525.81 | AL26: 907.53 | AM26: 1158.65 | AN26: 872.13 | AO26: 880.95 | AP26: 784.55 | AQ26: 791.05 | AR26: 740.11 | AU26: AM-Shoulder | AV26: 6928.33 | AW26: 4276.26 | AX26: 6485.63 | AY26: 3891.96 | AZ26: 5530.39 | BA26: 7552.86 | BB26: 7249.05 | BC26: 6259.19 | BD26: 7348.2 | BE26: 5982.96 | BF26: 7349.19 | BG26: 5843.02 | BH26: 7354.19 | BI26: 5881.3 | BJ26: 6974.39 | BK26: 5581.64 | BL26: 5553.48 | BM26: 5237.16 | BN26: 5160.11 | BO26: 4906.6 | BR26: AM-Shoulder | BS26: 8559.69 | BT26: 4929.06 | BU26: 8119.38 | BV26: 4610.35 | BW26: 6938.68 | BX26: 8880 | BY26: 8880 | BZ26: 7320.97 | CA26: 8880 | CB26: 6930.96 | CC26: 8880 | CD26: 6749.39 | CE26: 8880 | CF26: 6788.83 | CG26: 8133.05 | CH26: 6453.77 | CI26: 6434.42 | CJ26: 6021.7 | CK26: 5951.16 | CL26: 5646.71
B27: MD | C27: 0.22 | D27: 0.19 | E27: 0.2 | F27: 0.18 | G27: 0.23 | H27: 0.22 | I27: 0.18 | J27: 0.2 | K27: 0.16 | L27: 0.17 | M27: 0.16 | N27: 0.16 | O27: 0.16 | P27: 0.16 | Q27: 0.16 | R27: 0.16 | S27: 0.17 | T27: 0.17 | U27: 0.17 | V27: 0.16 | X27: MD | Y27: 5565.21 | Z27: 5942.99 | AA27: 7146.39 | AB27: 6365.87 | AC27: 5518.85 | AD27: 6063.78 | AE27: 5494.23 | AF27: 6192.1 | AG27: 5710.56 | AH27: 6135.71 | AI27: 5328.27 | AJ27: 5369.46 | AK27: 5041.84 | AL27: 5276.01 | AM27: 4734.54 | AN27: 4595.13 | AO27: 4379.48 | AP27: 4277.42 | AQ27: 4173.57 | AR27: 4657.92 | AU27: MD | AV27: 23548.8 | AW27: 31101.51 | AX27: 30445.45 | AY27: 32780.3 | AZ27: 22384.26 | BA27: 25048.64 | BB27: 29951.22 | BC27: 30280.9 | BD27: 33995 | BE27: 34312.79 | BF27: 32086.95 | BG27: 32339.37 | BH27: 30400.86 | BI27: 31678.99 | BJ27: 28892.83 | BK27: 27806.02 | BL27: 26929.02 | BM27: 26078.88 | BN27: 26214.08 | BO27: 29170.63 | BR27: MD | BS27: 29114.01 | BT27: 37044.5 | BU27: 37591.84 | BV27: 39146.17 | BW27: 27903.11 | BX27: 31112.41 | BY27: 35445.45 | BZ27: 36473 | CA27: 39705.56 | CB27: 40448.5 | CC27: 37415.22 | CD27: 37708.82 | CE27: 35442.7 | CF27: 36955 | CG27: 33627.37 | CH27: 32401.14 | CI27: 31308.5 | CJ27: 30356.3 | CK27: 30387.65 | CL27: 33828.55
B28: PM-Shoulder | C28: 0.25 | D28: 0.2 | E28: 0.21 | F28: 0.21 | G28: 0.26 | H28: 0.25 | I28: 0.21 | J28: 0.24 | K28: 0.2 | L28: 0.2 | M28: 0.2 | N28: 0.19 | O28: 0.2 | P28: 0.19 | Q28: 0.2 | R28: 0.19 | S28: 0.2 | T28: 0.19 | U28: 0.2 | V28: 0.2 | X28: PM-Shoulder | Y28: 1447.76 | Z28: 1213.7 | AA28: 1721.77 | AB28: 1757.53 | AC28: 1282.33 | AD28: 1426.53 | AE28: 1276.24 | AF28: 1187.86 | AG28: 1194.43 | AH28: 1500.62 | AI28: 1253.1 | AJ28: 1507.52 | AK28: 1250.2 | AL28: 1484.86 | AM28: 1223.63 | AN28: 1443.92 | AO28: 1165.94 | AP28: 1408.42 | AQ28: 1061.47 | AR28: 1044.48 | AU28: PM-Shoulder | AV28: 5459.05 | AW28: 5825.05 | AX28: 7158.23 | AY28: 7122.47 | AZ28: 4494.41 | BA28: 5129.45 | BB28: 5347.23 | BC28: 4382.06 | BD28: 5457.33 | BE28: 7158.38 | BF28: 5896.31 | BG28: 7372.48 | BH28: 5846.78 | BI28: 6987.25 | BJ28: 5813.24 | BK28: 6994.75 | BL28: 5599.5 | BM28: 6586.24 | BN28: 5205.57 | BO28: 4815.84 | BR28: PM-Shoulder | BS28: 6906.81 | BT28: 7038.75 | BU28: 8880 | BV28: 8880 | BW28: 5776.74 | BX28: 6555.98 | BY28: 6623.47 | BZ28: 5569.92 | CA28: 6651.77 | CB28: 8659 | CC28: 7149.41 | CD28: 8880 | CE28: 7096.99 | CF28: 8472.11 | CG28: 7036.87 | CH28: 8438.66 | CI28: 6765.44 | CJ28: 7994.66 | CK28: 6267.04 | CL28: 5860.32
B29: PM-Peak | C29: 0.24 | D29: 0.23 | E29: 0.21 | F29: 0.21 | G29: 0.33 | H29: 0.24 | I29: 0.21 | J29: 0.32 | K29: 0.2 | L29: 0.27 | M29: 0.19 | N29: 0.27 | O29: 0.2 | P29: 0.26 | Q29: 0.2 | R29: 0.19 | S29: 0.2 | T29: 0.2 | U29: 0.2 | V29: 0.2 | X29: PM-Peak | Y29: 5386.07 | Z29: 5626.81 | AA29: 4848.48 | AB29: 5866.21 | AC29: 6079.23 | AD29: 5419.18 | AE29: 4199.26 | AF29: 5943.29 | AG29: 3795.08 | AH29: 7321.84 | AI29: 3833.6 | AJ29: 7325.94 | AK29: 3859.47 | AL29: 6540.79 | AM29: 3995.36 | AN29: 4172.88 | AO29: 3491.21 | AP29: 3607.13 | AQ29: 3243.22 | AR29: 3227.1 | AU29: PM-Peak | AV29: 20916.89 | AW29: 22266.5 | AX29: 20202.21 | AY29: 24009.46 | AZ29: 14866.41 | BA29: 20532.21 | BB29: 18216.77 | BC29: 15313.05 | BD29: 17840.12 | BE29: 23158.16 | BF29: 18641.53 | BG29: 23154.06 | BH29: 18660.56 | BI29: 22395.26 | BJ29: 19523.25 | BK29: 21103.2 | BL29: 17296.85 | BM29: 17614.93 | BN29: 16251.2 | BO29: 15945.49 | BR29: PM-Peak | BS29: 26302.96 | BT29: 27893.31 | BU29: 25050.69 | BV29: 29875.67 | BW29: 20945.63 | BX29: 25951.39 | BY29: 22416.03 | BZ29: 21256.35 | CA29: 21635.2 | CB29: 30480 | CC29: 22475.13 | CD29: 30480 | CE29: 22520.02 | CF29: 28936.05 | CG29: 23518.62 | CH29: 25276.08 | CI29: 20788.05 | CJ29: 21222.05 | CK29: 19494.42 | CL29: 19172.59
B30: PM-Late | C30: 0.2 | D30: 0.2 | E30: 0.22 | F30: 0.22 | G30: 0.05 | H30: 0.22 | I30: 0.09 | J30: 0.22 | K30: 0.2 | L30: 0.2 | M30: 0.2 | N30: 0.2 | O30: 0.2 | P30: 0.2 | Q30: 0.2 | R30: 0.2 | S30: 0.2 | T30: 0.2 | U30: 0.2 | V30: 0.2 | X30: PM-Late | Y30: 2323.25 | Z30: 2934.3 | AA30: 2296.5 | AB30: 2449.87 | AC30: 430.28 | AD30: 2554.08 | AE30: 762.63 | AF30: 2702.41 | AG30: 1915.84 | AH30: 2591.59 | AI30: 1873.89 | AJ30: 2657.59 | AK30: 1855.08 | AL30: 2508.25 | AM30: 1772 | AN30: 1958.96 | AO30: 1667.33 | AP30: 1694.35 | AQ30: 1728.49 | AR30: 1777.77 | AU30: PM-Late | AV30: 11668.75 | AW30: 14199.3 | AX30: 9360 | AY30: 9975.27 | AZ30: 8423.24 | BA30: 11098.56 | BB30: 9360 | BC30: 11910.45 | BD30: 9849.26 | BE30: 12275.53 | BF30: 9612.51 | BG30: 12679.96 | BH30: 9619.62 | BI30: 12191.15 | BJ30: 9178.9 | BK30: 9866.14 | BL30: 8614.27 | BM30: 8779.85 | BN30: 9034.01 | BO30: 9559.23 | BR30: PM-Late | BS30: 13992 | BT30: 17133.6 | BU30: 11656.5 | BV30: 12425.14 | BW30: 8853.53 | BX30: 13652.64 | BY30: 10122.63 | BZ30: 14612.86 | CA30: 11765.1 | CB30: 14867.13 | CC30: 11486.4 | CD30: 15337.55 | CE30: 11474.7 | CF30: 14699.4 | CG30: 10950.9 | CH30: 11825.1 | CI30: 10281.6 | CJ30: 10474.2 | CK30: 10762.5 | CL30: 11337
B33: Revenue Per Period | X33: ML Flow (PCE/hr) | AU33: GP Flow (PCE/hr) | BR33: Highway Flow
B34: Direction | C34: NB | D34: SB | E34: NB | F34: SB | G34: NB | H34: SB | I34: NB | J34: SB | K34: NB | L34: SB | M34: NB | N34: SB | O34: NB | P34: SB | Q34: NB | R34: SB | S34: NB | T34: SB | U34: NB | V34: SB | X34: Direction | Y34: NB | Z34: SB | AA34: NB | AB34: SB | AC34: NB | AD34: SB | AE34: NB | AF34: SB | AG34: NB | AH34: SB | AI34: NB | AJ34: SB | AK34: NB | AL34: SB | AM34: NB | AN34: SB | AO34: NB | AP34: SB | AQ34: NB | AR34: SB | AU34: Direction | AV34: NB | AW34: SB | AX34: NB | AY34: SB | AZ34: NB | BA34: SB | BB34: NB | BC34: SB | BD34: NB | BE34: SB | BF34: NB | BG34: SB | BH34: NB | BI34: SB | BJ34: NB | BK34: SB | BL34: NB | BM34: SB | BN34: NB | BO34: SB | BR34: Direction | BS34: NB | BT34: SB | BU34: NB | BV34: SB | BW34: NB | BX34: SB | BY34: NB | BZ34: SB | CA34: NB | CB34: SB | CC34: NB | CD34: SB | CE34: NB | CF34: SB | CG34: NB | CH34: SB | CI34: NB | CJ34: SB | CK34: NB | CL34: SB
B35: Segment | C35: 1 | D35: 1 | E35: 2 | F35: 2 | G35: 3 | H35: 3 | I35: 4 | J35: 4 | K35: 5 | L35: 5 | M35: 6 | N35: 6 | O35: 7 | P35: 7 | Q35: 8 | R35: 8 | S35: 9 | T35: 9 | U35: 10 | V35: 10 | X35: Segment | Y35: 1 | Z35: 1 | AA35: 2 | AB35: 2 | AC35: 3 | AD35: 3 | AE35: 4 | AF35: 4 | AG35: 5 | AH35: 5 | AI35: 6 | AJ35: 6 | AK35: 7 | AL35: 7 | AM35: 8 | AN35: 8 | AO35: 9 | AP35: 9 | AQ35: 10 | AR35: 10 | AU35: Segment | AV35: 1 | AW35: 1 | AX35: 2 | AY35: 2 | AZ35: 3 | BA35: 3 | BB35: 4 | BC35: 4 | BD35: 5 | BE35: 5 | BF35: 6 | BG35: 6 | BH35: 7 | BI35: 7 | BJ35: 8 | BK35: 8 | BL35: 9 | BM35: 9 | BN35: 10 | BO35: 10 | BR35: Segment | BS35: 1 | BT35: 1 | BU35: 2 | BV35: 2 | BW35: 3 | BX35: 3 | BY35: 4 | BZ35: 4 | CA35: 5 | CB35: 5 | CC35: 6 | CD35: 6 | CE35: 7 | CF35: 7 | CG35: 8 | CH35: 8 | CI35: 9 | CJ35: 9 | CK35: 10 | CL35: 10
B36: Period | X36: Period | AU36: Period | BR36: Period
B37: Night | C37: 270.63 | D37: 269.34 | E37: 232.15 | F37: 216.44 | G37: 79.4 | H37: 97.12 | I37: 277.21 | J37: 1495.79 | K37: 2093.67 | L37: 1843.35 | M37: 3814.32 | N37: 3270.41 | O37: 3001.18 | P37: 2580.02 | Q37: 3807.61 | R37: 3469.19 | S37: 2981.41 | T37: 2274.16 | U37: 4020.31 | V37: 3188.52 | X37: Night | Y37: 148.7 | Z37: 147.99 | AA37: 127.55 | AB37: 118.92 | AC37: 113.43 | AD37: 138.75 | AE37: 123.75 | AF37: 247.32 | AG37: 276.94 | AH37: 243.83 | AI37: 280.3 | AJ37: 240.33 | AK37: 273.78 | AL37: 235.36 | AM37: 265.08 | AN37: 241.52 | AO37: 231.98 | AP37: 176.95 | AQ37: 236.35 | AR37: 187.45 | AU37: Night | AV37: 2633.57 | AW37: 2616.13 | AX37: 2050.75 | AY37: 1919.18 | AZ37: 1937.27 | BA37: 2307.41 | BB37: 2487.51 | BC37: 2350.38 | BD37: 2632.86 | BE37: 2323.77 | BF37: 2637.3 | BG37: 2281.47 | BH37: 2609.52 | BI37: 2215.14 | BJ37: 2493.72 | BK37: 2270.58 | BL37: 2172.72 | BM37: 1677.45 | BN37: 2227.95 | BO37: 1765.35 | BR37: Night | BS37: 2782.26 | BT37: 2764.12 | BU37: 2178.3 | BV37: 2038.1 | BW37: 2050.7 | BX37: 2446.16 | BY37: 2611.26 | BZ37: 2597.7 | CA37: 2909.8 | CB37: 2567.6 | CC37: 2917.6 | CD37: 2521.8 | CE37: 2883.3 | CF37: 2450.5 | CG37: 2758.8 | CH37: 2512.1 | CI37: 2404.7 | CJ37: 1854.4 | CK37: 2464.3 | CL37: 1952.8
B38: AM-Early | C38: 1380.94 | D38: 524.52 | E38: 1098.44 | F38: 469.34 | G38: 327.21 | H38: 285.91 | I38: 1749.02 | J38: 1671.16 | K38: 2278.48 | L38: 1471.76 | M38: 5072.35 | N38: 2773.95 | O38: 3736.4 | P38: 2665.26 | Q38: 4231.79 | R38: 2643.93 | S38: 3438.19 | T38: 1768.34 | U38: 3936.59 | V38: 1464.04 | X38: AM-Early | Y38: 1188.89 | Z38: 732.9 | AA38: 1222.6 | AB38: 786.75 | AC38: 803.69 | AD38: 993.76 | AE38: 1339.42 | AF38: 926.13 | AG38: 1250.33 | AH38: 854.99 | AI38: 1197.27 | AJ38: 861.11 | AK38: 1051.13 | AL38: 924.5 | AM38: 996.51 | AN38: 887.99 | AO38: 966.89 | AP38: 729.47 | AQ38: 1117.37 | AR38: 696 | AU38: AM-Early | AV38: 6759.19 | AW38: 4430.73 | AX38: 6155.1 | AY38: 4115.44 | AZ38: 4237.71 | BA38: 5204.13 | BB38: 6939.07 | BC38: 5058.67 | BD38: 7023.51 | BE38: 5025.81 | BF38: 6841.35 | BG38: 5118.29 | BH38: 6045.67 | BI38: 5448.2 | BJ38: 5787.14 | BK38: 5191.25 | BL38: 5609.78 | BM38: 4384.52 | BN38: 6723.55 | BO38: 4288.74 | BR38: AM-Early | BS38: 7948.08 | BT38: 5163.63 | BU38: 7377.7 | BV38: 4902.19 | BW38: 5041.4 | BX38: 6197.9 | BY38: 8278.49 | BZ38: 5984.8 | CA38: 8273.83 | CB38: 5880.8 | CC38: 8038.62 | CD38: 5979.4 | CE38: 7096.8 | CF38: 6372.7 | CG38: 6783.65 | CH38: 6079.24 | CI38: 6576.67 | CJ38: 5114 | CK38: 7840.92 | CL38: 4984.74
B39: AM-Peak | C39: 26178.1 | D39: 1660.48 | E39: 27923.87 | F39: 1198.99 | G39: 5184.98 | H39: 10566.08 | I39: 18966.64 | J39: 9071.96 | K39: 25096.73 | L39: 9292.22 | M39: 46179.75 | N39: 16823.02 | O39: 35288.82 | P39: 14023.35 | Q39: 44673.83 | R39: 16505.64 | S39: 18988.85 | T39: 10860.21 | U39: 13753.05 | V39: 10833.24 | X39: AM-Peak | Y39: 1864.54 | Z39: 609.7 | AA39: 1752.59 | AB39: 593.17 | AC39: 1920.36 | AD39: 1827.85 | AE39: 2195.22 | AF39: 1057.55 | AG39: 2323.77 | AH39: 939.27 | AI39: 2375.5 | AJ39: 927.12 | AK39: 2253.44 | AL39: 934.57 | AM39: 2177.09 | AN39: 910.29 | AO39: 1034.25 | AP39: 789.67 | AQ39: 784.55 | AR39: 699.47 | AU39: AM-Peak | AV39: 7777.72 | AW39: 3781.29 | AX39: 7516.13 | AY39: 3120 | AZ39: 5291.67 | BA39: 7723.28 | BB39: 7437 | BC39: 5991.8 | BD39: 7731.51 | BE39: 5792.15 | BF39: 7784.5 | BG39: 5818.55 | BH39: 7173.15 | BI39: 5899.53 | BJ39: 6785.89 | BK39: 5652.73 | BL39: 6156.73 | BM39: 5043.15 | BN39: 4931.21 | BO39: 4461.25 | BR39: AM-Peak | BS39: 9642.26 | BT39: 4391 | BU39: 9268.71 | BV39: 3713.17 | BW39: 7212.03 | BX39: 9551.13 | BY39: 9632.22 | BZ39: 7049.35 | CA39: 10055.28 | CB39: 6731.41 | CC39: 10160 | CD39: 6745.67 | CE39: 9426.59 | CF39: 6834.11 | CG39: 8962.98 | CH39: 6563.02 | CI39: 7190.98 | CJ39: 5832.82 | CK39: 5715.76 | CL39: 5160.72
B40: AM-Shoulder | C40: 3817.37 | D40: 712.89 | E40: 3822.98 | F40: 421.67 | G40: 1267.46 | H40: 1857.25 | I40: 4697.13 | J40: 2467.33 | K40: 5514.47 | L40: 2351.58 | M40: 9919.66 | N40: 3881.03 | O40: 7964.73 | P40: 3178.59 | Q40: 7925.2 | R40: 3581.25 | S40: 3184.21 | T40: 2609.72 | U40: 3365.92 | V40: 2924.73 | X40: AM-Shoulder | Y40: 1631.36 | Z40: 652.8 | AA40: 1633.75 | AB40: 718.39 | AC40: 1408.29 | AD40: 1327.14 | AE40: 1630.95 | AF40: 1061.78 | AG40: 1531.8 | AH40: 948 | AI40: 1530.81 | AJ40: 906.37 | AK40: 1525.81 | AL40: 907.53 | AM40: 1158.65 | AN40: 872.13 | AO40: 880.95 | AP40: 784.55 | AQ40: 791.05 | AR40: 740.11 | AU40: AM-Shoulder | AV40: 6928.33 | AW40: 4276.26 | AX40: 6485.63 | AY40: 3891.96 | AZ40: 5530.39 | BA40: 7552.86 | BB40: 7249.05 | BC40: 6259.19 | BD40: 7348.2 | BE40: 5982.96 | BF40: 7349.19 | BG40: 5843.02 | BH40: 7354.19 | BI40: 5881.3 | BJ40: 6974.39 | BK40: 5581.64 | BL40: 5553.48 | BM40: 5237.16 | BN40: 5160.11 | BO40: 4906.6 | BR40: AM-Shoulder | BS40: 8559.69 | BT40: 4929.06 | BU40: 8119.38 | BV40: 4610.35 | BW40: 6938.68 | BX40: 8880 | BY40: 8880 | BZ40: 7320.97 | CA40: 8880 | CB40: 6930.96 | CC40: 8880 | CD40: 6749.39 | CE40: 8880 | CF40: 6788.83 | CG40: 8133.05 | CH40: 6453.77 | CI40: 6434.42 | CJ40: 6021.7 | CK40: 5951.16 | CL40: 5646.71
B41: MD | C41: 13022.6 | D41: 13906.53 | E41: 16722.44 | F41: 6421.59 | G41: 4966.95 | H41: 5457.4 | I41: 7058.37 | J41: 17832.98 | K41: 19178.14 | L41: 22088.5 | M41: 27604.99 | N41: 24046.72 | O41: 18359.29 | P41: 17234.89 | Q41: 20290.2 | R41: 18146.67 | S41: 15351.76 | T41: 12155.74 | U41: 16891.84 | V41: 13293.56 | X41: MD | Y41: 1113.04 | Z41: 1188.6 | AA41: 1429.28 | AB41: 1273.17 | AC41: 1103.77 | AD41: 1212.76 | AE41: 1098.85 | AF41: 1238.42 | AG41: 1142.11 | AH41: 1227.14 | AI41: 1065.65 | AJ41: 1073.89 | AK41: 1008.37 | AL41: 1055.2 | AM41: 946.91 | AN41: 919.03 | AO41: 875.9 | AP41: 855.48 | AQ41: 834.71 | AR41: 931.58 | AU41: MD | AV41: 4709.76 | AW41: 6220.3 | AX41: 6089.09 | AY41: 6556.06 | AZ41: 4476.85 | BA41: 5009.73 | BB41: 5990.24 | BC41: 6056.18 | BD41: 6799 | BE41: 6862.56 | BF41: 6417.39 | BG41: 6467.87 | BH41: 6080.17 | BI41: 6335.8 | BJ41: 5778.57 | BK41: 5561.2 | BL41: 5385.8 | BM41: 5215.78 | BN41: 5242.82 | BO41: 5834.13 | BR41: MD | BS41: 5822.8 | BT41: 7408.9 | BU41: 7518.37 | BV41: 7829.23 | BW41: 5580.62 | BX41: 6222.48 | BY41: 7089.09 | BZ41: 7294.6 | CA41: 7941.11 | CB41: 8089.7 | CC41: 7483.04 | CD41: 7541.76 | CE41: 7088.54 | CF41: 7391 | CG41: 6725.47 | CH41: 6480.23 | CI41: 6261.7 | CJ41: 6071.26 | CK41: 6077.53 | CL41: 6765.71
B42: PM-Shoulder | C42: 3387.77 | D42: 3935.33 | E42: 4479.47 | F42: 4435.12 | G42: 1154.09 | H42: 1283.87 | I42: 1683.94 | J42: 3421.02 | K42: 1970.53 | L42: 5896.93 | M42: 4531.39 | N42: 10998.08 | O42: 3546.53 | P42: 7044.34 | Q42: 4546.46 | R42: 9177.5 | S42: 3585.51 | T42: 6472.02 | U42: 3800.72 | V42: 3127.41 | X42: PM-Shoulder | Y42: 1447.76 | Z42: 1213.7 | AA42: 1721.77 | AB42: 1757.53 | AC42: 1282.33 | AD42: 1426.53 | AE42: 1276.24 | AF42: 1187.86 | AG42: 1194.43 | AH42: 1500.62 | AI42: 1253.1 | AJ42: 1507.52 | AK42: 1250.2 | AL42: 1484.86 | AM42: 1223.63 | AN42: 1443.92 | AO42: 1165.94 | AP42: 1408.42 | AQ42: 1061.47 | AR42: 1044.48 | AU42: PM-Shoulder | AV42: 5459.05 | AW42: 5825.05 | AX42: 7158.23 | AY42: 7122.47 | AZ42: 4494.41 | BA42: 5129.45 | BB42: 5347.23 | BC42: 4382.06 | BD42: 5457.33 | BE42: 7158.38 | BF42: 5896.31 | BG42: 7372.48 | BH42: 5846.78 | BI42: 6987.25 | BJ42: 5813.24 | BK42: 6994.75 | BL42: 5599.5 | BM42: 6586.24 | BN42: 5205.57 | BO42: 4815.84 | BR42: PM-Shoulder | BS42: 6906.81 | BT42: 7038.75 | BU42: 8880 | BV42: 8880 | BW42: 5776.74 | BX42: 6555.98 | BY42: 6623.47 | BZ42: 5569.92 | CA42: 6651.77 | CB42: 8659 | CC42: 7149.41 | CD42: 8880 | CE42: 7096.99 | CF42: 8472.11 | CG42: 7036.87 | CH42: 8438.66 | CI42: 6765.44 | CJ42: 7994.66 | CK42: 6267.04 | CL42: 5860.32
B43: PM-Peak | C43: 25206.83 | D43: 26333.48 | E43: 14236.89 | F43: 27453.85 | G43: 5471.3 | H43: 9754.53 | I43: 11152.31 | J43: 17116.68 | K43: 10894.97 | L43: 26358.64 | M43: 22420.32 | N43: 47472.08 | O43: 18086.15 | P43: 34142.94 | Q43: 27328.1 | R43: 36052.94 | S43: 16700.75 | T43: 17716.69 | U43: 18575.37 | V43: 17750.78 | X43: PM-Peak | Y43: 1795.36 | Z43: 1875.6 | AA43: 1616.16 | AB43: 1955.4 | AC43: 2026.41 | AD43: 1806.39 | AE43: 1399.75 | AF43: 1981.1 | AG43: 1265.03 | AH43: 2440.61 | AI43: 1277.87 | AJ43: 2441.98 | AK43: 1286.49 | AL43: 2180.26 | AM43: 1331.79 | AN43: 1390.96 | AO43: 1163.74 | AP43: 1202.38 | AQ43: 1081.07 | AR43: 1075.7 | AU43: PM-Peak | AV43: 6972.3 | AW43: 7422.17 | AX43: 6734.07 | AY43: 8003.15 | AZ43: 4955.47 | BA43: 6844.07 | BB43: 6072.26 | BC43: 5104.35 | BD43: 5946.71 | BE43: 7719.39 | BF43: 6213.84 | BG43: 7718.02 | BH43: 6220.19 | BI43: 7465.09 | BJ43: 6507.75 | BK43: 7034.4 | BL43: 5765.62 | BM43: 5871.64 | BN43: 5417.07 | BO43: 5315.16 | BR43: PM-Peak | BS43: 8767.65 | BT43: 9297.77 | BU43: 8350.23 | BV43: 9958.56 | BW43: 6981.88 | BX43: 8650.46 | BY43: 7472.01 | BZ43: 7085.45 | CA43: 7211.73 | CB43: 10160 | CC43: 7491.71 | CD43: 10160 | CE43: 7506.67 | CF43: 9645.35 | CG43: 7839.54 | CH43: 8425.36 | CI43: 6929.35 | CJ43: 7074.02 | CK43: 6498.14 | CL43: 6390.86
B44: PM-Late | C44: 2615.7 | D44: 4340.33 | E44: 806.16 | F44: 894.24 | G44: 43.03 | H44: 423.37 | I44: 847.39 | J44: 6801.54 | K44: 3441.6 | L44: 7964.96 | M44: 8893.84 | N44: 14682.26 | O44: 7939.01 | P44: 9813.85 | Q44: 8732.81 | R44: 8516.76 | S44: 6736.11 | T44: 5500.58 | U44: 7750.78 | V44: 6217.5 | X44: PM-Late | Y44: 774.42 | Z44: 978.1 | AA44: 765.5 | AB44: 816.62 | AC44: 143.43 | AD44: 851.36 | AE44: 254.21 | AF44: 900.8 | AG44: 638.61 | AH44: 863.86 | AI44: 624.63 | AJ44: 885.86 | AK44: 618.36 | AL44: 836.08 | AM44: 590.67 | AN44: 652.99 | AO44: 555.78 | AP44: 564.78 | AQ44: 576.16 | AR44: 592.59 | AU44: PM-Late | AV44: 3889.58 | AW44: 4733.1 | AX44: 3120 | AY44: 3325.09 | AZ44: 2807.75 | BA44: 3699.52 | BB44: 3120 | BC44: 3970.15 | BD44: 3283.09 | BE44: 4091.84 | BF44: 3204.17 | BG44: 4226.65 | BH44: 3206.54 | BI44: 4063.72 | BJ44: 3059.63 | BK44: 3288.71 | BL44: 2871.42 | BM44: 2926.62 | BN44: 3011.34 | BO44: 3186.41 | BR44: PM-Late | BS44: 4664 | BT44: 5711.2 | BU44: 3885.5 | BV44: 4141.71 | BW44: 2951.18 | BX44: 4550.88 | BY44: 3374.21 | BZ44: 4870.95 | CA44: 3921.7 | CB44: 4955.71 | CC44: 3828.8 | CD44: 5112.52 | CE44: 3824.9 | CF44: 4899.8 | CG44: 3650.3 | CH44: 3941.7 | CI44: 3427.2 | CJ44: 3491.4 | CK44: 3587.5 | CL44: 3779
B47: Revenue Per Period Lights | X47: ML V/C | AU47: GP V/C real | BR47: Highway Vol / GP Capacity
B48: Direction | C48: NB | D48: SB | E48: NB | F48: SB | G48: NB | H48: SB | I48: NB | J48: SB | K48: NB | L48: SB | M48: NB | N48: SB | O48: NB | P48: SB | Q48: NB | R48: SB | S48: NB | T48: SB | U48: NB | V48: SB | X48: Direction | Y48: NB | Z48: SB | AA48: NB | AB48: SB | AC48: NB | AD48: SB | AE48: NB | AF48: SB | AG48: NB | AH48: SB | AI48: NB | AJ48: SB | AK48: NB | AL48: SB | AM48: NB | AN48: SB | AO48: NB | AP48: SB | AQ48: NB | AR48: SB | AU48: Direction | AV48: NB | AW48: SB | AX48: NB | AY48: SB | AZ48: NB | BA48: SB | BB48: NB | BC48: SB | BD48: NB | BE48: SB | BF48: NB | BG48: SB | BH48: NB | BI48: SB | BJ48: NB | BK48: SB | BL48: NB | BM48: SB | BN48: NB | BO48: SB | BR48: Direction | BS48: NB | BT48: SB | BU48: NB | BV48: SB | BW48: NB | BX48: SB | BY48: NB | BZ48: SB | CA48: NB | CB48: SB | CC48: NB | CD48: SB | CE48: NB | CF48: SB | CG48: NB | CH48: SB | CI48: NB | CJ48: SB | CK48: NB | CL48: SB
B49: Segment | C49: 1 | D49: 1 | E49: 2 | F49: 2 | G49: 3 | H49: 3 | I49: 4 | J49: 4 | K49: 5 | L49: 5 | M49: 6 | N49: 6 | O49: 7 | P49: 7 | Q49: 8 | R49: 8 | S49: 9 | T49: 9 | U49: 10 | V49: 10 | X49: Segment | Y49: 1 | Z49: 1 | AA49: 2 | AB49: 2 | AC49: 3 | AD49: 3 | AE49: 4 | AF49: 4 | AG49: 5 | AH49: 5 | AI49: 6 | AJ49: 6 | AK49: 7 | AL49: 7 | AM49: 8 | AN49: 8 | AO49: 9 | AP49: 9 | AQ49: 10 | AR49: 10 | AU49: Segment | AV49: 1 | AW49: 1 | AX49: 2 | AY49: 2 | AZ49: 3 | BA49: 3 | BB49: 4 | BC49: 4 | BD49: 5 | BE49: 5 | BF49: 6 | BG49: 6 | BH49: 7 | BI49: 7 | BJ49: 8 | BK49: 8 | BL49: 9 | BM49: 9 | BN49: 10 | BO49: 10 | BR49: Segment | BS49: 1 | BT49: 1 | BU49: 2 | BV49: 2 | BW49: 3 | BX49: 3 | BY49: 4 | BZ49: 4 | CA49: 5 | CB49: 5 | CC49: 6 | CD49: 6 | CE49: 7 | CF49: 7 | CG49: 8 | CH49: 8 | CI49: 9 | CJ49: 9 | CK49: 10 | CL49: 10
B50: Period | X50: Period | AU50: Period | BR50: Period
B51: Night | C51: 173.69 | D51: 168.72 | E51: 180.29 | F51: 163.51 | G51: 51.32 | H51: 65.23 | I51: 175.25 | J51: 900.31 | K51: 1347.95 | L51: 1111.47 | M51: 2495.3 | N51: 1991.8 | O51: 1925.48 | P51: 1520.43 | Q51: 2444.18 | R51: 2142.82 | S51: 1913.79 | T51: 1183.03 | U51: 2376.13 | V51: 1538.21 | X51: Night | Y51: 0.04 | Z51: 0.04 | AA51: 0.04 | AB51: 0.03 | AC51: 0.03 | AD51: 0.04 | AE51: 0.03 | AF51: 0.07 | AG51: 0.08 | AH51: 0.07 | AI51: 0.08 | AJ51: 0.07 | AK51: 0.08 | AL51: 0.07 | AM51: 0.07 | AN51: 0.07 | AO51: 0.06 | AP51: 0.05 | AQ51: 0.07 | AR51: 0.05 | AU51: Night | AV51: 0.28 | AW51: 0.28 | AX51: 0.29 | AY51: 0.29 | AZ51: 0.28 | BA51: 0.28 | BB51: 0.28 | BC51: 0.73 | BD51: 0.67 | BE51: 0.73 | BF51: 0.81 | BG51: 0.71 | BH51: 0.82 | BI51: 0.69 | BJ51: 0.75 | BK51: 0.7 | BL51: 0.68 | BM51: 0.52 | BN51: 0.69 | BO51: 0.55 | BR51: Night | BS51: 0.29 | BT51: 0.29 | BU51: 0.3 | BV51: 0.3 | BW51: 0.3 | BX51: 0.3 | BY51: 0.29 | BZ51: 0.81 | CA51: 0.74 | CB51: 0.8 | CC51: 0.89 | CD51: 0.79 | CE51: 0.9 | CF51: 0.77 | CG51: 0.83 | CH51: 0.78 | CI51: 0.75 | CJ51: 0.58 | CK51: 0.77 | CL51: 0.61
B52: AM-Early | C52: 1177.27 | D52: 421.28 | E52: 1005.2 | F52: 406.06 | G52: 284.95 | H52: 236.93 | I52: 1561.24 | J52: 1311.31 | K52: 2019.85 | L52: 1160.42 | M52: 4505.91 | N52: 2183.11 | O52: 3214.56 | P52: 2193.96 | Q52: 3623.41 | R52: 2233.37 | S52: 2992.84 | T52: 1418.37 | U52: 3355.65 | V52: 1161.18 | X52: AM-Early | Y52: 0.33 | Z52: 0.2 | AA52: 0.34 | AB52: 0.22 | AC52: 0.22 | AD52: 0.28 | AE52: 0.37 | AF52: 0.26 | AG52: 0.35 | AH52: 0.24 | AI52: 0.33 | AJ52: 0.24 | AK52: 0.29 | AL52: 0.26 | AM52: 0.28 | AN52: 0.25 | AO52: 0.27 | AP52: 0.2 | AQ52: 0.31 | AR52: 0.19 | AU52: AM-Early | AV52: 0.65 | AW52: 0.43 | AX52: 0.59 | AY52: 0.4 | AZ52: 0.56 | BA52: 0.5 | BB52: 0.67 | BC52: 0.69 | BD52: 0.71 | BE52: 0.63 | BF52: 0.76 | BG52: 0.64 | BH52: 0.76 | BI52: 0.68 | BJ52: 0.72 | BK52: 0.61 | BL52: 0.7 | BM52: 0.55 | BN52: 0.65 | BO52: 0.43 | BR52: AM-Early | BS52: 0.76 | BT52: 0.5 | BU52: 0.71 | BV52: 0.47 | BW52: 0.66 | BX52: 0.6 | BY52: 0.8 | BZ52: 0.82 | CA52: 0.83 | CB52: 0.74 | CC52: 0.89 | CD52: 0.75 | CE52: 0.89 | CF52: 0.8 | CG52: 0.85 | CH52: 0.71 | CI52: 0.82 | CJ52: 0.64 | CK52: 0.75 | CL52: 0.5
B53: AM-Peak | C53: 21407.65 | D53: 1302.93 | E53: 24503.31 | F53: 1023.05 | G53: 4113.94 | H53: 8170.32 | I53: 15493.03 | J53: 6873.51 | K53: 20101.39 | L53: 6911.15 | M53: 37293.13 | N53: 12380.94 | O53: 27443.64 | P53: 10524.14 | Q53: 34837.56 | R53: 12789.03 | S53: 15208.87 | T53: 7863.9 | U53: 10605.21 | V53: 8197.44 | X53: AM-Peak | Y53: 0.52 | Z53: 0.17 | AA53: 0.49 | AB53: 0.16 | AC53: 0.53 | AD53: 0.51 | AE53: 0.61 | AF53: 0.29 | AG53: 0.65 | AH53: 0.26 | AI53: 0.66 | AJ53: 0.26 | AK53: 0.63 | AL53: 0.26 | AM53: 0.6 | AN53: 0.25 | AO53: 0.29 | AP53: 0.22 | AQ53: 0.22 | AR53: 0.19 | AU53: AM-Peak | AV53: 1.02 | AW53: 0.36 | AX53: 1.03 | AY53: 0.3 | AZ53: 0.91 | BA53: 1.03 | BB53: 0.93 | BC53: 0.75 | BD53: 0.97 | BE53: 0.72 | BF53: 0.97 | BG53: 0.73 | BH53: 0.97 | BI53: 0.74 | BJ53: 0.96 | BK53: 0.71 | BL53: 0.77 | BM53: 0.63 | BN53: 0.62 | BO53: 0.56 | BR53: AM-Peak | BS53: 1.27 | BT53: 0.42 | BU53: 1.27 | BV53: 0.36 | BW53: 1.24 | BX53: 1.27 | BY53: 1.2 | BZ53: 0.88 | CA53: 1.26 | CB53: 0.84 | CC53: 1.27 | CD53: 0.84 | CE53: 1.27 | CF53: 0.85 | CG53: 1.27 | CH53: 0.82 | CI53: 0.9 | CJ53: 0.73 | CK53: 0.71 | CL53: 0.65
B54: AM-Shoulder | C54: 2972.85 | D54: 552.33 | E54: 3315.25 | F54: 350.75 | G54: 998.61 | H54: 1497.85 | I54: 3635.76 | J54: 1916.47 | K54: 4253.57 | L54: 1766.91 | M54: 7623.8 | N54: 2875.93 | O54: 5996.1 | P54: 2408.77 | Q54: 5949.29 | R54: 2666.48 | S54: 2407.32 | T54: 1944.15 | U54: 2499.84 | V54: 2183.08 | X54: AM-Shoulder | Y54: 0.45 | Z54: 0.18 | AA54: 0.45 | AB54: 0.2 | AC54: 0.39 | AD54: 0.37 | AE54: 0.45 | AF54: 0.29 | AG54: 0.43 | AH54: 0.26 | AI54: 0.43 | AJ54: 0.25 | AK54: 0.42 | AL54: 0.25 | AM54: 0.32 | AN54: 0.24 | AO54: 0.24 | AP54: 0.22 | AQ54: 0.22 | AR54: 0.21 | AU54: AM-Shoulder | AV54: 0.9 | AW54: 0.53 | AX54: 0.89 | AY54: 0.37 | AZ54: 0.88 | BA54: 0.94 | BB54: 0.91 | BC54: 0.78 | BD54: 0.92 | BE54: 0.75 | BF54: 0.92 | BG54: 0.73 | BH54: 0.92 | BI54: 0.74 | BJ54: 0.87 | BK54: 0.7 | BL54: 0.69 | BM54: 0.65 | BN54: 0.65 | BO54: 0.61 | BR54: AM-Shoulder | BS54: 1.11 | BT54: 0.62 | BU54: 1.11 | BV54: 0.44 | BW54: 1.11 | BX54: 1.11 | BY54: 1.11 | BZ54: 0.92 | CA54: 1.11 | CB54: 0.87 | CC54: 1.11 | CD54: 0.84 | CE54: 1.11 | CF54: 0.85 | CG54: 1.02 | CH54: 0.81 | CI54: 0.8 | CJ54: 0.75 | CK54: 0.74 | CL54: 0.71
B55: MD | C55: 10565.19 | D55: 11390.64 | E55: 14665.2 | F55: 5645.42 | G55: 4104.47 | H55: 4564.09 | I55: 5694.67 | J55: 14363.7 | K55: 15355.51 | L55: 17951.41 | M55: 22205.77 | N55: 19708.63 | O55: 14612.11 | P55: 14125.5 | Q55: 16028.36 | R55: 14567.74 | S55: 11929.84 | T55: 9956.53 | U55: 13254.12 | V55: 10724.77 | X55: MD | Y55: 0.31 | Z55: 0.33 | AA55: 0.4 | AB55: 0.35 | AC55: 0.31 | AD55: 0.34 | AE55: 0.31 | AF55: 0.34 | AG55: 0.32 | AH55: 0.34 | AI55: 0.3 | AJ55: 0.3 | AK55: 0.28 | AL55: 0.29 | AM55: 0.26 | AN55: 0.26 | AO55: 0.24 | AP55: 0.24 | AQ55: 0.23 | AR55: 0.26 | AU55: MD | AV55: 0.87 | AW55: 0.85 | AX55: 0.87 | AY55: 0.63 | AZ55: 0.86 | BA55: 0.86 | BB55: 0.63 | BC55: 0.87 | BD55: 0.85 | BE55: 0.88 | BF55: 0.8 | BG55: 0.76 | BH55: 0.76 | BI55: 0.74 | BJ55: 0.72 | BK55: 0.7 | BL55: 0.69 | BM55: 0.62 | BN55: 0.64 | BO55: 0.56 | BR55: MD | BS55: 1.07 | BT55: 1.01 | BU55: 1.07 | BV55: 0.75 | BW55: 1.07 | BX55: 1.07 | BY55: 0.74 | BZ55: 1.05 | CA55: 0.99 | CB55: 1.04 | CC55: 0.94 | CD55: 0.89 | CE55: 0.89 | CF55: 0.86 | CG55: 0.84 | CH55: 0.81 | CI55: 0.8 | CJ55: 0.72 | CK55: 0.74 | CL55: 0.65
B56: PM-Shoulder | C56: 2901.74 | D56: 3477.9 | E56: 4094.94 | F56: 4101.6 | G56: 998.34 | H56: 1152.73 | I56: 1461.54 | J56: 3014.85 | K56: 1710.14 | L56: 5161.72 | M56: 3871.5 | N56: 9712.25 | O56: 3039.83 | P56: 6304.09 | Q56: 3879.56 | R56: 8009.73 | S56: 3003.19 | T56: 5836.71 | U56: 3193.84 | V56: 2741.37 | X56: PM-Shoulder | Y56: 0.4 | Z56: 0.34 | AA56: 0.48 | AB56: 0.49 | AC56: 0.36 | AD56: 0.4 | AE56: 0.35 | AF56: 0.33 | AG56: 0.33 | AH56: 0.42 | AI56: 0.35 | AJ56: 0.42 | AK56: 0.35 | AL56: 0.41 | AM56: 0.34 | AN56: 0.4 | AO56: 0.32 | AP56: 0.39 | AQ56: 0.29 | AR56: 0.29 | AU56: PM-Shoulder | AV56: 0.88 | AW56: 0.92 | AX56: 0.89 | AY56: 0.89 | AZ56: 0.86 | BA56: 0.87 | BB56: 0.67 | BC56: 0.87 | BD56: 0.68 | BE56: 0.92 | BF56: 0.74 | BG56: 0.92 | BH56: 0.73 | BI56: 0.87 | BJ56: 0.73 | BK56: 0.87 | BL56: 0.7 | BM56: 0.82 | BN56: 0.65 | BO56: 0.6 | BR56: PM-Shoulder | BS56: 1.11 | BT56: 1.11 | BU56: 1.11 | BV56: 1.11 | BW56: 1.11 | BX56: 1.11 | BY56: 0.83 | BZ56: 1.11 | CA56: 0.83 | CB56: 1.11 | CC56: 0.89 | CD56: 1.11 | CE56: 0.89 | CF56: 1.06 | CG56: 0.88 | CH56: 1.05 | CI56: 0.85 | CJ56: 1 | CK56: 0.78 | CL56: 0.73
B57: PM-Peak | C57: 22446.54 | D57: 23192.33 | E57: 13223.24 | F57: 25621.81 | G57: 4830.95 | H57: 8776.21 | I57: 9906.05 | J57: 15014.44 | K57: 9607.9 | L57: 23347.48 | M57: 19781.2 | N57: 42367.78 | O57: 16053.3 | P57: 30637.86 | Q57: 24015.18 | R57: 31780.19 | S57: 14453.31 | T57: 15845.62 | U57: 16162.77 | V57: 15637.54 | X57: PM-Peak | Y57: 0.5 | Z57: 0.52 | AA57: 0.45 | AB57: 0.54 | AC57: 0.56 | AD57: 0.5 | AE57: 0.39 | AF57: 0.55 | AG57: 0.35 | AH57: 0.68 | AI57: 0.35 | AJ57: 0.68 | AK57: 0.36 | AL57: 0.61 | AM57: 0.37 | AN57: 0.39 | AO57: 0.32 | AP57: 0.33 | AQ57: 0.3 | AR57: 0.3 | AU57: PM-Peak | AV57: 1.01 | AW57: 1.01 | AX57: 0.87 | AY57: 1 | AZ57: 0.9 | BA57: 1 | BB57: 0.78 | BC57: 0.91 | BD57: 0.74 | BE57: 0.96 | BF57: 0.78 | BG57: 0.96 | BH57: 0.78 | BI57: 0.93 | BJ57: 0.81 | BK57: 0.88 | BL57: 0.72 | BM57: 0.73 | BN57: 0.68 | BO57: 0.66 | BR57: PM-Peak | BS57: 1.27 | BT57: 1.27 | BU57: 1.07 | BV57: 1.24 | BW57: 1.27 | BX57: 1.27 | BY57: 0.96 | BZ57: 1.27 | CA57: 0.9 | CB57: 1.27 | CC57: 0.94 | CD57: 1.27 | CE57: 0.94 | CF57: 1.21 | CG57: 0.98 | CH57: 1.05 | CI57: 0.87 | CJ57: 0.88 | CK57: 0.81 | CL57: 0.8
B58: PM-Late | C58: 2316.92 | D58: 3960.41 | E58: 764.57 | F58: 845.04 | G58: 31.85 | H58: 393.11 | I58: 678.05 | J58: 6299.27 | K58: 3045.58 | L58: 7403.37 | M58: 7944.01 | N58: 13629.76 | O58: 7053.03 | P58: 8982.06 | Q58: 7820.11 | R58: 7689.91 | S58: 5925.59 | T58: 4931.13 | U58: 6807.88 | V58: 5460.51 | X58: PM-Late | Y58: 0.22 | Z58: 0.27 | AA58: 0.21 | AB58: 0.23 | AC58: 0.04 | AD58: 0.24 | AE58: 0.07 | AF58: 0.25 | AG58: 0.18 | AH58: 0.24 | AI58: 0.17 | AJ58: 0.25 | AK58: 0.17 | AL58: 0.23 | AM58: 0.16 | AN58: 0.18 | AO58: 0.15 | AP58: 0.16 | AQ58: 0.16 | AR58: 0.16 | AU58: PM-Late | AV58: 0.58 | AW58: 0.7 | AX58: 0.3 | AY58: 0.32 | AZ58: 0.29 | BA58: 0.36 | BB58: 0.3 | BC58: 0.8 | BD58: 0.61 | BE58: 0.81 | BF58: 0.74 | BG58: 0.81 | BH58: 0.77 | BI58: 0.77 | BJ58: 0.73 | BK58: 0.69 | BL58: 0.69 | BM58: 0.62 | BN58: 0.64 | BO58: 0.56 | BR58: PM-Late | BS58: 0.7 | BT58: 0.84 | BU58: 0.37 | BV58: 0.4 | BW58: 0.3 | BX58: 0.44 | BY58: 0.32 | BZ58: 0.98 | CA58: 0.73 | CB58: 0.98 | CC58: 0.88 | CD58: 0.98 | CE58: 0.92 | CF58: 0.93 | CG58: 0.87 | CH58: 0.83 | CI58: 0.83 | CJ58: 0.74 | CK58: 0.76 | CL58: 0.66
B61: Revenue Per Period Medium A | X61: ML Speed | AU61: GP Speed | BR61: Time Saving
B62: Direction | C62: NB | D62: SB | E62: NB | F62: SB | G62: NB | H62: SB | I62: NB | J62: SB | K62: NB | L62: SB | M62: NB | N62: SB | O62: NB | P62: SB | Q62: NB | R62: SB | S62: NB | T62: SB | U62: NB | V62: SB | X62: Direction | Y62: NB | Z62: SB | AA62: NB | AB62: SB | AC62: NB | AD62: SB | AE62: NB | AF62: SB | AG62: NB | AH62: SB | AI62: NB | AJ62: SB | AK62: NB | AL62: SB | AM62: NB | AN62: SB | AO62: NB | AP62: SB | AQ62: NB | AR62: SB | AU62: Direction | AV62: NB | AW62: SB | AX62: NB | AY62: SB | AZ62: NB | BA62: SB | BB62: NB | BC62: SB | BD62: NB | BE62: SB | BF62: NB | BG62: SB | BH62: NB | BI62: SB | BJ62: NB | BK62: SB | BL62: NB | BM62: SB | BN62: NB | BO62: SB | BR62: Direction | BS62: NB | BT62: SB | BU62: NB | BV62: SB | BW62: NB | BX62: SB | BY62: NB | BZ62: SB | CA62: NB | CB62: SB | CC62: NB | CD62: SB | CE62: NB | CF62: SB | CG62: NB | CH62: SB | CI62: NB | CJ62: SB | CK62: NB | CL62: SB
B63: Segment | C63: 1 | D63: 1 | E63: 2 | F63: 2 | G63: 3 | H63: 3 | I63: 4 | J63: 4 | K63: 5 | L63: 5 | M63: 6 | N63: 6 | O63: 7 | P63: 7 | Q63: 8 | R63: 8 | S63: 9 | T63: 9 | U63: 10 | V63: 10 | X63: Segment | Y63: 1 | Z63: 1 | AA63: 2 | AB63: 2 | AC63: 3 | AD63: 3 | AE63: 4 | AF63: 4 | AG63: 5 | AH63: 5 | AI63: 6 | AJ63: 6 | AK63: 7 | AL63: 7 | AM63: 8 | AN63: 8 | AO63: 9 | AP63: 9 | AQ63: 10 | AR63: 10 | AU63: Segment | AV63: 1 | AW63: 1 | AX63: 2 | AY63: 2 | AZ63: 3 | BA63: 3 | BB63: 4 | BC63: 4 | BD63: 5 | BE63: 5 | BF63: 6 | BG63: 6 | BH63: 7 | BI63: 7 | BJ63: 8 | BK63: 8 | BL63: 9 | BM63: 9 | BN63: 10 | BO63: 10 | BR63: Segment | BS63: 1 | BT63: 1 | BU63: 2 | BV63: 2 | BW63: 3 | BX63: 3 | BY63: 4 | BZ63: 4 | CA63: 5 | CB63: 5 | CC63: 6 | CD63: 6 | CE63: 7 | CF63: 7 | CG63: 8 | CH63: 8 | CI63: 9 | CJ63: 9 | CK63: 10 | CL63: 10
B64: Period | X64: Period | AU64: Period | BR64: Period
B65: Night | C65: 13.82 | D65: 14.57 | E65: 10.45 | F65: 10.45 | G65: 4.29 | H65: 6.43 | I65: 12.45 | J65: 102.7 | K65: 103.42 | L65: 95.03 | M65: 176.36 | N65: 176.36 | O65: 167.72 | P65: 130.89 | Q65: 171.08 | R65: 165.9 | S65: 170.8 | T65: 137.64 | U65: 228.61 | V65: 203.1 | X65: Night | Y65: 60 | Z65: 60 | AA65: 60 | AB65: 60 | AC65: 60 | AD65: 60 | AE65: 70 | AF65: 70 | AG65: 70 | AH65: 70 | AI65: 70 | AJ65: 70 | AK65: 70 | AL65: 70 | AM65: 70 | AN65: 70 | AO65: 70 | AP65: 70 | AQ65: 70 | AR65: 70 | AU65: Night | AV65: 54.97 | AW65: 54.97 | AX65: 54.97 | AY65: 54.97 | AZ65: 54.97 | BA65: 54.97 | BB65: 64.97 | BC65: 56.18 | BD65: 64.09 | BE65: 61.05 | BF65: 54.92 | BG65: 61.87 | BH65: 54.09 | BI65: 63.06 | BJ65: 59.31 | BK65: 62.43 | BL65: 63.75 | BM65: 68.58 | BN65: 63.08 | BO65: 68.08 | BR65: Night | BS65: -0.12 | BT65: -0.12 | BU65: -0.12 | BV65: -0.12 | BW65: -0.05 | BX65: -0.05 | BY65: -0.11 | BZ65: -0.34 | CA65: -0.16 | CB65: -0.25 | CC65: -0.85 | CD65: -0.41 | CE65: -0.73 | CF65: -0.27 | CG65: -0.59 | CH65: -0.39 | CI65: -0.29 | CJ65: -0.06 | CK65: -0.42 | CL65: -0.11
B66: AM-Early | C66: 101.28 | D66: 49.49 | E66: 43.36 | F66: 32.04 | G66: 21.44 | H66: 26.2 | I66: 98 | J66: 190.79 | K66: 138.32 | L66: 168.53 | M66: 320.23 | N66: 347.82 | O66: 285.26 | P66: 257.48 | Q66: 318.79 | R66: 217.12 | S66: 226.81 | T66: 173.86 | U66: 297.63 | V66: 143.25 | X66: AM-Early | Y66: 59.91 | Z66: 60 | AA66: 59.89 | AB66: 59.99 | AC66: 59.99 | AD66: 59.97 | AE66: 69.78 | AF66: 69.98 | AG66: 69.86 | AH66: 69.99 | AI66: 69.89 | AJ66: 69.99 | AK66: 69.95 | AL66: 69.98 | AM66: 69.97 | AN66: 69.98 | AO66: 69.97 | AP66: 70 | AQ66: 69.93 | AR66: 70 | AU66: AM-Early | AV66: 51.15 | AW66: 54.67 | AX66: 52.73 | AY66: 54.79 | AZ66: 53.43 | BA66: 54.15 | BB66: 59.73 | BC66: 58.52 | BD66: 62.3 | BE66: 65.94 | BF66: 58.65 | BG66: 65.49 | BH66: 59.01 | BI66: 63.65 | BJ66: 61.23 | BK66: 66.67 | BL66: 62.56 | BM66: 68.15 | BN66: 65.24 | BO66: 69.56 | BR66: AM-Early | BS66: -0.22 | BT66: -0.13 | BU66: -0.18 | BV66: -0.12 | BW66: -0.06 | BX66: -0.05 | BY66: -0.23 | BZ66: -0.27 | CA66: -0.21 | CB66: -0.11 | CC66: -0.59 | CD66: -0.21 | CE66: -0.46 | CF66: -0.25 | CG66: -0.47 | CH66: -0.16 | CI66: -0.35 | CJ66: -0.08 | CK66: -0.28 | CL66: -0.02
B67: AM-Peak | C67: 2520.59 | D67: 177.28 | E67: 2139.28 | F67: 103.19 | G67: 562.31 | H67: 1458.5 | I67: 1824.95 | J67: 1201.34 | K67: 2813.34 | L67: 1370.89 | M67: 4906.07 | N67: 2613.87 | O67: 4192.74 | P67: 1916.7 | Q67: 5150.69 | R67: 2023.29 | S67: 2116.47 | T67: 1662.44 | U67: 1659.73 | V67: 1365.31 | X67: AM-Peak | Y67: 58.52 | Z67: 60 | AA67: 58.99 | AB67: 60 | AC67: 58.22 | AD67: 58.69 | AE67: 65.36 | AF67: 69.95 | AG67: 63.55 | AH67: 69.98 | AI67: 62.69 | AJ67: 69.98 | AK67: 64.6 | AL67: 69.98 | AM67: 65.59 | AN67: 69.98 | AO67: 69.96 | AP67: 69.99 | AQ67: 69.99 | AR67: 70 | AU67: AM-Peak | AV67: 25.51 | AW67: 54.87 | AX67: 25.08 | AY67: 54.96 | AZ67: 35.38 | BA67: 25.31 | BB67: 39.5 | BC67: 55.25 | BD67: 38.57 | BE67: 61.19 | BF67: 37.86 | BG67: 60.97 | BH67: 38.58 | BI67: 60.3 | BJ67: 39.1 | BK67: 62.25 | BL67: 57.96 | BM67: 65.87 | BN67: 66.36 | BO67: 67.96 | BR67: AM-Peak | BS67: -1.72 | BT67: -0.12 | BU67: -1.79 | BV67: -0.12 | BW67: -0.33 | BX67: -0.67 | BY67: -0.96 | BZ67: -0.37 | CA67: -1.22 | CB67: -0.25 | CC67: -2.26 | CD67: -0.46 | CE67: -1.82 | CF67: -0.4 | CG67: -2.35 | CH67: -0.4 | CI67: -0.6 | CJ67: -0.18 | CK67: -0.21 | CL67: -0.12
B68: AM-Shoulder | C68: 395.78 | D68: 66.94 | E68: 269.33 | F68: 39.08 | G68: 127.78 | H68: 180.73 | I68: 529.6 | J68: 248.43 | K68: 600.54 | L68: 301.77 | M68: 1144.32 | N68: 530.84 | O68: 963.91 | P68: 367.57 | Q68: 973.76 | R68: 441.68 | S68: 372.42 | T68: 297.6 | U68: 402.36 | V68: 318.74 | X68: AM-Shoulder | Y68: 59.35 | Z68: 60 | AA68: 59.35 | AB68: 60 | AC68: 59.74 | AD68: 59.82 | AE68: 69.24 | AF68: 69.95 | AG68: 69.49 | AH68: 69.97 | AI68: 69.49 | AJ68: 69.98 | AK68: 69.5 | AL68: 69.98 | AM68: 69.91 | AN68: 69.99 | AO68: 69.98 | AP68: 69.99 | AQ68: 69.99 | AR68: 69.99 | AU68: AM-Shoulder | AV68: 36.04 | AW68: 53.75 | AX68: 37.02 | AY68: 54.85 | AZ68: 37.17 | BA68: 32.2 | BB68: 41.84 | BC68: 52.87 | BD68: 43.74 | BE68: 59.58 | BF68: 43.72 | BG68: 60.77 | BH68: 43.65 | BI68: 60.46 | BJ68: 48.64 | BK68: 62.76 | BL68: 62.96 | BM68: 64.89 | BN68: 65.3 | BO68: 66.46 | BR68: AM-Shoulder | BS68: -0.85 | BT68: -0.15 | BU68: -0.79 | BV68: -0.12 | BW68: -0.3 | BX68: -0.43 | BY68: -0.91 | BZ68: -0.44 | CA68: -1.02 | CB68: -0.3 | CC68: -1.83 | CD68: -0.47 | CE68: -1.48 | CF68: -0.39 | CG68: -1.43 | CH68: -0.38 | CI68: -0.33 | CJ68: -0.23 | CK68: -0.28 | CL68: -0.21
B69: MD | C69: 1121.81 | D69: 1135.3 | E69: 1232.83 | F69: 494.53 | G69: 422.52 | H69: 421.05 | I69: 726.89 | J69: 1795.9 | K69: 2085.7 | L69: 2126.05 | M69: 3000.48 | N69: 2273.69 | O69: 2007.76 | P69: 1557.48 | Q69: 2188.35 | R69: 1796.23 | S69: 1740.16 | T69: 992.73 | U69: 1726 | V69: 1175.46 | X69: MD | Y69: 59.94 | Z69: 59.91 | AA69: 59.72 | AB69: 59.86 | AC69: 59.94 | AD69: 59.9 | AE69: 69.94 | AF69: 69.87 | AG69: 69.92 | AH69: 69.87 | AI69: 69.95 | AJ69: 69.95 | AK69: 69.96 | AL69: 69.95 | AM69: 69.98 | AN69: 69.98 | AO69: 69.98 | AP69: 69.99 | AQ69: 69.99 | AR69: 69.98 | AU69: MD | AV69: 38.73 | AW69: 40.08 | AX69: 38.64 | AY69: 51.75 | AZ69: 39.29 | BA69: 39.04 | BB69: 61.33 | BC69: 45.38 | BD69: 50.84 | BE69: 47.7 | BF69: 55.27 | BG69: 58.37 | BH69: 58.69 | BI69: 60.4 | BJ69: 61.29 | BK69: 62.9 | BL69: 63.35 | BM69: 66.17 | BN69: 65.51 | BO69: 67.88 | BR69: MD | BS69: -0.71 | BT69: -0.64 | BU69: -0.71 | BV69: -0.2 | BW69: -0.26 | BX69: -0.27 | BY69: -0.19 | BZ69: -0.74 | CA69: -0.64 | CB69: -0.8 | CC69: -0.82 | CD69: -0.61 | CE69: -0.48 | CF69: -0.39 | CG69: -0.46 | CH69: -0.37 | CI69: -0.31 | CJ69: -0.17 | CK69: -0.26 | CL69: -0.12
B70: PM-Shoulder | C70: 214.17 | D70: 234.37 | E70: 220.87 | F70: 249.43 | G70: 79.04 | H70: 64.51 | I70: 136.46 | J70: 209.98 | K70: 156.98 | L70: 417.79 | M70: 400.15 | N70: 777.98 | O70: 291.51 | P70: 433.39 | Q70: 384.5 | R70: 686.82 | S70: 324.67 | T70: 370.54 | U70: 320.9 | V70: 223.15 | X70: PM-Shoulder | Y70: 59.69 | Z70: 59.9 | AA70: 59.09 | AB70: 58.97 | AC70: 59.86 | AD70: 59.72 | AE70: 69.84 | AF70: 69.9 | AG70: 69.89 | AH70: 69.55 | AI70: 69.86 | AJ70: 69.54 | AK70: 69.86 | AL70: 69.58 | AM70: 69.88 | AN70: 69.65 | AO70: 69.91 | AP70: 69.7 | AQ70: 69.95 | AR70: 69.95 | AU70: PM-Shoulder | AV70: 37.77 | AW70: 34.36 | AX70: 36.35 | AY70: 36.72 | AZ70: 38.87 | BA70: 38.49 | BB70: 59.68 | BC70: 45.03 | BD70: 63.59 | BE70: 43.83 | BF70: 60.33 | BG70: 43.41 | BH70: 60.74 | BI70: 48.48 | BJ70: 61.02 | BK70: 48.38 | BL70: 62.64 | BM70: 53.38 | BN70: 65.06 | BO70: 66.82 | BR70: PM-Shoulder | BS70: -0.76 | BT70: -0.97 | BU70: -0.83 | BV70: -0.8 | BW70: -0.27 | BX70: -0.28 | BY70: -0.23 | BZ70: -0.76 | CA70: -0.17 | CB70: -1.01 | CC70: -0.49 | CD70: -1.87 | CE70: -0.37 | CF70: -1.09 | CG70: -0.47 | CH70: -1.44 | CI70: -0.34 | CJ70: -0.89 | CK70: -0.29 | CL70: -0.18
B71: PM-Peak | C71: 1259.3 | D71: 1496.3 | E71: 591.74 | F71: 1100.48 | G71: 303.47 | H71: 441.8 | I71: 674.1 | J71: 1011.7 | K71: 695.88 | L71: 1538.87 | M71: 1439.29 | N71: 2605 | O71: 1047.57 | P71: 1664.92 | Q71: 1644.87 | R71: 2194.84 | S71: 1102.13 | T71: 870.92 | U71: 1110.9 | V71: 1032.3 | X71: PM-Peak | Y71: 58.82 | Z71: 58.46 | AA71: 59.39 | AB71: 58.02 | AC71: 57.54 | AD71: 58.78 | AE71: 69.71 | AF71: 67.49 | AG71: 69.85 | AH71: 61.5 | AI71: 69.84 | AJ71: 61.47 | AK71: 69.83 | AL71: 65.55 | AM71: 69.79 | AN71: 69.72 | AO71: 69.91 | AP71: 69.89 | AQ71: 69.94 | AR71: 69.94 | AU71: PM-Peak | AV71: 26.68 | AW71: 26.37 | AX71: 38.63 | AY71: 27.47 | AZ71: 35.8 | BA71: 27.11 | BB71: 52.77 | BC71: 40.97 | BD71: 59.9 | BE71: 38.73 | BF71: 57.4 | BG71: 38.75 | BH71: 57.33 | BI71: 42.16 | BJ71: 54.27 | BK71: 47.87 | BL71: 61.4 | BM71: 60.54 | BN71: 63.85 | BO71: 64.46 | BR71: PM-Peak | BS71: -1.6 | BT71: -1.62 | BU71: -0.71 | BV71: -1.5 | BW71: -0.32 | BX71: -0.6 | BY71: -0.44 | BZ71: -0.92 | CA71: -0.29 | CB71: -1.15 | CC71: -0.67 | CD71: -2.06 | CE71: -0.54 | CF71: -1.47 | CG71: -0.93 | CH71: -1.49 | CI71: -0.4 | CJ71: -0.45 | CK71: -0.37 | CL71: -0.33
B72: PM-Late | C72: 130.13 | D72: 130.45 | E72: 18.21 | F72: 22.41 | G72: 1.4 | H72: 10.88 | I72: 32.29 | J72: 179.3 | K72: 158.28 | L72: 158.75 | M72: 300.52 | N72: 326.65 | O72: 293.02 | P72: 302.05 | Q72: 269.76 | R72: 277.46 | S72: 310.37 | T72: 175.93 | U72: 337.79 | V72: 207.38 | X72: PM-Late | Y72: 59.99 | Z72: 59.97 | AA72: 59.99 | AB72: 59.99 | AC72: 60 | AD72: 59.99 | AE72: 70 | AF72: 69.98 | AG72: 70 | AH72: 69.99 | AI72: 70 | AJ72: 69.98 | AK72: 70 | AL72: 69.99 | AM72: 70 | AN72: 70 | AO72: 70 | AP72: 70 | AQ72: 70 | AR72: 70 | AU72: PM-Late | AV72: 52.98 | AW72: 49.41 | AX72: 54.96 | AY72: 54.94 | AZ72: 54.97 | BA72: 54.89 | BB72: 64.95 | BC72: 51.6 | BD72: 66.49 | BE72: 54.66 | BF72: 60.34 | BG72: 54.57 | BH72: 57.74 | BI72: 58.04 | BJ72: 60.98 | BK72: 62.94 | BL72: 63.02 | BM72: 66.26 | BN72: 65.65 | BO72: 67.99 | BR72: PM-Late | BS72: -0.17 | BT72: -0.28 | BU72: -0.12 | BV72: -0.12 | BW72: -0.05 | BX72: -0.05 | BY72: -0.11 | BZ72: -0.49 | CA72: -0.09 | CB72: -0.48 | CC72: -0.49 | CD72: -0.87 | CE72: -0.53 | CF72: -0.51 | CG72: -0.48 | CH72: -0.37 | CI72: -0.32 | CJ72: -0.16 | CK72: -0.26 | CL72: -0.11
B75: Revenue Per Period Medium B | X75: ML time | AU75: GP Time | BR75: Difference in travel time
B76: Direction | C76: NB | D76: SB | E76: NB | F76: SB | G76: NB | H76: SB | I76: NB | J76: SB | K76: NB | L76: SB | M76: NB | N76: SB | O76: NB | P76: SB | Q76: NB | R76: SB | S76: NB | T76: SB | U76: NB | V76: SB | X76: Direction | Y76: NB | Z76: SB | AA76: NB | AB76: SB | AC76: NB | AD76: SB | AE76: NB | AF76: SB | AG76: NB | AH76: SB | AI76: NB | AJ76: SB | AK76: NB | AL76: SB | AM76: NB | AN76: SB | AO76: NB | AP76: SB | AQ76: NB | AR76: SB | AU76: Direction | AV76: NB | AW76: SB | AX76: NB | AY76: SB | AZ76: NB | BA76: SB | BB76: NB | BC76: SB | BD76: NB | BE76: SB | BF76: NB | BG76: SB | BH76: NB | BI76: SB | BJ76: NB | BK76: SB | BL76: NB | BM76: SB | BN76: NB | BO76: SB | BR76: Direction | BS76: NB | BT76: SB | BU76: NB | BV76: SB | BW76: NB | BX76: SB | BY76: NB | BZ76: SB | CA76: NB | CB76: SB | CC76: NB | CD76: SB | CE76: NB | CF76: SB | CG76: NB | CH76: SB | CI76: NB | CJ76: SB | CK76: NB | CL76: SB
B77: Segment | C77: 1 | D77: 1 | E77: 2 | F77: 2 | G77: 3 | H77: 3 | I77: 4 | J77: 4 | K77: 5 | L77: 5 | M77: 6 | N77: 6 | O77: 7 | P77: 7 | Q77: 8 | R77: 8 | S77: 9 | T77: 9 | U77: 10 | V77: 10 | X77: Segment | Y77: 1 | Z77: 1 | AA77: 2 | AB77: 2 | AC77: 3 | AD77: 3 | AE77: 4 | AF77: 4 | AG77: 5 | AH77: 5 | AI77: 6 | AJ77: 6 | AK77: 7 | AL77: 7 | AM77: 8 | AN77: 8 | AO77: 9 | AP77: 9 | AQ77: 10 | AR77: 10 | AU77: Segment | AV77: 1 | AW77: 1 | AX77: 2 | AY77: 2 | AZ77: 3 | BA77: 3 | BB77: 4 | BC77: 4 | BD77: 5 | BE77: 5 | BF77: 6 | BG77: 6 | BH77: 7 | BI77: 7 | BJ77: 8 | BK77: 8 | BL77: 9 | BM77: 9 | BN77: 10 | BO77: 10 | BR77: Segment | BS77: 1 | BT77: 1 | BU77: 2 | BV77: 2 | BW77: 3 | BX77: 3 | BY77: 4 | BZ77: 4 | CA77: 5 | CB77: 5 | CC77: 6 | CD77: 6 | CE77: 7 | CF77: 7 | CG77: 8 | CH77: 8 | CI77: 9 | CJ77: 9 | CK77: 10 | CL77: 10
B78: Period | X78: Period | AU78: Period | BR78: Period
B79: Night | C79: 3.72 | D79: 5.99 | E79: 3.03 | F79: 3.03 | G79: 0.99 | H79: 2.04 | I79: 7.63 | J79: 20.5 | K79: 44.68 | L79: 58.74 | M79: 45.31 | N79: 65.32 | O79: 40.78 | P79: 45.05 | Q79: 31.89 | R79: 31.89 | S79: 18.89 | T79: 33.16 | U79: 18.88 | V79: 25.51 | X79: Night | Y79: 1.3 | Z79: 1.3 | AA79: 1.3 | AB79: 1.3 | AC79: 0.5 | AD79: 0.5 | AE79: 1.37 | AF79: 1.37 | AG79: 1.71 | AH79: 1.71 | AI79: 3.09 | AJ79: 3.09 | AK79: 2.49 | AL79: 2.49 | AM79: 3.26 | AN79: 3.26 | AO79: 2.91 | AP79: 2.91 | AQ79: 3.86 | AR79: 3.86 | AU79: Night | AV79: 1.42 | AW79: 1.42 | AX79: 1.42 | AY79: 1.42 | AZ79: 0.55 | BA79: 0.55 | BB79: 1.48 | BC79: 1.71 | BD79: 1.87 | BE79: 1.97 | BF79: 3.93 | BG79: 3.49 | BH79: 3.22 | BI79: 2.76 | BJ79: 3.84 | BK79: 3.65 | BL79: 3.2 | BM79: 2.97 | BN79: 4.28 | BO79: 3.97 | BR79: Night | BS79: -0.08 | BT79: -0.08 | BU79: -0.08 | BV79: -0.08 | BW79: -0.08 | BX79: -0.08 | BY79: -0.07 | BZ79: -0.2 | CA79: -0.08 | CB79: -0.13 | CC79: -0.22 | CD79: -0.12 | CE79: -0.23 | CF79: -0.1 | CG79: -0.15 | CH79: -0.11 | CI79: -0.09 | CJ79: -0.02 | CK79: -0.1 | CL79: -0.03
B80: AM-Early | C80: 53.01 | D80: 22.03 | E80: 29.09 | F80: 14.5 | G80: 8.4 | H80: 12.73 | I80: 46.97 | J80: 89.43 | K80: 59.29 | L80: 76.45 | M80: 107.63 | N80: 107.48 | O80: 99.4 | P80: 93.46 | Q80: 121.52 | R80: 77.62 | S80: 81.93 | T80: 72.21 | U80: 92.52 | V80: 60.07 | X80: AM-Early | Y80: 1.3 | Z80: 1.3 | AA80: 1.3 | AB80: 1.3 | AC80: 0.5 | AD80: 0.5 | AE80: 1.38 | AF80: 1.37 | AG80: 1.72 | AH80: 1.71 | AI80: 3.09 | AJ80: 3.09 | AK80: 2.49 | AL80: 2.49 | AM80: 3.26 | AN80: 3.26 | AO80: 2.92 | AP80: 2.91 | AQ80: 3.86 | AR80: 3.86 | AU80: AM-Early | AV80: 1.53 | AW80: 1.43 | AX80: 1.48 | AY80: 1.42 | AZ80: 0.56 | BA80: 0.55 | BB80: 1.61 | BC80: 1.64 | BD80: 1.93 | BE80: 1.82 | BF80: 3.68 | BG80: 3.3 | BH80: 2.95 | BI80: 2.73 | BJ80: 3.72 | BK80: 3.42 | BL80: 3.26 | BM80: 2.99 | BN80: 4.14 | BO80: 3.88 | BR80: AM-Early | BS80: -0.15 | BT80: -0.09 | BU80: -0.12 | BV80: -0.09 | BW80: -0.11 | BX80: -0.1 | BY80: -0.14 | BZ80: -0.16 | CA80: -0.11 | CB80: -0.06 | CC80: -0.16 | CD80: -0.06 | CE80: -0.16 | CF80: -0.09 | CG80: -0.12 | CH80: -0.05 | CI80: -0.11 | CJ80: -0.03 | CK80: -0.07 | CL80: -0.01
B81: AM-Peak | C81: 623.99 | D81: 61.79 | E81: 548.65 | F81: 29.66 | G81: 104.6 | H81: 412.17 | I81: 613.76 | J81: 451.47 | K81: 742.54 | L81: 421.18 | M81: 1272.75 | N81: 692.62 | O81: 1141.36 | P81: 587.17 | Q81: 1455.77 | R81: 619.61 | S81: 534.74 | T81: 476.11 | U81: 495.76 | V81: 410.77 | X81: AM-Peak | Y81: 1.33 | Z81: 1.3 | AA81: 1.32 | AB81: 1.3 | AC81: 0.52 | AD81: 0.51 | AE81: 1.47 | AF81: 1.37 | AG81: 1.89 | AH81: 1.71 | AI81: 3.45 | AJ81: 3.09 | AK81: 2.69 | AL81: 2.49 | AM81: 3.48 | AN81: 3.26 | AO81: 2.92 | AP81: 2.91 | AQ81: 3.86 | AR81: 3.86 | AU81: AM-Peak | AV81: 3.06 | AW81: 1.42 | AX81: 3.11 | AY81: 1.42 | AZ81: 0.85 | BA81: 1.19 | BB81: 2.43 | BC81: 1.74 | BD81: 3.11 | BE81: 1.96 | BF81: 5.71 | BG81: 3.54 | BH81: 4.51 | BI81: 2.89 | BJ81: 5.83 | BK81: 3.66 | BL81: 3.52 | BM81: 3.1 | BN81: 4.07 | BO81: 3.97 | BR81: AM-Peak | BS81: -0.56 | BT81: -0.09 | BU81: -0.57 | BV81: -0.08 | BW81: -0.39 | BX81: -0.57 | BY81: -0.4 | BZ81: -0.21 | CA81: -0.39 | CB81: -0.13 | CC81: -0.4 | CD81: -0.13 | CE81: -0.4 | CF81: -0.14 | CG81: -0.4 | CH81: -0.11 | CI81: -0.17 | CJ81: -0.06 | CK81: -0.05 | CL81: -0.03
B82: AM-Shoulder | C82: 109.87 | D82: 26.13 | E82: 93.95 | F82: 11.64 | G82: 32.29 | H82: 57.88 | I82: 223.74 | J82: 110.39 | K82: 279.88 | L82: 101.11 | M82: 462.35 | N82: 145.87 | O82: 405.53 | P82: 124.64 | Q82: 441.63 | R82: 180.86 | S82: 168.81 | T82: 107.29 | U82: 159.44 | V82: 138.67 | X82: AM-Shoulder | Y82: 1.31 | Z82: 1.3 | AA82: 1.31 | AB82: 1.3 | AC82: 0.5 | AD82: 0.5 | AE82: 1.39 | AF82: 1.37 | AG82: 1.73 | AH82: 1.71 | AI82: 3.11 | AJ82: 3.09 | AK82: 2.5 | AL82: 2.49 | AM82: 3.26 | AN82: 3.26 | AO82: 2.91 | AP82: 2.91 | AQ82: 3.86 | AR82: 3.86 | AU82: AM-Shoulder | AV82: 2.16 | AW82: 1.45 | AX82: 2.11 | AY82: 1.42 | AZ82: 0.81 | BA82: 0.93 | BB82: 2.29 | BC82: 1.82 | BD82: 2.74 | BE82: 2.01 | BF82: 4.94 | BG82: 3.55 | BH82: 3.99 | BI82: 2.88 | BJ82: 4.69 | BK82: 3.63 | BL82: 3.24 | BM82: 3.14 | BN82: 4.13 | BO82: 4.06 | BR82: AM-Shoulder | BS82: -0.39 | BT82: -0.1 | BU82: -0.38 | BV82: -0.09 | BW82: -0.38 | BX82: -0.46 | BY82: -0.4 | BZ82: -0.24 | CA82: -0.37 | CB82: -0.15 | CC82: -0.37 | CD82: -0.13 | CE82: -0.37 | CF82: -0.14 | CG82: -0.3 | CH82: -0.1 | CI82: -0.1 | CJ82: -0.07 | CK82: -0.07 | CL82: -0.05
B83: MD | C83: 306.29 | D83: 353.83 | E83: 301.47 | F83: 90.53 | G83: 107.69 | H83: 157.11 | I83: 271.95 | J83: 616.24 | K83: 702.32 | L83: 767.4 | M83: 849.59 | N83: 710.75 | O83: 640.72 | P83: 563.88 | Q83: 765.18 | R83: 660.27 | S83: 623.3 | T83: 405.36 | U83: 606.78 | V83: 408.92 | X83: MD | Y83: 1.3 | Z83: 1.3 | AA83: 1.31 | AB83: 1.3 | AC83: 0.5 | AD83: 0.5 | AE83: 1.37 | AF83: 1.37 | AG83: 1.72 | AH83: 1.72 | AI83: 3.09 | AJ83: 3.09 | AK83: 2.49 | AL83: 2.49 | AM83: 3.26 | AN83: 3.26 | AO83: 2.91 | AP83: 2.91 | AQ83: 3.86 | AR83: 3.86 | AU83: MD | AV83: 2.01 | AW83: 1.95 | AX83: 2.02 | AY83: 1.51 | AZ83: 0.76 | BA83: 0.77 | BB83: 1.57 | BC83: 2.12 | BD83: 2.36 | BE83: 2.52 | BF83: 3.91 | BG83: 3.7 | BH83: 2.96 | BI83: 2.88 | BJ83: 3.72 | BK83: 3.62 | BL83: 3.22 | BM83: 3.08 | BN83: 4.12 | BO83: 3.98 | BR83: MD | BS83: -0.35 | BT83: -0.33 | BU83: -0.35 | BV83: -0.14 | BW83: -0.34 | BX83: -0.35 | BY83: -0.12 | BZ83: -0.35 | CA83: -0.27 | CB83: -0.32 | CC83: -0.21 | CD83: -0.17 | CE83: -0.16 | CF83: -0.14 | CG83: -0.12 | CH83: -0.1 | CI83: -0.09 | CJ83: -0.05 | CK83: -0.06 | CL83: -0.03
B84: PM-Shoulder | C84: 72.09 | D84: 31.63 | E84: 68.15 | F84: 24.09 | G84: 19.75 | H84: 15.04 | I84: 31.98 | J84: 48.56 | K84: 35.57 | L84: 95.14 | M84: 90.09 | N84: 152.71 | O84: 80.33 | P84: 96.3 | Q84: 101.59 | R84: 163.96 | S84: 95.4 | T84: 69.41 | U84: 88.15 | V84: 55.8 | X84: PM-Shoulder | Y84: 1.31 | Z84: 1.3 | AA84: 1.32 | AB84: 1.32 | AC84: 0.5 | AD84: 0.5 | AE84: 1.37 | AF84: 1.37 | AG84: 1.72 | AH84: 1.73 | AI84: 3.09 | AJ84: 3.11 | AK84: 2.49 | AL84: 2.5 | AM84: 3.26 | AN84: 3.27 | AO84: 2.92 | AP84: 2.93 | AQ84: 3.86 | AR84: 3.86 | AU84: PM-Shoulder | AV84: 2.06 | AW84: 2.27 | AX84: 2.15 | AY84: 2.12 | AZ84: 0.77 | BA84: 0.78 | BB84: 1.61 | BC84: 2.13 | BD84: 1.89 | BE84: 2.74 | BF84: 3.58 | BG84: 4.98 | BH84: 2.86 | BI84: 3.59 | BJ84: 3.74 | BK84: 4.71 | BL84: 3.26 | BM84: 3.82 | BN84: 4.15 | BO84: 4.04 | BR84: PM-Shoulder | BS84: -0.37 | BT84: -0.43 | BU84: -0.38 | BV84: -0.38 | BW84: -0.35 | BX84: -0.36 | BY84: -0.15 | BZ84: -0.36 | CA84: -0.09 | CB84: -0.37 | CC84: -0.14 | CD84: -0.38 | CE84: -0.13 | CF84: -0.3 | CG84: -0.13 | CH84: -0.31 | CI84: -0.1 | CJ84: -0.23 | CK84: -0.07 | CL84: -0.04
B85: PM-Peak | C85: 275.8 | D85: 284.72 | E85: 118.61 | F85: 227.28 | G85: 65.56 | H85: 118.93 | I85: 166.71 | J85: 199.2 | K85: 173.75 | L85: 293.53 | M85: 296.15 | N85: 506.3 | O85: 233.07 | P85: 405.18 | Q85: 423.11 | R85: 502.31 | S85: 275.86 | T85: 204.47 | U85: 268.07 | V85: 196.66 | X85: PM-Peak | Y85: 1.33 | Z85: 1.33 | AA85: 1.31 | AB85: 1.34 | AC85: 0.52 | AD85: 0.51 | AE85: 1.38 | AF85: 1.42 | AG85: 1.72 | AH85: 1.95 | AI85: 3.09 | AJ85: 3.51 | AK85: 2.49 | AL85: 2.65 | AM85: 3.27 | AN85: 3.27 | AO85: 2.92 | AP85: 2.92 | AQ85: 3.86 | AR85: 3.86 | AU85: PM-Peak | AV85: 2.92 | AW85: 2.96 | AX85: 2.02 | AY85: 2.84 | AZ85: 0.84 | BA85: 1.11 | BB85: 1.82 | BC85: 2.34 | BD85: 2 | BE85: 3.1 | BF85: 3.76 | BG85: 5.57 | BH85: 3.03 | BI85: 4.13 | BJ85: 4.2 | BK85: 4.76 | BL85: 3.32 | BM85: 3.37 | BN85: 4.23 | BO85: 4.19 | BR85: PM-Peak | BS85: -0.55 | BT85: -0.55 | BU85: -0.35 | BV85: -0.53 | BW85: -0.38 | BX85: -0.54 | BY85: -0.24 | BZ85: -0.39 | CA85: -0.14 | CB85: -0.37 | CC85: -0.18 | CD85: -0.37 | CE85: -0.18 | CF85: -0.36 | CG85: -0.22 | CH85: -0.31 | CI85: -0.12 | CJ85: -0.13 | CK85: -0.09 | CL85: -0.08
B86: PM-Late | C86: 12.81 | D86: 30.04 | E86: 2.46 | F86: 3.44 | G86: 0.16 | H86: 1.57 | I86: 9.84 | J86: 28.1 | K86: 24.4 | L86: 57.21 | M86: 74.92 | N86: 70.07 | O86: 68.35 | P86: 35.71 | Q86: 45.26 | R86: 19.93 | S86: 18.56 | T86: 14.91 | U86: 41.2 | V86: 39.81 | X86: PM-Late | Y86: 1.3 | Z86: 1.3 | AA86: 1.3 | AB86: 1.3 | AC86: 0.5 | AD86: 0.5 | AE86: 1.37 | AF86: 1.37 | AG86: 1.71 | AH86: 1.71 | AI86: 3.09 | AJ86: 3.09 | AK86: 2.49 | AL86: 2.49 | AM86: 3.26 | AN86: 3.26 | AO86: 2.91 | AP86: 2.91 | AQ86: 3.86 | AR86: 3.86 | AU86: PM-Late | AV86: 1.47 | AW86: 1.58 | AX86: 1.42 | AY86: 1.42 | AZ86: 0.55 | BA86: 0.55 | BB86: 1.48 | BC86: 1.86 | BD86: 1.8 | BE86: 2.2 | BF86: 3.58 | BG86: 3.96 | BH86: 3.01 | BI86: 3 | BJ86: 3.74 | BK86: 3.62 | BL86: 3.24 | BM86: 3.08 | BN86: 4.11 | BO86: 3.97 | BR86: PM-Late | BS86: -0.12 | BT86: -0.18 | BU86: -0.08 | BV86: -0.08 | BW86: -0.08 | BX86: -0.09 | BY86: -0.07 | BZ86: -0.26 | CA86: -0.05 | CB86: -0.22 | CC86: -0.14 | CD86: -0.22 | CE86: -0.18 | CF86: -0.17 | CG86: -0.13 | CH86: -0.1 | CI86: -0.1 | CJ86: -0.05 | CK86: -0.06 | CL86: -0.03
B89: Revenue Per Period Heavy A | X89: ML light veh.Miles | AU89: GP light veh.Miles | BR89: LVr Toll
B90: Direction | C90: NB | D90: SB | E90: NB | F90: SB | G90: NB | H90: SB | I90: NB | J90: SB | K90: NB | L90: SB | M90: NB | N90: SB | O90: NB | P90: SB | Q90: NB | R90: SB | S90: NB | T90: SB | U90: NB | V90: SB | X90: Direction | Y90: NB | AI90: SB | AU90: Direction | AV90: NB | BF90: SB | BR90: Direction | BS90: NB | BT90: SB | BU90: NB | BV90: SB | BW90: NB | BX90: SB | BY90: NB | BZ90: SB | CA90: NB | CB90: SB | CC90: NB | CD90: SB | CE90: NB | CF90: SB | CG90: NB | CH90: SB | CI90: NB | CJ90: SB | CK90: NB | CL90: SB
B91: Segment | C91: 1 | D91: 1 | E91: 2 | F91: 2 | G91: 3 | H91: 3 | I91: 4 | J91: 4 | K91: 5 | L91: 5 | M91: 6 | N91: 6 | O91: 7 | P91: 7 | Q91: 8 | R91: 8 | S91: 9 | T91: 9 | U91: 10 | V91: 10 | X91: Segment | Y91: 1 | Z91: 10 | AA91: 2 | AB91: 3 | AC91: 4 | AD91: 5 | AE91: 6 | AF91: 7 | AG91: 8 | AH91: 9 | AI91: 1 | AJ91: 10 | AK91: 2 | AL91: 3 | AM91: 4 | AN91: 5 | AO91: 6 | AP91: 7 | AQ91: 8 | AR91: 9 | AU91: Segment | AV91: 1 | AW91: 10 | AX91: 2 | AY91: 3 | AZ91: 4 | BA91: 5 | BB91: 6 | BC91: 7 | BD91: 8 | BE91: 9 | BF91: 1 | BG91: 10 | BH91: 2 | BI91: 3 | BJ91: 4 | BK91: 5 | BL91: 6 | BM91: 7 | BN91: 8 | BO91: 9 | BR91: Segment | BS91: 1 | BT91: 1 | BU91: 2 | BV91: 2 | BW91: 3 | BX91: 3 | BY91: 4 | BZ91: 4 | CA91: 5 | CB91: 5 | CC91: 6 | CD91: 6 | CE91: 7 | CF91: 7 | CG91: 8 | CH91: 8 | CI91: 9 | CJ91: 9 | CK91: 10 | CL91: 10
B92: Period | X92: Period | AU92: Period | BR92: Period
B93: Night | C93: 79.41 | D93: 80.06 | E93: 38.38 | F93: 39.45 | G93: 22.81 | H93: 23.43 | I93: 81.88 | J93: 472.29 | K93: 597.62 | L93: 578.11 | M93: 1097.35 | N93: 1036.93 | O93: 867.2 | P93: 883.65 | Q93: 1160.47 | R93: 1128.58 | S93: 877.92 | T93: 920.33 | U93: 1396.69 | V93: 1421.7 | X93: Night | Y93: 868.43 | Z93: 4400.23 | AA93: 901.46 | AB93: 256.59 | AC93: 876.26 | AD93: 2496.2 | AE93: 4620.92 | AF93: 3565.69 | AG93: 4526.26 | AH93: 3544.06 | AI93: 843.6 | AJ93: 2848.54 | AK93: 817.57 | AL93: 326.14 | AM93: 1667.23 | AN93: 2058.28 | AO93: 3688.52 | AP93: 2815.61 | AQ93: 3968.19 | AR93: 2190.79 | AU93: Night | AV93: 868.43 | AW93: 4400.23 | AX93: 901.46 | AY93: 256.59 | AZ93: 876.26 | BA93: 2496.2 | BB93: 4620.92 | BC93: 3565.69 | BD93: 4526.26 | BE93: 3544.06 | BF93: 843.6 | BG93: 2848.54 | BH93: 817.57 | BI93: 326.14 | BJ93: 1667.23 | BK93: 2058.28 | BL93: 3688.52 | BM93: 2815.61 | BN93: 3968.19 | BO93: 2190.79 | BR93: Night | BS93: 0.26 | BT93: 0.26 | BU93: 0.26 | BV93: 0.26 | BW93: 0.1 | BX93: 0.1 | BY93: 0.32 | BZ93: 0.86 | CA93: 1.08 | CB93: 1.08 | CC93: 1.94 | CD93: 1.94 | CE93: 1.57 | CF93: 1.57 | CG93: 2.05 | CH93: 2.05 | CI93: 1.84 | CJ93: 1.84 | CK93: 2.43 | CL93: 2.43
B94: AM-Early | C94: 49.38 | D94: 31.72 | E94: 20.79 | F94: 16.74 | G94: 12.42 | H94: 10.04 | I94: 42.82 | J94: 79.63 | K94: 61.02 | L94: 66.36 | M94: 138.58 | N94: 135.54 | O94: 137.18 | P94: 120.36 | Q94: 168.07 | R94: 115.82 | S94: 136.6 | T94: 103.9 | U94: 190.8 | V94: 99.55 | X94: AM-Early | Y94: 1317.61 | Z94: 4286.11 | AA94: 1454.48 | AB94: 349.95 | AC94: 1912.98 | AD94: 2216.81 | AE94: 3828.83 | AF94: 2622.55 | AG94: 3242.33 | AH94: 2861.6 | AI94: 765.23 | AJ94: 2484.1 | AK94: 884.87 | AL94: 411.76 | AM94: 1162.73 | AN94: 1348.24 | AO94: 2439.7 | AP94: 2206.96 | AQ94: 2850.37 | AR94: 1989.35 | AU94: AM-Early | AV94: 1317.61 | AW94: 4286.11 | AX94: 1454.48 | AY94: 349.95 | AZ94: 1912.98 | BA94: 2216.81 | BB94: 3828.83 | BC94: 2622.55 | BD94: 3242.33 | BE94: 2861.6 | BF94: 765.23 | BG94: 2484.1 | BH94: 884.87 | BI94: 411.76 | BJ94: 1162.73 | BK94: 1348.24 | BL94: 2439.7 | BM94: 2206.96 | BN94: 2850.37 | BO94: 1989.35 | BR94: AM-Early | BS94: 1.16 | BT94: 0.72 | BU94: 0.9 | BV94: 0.6 | BW94: 0.41 | BX94: 0.29 | BY94: 1.31 | BZ94: 1.8 | CA94: 1.82 | CB94: 1.72 | CC94: 4.24 | CD94: 3.22 | CE94: 3.55 | CF94: 2.88 | CG94: 4.25 | CH94: 2.98 | CI94: 3.56 | CJ94: 2.42 | CK94: 3.52 | CL94: 2.1
B95: AM-Peak | C95: 1625.87 | D95: 118.49 | E95: 732.63 | F95: 43.09 | G95: 404.13 | H95: 525.1 | I95: 1034.9 | J95: 545.65 | K95: 1439.46 | L95: 589 | M95: 2707.79 | N95: 1135.6 | O95: 2511.08 | P95: 995.34 | Q95: 3229.8 | R95: 1073.71 | S95: 1128.78 | T95: 857.76 | U95: 992.34 | V95: 859.71 | X95: AM-Peak | Y95: 5946.57 | Z95: 8167.27 | AA95: 5997.82 | AB95: 2285.52 | AC95: 8607.25 | AD95: 11167.44 | AE95: 20718.41 | AF95: 15246.47 | AG95: 19354.21 | AH95: 8449.37 | AI95: 1865.81 | AJ95: 7145.31 | AK95: 1973.89 | AL95: 2120.1 | AM95: 3846.08 | AN95: 4191.51 | AO95: 7368.99 | AP95: 6101.93 | AQ95: 8040.62 | AR95: 5832.36 | AU95: AM-Peak | AV95: 5946.57 | AW95: 8167.27 | AX95: 5997.82 | AY95: 2285.52 | AZ95: 8607.25 | BA95: 11167.44 | BB95: 20718.41 | BC95: 15246.47 | BD95: 19354.21 | BE95: 8449.37 | BF95: 1865.81 | BG95: 7145.31 | BH95: 1973.89 | BI95: 2120.1 | BJ95: 3846.08 | BK95: 4191.51 | BL95: 7368.99 | BM95: 6101.93 | BN95: 8040.62 | BO95: 5832.36 | BR95: AM-Peak | BS95: 4.68 | BT95: 0.91 | BU95: 5.31 | BV95: 0.67 | BW95: 0.9 | BX95: 1.93 | BY95: 2.88 | BZ95: 2.86 | CA95: 3.6 | CB95: 3.3 | CC95: 6.48 | CD95: 6.05 | CE95: 5.22 | CF95: 5 | CG95: 6.84 | CH95: 6.04 | CI95: 6.12 | CJ95: 4.58 | CK95: 5.84 | CL95: 5.16
B96: AM-Shoulder | C96: 338.87 | D96: 67.49 | E96: 144.46 | F96: 20.21 | G96: 108.79 | H96: 120.79 | I96: 308.03 | J96: 192.04 | K96: 380.48 | L96: 181.8 | M96: 689.19 | N96: 328.39 | O96: 599.19 | P96: 277.61 | Q96: 560.52 | R96: 292.23 | S96: 235.65 | T96: 260.67 | U96: 304.29 | V96: 284.25 | X96: AM-Shoulder | Y96: 1651.58 | Z96: 2643.78 | AA96: 1841.8 | AB96: 554.78 | AC96: 2019.87 | AD96: 2363.1 | AE96: 4235.44 | AF96: 3331.16 | AG96: 3305.16 | AH96: 2264.44 | AI96: 657.51 | AJ96: 2485.94 | AK96: 776.83 | AL96: 535.16 | AM96: 1319.56 | AN96: 1424.6 | AO96: 2417.91 | AP96: 1994.42 | AQ96: 2467.55 | AR96: 1987.17 | AU96: AM-Shoulder | AV96: 1651.58 | AW96: 2643.78 | AX96: 1841.8 | AY96: 554.78 | AZ96: 2019.87 | BA96: 2363.1 | BB96: 4235.44 | BC96: 3331.16 | BD96: 3305.16 | BE96: 2264.44 | BF96: 657.51 | BG96: 2485.94 | BH96: 776.83 | BI96: 535.16 | BJ96: 1319.56 | BK96: 1424.6 | BL96: 2417.91 | BM96: 1994.42 | BN96: 2467.55 | BO96: 1987.17 | BR96: AM-Shoulder | BS96: 2.34 | BT96: 1.09 | BU96: 2.34 | BV96: 0.59 | BW96: 0.9 | BX96: 1.4 | BY96: 2.88 | BZ96: 2.32 | CA96: 3.6 | CB96: 2.48 | CC96: 6.48 | CD96: 4.28 | CE96: 5.22 | CF96: 3.5 | CG96: 6.84 | CH96: 4.11 | CI96: 3.61 | CJ96: 3.33 | CK96: 4.25 | CL96: 3.95
B97: MD | C97: 1029.3 | D97: 1026.76 | E97: 522.93 | F97: 191.12 | G97: 332.28 | H97: 315.16 | I97: 364.85 | J97: 1057.14 | K97: 1034.61 | L97: 1243.64 | M97: 1549.15 | N97: 1353.64 | O97: 1098.69 | P97: 988.03 | Q97: 1308.32 | R97: 1122.43 | S97: 1058.46 | T97: 801.11 | U97: 1304.93 | V97: 984.41 | X97: MD | Y97: 5869.55 | Z97: 14736.5 | AA97: 8147.39 | AB97: 2280.26 | AC97: 7092.37 | AD97: 9144.64 | AE97: 15430.04 | AF97: 11637.09 | AG97: 14212.28 | AH97: 11571.19 | AI97: 6328.16 | AJ97: 16910.31 | AK97: 7275.36 | AL97: 2535.61 | AM97: 7979.96 | AN97: 9973.03 | AO97: 15842.87 | AP97: 12540.03 | AQ97: 14017.69 | AR97: 11912.07 | AU97: MD | AV97: 5869.55 | AW97: 14736.5 | AX97: 8147.39 | AY97: 2280.26 | AZ97: 7092.37 | BA97: 9144.64 | BB97: 15430.04 | BC97: 11637.09 | BD97: 14212.28 | BE97: 11571.19 | BF97: 6328.16 | BG97: 16910.31 | BH97: 7275.36 | BI97: 2535.61 | BJ97: 7979.96 | BK97: 9973.03 | BL97: 15842.87 | BM97: 12540.03 | BN97: 14017.69 | BO97: 11912.07 | BR97: MD | BS97: 2.34 | BT97: 2.34 | BU97: 2.34 | BV97: 1.01 | BW97: 0.9 | BX97: 0.9 | BY97: 1.28 | BZ97: 2.88 | CA97: 3.36 | CB97: 3.6 | CC97: 5.18 | CD97: 4.48 | CE97: 3.64 | CF97: 3.27 | CG97: 4.29 | CH97: 3.95 | CI97: 3.51 | CJ97: 2.84 | CK97: 4.05 | CL97: 2.85
B98: PM-Shoulder | C98: 199.77 | D98: 191.44 | E98: 95.51 | F98: 60 | G98: 56.97 | H98: 51.59 | I98: 53.97 | J98: 147.64 | K98: 67.84 | L98: 222.29 | M98: 169.65 | N98: 355.14 | O98: 134.86 | P98: 210.56 | Q98: 180.8 | R98: 317 | S98: 162.25 | T98: 195.37 | U98: 197.82 | V98: 107.08 | X98: PM-Shoulder | Y98: 1612.08 | Z98: 4013.93 | AA98: 2046.16 | AB98: 554.64 | AC98: 1772.29 | AD98: 2073.2 | AE98: 3854.21 | AF98: 3107.59 | AG98: 3967.74 | AH98: 3320.38 | AI98: 1394.41 | AJ98: 4120 | AK98: 2112.97 | AL98: 640.41 | AM98: 1674.92 | AN98: 2627.05 | AO98: 4792.59 | AP98: 3853.59 | AQ98: 4788.72 | AR98: 4318.56 | AU98: PM-Shoulder | AV98: 1612.08 | AW98: 4013.93 | AX98: 2046.16 | AY98: 554.64 | AZ98: 1772.29 | BA98: 2073.2 | BB98: 3854.21 | BC98: 3107.59 | BD98: 3967.74 | BE98: 3320.38 | BF98: 1394.41 | BG98: 4120 | BH98: 2112.97 | BI98: 640.41 | BJ98: 1674.92 | BK98: 2627.05 | BL98: 4792.59 | BM98: 3853.59 | BN98: 4788.72 | BO98: 4318.56 | BR98: PM-Shoulder | BS98: 2.34 | BT98: 3.24 | BU98: 2.6 | BV98: 2.52 | BW98: 0.9 | BX98: 0.9 | BY98: 1.32 | BZ98: 2.88 | CA98: 1.65 | CB98: 3.93 | CC98: 3.62 | CD98: 7.3 | CE98: 2.84 | CF98: 4.74 | CG98: 3.72 | CH98: 6.36 | CI98: 3.08 | CJ98: 4.6 | CK98: 3.58 | CL98: 2.99
B99: PM-Peak | C99: 1225.19 | D99: 1360.14 | E99: 303.29 | F99: 504.29 | G99: 271.33 | H99: 417.59 | I99: 405.44 | J99: 891.35 | K99: 417.45 | L99: 1178.76 | M99: 903.67 | N99: 1993.01 | O99: 752.21 | P99: 1434.98 | Q99: 1244.94 | R99: 1575.61 | S99: 869.45 | T99: 795.67 | U99: 1033.62 | V99: 884.29 | X99: PM-Peak | Y99: 6235.15 | Z99: 12698.92 | AA99: 5854.25 | AB99: 2683.86 | AC99: 5968 | AD99: 6693.5 | AE99: 12176.43 | AF99: 9934.44 | AG99: 13341.86 | AH99: 10272.73 | AI99: 6442.31 | AJ99: 12793.11 | AK99: 7117.17 | AL99: 2437.84 | AM99: 8341.36 | AN99: 12970.82 | AO99: 23537.66 | AP99: 17021.04 | AQ99: 13977.69 | AR99: 10969 | AU99: PM-Peak | AV99: 6235.15 | AW99: 12698.92 | AX99: 5854.25 | AY99: 2683.86 | AZ99: 5968 | BA99: 6693.5 | BB99: 12176.43 | BC99: 9934.44 | BD99: 13341.86 | BE99: 10272.73 | BF99: 6442.31 | BG99: 12793.11 | BH99: 7117.17 | BI99: 2437.84 | BJ99: 8341.36 | BK99: 12970.82 | BL99: 23537.66 | BM99: 17021.04 | BN99: 13977.69 | BO99: 10969 | BR99: PM-Peak | BS99: 4.68 | BT99: 4.68 | BU99: 2.94 | BV99: 4.68 | BW99: 0.9 | BX99: 1.8 | BY99: 2.66 | BZ99: 2.88 | CA99: 2.87 | CB99: 3.6 | CC99: 5.85 | CD99: 6.48 | CE99: 4.69 | CF99: 5.22 | CG99: 6.84 | CH99: 8.64 | CI99: 4.78 | CJ99: 4.91 | CK99: 5.73 | CL99: 5.5
B100: PM-Late | C100: 155.85 | D100: 219.43 | E100: 20.92 | F100: 23.34 | G100: 9.61 | H100: 17.81 | I100: 127.21 | J100: 294.87 | K100: 213.34 | L100: 345.63 | M100: 574.4 | N100: 655.79 | O100: 524.62 | P100: 494.03 | Q100: 597.67 | R100: 529.46 | S100: 481.59 | T100: 378.6 | U100: 563.92 | V100: 509.79 | X100: PM-Late | Y100: 2675.23 | Z100: 6831.96 | AA100: 2831.41 | AB100: 159.27 | AC100: 976.37 | AD100: 3390.77 | AE100: 6025.57 | AF100: 4779.36 | AG100: 6029.84 | AH100: 4986.79 | AI100: 3480.69 | AJ100: 7025.97 | AK100: 3009.61 | AL100: 1185.78 | AM100: 4004.55 | AN100: 4817.73 | AO100: 8881.5 | AP100: 6657.41 | AQ100: 6721.35 | AR100: 5164.41 | AU100: PM-Late | AV100: 2675.23 | AW100: 6831.96 | AX100: 2831.41 | AY100: 159.27 | AZ100: 976.37 | BA100: 3390.77 | BB100: 6025.57 | BC100: 4779.36 | BD100: 6029.84 | BE100: 4986.79 | BF100: 3480.69 | BG100: 7025.97 | BH100: 3009.61 | BI100: 1185.78 | BJ100: 4004.55 | BK100: 4817.73 | BL100: 8881.5 | BM100: 6657.41 | BN100: 6721.35 | BO100: 5164.41 | BR100: PM-Late | BS100: 1.13 | BT100: 1.48 | BU100: 0.35 | BV100: 0.37 | BW100: 0.1 | BX100: 0.17 | BY100: 1.11 | BZ100: 2.52 | CA100: 1.8 | CB100: 3.07 | CC100: 4.75 | CD100: 5.52 | CE100: 4.28 | CF100: 3.91 | CG100: 4.93 | CH100: 4.35 | CI100: 4.04 | CJ100: 3.25 | CK100: 4.48 | CL100: 3.5
B103: % Workday Revenue | X103: ML light veh/period | AU103: GP light veh/period | BR103: Medium A Toll
B104: Direction | C104: NB | D104: SB | E104: NB | F104: SB | G104: NB | H104: SB | I104: NB | J104: SB | K104: NB | L104: SB | M104: NB | N104: SB | O104: NB | P104: SB | Q104: NB | R104: SB | S104: NB | T104: SB | U104: NB | V104: SB | X104: Direction | Y104: NB | Z104: SB | AA104: NB | AB104: SB | AC104: NB | AD104: SB | AE104: NB | AF104: SB | AG104: NB | AH104: SB | AI104: NB | AJ104: SB | AK104: NB | AL104: SB | AM104: NB | AN104: SB | AO104: NB | AP104: SB | AQ104: NB | AR104: SB | AU104: Direction | AV104: NB | AW104: SB | AX104: NB | AY104: SB | AZ104: NB | BA104: SB | BB104: NB | BC104: SB | BD104: NB | BE104: SB | BF104: NB | BG104: SB | BH104: NB | BI104: SB | BJ104: NB | BK104: SB | BL104: NB | BM104: SB | BN104: NB | BO104: SB | BR104: Direction | BS104: NB | BT104: SB | BU104: NB | BV104: SB | BW104: NB | BX104: SB | BY104: NB | BZ104: SB | CA104: NB | CB104: SB | CC104: NB | CD104: SB | CE104: NB | CF104: SB | CG104: NB | CH104: SB | CI104: NB | CJ104: SB | CK104: NB | CL104: SB
B105: Segment | C105: 1 | D105: 1 | E105: 2 | F105: 2 | G105: 3 | H105: 3 | I105: 4 | J105: 4 | K105: 5 | L105: 5 | M105: 6 | N105: 6 | O105: 7 | P105: 7 | Q105: 8 | R105: 8 | S105: 9 | T105: 9 | U105: 10 | V105: 10 | X105: Segment | Y105: 1 | Z105: 1 | AA105: 2 | AB105: 2 | AC105: 3 | AD105: 3 | AE105: 4 | AF105: 4 | AG105: 5 | AH105: 5 | AI105: 6 | AJ105: 6 | AK105: 7 | AL105: 7 | AM105: 8 | AN105: 8 | AO105: 9 | AP105: 9 | AQ105: 10 | AR105: 10 | AU105: Segment | AV105: 1 | AW105: 1 | AX105: 2 | AY105: 2 | AZ105: 3 | BA105: 3 | BB105: 4 | BC105: 4 | BD105: 5 | BE105: 5 | BF105: 6 | BG105: 6 | BH105: 7 | BI105: 7 | BJ105: 8 | BK105: 8 | BL105: 9 | BM105: 9 | BN105: 10 | BO105: 10 | BR105: Segment | BS105: 1 | BT105: 1 | BU105: 2 | BV105: 2 | BW105: 3 | BX105: 3 | BY105: 4 | BZ105: 4 | CA105: 5 | CB105: 5 | CC105: 6 | CD105: 6 | CE105: 7 | CF105: 7 | CG105: 8 | CH105: 8 | CI105: 9 | CJ105: 9 | CK105: 10 | CL105: 10
B106: Period | X106: Period | AU106: Period | BR106: Period
B107: Night | C107: 0.0035665553 | D107: 0.0052113949 | E107: 0.0033488454 | F107: 0.0052140095 | G107: 0.0042931868 | H107: 0.0032672252 | I107: 0.0059702348 | J107: 0.024980435 | K107: 0.029710684 | L107: 0.023856596 | M107: 0.029698072 | N107: 0.026385435 | O107: 0.030648645 | P107: 0.028450902 | Q107: 0.031329071 | R107: 0.035366019 | S107: 0.042011341 | T107: 0.03831296 | U107: 0.055764386 | V107: 0.054226734 | X107: Night | Y107: 668.03 | Z107: 648.92 | AA107: 693.43 | AB107: 628.9 | AC107: 513.18 | AD107: 652.28 | AE107: 547.66 | AF107: 1042.02 | AG107: 1248.1 | AH107: 1029.14 | AI107: 1283.59 | AJ107: 1024.59 | AK107: 1229.55 | AL107: 970.9 | AM107: 1191.12 | AN107: 1044.26 | AO107: 1042.37 | AP107: 644.35 | AQ107: 977.83 | AR107: 633.01 | AU107: Night | AV107: 10803.89 | AW107: 10494.48 | AX107: 10449.17 | AY107: 9475.6 | AZ107: 7743.32 | BA107: 9845.41 | BB107: 10405.55 | BC107: 9378.18 | BD107: 11232.9 | BE107: 9262.26 | BF107: 11552.31 | BG107: 9221.31 | BH107: 11065.95 | BI107: 8738.1 | BJ107: 10720.08 | BK107: 9398.34 | BL107: 9381.33 | BM107: 5799.15 | BN107: 8800.47 | BO107: 5697.09 | BR107: Night | BS107: 0.78 | BT107: 0.78 | BU107: 0.78 | BV107: 0.78 | BW107: 0.3 | BX107: 0.3 | BY107: 0.96 | BZ107: 2.59 | CA107: 3.24 | CB107: 3.24 | CC107: 5.83 | CD107: 5.83 | CE107: 4.7 | CF107: 4.7 | CG107: 6.16 | CH107: 6.16 | CI107: 5.51 | CJ107: 5.51 | CK107: 7.29 | CL107: 7.29
B108: AM-Early | C108: 0.018199013 | D108: 0.010148811 | E108: 0.015845383 | F108: 0.011306335 | G108: 0.017692363 | H108: 0.0096183314 | I108: 0.03766841 | J108: 0.027909201 | K108: 0.032333271 | L108: 0.019047486 | M108: 0.03949302 | N108: 0.022380031 | O108: 0.038156858 | P108: 0.029390878 | Q108: 0.034819231 | R108: 0.026953058 | S108: 0.048447873 | T108: 0.029791369 | U108: 0.054603134 | V108: 0.024898733 | X108: AM-Early | Y108: 1013.54 | Z108: 588.64 | AA108: 1118.83 | AB108: 680.67 | AC108: 699.9 | AD108: 823.51 | AE108: 1195.61 | AF108: 726.71 | AG108: 1108.41 | AH108: 674.12 | AI108: 1063.56 | AJ108: 677.69 | AK108: 904.33 | AL108: 761.02 | AM108: 853.24 | AN108: 750.1 | AO108: 841.65 | AP108: 585.1 | AQ108: 952.47 | AR108: 552.02 | AU108: AM-Early | AV108: 5178.08 | AW108: 2977.56 | AX108: 5318.65 | AY108: 3201.22 | AZ108: 3280.7 | BA108: 3866.16 | BB108: 5735.68 | BC108: 3428.69 | BD108: 5737.01 | BE108: 3426.18 | BF108: 5615.03 | BG108: 3466.91 | BH108: 4673.57 | BI108: 3895.08 | BJ108: 4418.18 | BK108: 3850.56 | BL108: 4335.43 | BM108: 2974.75 | BN108: 5002.32 | BO108: 2815.92 | BR108: AM-Early | BS108: 3.48 | BT108: 2.15 | BU108: 2.7 | BV108: 1.79 | BW108: 1.22 | BX108: 0.86 | BY108: 3.92 | BZ108: 5.41 | CA108: 5.47 | CB108: 5.16 | CC108: 12.71 | CD108: 9.66 | CE108: 10.66 | CF108: 8.65 | CG108: 12.74 | CH108: 8.93 | CI108: 10.67 | CJ108: 7.27 | CK108: 10.57 | CL108: 6.31
B109: AM-Peak | C109: 0.34499368 | D109: 0.032128228 | E109: 0.40281165 | F109: 0.028883502 | G109: 0.28035375 | H109: 0.35545472 | I109: 0.40848199 | J109: 0.15150623 | K109: 0.35614066 | L109: 0.12025971 | M109: 0.35955283 | N109: 0.13572693 | O109: 0.36037643 | P109: 0.15464103 | Q109: 0.36757693 | R109: 0.16826371 | S109: 0.26757375 | T109: 0.18296285 | U109: 0.19076399 | V109: 0.18423946 | X109: AM-Peak | Y109: 4574.28 | Z109: 1435.24 | AA109: 4613.71 | AB109: 1518.38 | AC109: 4571.05 | AD109: 4240.21 | AE109: 5379.53 | AF109: 2403.8 | AG109: 5583.72 | AH109: 2095.75 | AI109: 5755.11 | AJ109: 2046.94 | AK109: 5257.4 | AL109: 2104.11 | AM109: 5093.21 | AN109: 2115.95 | AO109: 2485.11 | AP109: 1715.4 | AQ109: 1814.95 | AR109: 1587.85 | AU109: AM-Peak | AV109: 16262.18 | AW109: 7260.96 | AX109: 18370.76 | AY109: 7161.3 | AZ109: 10453.82 | BA109: 15600.07 | BB109: 15830.4 | BC109: 11439.19 | BD109: 16065.02 | BE109: 10709.18 | BF109: 16288.01 | BG109: 10556.29 | BH109: 14049.13 | BI109: 10803.6 | BJ109: 13333.15 | BK109: 10922.74 | BL109: 12418.47 | BM109: 8752.79 | BN109: 9310.11 | BO109: 8101.27 | BR109: AM-Peak | BS109: 14.04 | BT109: 2.72 | BU109: 15.93 | BV109: 2.02 | BW109: 2.7 | BX109: 5.78 | BY109: 8.64 | BZ109: 8.58 | CA109: 10.8 | CB109: 9.89 | CC109: 19.44 | CD109: 18.15 | CE109: 15.66 | CF109: 15.01 | CG109: 20.52 | CH109: 18.13 | CI109: 18.36 | CJ109: 13.75 | CK109: 17.53 | CL109: 15.49
B110: AM-Shoulder | C110: 0.050308026 | D110: 0.013793537 | E110: 0.055147831 | F110: 0.010157972 | G110: 0.068532022 | H110: 0.062479963 | I110: 0.10116146 | J110: 0.041205636 | K110: 0.078254297 | L110: 0.030434097 | M110: 0.077233892 | N110: 0.031311873 | O110: 0.081337402 | P110: 0.035051571 | Q110: 0.065208662 | R110: 0.036508394 | S110: 0.044869015 | T110: 0.043966167 | U110: 0.04668756 | V110: 0.049740492 | X110: AM-Shoulder | Y110: 1270.45 | Z110: 505.77 | AA110: 1416.77 | AB110: 597.56 | AC110: 1109.57 | AD110: 1070.32 | AE110: 1262.42 | AF110: 824.73 | AG110: 1181.55 | AH110: 712.3 | AI110: 1176.51 | AJ110: 671.64 | AK110: 1148.68 | AL110: 687.73 | AM110: 869.78 | AN110: 649.35 | AO110: 666.01 | AP110: 584.46 | AQ110: 587.51 | AR110: 552.43 | AU110: AM-Shoulder | AV110: 4320.35 | AW110: 2552.47 | AX110: 5072.94 | AY110: 2806.95 | AZ110: 3485.29 | BA110: 5067 | BB110: 4678.79 | BC110: 3903.65 | BD110: 4685.72 | BE110: 3624.62 | BF110: 4672.96 | BG110: 3431.84 | BH110: 4509.34 | BI110: 3504.45 | BJ110: 4276.9 | BK110: 3315.42 | BL110: 3399.72 | BM110: 2965.67 | BN110: 2991.54 | BO110: 2805.87 | BR110: AM-Shoulder | BS110: 7.02 | BT110: 3.28 | BU110: 7.02 | BV110: 1.76 | BW110: 2.7 | BX110: 4.2 | BY110: 8.64 | BZ110: 6.97 | CA110: 10.8 | CB110: 7.44 | CC110: 19.44 | CD110: 12.85 | CE110: 15.66 | CF110: 10.51 | CG110: 20.52 | CH110: 12.32 | CI110: 10.84 | CJ110: 9.98 | CK110: 12.76 | CL110: 11.86
B111: MD | C111: 0.17162112 | D111: 0.2690741 | E111: 0.24122708 | F111: 0.15469521 | G111: 0.26856479 | H111: 0.18359303 | I111: 0.15201517 | J111: 0.29781962 | K111: 0.27215161 | L111: 0.28586889 | M111: 0.21493084 | N111: 0.19400722 | O111: 0.18748871 | P111: 0.19005596 | Q111: 0.16694806 | R111: 0.18499289 | S111: 0.21632316 | T111: 0.20478875 | U111: 0.23430111 | V111: 0.2260818 | X111: MD | Y111: 4515.04 | Z111: 4867.82 | AA111: 6267.22 | AB111: 5596.43 | AC111: 4560.53 | AD111: 5071.21 | AE111: 4432.73 | AF111: 4987.47 | AG111: 4572.32 | AH111: 4986.52 | AI111: 4286.12 | AJ111: 4400.8 | AK111: 4012.79 | AL111: 4324.15 | AM111: 3740.07 | AN111: 3688.87 | AO111: 3403.29 | AP111: 3503.55 | AQ111: 3274.78 | AR111: 3757.85 | AU111: MD | AV111: 15575.62 | AW111: 20823.18 | AX111: 24313.95 | AY111: 26299.34 | AZ111: 15431.62 | BA111: 17864.77 | BB111: 20745.59 | BC111: 20567.03 | BD111: 23272.46 | BE111: 23641.98 | BF111: 21989.22 | BG111: 22554.98 | BH111: 20357.97 | BI111: 21993.23 | BJ111: 18981.12 | BK111: 18692.57 | BL111: 17160.71 | BM111: 17662.93 | BN111: 16530.82 | BO111: 19132.4 | BR111: MD | BS111: 7.02 | BT111: 7.02 | BU111: 7.02 | BV111: 3.03 | BW111: 2.7 | BX111: 2.7 | BY111: 3.85 | BZ111: 8.64 | CA111: 10.08 | CB111: 10.8 | CC111: 15.54 | CD111: 13.44 | CE111: 10.92 | CF111: 9.8 | CG111: 12.86 | CH111: 11.85 | CI111: 10.52 | CJ111: 8.53 | CK111: 12.14 | CL111: 8.56
B112: PM-Shoulder | C112: 0.044646451 | D112: 0.076143754 | E112: 0.06461793 | F112: 0.10684142 | G112: 0.062402065 | H112: 0.043190819 | I112: 0.036266791 | J112: 0.057132732 | K112: 0.027963239 | L112: 0.07631794 | M112: 0.035281137 | N112: 0.088731726 | O112: 0.036217867 | P112: 0.077680727 | Q112: 0.03740834 | R112: 0.093558334 | S112: 0.050523773 | T112: 0.10903465 | U112: 0.052718526 | V112: 0.053187444 | X112: PM-Shoulder | Y112: 1240.06 | Z112: 1072.62 | AA112: 1573.97 | AB112: 1625.37 | AC112: 1109.27 | AD112: 1280.82 | AE112: 1107.68 | AF112: 1046.83 | AG112: 1036.6 | AH112: 1313.52 | AI112: 1070.61 | AJ112: 1331.27 | AK112: 1071.58 | AL112: 1328.82 | AM112: 1044.14 | AN112: 1260.19 | AO112: 976.58 | AP112: 1270.16 | AQ112: 891.99 | AR112: 915.56 | AU112: PM-Shoulder | AV112: 3783.29 | AW112: 4282.57 | AX112: 6024.16 | AY112: 6251.05 | AZ112: 3228.44 | BA112: 3941.98 | BB112: 4071.79 | BC112: 3270.06 | BD112: 4123.74 | BE112: 5407.65 | BF112: 4359.78 | BG112: 5790.45 | BH112: 4323.19 | BI112: 5575.68 | BJ112: 4245.89 | BK112: 5372.68 | BL112: 3927.51 | BM112: 5299.64 | BN112: 3583.96 | BO112: 3684.06 | BR112: PM-Shoulder | BS112: 7.02 | BT112: 9.73 | BU112: 7.8 | BV112: 7.57 | BW112: 2.7 | BX112: 2.7 | BY112: 3.96 | BZ112: 8.64 | CA112: 4.95 | CB112: 11.79 | CC112: 10.85 | CD112: 21.89 | CE112: 8.51 | CF112: 14.23 | CG112: 11.15 | CH112: 19.07 | CI112: 9.23 | CJ112: 13.79 | CK112: 10.74 | CL112: 8.98
B113: PM-Peak | C113: 0.33219359 | D113: 0.50952017 | E113: 0.20537215 | F113: 0.66135943 | G113: 0.29583518 | H113: 0.32815327 | I113: 0.24018581 | J113: 0.28585705 | K113: 0.15460746 | L113: 0.34113295 | M113: 0.1745633 | N113: 0.38300136 | O113: 0.18469935 | P113: 0.37650772 | Q113: 0.22485601 | R113: 0.36753506 | S113: 0.23533191 | T113: 0.29847453 | U113: 0.25765279 | V113: 0.30188514 | X113: PM-Peak | Y113: 4796.27 | Z113: 4955.63 | AA113: 4503.27 | AB113: 5474.75 | AC113: 5367.72 | AD113: 4875.67 | AE113: 3730 | AF113: 5213.35 | AG113: 3346.75 | AH113: 6485.41 | AI113: 3382.34 | AJ113: 6538.24 | AK113: 3425.67 | AL113: 5869.32 | AM113: 3511.01 | AN113: 3678.34 | AO113: 3021.39 | AP113: 3226.18 | AQ113: 2821.98 | AR113: 2842.91 | AU113: PM-Peak | AV113: 15529.69 | AW113: 16142.78 | AX113: 17260.71 | AY113: 20807.12 | AZ113: 11045.45 | BA113: 15555.18 | BB113: 13993.16 | BC113: 11125.79 | BD113: 13506.99 | BE113: 17386.44 | BF113: 14105.25 | BG113: 17695.02 | BH113: 14097.27 | BI113: 17132.47 | BJ113: 14430.96 | BK113: 15889.81 | BL113: 12307.63 | BM113: 13229.63 | BN113: 11526.52 | BO113: 11622.29 | BR113: PM-Peak | BS113: 14.04 | BT113: 14.04 | BU113: 8.81 | BV113: 14.04 | BW113: 2.7 | BX113: 5.4 | BY113: 7.97 | BZ113: 8.64 | CA113: 8.61 | CB113: 10.8 | CC113: 17.55 | CD113: 19.44 | CE113: 14.06 | CF113: 15.66 | CG113: 20.52 | CH113: 25.92 | CI113: 14.35 | CJ113: 14.73 | CK113: 17.18 | CL113: 16.5
B114: PM-Late | C114: 0.034471561 | D114: 0.083980001 | E114: 0.011629142 | F114: 0.021542117 | G114: 0.0023266477 | H114: 0.014242639 | I114: 0.018250125 | J114: 0.11358909 | K114: 0.048838781 | L114: 0.10308234 | M114: 0.069246917 | N114: 0.11845543 | O114: 0.081074744 | P114: 0.10822121 | Q114: 0.071853689 | R114: 0.086822542 | S114: 0.094919187 | T114: 0.092668723 | U114: 0.1075085 | V114: 0.10574019 | X114: PM-Late | Y114: 2057.87 | Z114: 2677.45 | AA114: 2178.01 | AB114: 2315.08 | AC114: 318.53 | AD114: 2371.57 | AE114: 610.23 | AF114: 2502.84 | AG114: 1695.39 | AH114: 2408.87 | AI114: 1673.77 | AJ114: 2467.08 | AK114: 1648.06 | AL114: 2295.66 | AM114: 1586.8 | AN114: 1768.78 | AO114: 1466.7 | AP114: 1518.94 | AQ114: 1518.21 | AR114: 1561.33 | AU114: PM-Late | AV114: 8044.33 | AW114: 10510.55 | AX114: 7915.55 | AY114: 8394.08 | AZ114: 6052.07 | BA114: 8569.87 | BB114: 6470.31 | BC114: 9116.67 | BD114: 6623.61 | BE114: 9495.14 | BF114: 6550.13 | BG114: 9821.43 | BH114: 6446.24 | BI114: 9056.64 | BJ114: 6202.4 | BK114: 6928.82 | BL114: 5725.2 | BM114: 5931.26 | BN114: 5930.49 | BO114: 6103.67 | BR114: PM-Late | BS114: 3.38 | BT114: 4.44 | BU114: 1.05 | BV114: 1.1 | BW114: 0.3 | BX114: 0.5 | BY114: 3.33 | BZ114: 7.55 | CA114: 5.39 | CB114: 9.22 | CC114: 14.24 | CD114: 16.57 | CE114: 12.84 | CF114: 11.74 | CG114: 14.78 | CH114: 13.04 | CI114: 12.12 | CJ114: 9.74 | CK114: 13.45 | CL114: 10.49
X117: ML medium A veh.Miles | AU117: GP medium A veh.Miles | BR117: Implied VOT
...

Sheet Year_2040
B1: Lenght
C2: 1 | D2: 2 | E2: 3 | F2: 4 | G2: 5 | H2: 6 | I2: 7 | J2: 8 | K2: 9 | L2: 10
B3: Length | C3: 1.3 | D3: 1.3 | E3: 0.5 | F3: 1.6 | G3: 2 | H3: 3.6 | I3: 2.9 | J3: 3.8 | K3: 3.4 | L3: 4.5
B5: TollLights | X5: ML PCE.Miles | AU5: GP PCE.Miles | BR5: Highway PCE.Miles
B6: Direction | C6: NB | D6: SB | E6: NB | F6: SB | G6: NB | H6: SB | I6: NB | J6: SB | K6: NB | L6: SB | M6: NB | N6: SB | O6: NB | P6: SB | Q6: NB | R6: SB | S6: NB | T6: SB | U6: NB | V6: SB | X6: Direction | Y6: NB | Z6: SB | AA6: NB | AB6: SB | AC6: NB | AD6: SB | AE6: NB | AF6: SB | AG6: NB | AH6: SB | AI6: NB | AJ6: SB | AK6: NB | AL6: SB | AM6: NB | AN6: SB | AO6: NB | AP6: SB | AQ6: NB | AR6: SB | AU6: Direction | AV6: NB | AW6: SB | AX6: NB | AY6: SB | AZ6: NB | BA6: SB | BB6: NB | BC6: SB | BD6: NB | BE6: SB | BF6: NB | BG6: SB | BH6: NB | BI6: SB | BJ6: NB | BK6: SB | BL6: NB | BM6: SB | BN6: NB | BO6: SB | BR6: Direction | BS6: NB | BT6: SB | BU6: NB | BV6: SB | BW6: NB | BX6: SB | BY6: NB | BZ6: SB | CA6: NB | CB6: SB | CC6: NB | CD6: SB | CE6: NB | CF6: SB | CG6: NB | CH6: SB | CI6: NB | CJ6: SB | CK6: NB | CL6: SB
B7: Segment | C7: 1 | D7: 1 | E7: 2 | F7: 2 | G7: 3 | H7: 3 | I7: 4 | J7: 4 | K7: 5 | L7: 5 | M7: 6 | N7: 6 | O7: 7 | P7: 7 | Q7: 8 | R7: 8 | S7: 9 | T7: 9 | U7: 10 | V7: 10 | X7: Segment | Y7: 1 | Z7: 1 | AA7: 2 | AB7: 2 | AC7: 3 | AD7: 3 | AE7: 4 | AF7: 4 | AG7: 5 | AH7: 5 | AI7: 6 | AJ7: 6 | AK7: 7 | AL7: 7 | AM7: 8 | AN7: 8 | AO7: 9 | AP7: 9 | AQ7: 10 | AR7: 10 | AU7: Segment | AV7: 1 | AW7: 1 | AX7: 2 | AY7: 2 | AZ7: 3 | BA7: 3 | BB7: 4 | BC7: 4 | BD7: 5 | BE7: 5 | BF7: 6 | BG7: 6 | BH7: 7 | BI7: 7 | BJ7: 8 | BK7: 8 | BL7: 9 | BM7: 9 | BN7: 10 | BO7: 10 | BR7: Segment | BS7: 1 | BT7: 1 | BU7: 2 | BV7: 2 | BW7: 3 | BX7: 3 | BY7: 4 | BZ7: 4 | CA7: 5 | CB7: 5 | CC7: 6 | CD7: 6 | CE7: 7 | CF7: 7 | CG7: 8 | CH7: 8 | CI7: 9 | CJ7: 9 | CK7: 10 | CL7: 10
B8: Period | X8: Period | AU8: Period | BR8: Period
B9: Night | C9: 0.63 | D9: 0.63 | E9: 0.63 | F9: 0.63 | G9: 0.63 | H9: 0.63 | I9: 0.63 | J9: 0.63 | K9: 0.63 | L9: 0.63 | M9: 0.63 | N9: 0.63 | O9: 0.63 | P9: 0.63 | Q9: 0.63 | R9: 0.63 | S9: 0.63 | T9: 0.63 | U9: 0.63 | V9: 0.63 | X9: Night | Y9: 2797.78 | Z9: 2785.33 | AA9: 2323.14 | AB9: 2173.81 | AC9: 807.34 | AD9: 977.32 | AE9: 3258.18 | AF9: 3241.55 | AG9: 4447.52 | AH9: 3915.38 | AI9: 7524.33 | AJ9: 6961.5 | AK9: 5859.82 | AL9: 5546.37 | AM9: 8056.37 | AN9: 7442.68 | AO9: 6330.8 | AP9: 4829.97 | AQ9: 8618.4 | AR9: 6837.07 | AU9: Night | AV9: 26282.27 | AW9: 26097.61 | AX9: 21410.57 | AY9: 20022.91 | AZ9: 7673.51 | BA9: 9138 | BB9: 31117.53 | BC9: 30806.45 | BD9: 42283.08 | BE9: 37313.22 | BF9: 70794.55 | BG9: 66085.74 | BH9: 55852.18 | BI9: 52201.04 | BJ9: 75789.21 | BK9: 69968.64 | BL9: 59297.7 | BM9: 45790.25 | BN9: 81241.65 | BO9: 64387.58 | BR9: Night | BS9: 29080.05 | BT9: 28882.94 | BU9: 23733.71 | BV9: 22196.72 | BW9: 8480.85 | BX9: 10115.31 | BY9: 34375.71 | BZ9: 34048 | CA9: 46730.6 | CB9: 41228.6 | CC9: 78318.88 | CD9: 73047.24 | CE9: 61712 | CF9: 57747.41 | CG9: 83845.59 | CH9: 77411.32 | CI9: 65628.5 | CJ9: 50620.22 | CK9: 89860.05 | CL9: 71224.65
B10: AM-Early | C10: 1.68 | D10: 0.87 | E10: 1.37 | F10: 0.75 | G10: 1.43 | H10: 0.98 | I10: 1.7 | J10: 2.1 | K10: 1.84 | L10: 1.53 | M10: 2.1 | N10: 1.63 | O10: 2.1 | P10: 1.93 | Q10: 2.1 | R10: 1.42 | S10: 2.02 | T10: 1.2 | U10: 1.54 | V10: 0.77 | X10: AM-Early | Y10: 1754.12 | Z10: 1091.81 | AA10: 1871.1 | AB10: 1219.26 | AC10: 473.93 | AD10: 585.37 | AE10: 2455.82 | AF10: 1808.32 | AG10: 2801.49 | AH10: 1948.51 | AI10: 5362.91 | AJ10: 3519.85 | AK10: 3981.44 | AL10: 3066.56 | AM10: 4536.7 | AN10: 3851.61 | AO10: 3693.84 | AP10: 2827.01 | AQ10: 5633.54 | AR10: 3598.75 | AU10: AM-Early | AV10: 10111.27 | AW10: 6618.41 | AX10: 9609.96 | AY10: 6409.7 | AZ10: 2504.12 | BA10: 3075.51 | BB10: 13113.24 | BC10: 9446.72 | BD10: 16180.08 | BE10: 11543.09 | BF10: 27902.74 | BG10: 21224.39 | BH10: 19910.5 | BI10: 18387.64 | BJ10: 25324.35 | BK10: 22910.04 | BL10: 21947.14 | BM10: 17111.35 | BN10: 35214.94 | BO10: 22369.74 | BR10: AM-Early | BS10: 11865.39 | BT10: 7710.23 | BU10: 11481.05 | BV10: 7628.97 | BW10: 2978.05 | BX10: 3660.87 | BY10: 15569.06 | BZ10: 11255.04 | CA10: 18981.57 | CB10: 13491.6 | CC10: 33265.66 | CD10: 24744.24 | CE10: 23891.94 | CF10: 21454.2 | CG10: 29861.04 | CH10: 26761.65 | CI10: 25640.98 | CJ10: 19938.36 | CK10: 40848.48 | CL10: 25968.49
B11: AM-Peak | C11: 6.3 | D11: 1.09 | E11: 6.3 | F11: 0.83 | G11: 6.3 | H11: 6.3 | I11: 6.3 | J11: 2.1 | K11: 2.1 | L11: 2.1 | M11: 2.1 | N11: 2.1 | O11: 2.1 | P11: 2.1 | Q11: 2.1 | R11: 2.1 | S11: 3.65 | T11: 2.1 | U11: 2.1 | V11: 1.93 | X11: AM-Peak | Y11: 7234.43 | Z11: 2724.62 | AA11: 7251.71 | AB11: 2766.68 | AC11: 2261.56 | AD11: 2825.01 | AE11: 8925.63 | AF11: 8000.64 | AG11: 16095.06 | AH11: 8108.03 | AI11: 28953.81 | AJ11: 14691.2 | AK11: 22231.59 | AL11: 12442.13 | AM11: 28210.28 | AN11: 14867.8 | AO11: 11409.59 | AP11: 9852.16 | AQ11: 12800.32 | AR11: 10843.35 | AU11: AM-Peak | AV11: 31850.89 | AW11: 16941.89 | AX11: 30319.42 | AY11: 14568.64 | AZ11: 9297.57 | BA11: 12065.73 | BB11: 41762.37 | BC11: 31771.07 | BD11: 47264.94 | BE11: 38222.21 | BF11: 85094.19 | BG11: 69053.92 | BH11: 63008.54 | BI11: 56582.7 | BJ11: 77990.43 | BK11: 71802.33 | BL11: 72698.95 | BM11: 58367.92 | BN11: 76536.76 | BO11: 69815.12 | BR11: AM-Peak | BS11: 39085.32 | BT11: 19666.51 | BU11: 37571.13 | BV11: 17335.32 | BW11: 11559.13 | BX11: 14890.74 | BY11: 50688 | BZ11: 39771.72 | CA11: 63360 | CB11: 46330.23 | CC11: 114048 | CD11: 83745.12 | CE11: 85240.13 | CF11: 69024.83 | CG11: 106200.71 | CH11: 86670.13 | CI11: 84108.53 | CJ11: 68220.09 | CK11: 89337.08 | CL11: 80658.47
B12: AM-Shoulder | C12: 2.1 | D12: 1.38 | E12: 2.1 | F12: 0.73 | G12: 2.1 | H12: 4.2 | I12: 2.1 | J12: 2.1 | K12: 2.1 | L12: 2.1 | M12: 2.1 | N12: 2.1 | O12: 2.1 | P12: 2.1 | Q12: 2.1 | R12: 2.1 | S12: 2 | T12: 1.76 | U12: 1.73 | V12: 1.56 | X12: AM-Shoulder | Y12: 2569.25 | Z12: 973.64 | AA12: 2556.16 | AB12: 1114.47 | AC12: 855.54 | AD12: 732.3 | AE12: 3168.44 | AF12: 2576.21 | AG12: 3758.43 | AH12: 2408.08 | AI12: 6761.24 | AJ12: 4003.81 | AK12: 5432.65 | AL12: 3375.93 | AM12: 7118.69 | AN12: 3792.14 | AO12: 3396.17 | AP12: 3041.88 | AQ12: 4085.33 | AR12: 3832.26 | AU12: AM-Shoulder | AV12: 9059.58 | AW12: 6384.55 | AX12: 8474.49 | AY12: 6060.63 | AZ12: 2770.07 | BA12: 3907.7 | BB12: 11679.56 | BC12: 11192.05 | BD12: 14801.57 | BE12: 13492.51 | BF12: 26646.76 | BG12: 23924.56 | BH12: 21479.35 | BI12: 19479.58 | BJ12: 28145.31 | BK12: 24617.75 | BL12: 21689.99 | BM12: 20434.49 | BN12: 26917.73 | BO12: 25586.25 | BR12: AM-Shoulder | BS12: 11628.84 | BT12: 7358.19 | BU12: 11030.65 | BV12: 7175.1 | BW12: 3625.62 | BX12: 4640 | BY12: 14848 | BZ12: 13768.27 | CA12: 18560 | CB12: 15900.6 | CC12: 33408 | CD12: 27928.37 | CE12: 26912 | CF12: 22855.52 | CG12: 35264 | CH12: 28409.89 | CI12: 25086.16 | CJ12: 23476.37 | CK12: 31003.06 | CL12: 29418.52
B13: MD | C13: 2.1 | D13: 2.1 | E13: 3.49 | F13: 1.63 | G13: 2.1 | H13: 2.1 | I13: 1.53 | J13: 2.1 | K13: 2.1 | L13: 2.1 | M13: 2.1 | N13: 2.1 | O13: 2.1 | P13: 2.1 | Q13: 2.1 | R13: 2.03 | S13: 1.93 | T13: 1.49 | U13: 1.66 | V13: 1.13 | X13: MD | Y13: 8354.06 | Z13: 10550.79 | AA13: 7938.63 | AB13: 9721.58 | AC13: 3179.84 | AD13: 3484.51 | AE13: 10211.28 | AF13: 12176.11 | AG13: 15934.98 | AH13: 15605.33 | AI13: 27547.11 | AJ13: 24955.38 | AK13: 19499.66 | AL13: 18758.74 | AM13: 21659.5 | AN13: 19886.26 | AO13: 16879.65 | AP13: 16514.92 | AQ13: 21491.59 | AR13: 23893.49 | AU13: MD | AV13: 30201.59 | AW13: 41408.16 | AX13: 41844.2 | AY13: 51199.74 | AZ13: 11032.5 | BA13: 12362.46 | BB13: 56448.32 | BC13: 48557.87 | BD13: 71265.02 | BE13: 69302.17 | BF13: 127275.76 | BG13: 131099.22 | BH13: 99828.31 | BI13: 105652.93 | BJ13: 126382.72 | BK13: 122756.98 | BL13: 105180.35 | BM13: 101827.44 | BN13: 136822.35 | BO13: 152343.39 | BR13: MD | BS13: 38555.66 | BT13: 51958.95 | BU13: 49782.83 | BV13: 60921.31 | BW13: 14212.33 | BX13: 15846.98 | BY13: 66659.6 | BZ13: 60733.98 | CA13: 87200 | CB13: 84907.49 | CC13: 154822.87 | CD13: 156054.6 | CE13: 119327.97 | CF13: 124411.67 | CG13: 148042.22 | CH13: 142643.24 | CI13: 122060 | CJ13: 118342.36 | CK13: 158313.94 | CL13: 176236.88
B14: PM-Shoulder | C14: 2.1 | D14: 4.17 | E14: 2.1 | F14: 2.1 | G14: 2.1 | H14: 2.1 | I14: 1.72 | J14: 2.1 | K14: 1.63 | L14: 2.1 | M14: 2.1 | N14: 2.1 | O14: 2.1 | P14: 2.1 | Q14: 2.1 | R14: 2.1 | S14: 1.84 | T14: 2.1 | U14: 1.57 | V14: 1.27 | X14: PM-Shoulder | Y14: 2297.25 | Z14: 1626.01 | AA14: 2828.44 | AB14: 2838.86 | AC14: 782.99 | AD14: 867.55 | AE14: 2351.32 | AF14: 2340.18 | AG14: 2691.62 | AH14: 3878.06 | AI14: 5103.14 | AJ14: 7127.09 | AK14: 4139.87 | AL14: 5747.07 | AM14: 5250.34 | AN14: 7512.13 | AO14: 4421.58 | AP14: 6529.99 | AQ14: 5389.24 | AR14: 5304.26 | AU14: PM-Shoulder | AV14: 7086.06 | AW14: 7936.55 | AX14: 9235.56 | AY14: 9225.14 | AZ14: 2235.49 | BA14: 2558.1 | BB14: 10105.41 | BC14: 6973.13 | BD14: 12568.71 | BE14: 14220.03 | BF14: 24483.3 | BG14: 26280.91 | BH14: 19753.49 | BI14: 21164.93 | BJ14: 25726.55 | BK14: 27751.87 | BL14: 21955.23 | BM14: 24640.83 | BN14: 27261.39 | BO14: 25227.09 | BR14: PM-Shoulder | BS14: 9383.31 | BT14: 9562.56 | BU14: 12064 | BV14: 12064 | BW14: 3018.47 | BX14: 3425.65 | BY14: 12456.73 | BZ14: 9313.31 | CA14: 15260.32 | CB14: 18098.09 | CC14: 29586.43 | CD14: 33408 | CE14: 23893.37 | CF14: 26912 | CG14: 30976.89 | CH14: 35264 | CI14: 26376.81 | CJ14: 31170.82 | CK14: 32650.64 | CL14: 30531.35
B15: PM-Peak | C15: 6.3 | D15: 6.3 | E15: 5.72 | F15: 6.3 | G15: 6.3 | H15: 6.3 | I15: 2.1 | J15: 2.1 | K15: 2.1 | L15: 6.15 | M15: 2.1 | N15: 6.22 | O15: 2.1 | P15: 6.19 | Q15: 2.1 | R15: 4.2 | S15: 2.77 | T15: 2.91 | U15: 2.1 | V15: 2.1 | X15: PM-Peak | Y15: 7003.95 | Z15: 7329.69 | AA15: 7695.62 | AB15: 8133.74 | AC15: 2270.39 | AD15: 2711.79 | AE15: 9920.23 | AF15: 10813.23 | AG15: 9970.74 | AH15: 11188.33 | AI15: 19568.1 | AJ15: 19991.45 | AK15: 16164.02 | AL15: 16146.78 | AM15: 23098.52 | AN15: 20431.94 | AO15: 13138.49 | AP15: 13484.09 | AQ15: 17991.69 | AR15: 17391.44 | AU15: PM-Peak | AV15: 28536.12 | AW15: 30359.22 | AX15: 31287.55 | AY15: 33050.26 | AZ15: 8614.74 | BA15: 10774.76 | BB15: 32236.85 | BC15: 24535.91 | BD15: 39662.77 | BE15: 52171.67 | BF15: 73438.46 | BG15: 94056.55 | BH15: 59656.46 | BI15: 75725.22 | BJ15: 80437.57 | BK15: 90835.94 | BL15: 67904.09 | BM15: 69253.91 | BN15: 83568.76 | BO15: 82498.26 | BR15: PM-Peak | BS15: 35540.07 | BT15: 37688.91 | BU15: 38983.17 | BV15: 41184 | BW15: 10885.13 | BX15: 13486.55 | BY15: 42157.08 | BZ15: 35349.14 | CA15: 49633.51 | CB15: 63360 | CC15: 93006.56 | CD15: 114048 | CE15: 75820.49 | CF15: 91872 | CG15: 103536.1 | CH15: 111267.88 | CI15: 81042.58 | CJ15: 82738 | CK15: 101560.44 | CL15: 99889.7
B16: PM-Late | C16: 1.5 | D16: 2.1 | E16: 0.43 | F16: 0.45 | G16: 0.56 | H16: 0.53 | I16: 0.44 | J16: 2.1 | K16: 1.58 | L16: 2.1 | M16: 2.1 | N16: 2.1 | O16: 2.1 | P16: 2.1 | Q16: 2.1 | R16: 2.1 | S16: 2.1 | T16: 1.68 | U16: 1.81 | V16: 1.34 | X16: PM-Late | Y16: 3459.49 | Z16: 4500.42 | AA16: 3568.52 | AB16: 3795.7 | AC16: 812.05 | AD16: 1506.22 | AE16: 3260.87 | AF16: 4969.62 | AG16: 4385.38 | AH16: 5893.55 | AI16: 9005.95 | AJ16: 10866.42 | AK16: 7122.54 | AL16: 8789.95 | AM16: 9042.52 | AN16: 8879.67 | AO16: 6744.63 | AP16: 6590.5 | AQ16: 8972.85 | AR16: 9238.35 | AU16: PM-Late | AV16: 17429.3 | AW16: 21078.51 | AX16: 14571.9 | AY16: 15540.69 | AZ16: 4418.27 | BA16: 6558 | BB16: 15777.58 | BC16: 19365.26 | BD16: 22606.82 | BE16: 25054.35 | BF16: 38529.17 | BG16: 46602.46 | BH16: 29718.66 | BI16: 38128.33 | BJ16: 39162.38 | BK16: 43181.85 | BL16: 33345.45 | BM16: 34246.22 | BN16: 47099.4 | BO16: 49824.15 | BR16: PM-Late | BS16: 20888.79 | BT16: 25578.93 | BU16: 18140.42 | BV16: 19336.39 | BW16: 5230.32 | BX16: 8064.22 | BY16: 19038.46 | BZ16: 24334.88 | CA16: 26992.2 | CB16: 30947.9 | CC16: 47535.12 | CD16: 57468.88 | CE16: 36841.2 | CF16: 46918.29 | CG16: 48204.9 | CH16: 52061.52 | CI16: 40090.08 | CJ16: 40836.72 | CK16: 56072.25 | CL16: 59062.5
B19: CaptureRateLights | X19: ML Volume (PCE/Period) | AU19: GP Volume (PCE/Period) | BR19: Highway Volume
B20: Direction | C20: NB | D20: SB | E20: NB | F20: SB | G20: NB | H20: SB | I20: NB | J20: SB | K20: NB | L20: SB | M20: NB | N20: SB | O20: NB | P20: SB | Q20: NB | R20: SB | S20: NB | T20: SB | U20: NB | V20: SB | X20: Direction | Y20: NB | Z20: SB | AA20: NB | AB20: SB | AC20: NB | AD20: SB | AE20: NB | AF20: SB | AG20: NB | AH20: SB | AI20: NB | AJ20: SB | AK20: NB | AL20: SB | AM20: NB | AN20: SB | AO20: NB | AP20: SB | AQ20: NB | AR20: SB | AU20: Direction | AV20: NB | AW20: SB | AX20: NB | AY20: SB | AZ20: NB | BA20: SB | BB20: NB | BC20: SB | BD20: NB | BE20: SB | BF20: NB | BG20: SB | BH20: NB | BI20: SB | BJ20: NB | BK20: SB | BL20: NB | BM20: SB | BN20: NB | BO20: SB | BR20: Direction | BS20: NB | BT20: SB | BU20: NB | BV20: SB | BW20: NB | BX20: SB | BY20: NB | BZ20: SB | CA20: NB | CB20: SB | CC20: NB | CD20: SB | CE20: NB | CF20: SB | CG20: NB | CH20: SB | CI20: NB | CJ20: SB | CK20: NB | CL20: SB
B21: Segment | C21: 1 | D21: 1 | E21: 2 | F21: 2 | G21: 3 | H21: 3 | I21: 4 | J21: 4 | K21: 5 | L21: 5 | M21: 6 | N21: 6 | O21: 7 | P21: 7 | Q21: 8 | R21: 8 | S21: 9 | T21: 9 | U21: 10 | V21: 10 | X21: Segment | Y21: 1 | Z21: 1 | AA21: 2 | AB21: 2 | AC21: 3 | AD21: 3 | AE21: 4 | AF21: 4 | AG21: 5 | AH21: 5 | AI21: 6 | AJ21: 6 | AK21: 7 | AL21: 7 | AM21: 8 | AN21: 8 | AO21: 9 | AP21: 9 | AQ21: 10 | AR21: 10 | AU21: Segment | AV21: 1 | AW21: 1 | AX21: 2 | AY21: 2 | AZ21: 3 | BA21: 3 | BB21: 4 | BC21: 4 | BD21: 5 | BE21: 5 | BF21: 6 | BG21: 6 | BH21: 7 | BI21: 7 | BJ21: 8 | BK21: 8 | BL21: 9 | BM21: 9 | BN21: 10 | BO21: 10 | BR21: Segment | BS21: 1 | BT21: 1 | BU21: 2 | BV21: 2 | BW21: 3 | BX21: 3 | BY21: 4 | BZ21: 4 | CA21: 5 | CB21: 5 | CC21: 6 | CD21: 6 | CE21: 7 | CF21: 7 | CG21: 8 | CH21: 8 | CI21: 9 | CJ21: 9 | CK21: 10 | CL21: 10
B22: Period | X22: Period | AU22: Period | BR22: Period
B23: Night | C23: 0.1 | D23: 0.1 | E23: 0.1 | F23: 0.1 | G23: 0.1 | H23: 0.1 | I23: 0.1 | J23: 0.1 | K23: 0.1 | L23: 0.1 | M23: 0.1 | N23: 0.1 | O23: 0.1 | P23: 0.1 | Q23: 0.1 | R23: 0.1 | S23: 0.1 | T23: 0.1 | U23: 0.1 | V23: 0.1 | X23: Night | Y23: 2152.14 | Z23: 2142.56 | AA23: 1787.03 | AB23: 1672.16 | AC23: 1614.69 | AD23: 1954.63 | AE23: 2036.36 | AF23: 2025.97 | AG23: 2223.76 | AH23: 1957.69 | AI23: 2090.09 | AJ23: 1933.75 | AK23: 2020.63 | AL23: 1912.54 | AM23: 2120.1 | AN23: 1958.6 | AO23: 1862 | AP23: 1420.58 | AQ23: 1915.2 | AR23: 1519.35 | AU23: Night | AV23: 20217.13 | AW23: 20075.09 | AX23: 16469.67 | AY23: 15402.24 | AZ23: 15347.01 | BA23: 18276 | BB23: 19448.46 | BC23: 19254.03 | BD23: 21141.54 | BE23: 18656.61 | BF23: 19665.15 | BG23: 18357.15 | BH23: 19259.37 | BI23: 18000.36 | BJ23: 19944.53 | BK23: 18412.8 | BL23: 17440.5 | BM23: 13467.72 | BN23: 18053.7 | BO23: 14308.35 | BR23: Night | BS23: 22369.27 | BT23: 22217.65 | BU23: 18256.7 | BV23: 17074.4 | BW23: 16961.7 | BX23: 20230.63 | BY23: 21484.82 | BZ23: 21280 | CA23: 23365.3 | CB23: 20614.3 | CC23: 21755.24 | CD23: 20290.9 | CE23: 21280 | CF23: 19912.9 | CG23: 22064.63 | CH23: 20371.4 | CI23: 19302.5 | CJ23: 14888.3 | CK23: 19968.9 | CL23: 15827.7
B24: AM-Early | C24: 0.16 | D24: 0.16 | E24: 0.17 | F24: 0.17 | G24: 0.18 | H24: 0.18 | I24: 0.17 | J24: 0.18 | K24: 0.16 | L24: 0.16 | M24: 0.17 | N24: 0.16 | O24: 0.18 | P24: 0.16 | Q24: 0.17 | R24: 0.16 | S24: 0.16 | T24: 0.16 | U24: 0.15 | V24: 0.16 | X24: AM-Early | Y24: 1349.32 | Z24: 839.86 | AA24: 1439.31 | AB24: 937.89 | AC24: 947.87 | AD24: 1170.73 | AE24: 1534.89 | AF24: 1130.2 | AG24: 1400.75 | AH24: 974.26 | AI24: 1489.7 | AJ24: 977.74 | AK24: 1372.91 | AL24: 1057.43 | AM24: 1193.87 | AN24: 1013.58 | AO24: 1086.42 | AP24: 831.47 | AQ24: 1251.9 | AR24: 799.72 | AU24: AM-Early | AV24: 7777.9 | AW24: 5091.09 | AX24: 7392.27 | AY24: 4930.54 | AZ24: 5008.23 | BA24: 6151.01 | BB24: 8195.77 | BC24: 5904.2 | BD24: 8090.04 | BE24: 5771.54 | BF24: 7750.76 | BG24: 5895.66 | BH24: 6865.69 | BI24: 6340.57 | BJ24: 6664.3 | BK24: 6028.96 | BL24: 6455.04 | BM24: 5032.75 | BN24: 7825.54 | BO24: 4971.05 | BR24: AM-Early | BS24: 9127.22 | BT24: 5930.94 | BU24: 8831.58 | BV24: 5868.44 | BW24: 5956.1 | BX24: 7321.74 | BY24: 9730.66 | BZ24: 7034.4 | CA24: 9490.78 | CB24: 6745.8 | CC24: 9240.46 | CD24: 6873.4 | CE24: 8238.6 | CF24: 7398 | CG24: 7858.17 | CH24: 7042.54 | CI24: 7541.46 | CJ24: 5864.22 | CK24: 9077.44 | CL24: 5770.78
B25: AM-Peak | C25: 0.21 | D25: 0.16 | E25: 0.2 | F25: 0.17 | G25: 0.23 | H25: 0.21 | I25: 0.2 | J25: 0.23 | K25: 0.28 | L25: 0.2 | M25: 0.28 | N25: 0.21 | O25: 0.3 | P25: 0.21 | Q25: 0.3 | R25: 0.2 | S25: 0.16 | T25: 0.17 | U25: 0.17 | V25: 0.16 | X25: AM-Peak | Y25: 5564.94 | Z25: 2095.86 | AA25: 5578.24 | AB25: 2128.22 | AC25: 4523.12 | AD25: 5650.03 | AE25: 5578.52 | AF25: 5000.4 | AG25: 8047.53 | AH25: 4054.01 | AI25: 8042.73 | AJ25: 4080.89 | AK25: 7666.07 | AL25: 4290.39 | AM25: 7423.76 | AN25: 3912.58 | AO25: 3355.76 | AP25: 2897.7 | AQ25: 2844.52 | AR25: 2409.63 | AU25: AM-Peak | AV25: 24500.69 | AW25: 13032.22 | AX25: 23322.63 | AY25: 11206.65 | AZ25: 18595.14 | BA25: 24131.46 | BB25: 26101.48 | BC25: 19856.92 | BD25: 23632.47 | BE25: 19111.1 | BF25: 23637.27 | BG25: 19181.65 | BH25: 21727.08 | BI25: 19511.28 | BJ25: 20523.8 | BK25: 18895.35 | BL25: 21382.04 | BM25: 17167.04 | BN25: 17008.17 | BO25: 15514.47 | BR25: AM-Peak | BS25: 30065.63 | BT25: 15128.08 | BU25: 28900.87 | BV25: 13334.86 | BW25: 23118.26 | BX25: 29781.49 | BY25: 31680 | BZ25: 24857.32 | CA25: 31680 | CB25: 23165.12 | CC25: 31680 | CD25: 23262.53 | CE25: 29393.15 | CF25: 23801.67 | CG25: 27947.56 | CH25: 22807.93 | CI25: 24737.8 | CJ25: 20064.73 | CK25: 19852.68 | CL25: 17924.1
B26: AM-Shoulder | C26: 0.26 | D26: 0.17 | E26: 0.25 | F26: 0.17 | G26: 0.28 | H26: 0.18 | I26: 0.25 | J26: 0.22 | K26: 0.24 | L26: 0.18 | M26: 0.23 | N26: 0.17 | O26: 0.24 | P26: 0.18 | Q26: 0.24 | R26: 0.16 | S26: 0.16 | T26: 0.16 | U26: 0.16 | V26: 0.16 | X26: AM-Shoulder | Y26: 1976.35 | Z26: 748.95 | AA26: 1966.28 | AB26: 857.29 | AC26: 1711.09 | AD26: 1464.6 | AE26: 1980.28 | AF26: 1610.13 | AG26: 1879.22 | AH26: 1204.04 | AI26: 1878.12 | AJ26: 1112.17 | AK26: 1873.33 | AL26: 1164.12 | AM26: 1873.34 | AN26: 997.93 | AO26: 998.87 | AP26: 894.67 | AQ26: 907.85 | AR26: 851.61 | AU26: AM-Shoulder | AV26: 6968.91 | AW26: 4911.19 | AX26: 6518.84 | AY26: 4662.02 | AZ26: 5540.15 | BA26: 7815.4 | BB26: 7299.72 | BC26: 6995.03 | BD26: 7400.78 | BE26: 6746.26 | BF26: 7401.88 | BG26: 6645.71 | BH26: 7406.67 | BI26: 6717.1 | BJ26: 7406.66 | BK26: 6478.36 | BL26: 6379.41 | BM26: 6010.14 | BN26: 5981.72 | BO26: 5685.83 | BR26: AM-Shoulder | BS26: 8945.26 | BT26: 5660.15 | BU26: 8485.12 | BV26: 5519.31 | BW26: 7251.24 | BX26: 9280 | BY26: 9280 | BZ26: 8605.17 | CA26: 9280 | CB26: 7950.3 | CC26: 9280 | CD26: 7757.88 | CE26: 9280 | CF26: 7881.21 | CG26: 9280 | CH26: 7476.29 | CI26: 7378.28 | CJ26: 6904.81 | CK26: 6889.57 | CL26: 6537.45
B27: MD | C27: 0.25 | D27: 0.24 | E27: 0.17 | F27: 0.17 | G27: 0.26 | H27: 0.25 | I27: 0.17 | J27: 0.23 | K27: 0.21 | L27: 0.21 | M27: 0.2 | N27: 0.18 | O27: 0.19 | P27: 0.17 | Q27: 0.17 | R27: 0.16 | S27: 0.16 | T27: 0.16 | U27: 0.16 | V27: 0.16 | X27: MD | Y27: 6426.2 | Z27: 8115.99 | AA27: 6106.64 | AB27: 7478.14 | AC27: 6359.67 | AD27: 6969.03 | AE27: 6382.05 | AF27: 7610.07 | AG27: 7967.49 | AH27: 7802.66 | AI27: 7651.97 | AJ27: 6932.05 | AK27: 6724.02 | AL27: 6468.53 | AM27: 5699.87 | AN27: 5233.23 | AO27: 4964.6 | AP27: 4857.33 | AQ27: 4775.91 | AR27: 5309.66 | AU27: MD | AV27: 23231.99 | AW27: 31852.43 | AX27: 32187.85 | AY27: 39384.41 | AZ27: 22065 | BA27: 24724.93 | BB27: 35280.2 | BC27: 30348.67 | BD27: 35632.51 | BE27: 34651.08 | BF27: 35354.38 | BG27: 36416.45 | BH27: 34423.56 | BI27: 36432.05 | BJ27: 33258.61 | BK27: 32304.47 | BL27: 30935.4 | BM27: 29949.25 | BN27: 30404.97 | BO27: 33854.09 | BR27: MD | BS27: 29658.2 | BT27: 39968.42 | BU27: 38294.49 | BV27: 46862.55 | BW27: 28424.67 | BX27: 31693.95 | BY27: 41662.25 | BZ27: 37958.74 | CA27: 43600 | CB27: 42453.75 | CC27: 43006.35 | CD27: 43348.5 | CE27: 41147.58 | CF27: 42900.58 | CG27: 38958.48 | CH27: 37537.69 | CI27: 35900 | CJ27: 34806.57 | CK27: 35180.88 | CL27: 39163.75
B28: PM-Shoulder | C28: 0.29 | D28: 0.2 | E28: 0.25 | F28: 0.25 | G28: 0.3 | H28: 0.28 | I28: 0.21 | J28: 0.28 | K28: 0.2 | L28: 0.24 | M28: 0.19 | N28: 0.24 | O28: 0.2 | P28: 0.23 | Q28: 0.19 | R28: 0.24 | S28: 0.19 | T28: 0.23 | U28: 0.19 | V28: 0.19 | X28: PM-Shoulder | Y28: 1767.12 | Z28: 1250.78 | AA28: 2175.72 | AB28: 2183.74 | AC28: 1565.98 | AD28: 1735.1 | AE28: 1469.57 | AF28: 1462.61 | AG28: 1345.81 | AH28: 1939.03 | AI28: 1417.54 | AJ28: 1979.75 | AK28: 1427.54 | AL28: 1981.75 | AM28: 1381.67 | AN28: 1976.88 | AO28: 1300.46 | AP28: 1920.59 | AQ28: 1197.61 | AR28: 1178.72 | AU28: PM-Shoulder | AV28: 5450.82 | AW28: 6105.04 | AX28: 7104.28 | AY28: 7096.26 | AZ28: 4470.97 | BA28: 5116.2 | BB28: 6315.88 | BC28: 4358.21 | BD28: 6284.35 | BE28: 7110.01 | BF28: 6800.92 | BG28: 7300.25 | BH28: 6811.55 | BI28: 7298.25 | BJ28: 6770.15 | BK28: 7303.12 | BL28: 6457.42 | BM28: 7247.3 | BN28: 6058.09 | BO28: 5606.02 | BR28: PM-Shoulder | BS28: 7217.93 | BT28: 7355.81 | BU28: 9280 | BV28: 9280 | BW28: 6036.95 | BX28: 6851.29 | BY28: 7785.46 | BZ28: 5820.82 | CA28: 7630.16 | CB28: 9049.04 | CC28: 8218.45 | CD28: 9280 | CE28: 8239.09 | CF28: 9280 | CG28: 8151.81 | CH28: 9280 | CI28: 7757.89 | CJ28: 9167.89 | CK28: 7255.7 | CL28: 6784.74
B29: PM-Peak | C29: 0.23 | D29: 0.23 | E29: 0.21 | F29: 0.21 | G29: 0.24 | H29: 0.23 | I29: 0.26 | J29: 0.34 | K29: 0.23 | L29: 0.2 | M29: 0.24 | N29: 0.2 | O29: 0.24 | P29: 0.2 | Q29: 0.26 | R29: 0.21 | S29: 0.19 | T29: 0.19 | U29: 0.21 | V29: 0.2 | X29: PM-Peak | Y29: 5387.65 | Z29: 5638.23 | AA29: 5919.71 | AB29: 6256.72 | AC29: 4540.78 | AD29: 5423.58 | AE29: 6200.15 | AF29: 6758.27 | AG29: 4985.37 | AH29: 5594.17 | AI29: 5435.58 | AJ29: 5553.18 | AK29: 5573.8 | AL29: 5567.86 | AM29: 6078.56 | AN29: 5376.83 | AO29: 3864.26 | AP29: 3965.91 | AQ29: 3998.15 | AR29: 3864.76 | AU29: PM-Peak | AV29: 21950.86 | AW29: 23353.25 | AX29: 24067.35 | AY29: 25423.28 | AZ29: 17229.48 | BA29: 21549.52 | BB29: 20148.03 | BC29: 15334.94 | BD29: 19831.38 | BE29: 26085.83 | BF29: 20399.57 | BG29: 26126.82 | BH29: 20571.19 | BI29: 26112.14 | BJ29: 21167.78 | BK29: 23904.2 | BL29: 19971.79 | BM29: 20368.8 | BN29: 18570.83 | BO29: 18332.95 | BR29: PM-Peak | BS29: 27338.51 | BT29: 28991.47 | BU29: 29987.06 | BV29: 31680 | BW29: 21770.27 | BX29: 26973.1 | BY29: 26348.17 | BZ29: 22093.21 | CA29: 24816.75 | CB29: 31680 | CC29: 25835.15 | CD29: 31680 | CE29: 26144.99 | CF29: 31680 | CG29: 27246.34 | CH29: 29281.02 | CI29: 23836.05 | CJ29: 24334.71 | CK29: 22568.99 | CL29: 22197.71
B30: PM-Late | C30: 0.2 | D30: 0.21 | E30: 0.22 | F30: 0.22 | G30: 0.19 | H30: 0.22 | I30: 0.22 | J30: 0.24 | K30: 0.2 | L30: 0.22 | M30: 0.24 | N30: 0.22 | O30: 0.24 | P30: 0.22 | Q30: 0.23 | R30: 0.21 | S30: 0.21 | T30: 0.2 | U30: 0.2 | V30: 0.2 | X30: PM-Late | Y30: 2661.15 | Z30: 3461.86 | AA30: 2745.02 | AB30: 2919.77 | AC30: 1624.11 | AD30: 3012.44 | AE30: 2038.04 | AF30: 3106.01 | AG30: 2192.69 | AH30: 2946.77 | AI30: 2501.65 | AJ30: 3018.45 | AK30: 2456.05 | AL30: 3031.02 | AM30: 2379.61 | AN30: 2336.76 | AO30: 1983.71 | AP30: 1938.38 | AQ30: 1993.97 | AR30: 2052.97 | AU30: PM-Late | AV30: 13407.15 | AW30: 16214.24 | AX30: 11209.15 | AY30: 11954.38 | AZ30: 8836.53 | BA30: 13116 | BB30: 9860.99 | BC30: 12103.29 | BD30: 11303.41 | BE30: 12527.17 | BF30: 10702.55 | BG30: 12945.13 | BH30: 10247.81 | BI30: 13147.7 | BJ30: 10305.89 | BK30: 11363.64 | BL30: 9807.49 | BM30: 10072.42 | BN30: 10466.53 | BO30: 11072.03 | BR30: PM-Late | BS30: 16068.3 | BT30: 19676.1 | BU30: 13954.17 | BV30: 14874.15 | BW30: 10460.64 | BX30: 16128.44 | BY30: 11899.04 | BZ30: 15209.3 | CA30: 13496.1 | CB30: 15473.95 | CC30: 13204.2 | CD30: 15963.58 | CE30: 12703.86 | CF30: 16178.72 | CG30: 12685.5 | CH30: 13700.4 | CI30: 11791.2 | CJ30: 12010.8 | CK30: 12460.5 | CL30: 13125
B33: Revenue Per Period | X33: ML Flow (PCE/hr) | AU33: GP Flow (PCE/hr) | BR33: Highway Flow
B34: Direction | C34: NB | D34: SB | E34: NB | F34: SB | G34: NB | H34: SB | I34: NB | J34: SB | K34: NB | L34: SB | M34: NB | N34: SB | O34: NB | P34: SB | Q34: NB | R34: SB | S34: NB | T34: SB | U34: NB | V34: SB | X34: Direction | Y34: NB | Z34: SB | AA34: NB | AB34: SB | AC34: NB | AD34: SB | AE34: NB | AF34: SB | AG34: NB | AH34: SB | AI34: NB | AJ34: SB | AK34: NB | AL34: SB | AM34: NB | AN34: SB | AO34: NB | AP34: SB | AQ34: NB | AR34: SB | AU34: Direction | AV34: NB | AW34: SB | AX34: NB | AY34: SB | AZ34: NB | BA34: SB | BB34: NB | BC34: SB | BD34: NB | BE34: SB | BF34: NB | BG34: SB | BH34: NB | BI34: SB | BJ34: NB | BK34: SB | BL34: NB | BM34: SB | BN34: NB | BO34: SB | BR34: Direction | BS34: NB | BT34: SB | BU34: NB | BV34: SB | BW34: NB | BX34: SB | BY34: NB | BZ34: SB | CA34: NB | CB34: SB | CC34: NB | CD34: SB | CE34: NB | CF34: SB | CG34: NB | CH34: SB | CI34: NB | CJ34: SB | CK34: NB | CL34: SB
B35: Segment | C35: 1 | D35: 1 | E35: 2 | F35: 2 | G35: 3 | H35: 3 | I35: 4 | J35: 4 | K35: 5 | L35: 5 | M35: 6 | N35: 6 | O35: 7 | P35: 7 | Q35: 8 | R35: 8 | S35: 9 | T35: 9 | U35: 10 | V35: 10 | X35: Segment | Y35: 1 | Z35: 1 | AA35: 2 | AB35: 2 | AC35: 3 | AD35: 3 | AE35: 4 | AF35: 4 | AG35: 5 | AH35: 5 | AI35: 6 | AJ35: 6 | AK35: 7 | AL35: 7 | AM35: 8 | AN35: 8 | AO35: 9 | AP35: 9 | AQ35: 10 | AR35: 10 | AU35: Segment | AV35: 1 | AW35: 1 | AX35: 2 | AY35: 2 | AZ35: 3 | BA35: 3 | BB35: 4 | BC35: 4 | BD35: 5 | BE35: 5 | BF35: 6 | BG35: 6 | BH35: 7 | BI35: 7 | BJ35: 8 | BK35: 8 | BL35: 9 | BM35: 9 | BN35: 10 | BO35: 10 | BR35: Segment | BS35: 1 | BT35: 1 | BU35: 2 | BV35: 2 | BW35: 3 | BX35: 3 | BY35: 4 | BZ35: 4 | CA35: 5 | CB35: 5 | CC35: 6 | CD35: 6 | CE35: 7 | CF35: 7 | CG35: 8 | CH35: 8 | CI35: 9 | CJ35: 9 | CK35: 10 | CL35: 10
B36: Period | X36: Period | AU36: Period | BR36: Period
B37: Night | C37: 1762.6 | D37: 1754.76 | E37: 1463.58 | F37: 1369.5 | G37: 508.63 | H37: 615.71 | I37: 2052.65 | J37: 2042.17 | K37: 2801.94 | L37: 2466.69 | M37: 4740.33 | N37: 4385.74 | O37: 3691.69 | P37: 3494.21 | Q37: 5075.52 | R37: 4688.89 | S37: 3988.4 | T37: 3042.88 | U37: 5429.59 | V37: 4307.36 | X37: Night | Y37: 307.45 | Z37: 306.08 | AA37: 255.29 | AB37: 238.88 | AC37: 230.67 | AD37: 279.23 | AE37: 290.91 | AF37: 289.42 | AG37: 317.68 | AH37: 279.67 | AI37: 298.58 | AJ37: 276.25 | AK37: 288.66 | AL37: 273.22 | AM37: 302.87 | AN37: 279.8 | AO37: 266 | AP37: 202.94 | AQ37: 273.6 | AR37: 217.05 | AU37: Night | AV37: 2888.16 | AW37: 2867.87 | AX37: 2352.81 | AY37: 2200.32 | AZ37: 2192.43 | BA37: 2610.86 | BB37: 2778.35 | BC37: 2750.58 | BD37: 3020.22 | BE37: 2665.23 | BF37: 2809.31 | BG37: 2622.45 | BH37: 2751.34 | BI37: 2571.48 | BJ37: 2849.22 | BK37: 2630.4 | BL37: 2491.5 | BM37: 1923.96 | BN37: 2579.1 | BO37: 2044.05 | BR37: Night | BS37: 3195.61 | BT37: 3173.95 | BU37: 2608.1 | BV37: 2439.2 | BW37: 2423.1 | BX37: 2890.09 | BY37: 3069.26 | BZ37: 3040 | CA37: 3337.9 | CB37: 2944.9 | CC37: 3107.89 | CD37: 2898.7 | CE37: 3040 | CF37: 2844.7 | CG37: 3152.09 | CH37: 2910.2 | CI37: 2757.5 | CJ37: 2126.9 | CK37: 2852.7 | CL37: 2261.1
B38: AM-Early | C38: 2941.12 | D38: 948.05 | E38: 2565.35 | F38: 913.34 | G38: 679.22 | H38: 574.81 | I38: 4177.42 | J38: 3797.47 | K38: 5145.51 | L38: 2988.73 | M38: 11262.12 | N38: 5728.2 | O38: 8361.03 | P38: 5911.83 | Q38: 9527.06 | R38: 5484.49 | S38: 7461.77 | T38: 3401.42 | U38: 8666.65 | V38: 2769.35 | X38: AM-Early | Y38: 1349.32 | Z38: 839.86 | AA38: 1439.31 | AB38: 937.89 | AC38: 947.87 | AD38: 1170.73 | AE38: 1534.89 | AF38: 1130.2 | AG38: 1400.75 | AH38: 974.26 | AI38: 1489.7 | AJ38: 977.74 | AK38: 1372.91 | AL38: 1057.43 | AM38: 1193.87 | AN38: 1013.58 | AO38: 1086.42 | AP38: 831.47 | AQ38: 1251.9 | AR38: 799.72 | AU38: AM-Early | AV38: 7777.9 | AW38: 5091.09 | AX38: 7392.27 | AY38: 4930.54 | AZ38: 5008.23 | BA38: 6151.01 | BB38: 8195.77 | BC38: 5904.2 | BD38: 8090.04 | BE38: 5771.54 | BF38: 7750.76 | BG38: 5895.66 | BH38: 6865.69 | BI38: 6340.57 | BJ38: 6664.3 | BK38: 6028.96 | BL38: 6455.04 | BM38: 5032.75 | BN38: 7825.54 | BO38: 4971.05 | BR38: AM-Early | BS38: 9127.22 | BT38: 5930.94 | BU38: 8831.58 | BV38: 5868.44 | BW38: 5956.1 | BX38: 7321.74 | BY38: 9730.66 | BZ38: 7034.4 | CA38: 9490.78 | CB38: 6745.8 | CC38: 9240.46 | CD38: 6873.4 | CE38: 8238.6 | CF38: 7398 | CG38: 7858.17 | CH38: 7042.54 | CI38: 7541.46 | CJ38: 5864.22 | CK38: 9077.44 | CL38: 5770.78
B39: AM-Peak | C39: 45576.88 | D39: 2966.36 | E39: 45685.72 | F39: 2285.64 | G39: 14247.48 | H39: 17797.58 | I39: 56231.4 | J39: 16801.35 | K39: 33799.56 | L39: 17026.86 | M39: 60803 | N39: 30851.52 | O39: 46686.34 | P39: 26128.47 | Q39: 59241.58 | R39: 31222.36 | S39: 41694.34 | T39: 20689.54 | U39: 26880.67 | V39: 20917.84 | X39: AM-Peak | Y39: 1854.98 | Z39: 698.62 | AA39: 1859.41 | AB39: 709.41 | AC39: 1507.71 | AD39: 1883.34 | AE39: 1859.51 | AF39: 1666.8 | AG39: 2682.51 | AH39: 1351.34 | AI39: 2680.91 | AJ39: 1360.3 | AK39: 2555.36 | AL39: 1430.13 | AM39: 2474.59 | AN39: 1304.19 | AO39: 1118.59 | AP39: 965.9 | AQ39: 948.17 | AR39: 803.21 | AU39: AM-Peak | AV39: 8166.9 | AW39: 4344.07 | AX39: 7774.21 | AY39: 3735.55 | AZ39: 6198.38 | BA39: 8043.82 | BB39: 8700.49 | BC39: 6618.97 | BD39: 7877.49 | BE39: 6370.37 | BF39: 7879.09 | BG39: 6393.88 | BH39: 7242.36 | BI39: 6503.76 | BJ39: 6841.27 | BK39: 6298.45 | BL39: 7127.35 | BM39: 5722.35 | BN39: 5669.39 | BO39: 5171.49 | BR39: AM-Peak | BS39: 10021.88 | BT39: 5042.7 | BU39: 9633.62 | BV39: 4444.96 | BW39: 7706.09 | BX39: 9927.16 | BY39: 10560 | BZ39: 8285.77 | CA39: 10560 | CB39: 7721.71 | CC39: 10560 | CD39: 7754.18 | CE39: 9797.72 | CF39: 7933.89 | CG39: 9315.85 | CH39: 7602.64 | CI39: 8245.93 | CJ39: 6688.24 | CK39: 6617.56 | CL39: 5974.7
B40: AM-Shoulder | C40: 5395.43 | D40: 1346.51 | E40: 5367.93 | F40: 813.27 | G40: 1796.64 | H40: 3075.66 | I40: 6653.73 | J40: 5410.05 | K40: 7892.71 | L40: 5056.97 | M40: 14198.59 | N40: 8408 | O40: 11408.53 | P40: 7089.46 | Q40: 14949.25 | R40: 7947.6 | S40: 6797.67 | T40: 5358.16 | U40: 7084.4 | V40: 5994.29 | X40: AM-Shoulder | Y40: 1976.35 | Z40: 748.95 | AA40: 1966.28 | AB40: 857.29 | AC40: 1711.09 | AD40: 1464.6 | AE40: 1980.28 | AF40: 1610.13 | AG40: 1879.22 | AH40: 1204.04 | AI40: 1878.12 | AJ40: 1112.17 | AK40: 1873.33 | AL40: 1164.12 | AM40: 1873.34 | AN40: 997.93 | AO40: 998.87 | AP40: 894.67 | AQ40: 907.85 | AR40: 851.61 | AU40: AM-Shoulder | AV40: 6968.91 | AW40: 4911.19 | AX40: 6518.84 | AY40: 4662.02 | AZ40: 5540.15 | BA40: 7815.4 | BB40: 7299.72 | BC40: 6995.03 | BD40: 7400.78 | BE40: 6746.26 | BF40: 7401.88 | BG40: 6645.71 | BH40: 7406.67 | BI40: 6717.1 | BJ40: 7406.66 | BK40: 6478.36 | BL40: 6379.41 | BM40: 6010.14 | BN40: 5981.72 | BO40: 5685.83 | BR40: AM-Shoulder | BS40: 8945.26 | BT40: 5660.15 | BU40: 8485.12 | BV40: 5519.31 | BW40: 7251.24 | BX40: 9280 | BY40: 9280 | BZ40: 8605.17 | CA40: 9280 | CB40: 7950.3 | CC40: 9280 | CD40: 7757.88 | CE40: 9280 | CF40: 7881.21 | CG40: 9280 | CH40: 7476.29 | CI40: 7378.28 | CJ40: 6904.81 | CK40: 6889.57 | CL40: 6537.45
B41: MD | C41: 17543.54 | D41: 22156.62 | E41: 27696.66 | F41: 15800.01 | G41: 6677.65 | H41: 7317.48 | I41: 15587.16 | J41: 25569.82 | K41: 33463.46 | L41: 32771.19 | M41: 57848.89 | N41: 52406.31 | O41: 40949.28 | P41: 39393.34 | Q41: 45484.88 | R41: 40447.55 | S41: 32579.69 | T41: 24573.22 | U41: 35580.65 | V41: 26900.08 | X41: MD | Y41: 1285.24 | Z41: 1623.2 | AA41: 1221.33 | AB41: 1495.63 | AC41: 1271.93 | AD41: 1393.81 | AE41: 1276.41 | AF41: 1522.01 | AG41: 1593.5 | AH41: 1560.53 | AI41: 1530.39 | AJ41: 1386.41 | AK41: 1344.8 | AL41: 1293.71 | AM41: 1139.97 | AN41: 1046.65 | AO41: 992.92 | AP41: 971.47 | AQ41: 955.18 | AR41: 1061.93 | AU41: MD | AV41: 4646.4 | AW41: 6370.49 | AX41: 6437.57 | AY41: 7876.88 | AZ41: 4413 | BA41: 4944.99 | BB41: 7056.04 | BC41: 6069.73 | BD41: 7126.5 | BE41: 6930.22 | BF41: 7070.88 | BG41: 7283.29 | BH41: 6884.71 | BI41: 7286.41 | BJ41: 6651.72 | BK41: 6460.89 | BL41: 6187.08 | BM41: 5989.85 | BN41: 6080.99 | BO41: 6770.82 | BR41: MD | BS41: 5931.64 | BT41: 7993.68 | BU41: 7658.9 | BV41: 9372.51 | BW41: 5684.93 | BX41: 6338.79 | BY41: 8332.45 | BZ41: 7591.75 | CA41: 8720 | CB41: 8490.75 | CC41: 8601.27 | CD41: 8669.7 | CE41: 8229.52 | CF41: 8580.12 | CG41: 7791.7 | CH41: 7507.54 | CI41: 7180 | CJ41: 6961.32 | CK41: 7036.17 | CL41: 7832.75
B42: PM-Shoulder | C42: 4824.22 | D42: 6782.52 | E42: 5939.72 | F42: 5961.58 | G42: 1644.28 | H42: 1821.85 | I42: 4050.53 | J42: 4914.37 | K42: 4400.21 | L42: 8143.92 | M42: 10716.59 | N42: 14966.89 | O42: 8693.5 | P42: 12068.85 | Q42: 11025.7 | R42: 15775.47 | S42: 8121.54 | T42: 13712.98 | U42: 8454.7 | V42: 6716.71 | X42: PM-Shoulder | Y42: 1767.12 | Z42: 1250.78 | AA42: 2175.72 | AB42: 2183.74 | AC42: 1565.98 | AD42: 1735.1 | AE42: 1469.57 | AF42: 1462.61 | AG42: 1345.81 | AH42: 1939.03 | AI42: 1417.54 | AJ42: 1979.75 | AK42: 1427.54 | AL42: 1981.75 | AM42: 1381.67 | AN42: 1976.88 | AO42: 1300.46 | AP42: 1920.59 | AQ42: 1197.61 | AR42: 1178.72 | AU42: PM-Shoulder | AV42: 5450.82 | AW42: 6105.04 | AX42: 7104.28 | AY42: 7096.26 | AZ42: 4470.97 | BA42: 5116.2 | BB42: 6315.88 | BC42: 4358.21 | BD42: 6284.35 | BE42: 7110.01 | BF42: 6800.92 | BG42: 7300.25 | BH42: 6811.55 | BI42: 7298.25 | BJ42: 6770.15 | BK42: 7303.12 | BL42: 6457.42 | BM42: 7247.3 | BN42: 6058.09 | BO42: 5606.02 | BR42: PM-Shoulder | BS42: 7217.93 | BT42: 7355.81 | BU42: 9280 | BV42: 9280 | BW42: 6036.95 | BX42: 6851.29 | BY42: 7785.46 | BZ42: 5820.82 | CA42: 7630.16 | CB42: 9049.04 | CC42: 8218.45 | CD42: 9280 | CE42: 8239.09 | CF42: 9280 | CG42: 8151.81 | CH42: 9280 | CI42: 7757.89 | CJ42: 9167.89 | CK42: 7255.7 | CL42: 6784.74
B43: PM-Peak | C43: 44124.66 | D43: 46177.03 | E43: 44016.39 | F43: 51242.08 | G43: 14303.4 | H43: 17084.27 | I43: 20832.47 | J43: 22707.78 | K43: 20938.53 | L43: 68834.62 | M43: 41092.98 | N43: 124372.54 | O43: 33944.43 | P43: 100024.7 | Q43: 48506.9 | R43: 85814.15 | S43: 36329.44 | T43: 39193.98 | U43: 37782.54 | V43: 36522.02 | X43: PM-Peak | Y43: 1795.88 | Z43: 1879.41 | AA43: 1973.24 | AB43: 2085.57 | AC43: 1513.59 | AD43: 1807.86 | AE43: 2066.72 | AF43: 2252.76 | AG43: 1661.79 | AH43: 1864.72 | AI43: 1811.86 | AJ43: 1851.06 | AK43: 1857.93 | AL43: 1855.95 | AM43: 2026.19 | AN43: 1792.28 | AO43: 1288.09 | AP43: 1321.97 | AQ43: 1332.72 | AR43: 1288.25 | AU43: PM-Peak | AV43: 7316.95 | AW43: 7784.42 | AX43: 8022.45 | AY43: 8474.43 | AZ43: 5743.16 | BA43: 7183.17 | BB43: 6716.01 | BC43: 5111.65 | BD43: 6610.46 | BE43: 8695.28 | BF43: 6799.86 | BG43: 8708.94 | BH43: 6857.06 | BI43: 8704.05 | BJ43: 7055.93 | BK43: 7968.07 | BL43: 6657.26 | BM43: 6789.6 | BN43: 6190.28 | BO43: 6110.98 | BR43: PM-Peak | BS43: 9112.84 | BT43: 9663.82 | BU43: 9995.69 | BV43: 10560 | BW43: 7256.76 | BX43: 8991.03 | BY43: 8782.72 | BZ43: 7364.4 | CA43: 8272.25 | CB43: 10560 | CC43: 8611.72 | CD43: 10560 | CE43: 8715 | CF43: 10560 | CG43: 9082.11 | CH43: 9760.34 | CI43: 7945.35 | CJ43: 8111.57 | CK43: 7523 | CL43: 7399.24
B44: PM-Late | C44: 5183.13 | D44: 9450.88 | E44: 1520.75 | F44: 1704.94 | G44: 458.43 | H44: 797.38 | I44: 1432.33 | J44: 10436.2 | K44: 6925.41 | L44: 12376.44 | M44: 18912.45 | N44: 22819.44 | O44: 14957.34 | P44: 18458.9 | Q44: 18989.3 | R44: 18647.3 | S44: 14163.71 | T44: 11058.02 | U44: 16218.55 | V44: 12406.25 | X44: PM-Late | Y44: 887.05 | Z44: 1153.95 | AA44: 915.01 | AB44: 973.26 | AC44: 541.37 | AD44: 1004.15 | AE44: 679.35 | AF44: 1035.34 | AG44: 730.9 | AH44: 982.26 | AI44: 833.88 | AJ44: 1006.15 | AK44: 818.68 | AL44: 1010.34 | AM44: 793.2 | AN44: 778.92 | AO44: 661.24 | AP44: 646.13 | AQ44: 664.66 | AR44: 684.32 | AU44: PM-Late | AV44: 4469.05 | AW44: 5404.75 | AX44: 3736.38 | AY44: 3984.79 | AZ44: 2945.51 | BA44: 4372 | BB44: 3287 | BC44: 4034.43 | BD44: 3767.8 | BE44: 4175.72 | BF44: 3567.52 | BG44: 4315.04 | BH44: 3415.94 | BI44: 4382.57 | BJ44: 3435.3 | BK44: 3787.88 | BL44: 3269.16 | BM44: 3357.47 | BN44: 3488.84 | BO44: 3690.68 | BR44: PM-Late | BS44: 5356.1 | BT44: 6558.7 | BU44: 4651.39 | BV44: 4958.05 | BW44: 3486.88 | BX44: 5376.14 | BY44: 3966.34 | BZ44: 5069.77 | CA44: 4498.7 | CB44: 5157.98 | CC44: 4401.4 | CD44: 5321.19 | CE44: 4234.62 | CF44: 5392.91 | CG44: 4228.5 | CH44: 4566.8 | CI44: 3930.4 | CJ44: 4003.6 | CK44: 4153.5 | CL44: 4375
B47: Revenue Per Period Lights | X47: ML V/C | AU47: GP V/C real | BR47: Highway Vol / GP Capacity
B48: Direction | C48: NB | D48: SB | E48: NB | F48: SB | G48: NB | H48: SB | I48: NB | J48: SB | K48: NB | L48: SB | M48: NB | N48: SB | O48: NB | P48: SB | Q48: NB | R48: SB | S48: NB | T48: SB | U48: NB | V48: SB | X48: Direction | Y48: NB | Z48: SB | AA48: NB | AB48: SB | AC48: NB | AD48: SB | AE48: NB | AF48: SB | AG48: NB | AH48: SB | AI48: NB | AJ48: SB | AK48: NB | AL48: SB | AM48: NB | AN48: SB | AO48: NB | AP48: SB | AQ48: NB | AR48: SB | AU48: Direction | AV48: NB | AW48: SB | AX48: NB | AY48: SB | AZ48: NB | BA48: SB | BB48: NB | BC48: SB | BD48: NB | BE48: SB | BF48: NB | BG48: SB | BH48: NB | BI48: SB | BJ48: NB | BK48: SB | BL48: NB | BM48: SB | BN48: NB | BO48: SB | BR48: Direction | BS48: NB | BT48: SB | BU48: NB | BV48: SB | BW48: NB | BX48: SB | BY48: NB | BZ48: SB | CA48: NB | CB48: SB | CC48: NB | CD48: SB | CE48: NB | CF48: SB | CG48: NB | CH48: SB | CI48: NB | CJ48: SB | CK48: NB | CL48: SB
B49: Segment | C49: 1 | D49: 1 | E49: 2 | F49: 2 | G49: 3 | H49: 3 | I49: 4 | J49: 4 | K49: 5 | L49: 5 | M49: 6 | N49: 6 | O49: 7 | P49: 7 | Q49: 8 | R49: 8 | S49: 9 | T49: 9 | U49: 10 | V49: 10 | X49: Segment | Y49: 1 | Z49: 1 | AA49: 2 | AB49: 2 | AC49: 3 | AD49: 3 | AE49: 4 | AF49: 4 | AG49: 5 | AH49: 5 | AI49: 6 | AJ49: 6 | AK49: 7 | AL49: 7 | AM49: 8 | AN49: 8 | AO49: 9 | AP49: 9 | AQ49: 10 | AR49: 10 | AU49: Segment | AV49: 1 | AW49: 1 | AX49: 2 | AY49: 2 | AZ49: 3 | BA49: 3 | BB49: 4 | BC49: 4 | BD49: 5 | BE49: 5 | BF49: 6 | BG49: 6 | BH49: 7 | BI49: 7 | BJ49: 8 | BK49: 8 | BL49: 9 | BM49: 9 | BN49: 10 | BO49: 10 | BR49: Segment | BS49: 1 | BT49: 1 | BU49: 2 | BV49: 2 | BW49: 3 | BX49: 3 | BY49: 4 | BZ49: 4 | CA49: 5 | CB49: 5 | CC49: 6 | CD49: 6 | CE49: 7 | CF49: 7 | CG49: 8 | CH49: 8 | CI49: 9 | CJ49: 9 | CK49: 10 | CL49: 10
B50: Period | X50: Period | AU50: Period | BR50: Period
B51: Night | C51: 1078.98 | D51: 1048.1 | E51: 1092.42 | F51: 990.61 | G51: 307.27 | H51: 390.67 | I51: 1297.74 | J51: 1229.28 | K51: 1803.87 | L51: 1487.4 | M51: 3101.07 | N51: 2671.14 | O51: 2368.32 | P51: 2059.28 | Q51: 3257.85 | R51: 2896.12 | S51: 2560.23 | T51: 1582.77 | U51: 3209.53 | V51: 2077.77 | X51: Night | Y51: 0.09 | Z51: 0.09 | AA51: 0.07 | AB51: 0.07 | AC51: 0.06 | AD51: 0.08 | AE51: 0.08 | AF51: 0.08 | AG51: 0.09 | AH51: 0.08 | AI51: 0.08 | AJ51: 0.08 | AK51: 0.08 | AL51: 0.08 | AM51: 0.08 | AN51: 0.08 | AO51: 0.07 | AP51: 0.06 | AQ51: 0.08 | AR51: 0.06 | AU51: Night | AV51: 0.31 | AW51: 0.3 | AX51: 0.33 | AY51: 0.33 | AZ51: 0.32 | BA51: 0.32 | BB51: 0.31 | BC51: 0.86 | BD51: 0.77 | BE51: 0.83 | BF51: 0.86 | BG51: 0.82 | BH51: 0.86 | BI51: 0.8 | BJ51: 0.86 | BK51: 0.82 | BL51: 0.78 | BM51: 0.6 | BN51: 0.8 | BO51: 0.64 | BR51: Night | BS51: 0.34 | BT51: 0.34 | BU51: 0.36 | BV51: 0.36 | BW51: 0.36 | BX51: 0.36 | BY51: 0.34 | BZ51: 0.95 | CA51: 0.85 | CB51: 0.92 | CC51: 0.95 | CD51: 0.91 | CE51: 0.95 | CF51: 0.89 | CG51: 0.95 | CH51: 0.9 | CI51: 0.86 | CJ51: 0.66 | CK51: 0.89 | CL51: 0.71
B52: AM-Early | C52: 2505.66 | D52: 761.18 | E52: 2346.34 | F52: 789.98 | G52: 591.4 | H52: 476.28 | I52: 3724.9 | J52: 2978.2 | K52: 4556.43 | L52: 2355.03 | M52: 10005.51 | N52: 4502.65 | O52: 7185.56 | P52: 4860.45 | Q52: 8158.3 | R52: 4627.74 | S52: 6486.46 | T52: 2726.59 | U52: 7369.22 | V52: 2194.65 | X52: AM-Early | Y52: 0.37 | Z52: 0.23 | AA52: 0.4 | AB52: 0.26 | AC52: 0.26 | AD52: 0.33 | AE52: 0.43 | AF52: 0.31 | AG52: 0.39 | AH52: 0.27 | AI52: 0.41 | AJ52: 0.27 | AK52: 0.38 | AL52: 0.29 | AM52: 0.33 | AN52: 0.28 | AO52: 0.3 | AP52: 0.23 | AQ52: 0.35 | AR52: 0.22 | AU52: AM-Early | AV52: 0.75 | AW52: 0.49 | AX52: 0.71 | AY52: 0.47 | AZ52: 0.66 | BA52: 0.59 | BB52: 0.79 | BC52: 0.81 | BD52: 0.81 | BE52: 0.72 | BF52: 0.86 | BG52: 0.74 | BH52: 0.86 | BI52: 0.79 | BJ52: 0.83 | BK52: 0.7 | BL52: 0.81 | BM52: 0.63 | BN52: 0.75 | BO52: 0.5 | BR52: AM-Early | BS52: 0.88 | BT52: 0.57 | BU52: 0.85 | BV52: 0.56 | BW52: 0.78 | BX52: 0.7 | BY52: 0.94 | BZ52: 0.96 | CA52: 0.95 | CB52: 0.84 | CC52: 1.03 | CD52: 0.86 | CE52: 1.03 | CF52: 0.92 | CG52: 0.98 | CH52: 0.82 | CI52: 0.94 | CJ52: 0.73 | CK52: 0.87 | CL52: 0.58
B53: AM-Peak | C53: 37298.51 | D53: 2327.16 | E53: 40066.5 | F53: 1950.16 | G53: 11415.7 | H53: 13762.18 | I53: 46131.24 | J53: 12648.51 | K53: 26999.91 | L53: 12598.71 | M53: 48981.27 | N53: 22585.69 | O53: 36193.58 | P53: 19474.21 | Q53: 46046.91 | R53: 24090.68 | S53: 33244.22 | T53: 14963.31 | U53: 20723.68 | V53: 15809.72 | X53: AM-Peak | Y53: 0.52 | Z53: 0.19 | AA53: 0.52 | AB53: 0.2 | AC53: 0.42 | AD53: 0.52 | AE53: 0.52 | AF53: 0.46 | AG53: 0.75 | AH53: 0.38 | AI53: 0.74 | AJ53: 0.38 | AK53: 0.71 | AL53: 0.4 | AM53: 0.69 | AN53: 0.36 | AO53: 0.31 | AP53: 0.27 | AQ53: 0.26 | AR53: 0.22 | AU53: AM-Peak | AV53: 1.08 | AW53: 0.42 | AX53: 1.07 | AY53: 0.36 | AZ53: 1.06 | BA53: 1.07 | BB53: 1.09 | BC53: 0.83 | BD53: 0.98 | BE53: 0.8 | BF53: 0.98 | BG53: 0.8 | BH53: 0.98 | BI53: 0.81 | BJ53: 0.97 | BK53: 0.79 | BL53: 0.89 | BM53: 0.72 | BN53: 0.71 | BO53: 0.65 | BR53: AM-Peak | BS53: 1.32 | BT53: 0.48 | BU53: 1.32 | BV53: 0.43 | BW53: 1.32 | BX53: 1.32 | BY53: 1.32 | BZ53: 1.04 | CA53: 1.32 | CB53: 0.97 | CC53: 1.32 | CD53: 0.97 | CE53: 1.32 | CF53: 0.99 | CG53: 1.32 | CH53: 0.95 | CI53: 1.03 | CJ53: 0.84 | CK53: 0.83 | CL53: 0.75
B54: AM-Shoulder | C54: 4176.74 | D54: 1043.13 | E54: 4643.72 | F54: 676.33 | G54: 1407.23 | H54: 2478.9 | I54: 5127.58 | J54: 4171.03 | K54: 6057.76 | L54: 3790.08 | M54: 10857.17 | N54: 6222.82 | O54: 8541.69 | P54: 5357.97 | Q54: 11097.49 | R54: 5906.48 | S54: 5131.09 | T54: 3987.49 | U54: 5253.88 | V54: 4469.09 | X54: AM-Shoulder | Y54: 0.55 | Z54: 0.21 | AA54: 0.55 | AB54: 0.24 | AC54: 0.48 | AD54: 0.41 | AE54: 0.55 | AF54: 0.45 | AG54: 0.52 | AH54: 0.33 | AI54: 0.52 | AJ54: 0.31 | AK54: 0.52 | AL54: 0.32 | AM54: 0.52 | AN54: 0.28 | AO54: 0.28 | AP54: 0.25 | AQ54: 0.25 | AR54: 0.24 | AU54: AM-Shoulder | AV54: 0.9 | AW54: 0.61 | AX54: 0.89 | AY54: 0.45 | AZ54: 0.89 | BA54: 0.98 | BB54: 0.91 | BC54: 0.87 | BD54: 0.93 | BE54: 0.84 | BF54: 0.93 | BG54: 0.83 | BH54: 0.93 | BI54: 0.84 | BJ54: 0.93 | BK54: 0.81 | BL54: 0.8 | BM54: 0.75 | BN54: 0.75 | BO54: 0.71 | BR54: AM-Shoulder | BS54: 1.16 | BT54: 0.71 | BU54: 1.16 | BV54: 0.53 | BW54: 1.16 | BX54: 1.16 | BY54: 1.16 | BZ54: 1.08 | CA54: 1.16 | CB54: 0.99 | CC54: 1.16 | CD54: 0.97 | CE54: 1.16 | CF54: 0.99 | CG54: 1.16 | CH54: 0.93 | CI54: 0.92 | CJ54: 0.86 | CK54: 0.86 | CL54: 0.82
B55: MD | C55: 14168.67 | D55: 18006.67 | E55: 24298.52 | F55: 13877.05 | G55: 5497.7 | H55: 6100.41 | I55: 12563.27 | J55: 20505.94 | K55: 26680.82 | L55: 26506.84 | M55: 46365.23 | N55: 42894.94 | O55: 32508.93 | P55: 32276.78 | Q55: 35924.58 | R55: 32407.95 | S55: 25283.05 | T55: 20107.64 | U55: 27875.58 | V55: 21664.22 | X55: MD | Y55: 0.36 | Z55: 0.45 | AA55: 0.34 | AB55: 0.42 | AC55: 0.35 | AD55: 0.39 | AE55: 0.35 | AF55: 0.42 | AG55: 0.44 | AH55: 0.43 | AI55: 0.43 | AJ55: 0.39 | AK55: 0.37 | AL55: 0.36 | AM55: 0.32 | AN55: 0.29 | AO55: 0.28 | AP55: 0.27 | AQ55: 0.27 | AR55: 0.29 | AU55: MD | AV55: 0.85 | AW55: 0.87 | AX55: 0.92 | AY55: 0.76 | AZ55: 0.85 | BA55: 0.85 | BB55: 0.74 | BC55: 0.87 | BD55: 0.89 | BE55: 0.89 | BF55: 0.88 | BG55: 0.86 | BH55: 0.86 | BI55: 0.85 | BJ55: 0.83 | BK55: 0.81 | BL55: 0.79 | BM55: 0.71 | BN55: 0.74 | BO55: 0.65 | BR55: MD | BS55: 1.09 | BT55: 1.09 | BU55: 1.09 | BV55: 0.9 | BW55: 1.09 | BX55: 1.09 | BY55: 0.87 | BZ55: 1.09 | CA55: 1.09 | CB55: 1.09 | CC55: 1.08 | CD55: 1.02 | CE55: 1.03 | CF55: 1 | CG55: 0.97 | CH55: 0.94 | CI55: 0.92 | CJ55: 0.83 | CK55: 0.86 | CL55: 0.75
B56: PM-Shoulder | C56: 4110.08 | D56: 5988.51 | E56: 5427.05 | F56: 5513.12 | G56: 1415.96 | H56: 1630.08 | I56: 3511.86 | J56: 4313.35 | K56: 3815.02 | L56: 7116.31 | M56: 9144.56 | N56: 13225.09 | O56: 7442.71 | P56: 10794.9 | Q56: 9391.53 | R56: 13764.4 | S56: 6789.19 | T56: 12360.31 | U56: 7090.47 | V56: 5879.88 | X56: PM-Shoulder | Y56: 0.49 | Z56: 0.35 | AA56: 0.6 | AB56: 0.61 | AC56: 0.43 | AD56: 0.48 | AE56: 0.41 | AF56: 0.41 | AG56: 0.37 | AH56: 0.54 | AI56: 0.39 | AJ56: 0.55 | AK56: 0.4 | AL56: 0.55 | AM56: 0.38 | AN56: 0.55 | AO56: 0.36 | AP56: 0.53 | AQ56: 0.33 | AR56: 0.33 | AU56: PM-Shoulder | AV56: 0.88 | AW56: 0.96 | AX56: 0.89 | AY56: 0.89 | AZ56: 0.86 | BA56: 0.87 | BB56: 0.79 | BC56: 0.87 | BD56: 0.79 | BE56: 0.91 | BF56: 0.85 | BG56: 0.91 | BH56: 0.85 | BI56: 0.91 | BJ56: 0.85 | BK56: 0.91 | BL56: 0.81 | BM56: 0.91 | BN56: 0.76 | BO56: 0.7 | BR56: PM-Shoulder | BS56: 1.16 | BT56: 1.16 | BU56: 1.16 | BV56: 1.16 | BW56: 1.16 | BX56: 1.16 | BY56: 0.97 | BZ56: 1.16 | CA56: 0.95 | CB56: 1.16 | CC56: 1.03 | CD56: 1.16 | CE56: 1.03 | CF56: 1.16 | CG56: 1.02 | CH56: 1.16 | CI56: 0.97 | CJ56: 1.15 | CK56: 0.91 | CL56: 0.85
B57: PM-Peak | C57: 39323.43 | D57: 40699.13 | E57: 40892.13 | F57: 47820.06 | G57: 12733.9 | H57: 15381.96 | I57: 18452.09 | J57: 19675.82 | K57: 18442.1 | L57: 61294.96 | M57: 36207.38 | N57: 111414.09 | O57: 30061.09 | P57: 90034.66 | Q57: 42453.94 | R57: 75797.18 | S57: 31358.78 | T57: 34964.3 | U57: 32907.45 | V57: 32225.12 | X57: PM-Peak | Y57: 0.5 | Z57: 0.52 | AA57: 0.55 | AB57: 0.58 | AC57: 0.42 | AD57: 0.5 | AE57: 0.57 | AF57: 0.63 | AG57: 0.46 | AH57: 0.52 | AI57: 0.5 | AJ57: 0.51 | AK57: 0.52 | AL57: 0.52 | AM57: 0.56 | AN57: 0.5 | AO57: 0.36 | AP57: 0.37 | AQ57: 0.37 | AR57: 0.36 | AU57: PM-Peak | AV57: 1.06 | AW57: 1.06 | AX57: 1.03 | AY57: 1.06 | AZ57: 1.04 | BA57: 1.05 | BB57: 0.87 | BC57: 0.92 | BD57: 0.83 | BE57: 1.09 | BF57: 0.85 | BG57: 1.09 | BH57: 0.86 | BI57: 1.09 | BJ57: 0.88 | BK57: 1 | BL57: 0.83 | BM57: 0.85 | BN57: 0.77 | BO57: 0.76 | BR57: PM-Peak | BS57: 1.32 | BT57: 1.32 | BU57: 1.29 | BV57: 1.32 | BW57: 1.32 | BX57: 1.32 | BY57: 1.13 | BZ57: 1.32 | CA57: 1.03 | CB57: 1.32 | CC57: 1.08 | CD57: 1.32 | CE57: 1.09 | CF57: 1.32 | CG57: 1.14 | CH57: 1.22 | CI57: 0.99 | CJ57: 1.01 | CK57: 0.94 | CL57: 0.92
B58: PM-Late | C58: 4590.38 | D58: 8620.35 | E58: 1442.12 | F58: 1610.86 | G58: 406.31 | H58: 740.36 | I58: 1264.68 | J58: 9647.7 | K58: 6127.05 | L58: 11486.61 | M58: 16807.14 | N58: 21160.32 | O58: 13205.24 | P58: 16862.2 | Q58: 16914.81 | R58: 16824.67 | S58: 12442.64 | T58: 9911.08 | U58: 14239.37 | V58: 10892.44 | X58: PM-Late | Y58: 0.25 | Z58: 0.32 | AA58: 0.25 | AB58: 0.27 | AC58: 0.15 | AD58: 0.28 | AE58: 0.19 | AF58: 0.29 | AG58: 0.2 | AH58: 0.27 | AI58: 0.23 | AJ58: 0.28 | AK58: 0.23 | AL58: 0.28 | AM58: 0.22 | AN58: 0.22 | AO58: 0.18 | AP58: 0.18 | AQ58: 0.18 | AR58: 0.19 | AU58: PM-Late | AV58: 0.67 | AW58: 0.79 | AX58: 0.36 | AY58: 0.38 | AZ58: 0.3 | BA58: 0.42 | BB58: 0.32 | BC58: 0.81 | BD58: 0.7 | BE58: 0.83 | BF58: 0.82 | BG58: 0.83 | BH58: 0.82 | BI58: 0.83 | BJ58: 0.82 | BK58: 0.8 | BL58: 0.79 | BM58: 0.71 | BN58: 0.74 | BO58: 0.64 | BR58: PM-Late | BS58: 0.8 | BT58: 0.96 | BU58: 0.45 | BV58: 0.48 | BW58: 0.36 | BX58: 0.52 | BY58: 0.38 | BZ58: 1.02 | CA58: 0.84 | CB58: 1.02 | CC58: 1.01 | CD58: 1.02 | CE58: 1.02 | CF58: 1.02 | CG58: 1.01 | CH58: 0.96 | CI58: 0.95 | CJ58: 0.85 | CK58: 0.88 | CL58: 0.76
B61: Revenue Per Period Medium A | X61: ML Speed | AU61: GP Speed | BR61: Time Saving
B62: Direction | C62: NB | D62: SB | E62: NB | F62: SB | G62: NB | H62: SB | I62: NB | J62: SB | K62: NB | L62: SB | M62: NB | N62: SB | O62: NB | P62: SB | Q62: NB | R62: SB | S62: NB | T62: SB | U62: NB | V62: SB | X62: Direction | Y62: NB | Z62: SB | AA62: NB | AB62: SB | AC62: NB | AD62: SB | AE62: NB | AF62: SB | AG62: NB | AH62: SB | AI62: NB | AJ62: SB | AK62: NB | AL62: SB | AM62: NB | AN62: SB | AO62: NB | AP62: SB | AQ62: NB | AR62: SB | AU62: Direction | AV62: NB | AW62: SB | AX62: NB | AY62: SB | AZ62: NB | BA62: SB | BB62: NB | BC62: SB | BD62: NB | BE62: SB | BF62: NB | BG62: SB | BH62: NB | BI62: SB | BJ62: NB | BK62: SB | BL62: NB | BM62: SB | BN62: NB | BO62: SB | BR62: Direction | BS62: NB | BT62: SB | BU62: NB | BV62: SB | BW62: NB | BX62: SB | BY62: NB | BZ62: SB | CA62: NB | CB62: SB | CC62: NB | CD62: SB | CE62: NB | CF62: SB | CG62: NB | CH62: SB | CI62: NB | CJ62: SB | CK62: NB | CL62: SB
B63: Segment | C63: 1 | D63: 1 | E63: 2 | F63: 2 | G63: 3 | H63: 3 | I63: 4 | J63: 4 | K63: 5 | L63: 5 | M63: 6 | N63: 6 | O63: 7 | P63: 7 | Q63: 8 | R63: 8 | S63: 9 | T63: 9 | U63: 10 | V63: 10 | X63: Segment | Y63: 1 | Z63: 1 | AA63: 2 | AB63: 2 | AC63: 3 | AD63: 3 | AE63: 4 | AF63: 4 | AG63: 5 | AH63: 5 | AI63: 6 | AJ63: 6 | AK63: 7 | AL63: 7 | AM63: 8 | AN63: 8 | AO63: 9 | AP63: 9 | AQ63: 10 | AR63: 10 | AU63: Segment | AV63: 1 | AW63: 1 | AX63: 2 | AY63: 2 | AZ63: 3 | BA63: 3 | BB63: 4 | BC63: 4 | BD63: 5 | BE63: 5 | BF63: 6 | BG63: 6 | BH63: 7 | BI63: 7 | BJ63: 8 | BK63: 8 | BL63: 9 | BM63: 9 | BN63: 10 | BO63: 10 | BR63: Segment | BS63: 1 | BT63: 1 | BU63: 2 | BV63: 2 | BW63: 3 | BX63: 3 | BY63: 4 | BZ63: 4 | CA63: 5 | CB63: 5 | CC63: 6 | CD63: 6 | CE63: 7 | CF63: 7 | CG63: 8 | CH63: 8 | CI63: 9 | CJ63: 9 | CK63: 10 | CL63: 10
B64: Period | X64: Period | AU64: Period | BR64: Period
B65: Night | C65: 85.78 | D65: 90.35 | E65: 63.12 | F65: 63.12 | G65: 25.67 | H65: 38.46 | I65: 92.1 | J65: 140.15 | K65: 138.39 | L65: 127.01 | M65: 218.92 | N65: 236.23 | O65: 206.27 | P65: 177.26 | Q65: 228.08 | R65: 224.22 | S65: 228.51 | T65: 183.98 | U65: 308.39 | V65: 274.46 | X65: Night | Y65: 60 | Z65: 60 | AA65: 60 | AB65: 60 | AC65: 60 | AD65: 60 | AE65: 70 | AF65: 70 | AG65: 70 | AH65: 70 | AI65: 70 | AJ65: 70 | AK65: 70 | AL65: 70 | AM65: 70 | AN65: 70 | AO65: 70 | AP65: 70 | AQ65: 70 | AR65: 70 | AU65: Night | AV65: 54.96 | AW65: 54.96 | AX65: 54.93 | AY65: 54.93 | AZ65: 54.94 | BA65: 54.94 | BB65: 64.94 | BC65: 46.32 | BD65: 57.85 | BE65: 52.48 | BF65: 49.96 | BG65: 53.73 | BH65: 49.86 | BI65: 55.15 | BJ65: 49.97 | BK65: 54.13 | BL65: 57.25 | BM65: 66.84 | BN65: 55.38 | BO65: 65.55 | BR65: Night | BS65: -0.12 | BT65: -0.12 | BU65: -0.12 | BV65: -0.12 | BW65: -0.05 | BX65: -0.05 | BY65: -0.11 | BZ65: -0.7 | CA65: -0.36 | CB65: -0.57 | CC65: -1.24 | CD65: -0.93 | CE65: -1 | CF65: -0.67 | CG65: -1.31 | CH65: -0.95 | CI65: -0.65 | CJ65: -0.14 | CK65: -1.02 | CL65: -0.26
B66: AM-Early | C66: 216.01 | D66: 89.51 | E66: 101.48 | F66: 62.41 | G66: 44.52 | H66: 52.68 | I66: 234.99 | J66: 433.78 | K66: 313.6 | L66: 342.65 | M66: 712.59 | N66: 719.58 | O66: 638.55 | P66: 572.54 | Q66: 719.9 | R66: 451.6 | S66: 494.28 | T66: 334.79 | U66: 658.57 | V66: 271.29 | X66: AM-Early | Y66: 59.8 | Z66: 59.99 | AA66: 59.7 | AB66: 59.98 | AC66: 59.98 | AD66: 59.92 | AE66: 69.48 | AF66: 69.92 | AG66: 69.71 | AH66: 69.97 | AI66: 69.57 | AJ66: 69.97 | AK66: 69.74 | AL66: 69.95 | AM66: 69.89 | AN66: 69.96 | AO66: 69.94 | AP66: 69.99 | AQ66: 69.86 | AR66: 69.99 | AU66: AM-Early | AV66: 46.81 | AW66: 54.25 | AX66: 48.72 | AY66: 54.38 | AZ66: 50.91 | BA66: 52.74 | BB66: 52.44 | BC66: 50.78 | BD66: 54.31 | BE66: 61.34 | BF66: 49.67 | BG66: 60.3 | BH66: 50.02 | BI66: 56.09 | BJ66: 52.47 | BK66: 62.36 | BL66: 54.86 | BM66: 65.91 | BN66: 59.25 | BO66: 68.94 | BR66: AM-Early | BS66: -0.36 | BT66: -0.14 | BU66: -0.29 | BV66: -0.13 | BW66: -0.09 | BX66: -0.07 | BY66: -0.45 | BZ66: -0.52 | CA66: -0.49 | CB66: -0.24 | CC66: -1.24 | CD66: -0.49 | CE66: -0.98 | CF66: -0.61 | CG66: -1.08 | CH66: -0.4 | CI66: -0.8 | CJ66: -0.18 | CK66: -0.69 | CL66: -0.06
B67: AM-Peak | C67: 4402.18 | D67: 316.74 | E67: 3506.95 | F67: 196.68 | G67: 1562.62 | H67: 2458.86 | I67: 5477.16 | J67: 2210.02 | K67: 3780.69 | L67: 2499.28 | M67: 6450.5 | N67: 4768.83 | O67: 5533.99 | P67: 3545.96 | Q67: 6812.69 | R67: 3813.05 | S67: 4674.04 | T67: 3166.68 | U67: 3249.18 | V67: 2640.13 | X67: AM-Peak | Y67: 58.56 | Z67: 60 | AA67: 58.54 | AB67: 60 | AC67: 59.6 | AD67: 58.42 | AE67: 68.3 | AF67: 69.14 | AG67: 55.97 | AH67: 69.77 | AI67: 56.01 | AJ67: 69.76 | AK67: 59.09 | AL67: 69.67 | AM67: 60.83 | AN67: 69.81 | AO67: 69.93 | AP67: 69.97 | AQ67: 69.97 | AR67: 69.99 | AU67: AM-Peak | AV67: 21.58 | AW67: 54.71 | AX67: 22.35 | AY67: 54.88 | AZ67: 22.61 | BA67: 22.03 | BB67: 24.48 | BC67: 49.21 | BD67: 36.62 | BE67: 55.78 | BF67: 36.6 | BG67: 55.53 | BH67: 37.58 | BI67: 54.32 | BJ67: 38.26 | BK67: 56.54 | BL67: 46.66 | BM67: 61.73 | BN67: 62.13 | BO67: 65.24 | BR67: AM-Peak | BS67: -2.28 | BT67: -0.13 | BU67: -2.16 | BV67: -0.12 | BW67: -0.82 | BX67: -0.85 | BY67: -2.52 | BZ67: -0.56 | CA67: -1.13 | CB67: -0.43 | CC67: -2.05 | CD67: -0.79 | CE67: -1.69 | CF67: -0.71 | CG67: -2.21 | CH67: -0.77 | CI67: -1.45 | CJ67: -0.39 | CK67: -0.49 | CL67: -0.28
B68: AM-Shoulder | C68: 556.18 | D68: 126.46 | E68: 377.32 | F68: 75.39 | G68: 180.08 | H68: 299.19 | I68: 747.23 | J68: 540.79 | K68: 855.48 | L68: 647.85 | M68: 1630.67 | N68: 1150.81 | O68: 1374.02 | P68: 818.83 | Q68: 1817.2 | R68: 982.3 | S68: 796.61 | T68: 611.76 | U68: 848.34 | V68: 654.21 | X68: AM-Shoulder | Y68: 57.88 | Z68: 60 | AA68: 57.95 | AB68: 59.99 | AC68: 59.13 | AD68: 59.67 | AE68: 67.5 | AF68: 69.3 | AG68: 68.18 | AH68: 69.89 | AI68: 68.19 | AJ68: 69.93 | AK68: 68.22 | AL68: 69.91 | AM68: 68.22 | AN68: 69.97 | AO68: 69.97 | AP68: 69.98 | AQ68: 69.98 | AR68: 69.99 | AU68: AM-Shoulder | AV68: 35.6 | AW68: 52.21 | AX68: 36.64 | AY68: 54.56 | AZ68: 37.05 | BA68: 29.42 | BB68: 41.21 | BC68: 44.92 | BD68: 43.03 | BE68: 51.49 | BF68: 43.01 | BG68: 52.69 | BH68: 42.95 | BI68: 51.84 | BJ68: 42.95 | BK68: 54.6 | BL68: 55.68 | BM68: 59.33 | BN68: 59.59 | BO68: 62.01 | BR68: AM-Shoulder | BS68: -0.84 | BT68: -0.19 | BU68: -0.78 | BV68: -0.13 | BW68: -0.3 | BX68: -0.52 | BY68: -0.91 | BZ68: -0.75 | CA68: -1.03 | CB68: -0.61 | CC68: -1.85 | CD68: -1.01 | CE68: -1.5 | CF68: -0.87 | CG68: -1.97 | CH68: -0.92 | CI68: -0.75 | CJ68: -0.52 | CK68: -0.67 | CL68: -0.5
B69: MD | C69: 1504.67 | D69: 1795.18 | E69: 2053.22 | F69: 1220.18 | G69: 565.97 | H69: 563 | I69: 1606.92 | J69: 2564.77 | K69: 3622.48 | L69: 3141.16 | M69: 6268.78 | N69: 4958.55 | O69: 4474.11 | P69: 3565.46 | Q69: 4918.32 | R69: 4016.01 | S69: 3699.77 | T69: 2009.8 | U69: 3642.87 | V69: 2383.77 | X69: MD | Y69: 59.85 | Z69: 59.37 | AA69: 59.89 | AB69: 59.62 | AC69: 59.86 | AD69: 59.76 | AE69: 69.84 | AF69: 69.51 | AG69: 69.35 | AH69: 69.43 | AI69: 69.49 | AJ69: 69.73 | AK69: 69.77 | AL69: 69.82 | AM69: 69.92 | AN69: 69.95 | AO69: 69.97 | AP69: 69.97 | AQ69: 69.97 | AR69: 69.95 | AU69: MD | AV69: 39.64 | AW69: 38.47 | AX69: 34.56 | AY69: 46.27 | AZ69: 40.24 | BA69: 39.91 | BB69: 56.05 | BC69: 45.2 | BD69: 46.68 | BE69: 46.8 | BF69: 47.4 | BG69: 49.77 | BH69: 49.78 | BI69: 51.18 | BJ69: 52.62 | BK69: 54.8 | BL69: 56.39 | BM69: 61.8 | BN69: 59.99 | BO69: 65.05 | BR69: MD | BS69: -0.66 | BT69: -0.71 | BU69: -0.95 | BV69: -0.38 | BW69: -0.24 | BX69: -0.25 | BY69: -0.34 | BZ69: -0.74 | CA69: -0.84 | CB69: -0.84 | CC69: -1.45 | CD69: -1.24 | CE69: -1 | CF69: -0.91 | CG69: -1.07 | CH69: -0.9 | CI69: -0.7 | CJ69: -0.39 | CK69: -0.64 | CL69: -0.29
B70: PM-Shoulder | C70: 303.49 | D70: 404.66 | E70: 291.78 | F70: 334 | G70: 112.16 | H70: 91.21 | I70: 329.05 | J70: 300.42 | K70: 351.28 | L70: 574.46 | M70: 950.1 | N70: 1053.22 | O70: 717 | P70: 740.53 | Q70: 936.55 | R70: 1176.58 | S70: 737.58 | T70: 784.58 | U70: 715.78 | V70: 480.68 | X70: PM-Shoulder | Y70: 58.93 | Z70: 59.88 | AA70: 56.23 | AB70: 56.15 | AC70: 59.5 | AD70: 59.05 | AE70: 69.61 | AF70: 69.62 | AG70: 69.77 | AH70: 67.8 | AI70: 69.69 | AJ70: 67.5 | AK70: 69.67 | AL70: 67.49 | AM70: 69.73 | AN70: 67.53 | AO70: 69.82 | AP70: 67.92 | AQ70: 69.89 | AR70: 69.9 | AU70: PM-Shoulder | AV70: 37.88 | AW70: 30.62 | AX70: 36.9 | AY70: 36.98 | AZ70: 39.23 | BA70: 38.67 | BB70: 52.33 | BC70: 45.48 | BD70: 56.68 | BE70: 44.49 | BF70: 50.82 | BG70: 44.38 | BH70: 50.69 | BI70: 44.4 | BJ70: 51.19 | BK70: 44.34 | BL70: 54.83 | BM70: 45.08 | BN70: 58.89 | BO70: 62.59 | BR70: PM-Shoulder | BS70: -0.74 | BT70: -1.24 | BU70: -0.73 | BV70: -0.72 | BW70: -0.26 | BX70: -0.27 | BY70: -0.46 | BZ70: -0.73 | CA70: -0.4 | CB70: -0.93 | CC70: -1.15 | CD70: -1.67 | CE70: -0.94 | CF70: -1.34 | CG70: -1.18 | CH70: -1.77 | CI70: -0.8 | CJ70: -1.52 | CK70: -0.72 | CL70: -0.45
B71: PM-Peak | C71: 2210.94 | D71: 2632.68 | E71: 1836.97 | F71: 2061.68 | G71: 801.55 | H71: 775.75 | I71: 1254.22 | J71: 1323.05 | K71: 1334.63 | L71: 4082.34 | M71: 2630.72 | N71: 6987.26 | O71: 1958.55 | P71: 4971.3 | Q71: 2903.98 | R71: 5255.51 | S71: 2408.31 | T71: 1938.69 | U71: 2265.18 | V71: 2130.84 | X71: PM-Peak | Y71: 58.82 | Z71: 58.44 | AA71: 57.9 | AB71: 57.07 | AC71: 59.59 | AD71: 58.77 | AE71: 66.76 | AF71: 64.61 | AG71: 69.15 | AH71: 68.27 | AI71: 68.55 | AJ71: 68.34 | AK71: 68.31 | AL71: 68.32 | AM71: 67.13 | AN71: 68.64 | AO71: 69.83 | AP71: 69.8 | AQ71: 69.79 | AR71: 69.83 | AU71: PM-Peak | AV71: 22.75 | AW71: 22.49 | AX71: 24.87 | AY71: 22.79 | AZ71: 23.91 | BA71: 23.15 | BB71: 45.64 | BC71: 40.84 | BD71: 53.1 | BE71: 26.43 | BF71: 50.83 | BG71: 26.27 | BH71: 50.12 | BI71: 26.33 | BJ71: 47.59 | BK71: 35.42 | BL71: 52.55 | BM71: 50.96 | BN71: 57.63 | BO71: 58.4 | BR71: PM-Peak | BS71: -2.1 | BT71: -2.13 | BU71: -1.79 | BV71: -2.06 | BW71: -0.75 | BX71: -0.79 | BY71: -0.67 | BZ71: -0.86 | CA71: -0.52 | CB71: -2.78 | CC71: -1.1 | CD71: -5.06 | CE71: -0.92 | CF71: -4.06 | CG71: -1.39 | CH71: -3.12 | CI71: -0.96 | CJ71: -1.08 | CK71: -0.82 | CL71: -0.76
B72: PM-Late | C72: 257.82 | D72: 283.87 | E72: 34.43 | F72: 42.81 | G72: 17.98 | H72: 20.48 | I72: 55.78 | J72: 274.88 | K72: 318.94 | L72: 246.12 | M72: 637.25 | N72: 507.76 | O72: 548.9 | P72: 567.43 | Q72: 583.87 | R72: 607.93 | S72: 653.5 | T72: 354.83 | U72: 708.41 | V72: 414.35 | X72: PM-Late | Y72: 59.99 | Z72: 59.93 | AA72: 59.98 | AB72: 59.97 | AC72: 60 | AD72: 59.97 | AE72: 70 | AF72: 69.96 | AG72: 70 | AH72: 69.97 | AI72: 69.99 | AJ72: 69.96 | AK72: 69.99 | AL72: 69.96 | AM72: 69.99 | AN72: 69.99 | AO72: 70 | AP72: 70 | AQ72: 70 | AR72: 70 | AU72: PM-Late | AV72: 50.57 | AW72: 43.98 | AX72: 54.88 | AY72: 54.83 | AZ72: 54.96 | BA72: 54.7 | BB72: 64.94 | BC72: 50.54 | BD72: 62.46 | BE72: 53.15 | BF72: 53.64 | BG72: 53.02 | BH72: 53.42 | BI72: 52.86 | BJ72: 54 | BK72: 55.47 | BL72: 56.39 | BM72: 62.02 | BN72: 60.34 | BO72: 65.34 | BR72: PM-Late | BS72: -0.24 | BT72: -0.47 | BU72: -0.12 | BV72: -0.12 | BW72: -0.05 | BX72: -0.05 | BY72: -0.11 | BZ72: -0.53 | CA72: -0.21 | CB72: -0.54 | CC72: -0.94 | CD72: -0.99 | CE72: -0.77 | CF72: -0.8 | CG72: -0.97 | CH72: -0.85 | CI72: -0.7 | CJ72: -0.37 | CK72: -0.62 | CL72: -0.27
B75: Revenue Per Period Medium B | X75: ML time | AU75: GP Time | BR75: Difference in travel time
B76: Direction | C76: NB | D76: SB | E76: NB | F76: SB | G76: NB | H76: SB | I76: NB | J76: SB | K76: NB | L76: SB | M76: NB | N76: SB | O76: NB | P76: SB | Q76: NB | R76: SB | S76: NB | T76: SB | U76: NB | V76: SB | X76: Direction | Y76: NB | Z76: SB | AA76: NB | AB76: SB | AC76: NB | AD76: SB | AE76: NB | AF76: SB | AG76: NB | AH76: SB | AI76: NB | AJ76: SB | AK76: NB | AL76: SB | AM76: NB | AN76: SB | AO76: NB | AP76: SB | AQ76: NB | AR76: SB | AU76: Direction | AV76: NB | AW76: SB | AX76: NB | AY76: SB | AZ76: NB | BA76: SB | BB76: NB | BC76: SB | BD76: NB | BE76: SB | BF76: NB | BG76: SB | BH76: NB | BI76: SB | BJ76: NB | BK76: SB | BL76: NB | BM76: SB | BN76: NB | BO76: SB | BR76: Direction | BS76: NB | BT76: SB | BU76: NB | BV76: SB | BW76: NB | BX76: SB | BY76: NB | BZ76: SB | CA76: NB | CB76: SB | CC76: NB | CD76: SB | CE76: NB | CF76: SB | CG76: NB | CH76: SB | CI76: NB | CJ76: SB | CK76: NB | CL76: SB
B77: Segment | C77: 1 | D77: 1 | E77: 2 | F77: 2 | G77: 3 | H77: 3 | I77: 4 | J77: 4 | K77: 5 | L77: 5 | M77: 6 | N77: 6 | O77: 7 | P77: 7 | Q77: 8 | R77: 8 | S77: 9 | T77: 9 | U77: 10 | V77: 10 | X77: Segment | Y77: 1 | Z77: 1 | AA77: 2 | AB77: 2 | AC77: 3 | AD77: 3 | AE77: 4 | AF77: 4 | AG77: 5 | AH77: 5 | AI77: 6 | AJ77: 6 | AK77: 7 | AL77: 7 | AM77: 8 | AN77: 8 | AO77: 9 | AP77: 9 | AQ77: 10 | AR77: 10 | AU77: Segment | AV77: 1 | AW77: 1 | AX77: 2 | AY77: 2 | AZ77: 3 | BA77: 3 | BB77: 4 | BC77: 4 | BD77: 5 | BE77: 5 | BF77: 6 | BG77: 6 | BH77: 7 | BI77: 7 | BJ77: 8 | BK77: 8 | BL77: 9 | BM77: 9 | BN77: 10 | BO77: 10 | BR77: Segment | BS77: 1 | BT77: 1 | BU77: 2 | BV77: 2 | BW77: 3 | BX77: 3 | BY77: 4 | BZ77: 4 | CA77: 5 | CB77: 5 | CC77: 6 | CD77: 6 | CE77: 7 | CF77: 7 | CG77: 8 | CH77: 8 | CI77: 9 | CJ77: 9 | CK77: 10 | CL77: 10
B78: Period | X78: Period | AU78: Period | BR78: Period
B79: Night | C79: 23.2 | D79: 37.09 | E79: 18.4 | F79: 18.4 | G79: 5.95 | H79: 12.19 | I79: 56.51 | J79: 28.03 | K79: 59.8 | L79: 78.59 | M79: 56.5 | N79: 87.64 | O79: 50.17 | P79: 61 | Q79: 42.64 | R79: 43.24 | S79: 25.19 | T79: 44.53 | U79: 25.6 | V79: 34.53 | X79: Night | Y79: 1.3 | Z79: 1.3 | AA79: 1.3 | AB79: 1.3 | AC79: 0.5 | AD79: 0.5 | AE79: 1.37 | AF79: 1.37 | AG79: 1.71 | AH79: 1.71 | AI79: 3.09 | AJ79: 3.09 | AK79: 2.49 | AL79: 2.49 | AM79: 3.26 | AN79: 3.26 | AO79: 2.91 | AP79: 2.91 | AQ79: 3.86 | AR79: 3.86 | AU79: Night | AV79: 1.42 | AW79: 1.42 | AX79: 1.42 | AY79: 1.42 | AZ79: 0.55 | BA79: 0.55 | BB79: 1.48 | BC79: 2.07 | BD79: 2.07 | BE79: 2.29 | BF79: 4.32 | BG79: 4.02 | BH79: 3.49 | BI79: 3.16 | BJ79: 4.56 | BK79: 4.21 | BL79: 3.56 | BM79: 3.05 | BN79: 4.88 | BO79: 4.12 | BR79: Night | BS79: -0.08 | BT79: -0.08 | BU79: -0.08 | BV79: -0.08 | BW79: -0.08 | BX79: -0.08 | BY79: -0.07 | BZ79: -0.34 | CA79: -0.17 | CB79: -0.25 | CC79: -0.29 | CD79: -0.23 | CE79: -0.29 | CF79: -0.21 | CG79: -0.29 | CH79: -0.23 | CI79: -0.18 | CJ79: -0.05 | CK79: -0.21 | CL79: -0.06
B80: AM-Early | C80: 113.02 | D80: 39.88 | E80: 68.16 | F80: 28.24 | G80: 17.48 | H80: 25.6 | I80: 112.66 | J80: 203.28 | K80: 134.4 | L80: 155.4 | M80: 239.53 | N80: 222.63 | O80: 222.54 | P80: 207.9 | Q80: 274.27 | R80: 161.33 | S80: 178.47 | T80: 138.98 | U80: 204.78 | V80: 113.7 | X80: AM-Early | Y80: 1.3 | Z80: 1.3 | AA80: 1.31 | AB80: 1.3 | AC80: 0.5 | AD80: 0.5 | AE80: 1.38 | AF80: 1.37 | AG80: 1.72 | AH80: 1.72 | AI80: 3.1 | AJ80: 3.09 | AK80: 2.49 | AL80: 2.49 | AM80: 3.26 | AN80: 3.26 | AO80: 2.92 | AP80: 2.91 | AQ80: 3.87 | AR80: 3.86 | AU80: AM-Early | AV80: 1.67 | AW80: 1.44 | AX80: 1.6 | AY80: 1.43 | AZ80: 0.59 | BA80: 0.57 | BB80: 1.83 | BC80: 1.89 | BD80: 2.21 | BE80: 1.96 | BF80: 4.35 | BG80: 3.58 | BH80: 3.48 | BI80: 3.1 | BJ80: 4.35 | BK80: 3.66 | BL80: 3.72 | BM80: 3.09 | BN80: 4.56 | BO80: 3.92 | BR80: AM-Early | BS80: -0.22 | BT80: -0.1 | BU80: -0.18 | BV80: -0.09 | BW80: -0.15 | BX80: -0.12 | BY80: -0.25 | BZ80: -0.27 | CA80: -0.22 | CB80: -0.12 | CC80: -0.29 | CD80: -0.14 | CE80: -0.28 | CF80: -0.2 | CG80: -0.25 | CH80: -0.11 | CI80: -0.22 | CJ80: -0.06 | CK80: -0.15 | CL80: -0.01
B81: AM-Peak | C81: 1091.51 | D81: 110.31 | E81: 900.41 | F81: 56.57 | G81: 290.56 | H81: 694.68 | I81: 1844.91 | J81: 830.1 | K81: 997.6 | L81: 767.99 | M81: 1672.08 | N81: 1263.33 | O81: 1506.28 | P81: 1086.31 | Q81: 1924.76 | R81: 1167.52 | S81: 1182.64 | T81: 907.38 | U81: 970.54 | V81: 794.37 | X81: AM-Peak | Y81: 1.33 | Z81: 1.3 | AA81: 1.33 | AB81: 1.3 | AC81: 0.5 | AD81: 0.51 | AE81: 1.41 | AF81: 1.39 | AG81: 2.14 | AH81: 1.72 | AI81: 3.86 | AJ81: 3.1 | AK81: 2.94 | AL81: 2.5 | AM81: 3.75 | AN81: 3.27 | AO81: 2.92 | AP81: 2.92 | AQ81: 3.86 | AR81: 3.86 | AU81: AM-Peak | AV81: 3.62 | AW81: 1.43 | AX81: 3.49 | AY81: 1.42 | AZ81: 1.33 | BA81: 1.36 | BB81: 3.92 | BC81: 1.95 | BD81: 3.28 | BE81: 2.15 | BF81: 5.9 | BG81: 3.89 | BH81: 4.63 | BI81: 3.2 | BJ81: 5.96 | BK81: 4.03 | BL81: 4.37 | BM81: 3.3 | BN81: 4.35 | BO81: 4.14 | BR81: AM-Peak | BS81: -0.63 | BT81: -0.09 | BU81: -0.62 | BV81: -0.09 | BW81: -0.62 | BX81: -0.62 | BY81: -0.64 | BZ81: -0.29 | CA81: -0.35 | CB81: -0.2 | CC81: -0.35 | CD81: -0.2 | CE81: -0.36 | CF81: -0.22 | CG81: -0.37 | CH81: -0.19 | CI81: -0.33 | CJ81: -0.12 | CK81: -0.11 | CL81: -0.07
B82: AM-Shoulder | C82: 154.33 | D82: 49.32 | E82: 131.63 | F82: 22.45 | G82: 45.5 | H82: 95.76 | I82: 315.63 | J82: 240.41 | K82: 398.98 | L82: 217.04 | M82: 659 | N82: 316.22 | O82: 577.94 | P82: 278.06 | Q82: 824.58 | R82: 402.18 | S82: 361.18 | T82: 220.75 | U82: 336.05 | V82: 284.78 | X82: AM-Shoulder | Y82: 1.35 | Z82: 1.3 | AA82: 1.35 | AB82: 1.3 | AC82: 0.51 | AD82: 0.5 | AE82: 1.42 | AF82: 1.39 | AG82: 1.76 | AH82: 1.72 | AI82: 3.17 | AJ82: 3.09 | AK82: 2.55 | AL82: 2.49 | AM82: 3.34 | AN82: 3.26 | AO82: 2.92 | AP82: 2.92 | AQ82: 3.86 | AR82: 3.86 | AU82: AM-Shoulder | AV82: 2.19 | AW82: 1.49 | AX82: 2.13 | AY82: 1.43 | AZ82: 0.81 | BA82: 1.02 | BB82: 2.33 | BC82: 2.14 | BD82: 2.79 | BE82: 2.33 | BF82: 5.02 | BG82: 4.1 | BH82: 4.05 | BI82: 3.36 | BJ82: 5.31 | BK82: 4.18 | BL82: 3.66 | BM82: 3.44 | BN82: 4.53 | BO82: 4.35 | BR82: AM-Shoulder | BS82: -0.38 | BT82: -0.13 | BU82: -0.37 | BV82: -0.09 | BW82: -0.37 | BX82: -0.51 | BY82: -0.39 | BZ82: -0.35 | CA82: -0.37 | CB82: -0.26 | CC82: -0.37 | CD82: -0.25 | CE82: -0.37 | CF82: -0.26 | CG82: -0.37 | CH82: -0.22 | CI82: -0.2 | CJ82: -0.15 | CK82: -0.15 | CL82: -0.11
B83: MD | C83: 410.78 | D83: 559.65 | E83: 502.14 | F83: 223.61 | G83: 144.17 | H83: 210.17 | I83: 601.69 | J83: 880.12 | K83: 1219.87 | L83: 1132.87 | M83: 1774.51 | N83: 1551.19 | O83: 1427.42 | P83: 1291.09 | Q83: 1719.58 | R83: 1478.54 | S83: 1324.8 | T83: 820.6 | U83: 1281.46 | V83: 829.12 | X83: MD | Y83: 1.3 | Z83: 1.31 | AA83: 1.3 | AB83: 1.31 | AC83: 0.5 | AD83: 0.5 | AE83: 1.37 | AF83: 1.38 | AG83: 1.73 | AH83: 1.73 | AI83: 3.11 | AJ83: 3.1 | AK83: 2.49 | AL83: 2.49 | AM83: 3.26 | AN83: 3.26 | AO83: 2.92 | AP83: 2.92 | AQ83: 3.86 | AR83: 3.86 | AU83: MD | AV83: 1.97 | AW83: 2.03 | AX83: 2.26 | AY83: 1.69 | AZ83: 0.75 | BA83: 0.75 | BB83: 1.71 | BC83: 2.12 | BD83: 2.57 | BE83: 2.56 | BF83: 4.56 | BG83: 4.34 | BH83: 3.5 | BI83: 3.4 | BJ83: 4.33 | BK83: 4.16 | BL83: 3.62 | BM83: 3.3 | BN83: 4.5 | BO83: 4.15 | BR83: MD | BS83: -0.34 | BT83: -0.35 | BU83: -0.42 | BV83: -0.22 | BW83: -0.33 | BX83: -0.33 | BY83: -0.2 | BZ83: -0.35 | CA83: -0.33 | CB83: -0.33 | CC83: -0.32 | CD83: -0.29 | CE83: -0.29 | CF83: -0.27 | CG83: -0.25 | CH83: -0.22 | CI83: -0.19 | CJ83: -0.12 | CK83: -0.14 | CL83: -0.07
B84: PM-Shoulder | C84: 102.03 | D84: 54.78 | E84: 89.97 | F84: 32.22 | G84: 28.04 | H84: 21.26 | I84: 77.08 | J84: 69.47 | K84: 79.69 | L84: 130.81 | M84: 214.2 | N84: 206.53 | O84: 197.64 | P84: 164.44 | Q84: 247.74 | R84: 280.9 | S84: 216.91 | T84: 146.96 | U84: 196.9 | V84: 120.24 | X84: PM-Shoulder | Y84: 1.32 | Z84: 1.3 | AA84: 1.39 | AB84: 1.39 | AC84: 0.5 | AD84: 0.51 | AE84: 1.38 | AF84: 1.38 | AG84: 1.72 | AH84: 1.77 | AI84: 3.1 | AJ84: 3.2 | AK84: 2.5 | AL84: 2.58 | AM84: 3.27 | AN84: 3.38 | AO84: 2.92 | AP84: 3 | AQ84: 3.86 | AR84: 3.86 | AU84: PM-Shoulder | AV84: 2.06 | AW84: 2.55 | AX84: 2.11 | AY84: 2.11 | AZ84: 0.76 | BA84: 0.78 | BB84: 1.83 | BC84: 2.11 | BD84: 2.12 | BE84: 2.7 | BF84: 4.25 | BG84: 4.87 | BH84: 3.43 | BI84: 3.92 | BJ84: 4.45 | BK84: 5.14 | BL84: 3.72 | BM84: 4.53 | BN84: 4.58 | BO84: 4.31 | BR84: PM-Shoulder | BS84: -0.36 | BT84: -0.49 | BU84: -0.34 | BV84: -0.34 | BW84: -0.34 | BX84: -0.35 | BY84: -0.25 | BZ84: -0.35 | CA84: -0.19 | CB84: -0.34 | CC84: -0.27 | CD84: -0.34 | CE84: -0.27 | CF84: -0.34 | CG84: -0.27 | CH84: -0.34 | CI84: -0.21 | CJ84: -0.34 | CK84: -0.16 | CL84: -0.1
B85: PM-Peak | C85: 484.22 | D85: 501.1 | E85: 367.85 | F85: 425.03 | G85: 172.78 | H85: 208.49 | I85: 310.04 | J85: 260.5 | K85: 333.52 | L85: 780.22 | M85: 540.3 | N85: 1360.34 | O85: 435.68 | P85: 1210.61 | Q85: 746.5 | R85: 1202.88 | S85: 603.01 | T85: 454.89 | U85: 546.2 | V85: 405.23 | X85: PM-Peak | Y85: 1.33 | Z85: 1.33 | AA85: 1.35 | AB85: 1.37 | AC85: 0.5 | AD85: 0.51 | AE85: 1.44 | AF85: 1.49 | AG85: 1.74 | AH85: 1.76 | AI85: 3.15 | AJ85: 3.16 | AK85: 2.55 | AL85: 2.55 | AM85: 3.4 | AN85: 3.32 | AO85: 2.92 | AP85: 2.92 | AQ85: 3.87 | AR85: 3.87 | AU85: PM-Peak | AV85: 3.43 | AW85: 3.47 | AX85: 3.14 | AY85: 3.42 | AZ85: 1.25 | BA85: 1.3 | BB85: 2.1 | BC85: 2.35 | BD85: 2.26 | BE85: 4.54 | BF85: 4.25 | BG85: 8.22 | BH85: 3.47 | BI85: 6.61 | BJ85: 4.79 | BK85: 6.44 | BL85: 3.88 | BM85: 4 | BN85: 4.69 | BO85: 4.62 | BR85: PM-Peak | BS85: -0.61 | BT85: -0.62 | BU85: -0.57 | BV85: -0.6 | BW85: -0.6 | BX85: -0.61 | BY85: -0.32 | BZ85: -0.37 | CA85: -0.23 | CB85: -0.61 | CC85: -0.26 | CD85: -0.62 | CE85: -0.27 | CF85: -0.61 | CG85: -0.29 | CH85: -0.48 | CI85: -0.25 | CJ85: -0.27 | CK85: -0.17 | CL85: -0.16
B86: PM-Late | C86: 25.32 | D86: 65.71 | E86: 4.7 | F86: 6.56 | G86: 2.08 | H86: 2.94 | I86: 17.29 | J86: 43.01 | K86: 49.2 | L86: 88.55 | M86: 158.93 | N86: 108.72 | O86: 128.04 | P86: 67.04 | Q86: 98.17 | R86: 43.75 | S86: 38.13 | T86: 29.31 | U86: 86.51 | V86: 79.78 | X86: PM-Late | Y86: 1.3 | Z86: 1.3 | AA86: 1.3 | AB86: 1.3 | AC86: 0.5 | AD86: 0.5 | AE86: 1.37 | AF86: 1.37 | AG86: 1.71 | AH86: 1.72 | AI86: 3.09 | AJ86: 3.09 | AK86: 2.49 | AL86: 2.49 | AM86: 3.26 | AN86: 3.26 | AO86: 2.91 | AP86: 2.91 | AQ86: 3.86 | AR86: 3.86 | AU86: PM-Late | AV86: 1.54 | AW86: 1.77 | AX86: 1.42 | AY86: 1.42 | AZ86: 0.55 | BA86: 0.55 | BB86: 1.48 | BC86: 1.9 | BD86: 1.92 | BE86: 2.26 | BF86: 4.03 | BG86: 4.07 | BH86: 3.26 | BI86: 3.29 | BJ86: 4.22 | BK86: 4.11 | BL86: 3.62 | BM86: 3.29 | BN86: 4.47 | BO86: 4.13 | BR86: PM-Late | BS86: -0.16 | BT86: -0.27 | BU86: -0.09 | BV86: -0.09 | BW86: -0.08 | BX86: -0.09 | BY86: -0.07 | BZ86: -0.28 | CA86: -0.11 | CB86: -0.24 | CC86: -0.23 | CD86: -0.24 | CE86: -0.24 | CF86: -0.24 | CG86: -0.23 | CH86: -0.21 | CI86: -0.19 | CJ86: -0.11 | CK86: -0.14 | CL86: -0.07
B89: Revenue Per Period Heavy A | X89: ML light veh.Miles | AU89: GP light veh.Miles | BR89: LVr Toll
B90: Direction | C90: NB | D90: SB | E90: NB | F90: SB | G90: NB | H90: SB | I90: NB | J90: SB | K90: NB | L90: SB | M90: NB | N90: SB | O90: NB | P90: SB | Q90: NB | R90: SB | S90: NB | T90: SB | U90: NB | V90: SB | X90: Direction | Y90: NB | AI90: SB | AU90: Direction | AV90: NB | BF90: SB | BR90: Direction | BS90: NB | BT90: SB | BU90: NB | BV90: SB | BW90: NB | BX90: SB | BY90: NB | BZ90: SB | CA90: NB | CB90: SB | CC90: NB | CD90: SB | CE90: NB | CF90: SB | CG90: NB | CH90: SB | CI90: NB | CJ90: SB | CK90: NB | CL90: SB
B91: Segment | C91: 1 | D91: 1 | E91: 2 | F91: 2 | G91: 3 | H91: 3 | I91: 4 | J91: 4 | K91: 5 | L91: 5 | M91: 6 | N91: 6 | O91: 7 | P91: 7 | Q91: 8 | R91: 8 | S91: 9 | T91: 9 | U91: 10 | V91: 10 | X91: Segment | Y91: 1 | Z91: 10 | AA91: 2 | AB91: 3 | AC91: 4 | AD91: 5 | AE91: 6 | AF91: 7 | AG91: 8 | AH91: 9 | AI91: 1 | AJ91: 10 | AK91: 2 | AL91: 3 | AM91: 4 | AN91: 5 | AO91: 6 | AP91: 7 | AQ91: 8 | AR91: 9 | AU91: Segment | AV91: 1 | AW91: 10 | AX91: 2 | AY91: 3 | AZ91: 4 | BA91: 5 | BB91: 6 | BC91: 7 | BD91: 8 | BE91: 9 | BF91: 1 | BG91: 10 | BH91: 2 | BI91: 3 | BJ91: 4 | BK91: 5 | BL91: 6 | BM91: 7 | BN91: 8 | BO91: 9 | BR91: Segment | BS91: 1 | BT91: 1 | BU91: 2 | BV91: 2 | BW91: 3 | BX91: 3 | BY91: 4 | BZ91: 4 | CA91: 5 | CB91: 5 | CC91: 6 | CD91: 6 | CE91: 7 | CF91: 7 | CG91: 8 | CH91: 8 | CI91: 9 | CJ91: 9 | CK91: 10 | CL91: 10
B92: Period | X92: Period | AU92: Period | BR92: Period
B93: Night | C93: 574.64 | D93: 579.22 | E93: 289.63 | F93: 297.37 | G93: 169.74 | H93: 174.39 | I93: 606.3 | J93: 644.71 | K93: 799.89 | L93: 773.69 | M93: 1363.84 | N93: 1390.74 | O93: 1066.91 | P93: 1196.67 | Q93: 1546.95 | R93: 1525.31 | S93: 1174.48 | T93: 1231.61 | U93: 1886.07 | V93: 1920.6 | X93: Night | Y93: 1712.66 | Z93: 5094.49 | AA93: 1734 | AB93: 487.72 | AC93: 2059.9 | AD93: 2863.28 | AE93: 4922.34 | AF93: 3759.24 | AG93: 5171.19 | AH93: 4063.85 | AI93: 1663.64 | AJ93: 3298.05 | AK93: 1572.39 | AL93: 620.11 | AM93: 1951.24 | AN93: 2360.96 | AO93: 4239.9 | AP93: 3268.71 | AQ93: 4597.01 | AR93: 2512.33 | AU93: Night | AV93: 1712.66 | AW93: 5094.49 | AX93: 1734 | AY93: 487.72 | AZ93: 2059.9 | BA93: 2863.28 | BB93: 4922.34 | BC93: 3759.24 | BD93: 5171.19 | BE93: 4063.85 | BF93: 1663.64 | BG93: 3298.05 | BH93: 1572.39 | BI93: 620.11 | BJ93: 1951.24 | BK93: 2360.96 | BL93: 4239.9 | BM93: 3268.71 | BN93: 4597.01 | BO93: 2512.33 | BR93: Night | BS93: 0.82 | BT93: 0.82 | BU93: 0.82 | BV93: 0.82 | BW93: 0.31 | BX93: 0.31 | BY93: 1.01 | BZ93: 1.01 | CA93: 1.26 | CB93: 1.26 | CC93: 2.27 | CD93: 2.27 | CE93: 1.83 | CF93: 1.83 | CG93: 2.39 | CH93: 2.39 | CI93: 2.14 | CJ93: 2.14 | CK93: 2.83 | CL93: 2.83
B94: AM-Early | C94: 106.42 | D94: 57.47 | E94: 49.37 | F94: 32.71 | G94: 25.82 | H94: 20.25 | I94: 104.87 | J94: 182.22 | K94: 141.07 | L94: 135.65 | M94: 304.49 | N94: 283.34 | O94: 314.38 | P94: 270.94 | Q94: 374.59 | R94: 243.82 | S94: 302.56 | T94: 201.06 | U94: 434.07 | V94: 189.72 | X94: AM-Early | Y94: 1494.41 | Z94: 4790.18 | AA94: 1711.35 | AB94: 412.66 | AC94: 2189.79 | AD94: 2480.77 | AE94: 4764.53 | AF94: 3421.7 | AG94: 3884.9 | AH94: 3211.03 | AI94: 876.61 | AJ94: 2851.93 | AK94: 1054.58 | AL94: 485.03 | AM94: 1418.19 | AN94: 1535.37 | AO94: 2766.77 | AP94: 2521.2 | AQ94: 3249.94 | AR94: 2266.14 | AU94: AM-Early | AV94: 1494.41 | AW94: 4790.18 | AX94: 1711.35 | AY94: 412.66 | AZ94: 2189.79 | BA94: 2480.77 | BB94: 4764.53 | BC94: 3421.7 | BD94: 3884.9 | BE94: 3211.03 | BF94: 876.61 | BG94: 2851.93 | BH94: 1054.58 | BI94: 485.03 | BJ94: 1418.19 | BK94: 1535.37 | BL94: 2766.77 | BM94: 2521.2 | BN94: 3249.94 | BO94: 2266.14 | BR94: AM-Early | BS94: 2.18 | BT94: 1.13 | BU94: 1.78 | BV94: 0.97 | BW94: 0.72 | BX94: 0.49 | BY94: 2.72 | BZ94: 3.36 | CA94: 3.67 | CB94: 3.07 | CC94: 7.56 | CD94: 5.86 | CE94: 6.09 | CF94: 5.59 | CG94: 7.98 | CH94: 5.41 | CI94: 6.87 | CJ94: 4.09 | CK94: 6.92 | CL94: 3.46
B95: AM-Peak | C95: 2784.67 | D95: 212.15 | E95: 1211.86 | F95: 82.23 | G95: 978.59 | H95: 881.86 | I95: 2778.09 | J95: 1112.72 | K95: 2021.36 | L95: 1160.88 | M95: 3699.15 | N95: 2233.67 | O95: 3452.48 | P95: 2021.98 | Q95: 4457.22 | R95: 2151.11 | S95: 2593.45 | T95: 1652.18 | U95: 1937.27 | V95: 1673.62 | X95: AM-Peak | Y95: 5920.4 | Z95: 9868.42 | AA95: 6359.77 | AB95: 1812.06 | AC95: 7322.43 | AD95: 12857.13 | AE95: 23324.42 | AF95: 17235.04 | AG95: 21927.1 | AH95: 9097.22 | AI95: 2137.51 | AJ95: 8195.41 | AK95: 2360.6 | AL95: 2184.47 | AM95: 6023.1 | AN95: 5999.38 | AO95: 10755.09 | AP95: 9273.44 | AQ95: 11471.76 | AR95: 7125.38 | AU95: AM-Peak | AV95: 5920.4 | AW95: 9868.42 | AX95: 6359.77 | AY95: 1812.06 | AZ95: 7322.43 | BA95: 12857.13 | BB95: 23324.42 | BC95: 17235.04 | BD95: 21927.1 | BE95: 9097.22 | BF95: 2137.51 | BG95: 8195.41 | BH95: 2360.6 | BI95: 2184.47 | BJ95: 6023.1 | BK95: 5999.38 | BL95: 10755.09 | BM95: 9273.44 | BN95: 11471.76 | BO95: 7125.38 | BR95: AM-Peak | BS95: 8.19 | BT95: 1.42 | BU95: 8.19 | BV95: 1.07 | BW95: 3.15 | BX95: 3.15 | BY95: 10.08 | BZ95: 3.36 | CA95: 4.2 | CB95: 4.2 | CC95: 7.56 | CD95: 7.56 | CE95: 6.09 | CF95: 6.09 | CG95: 7.98 | CH95: 7.98 | CI95: 12.42 | CJ95: 7.14 | CK95: 9.45 | CL95: 8.68
B96: AM-Shoulder | C96: 508.18 | D96: 127.59 | E96: 215.26 | F96: 39.11 | G96: 163.83 | H96: 201.81 | I96: 463.28 | J96: 457.82 | K96: 580.48 | L96: 402 | M96: 1051.76 | N96: 718.15 | O96: 914.88 | P96: 634.6 | Q96: 1209.97 | R96: 656.64 | S96: 508.79 | T96: 538.17 | U96: 646.13 | V96: 586.21 | X96: AM-Shoulder | Y96: 1988.92 | Z96: 3029.73 | AA96: 2211.3 | AB96: 670.11 | AC96: 2441.71 | AD96: 2884.65 | AE96: 5170.08 | AF96: 4067.48 | AG96: 5284.52 | AH96: 2563.53 | AI96: 754.27 | AJ96: 2857.18 | AK96: 926.81 | AL96: 590.22 | AM96: 1986.2 | AN96: 1804.8 | AO96: 2963.25 | AP96: 2551.42 | AQ96: 2818.24 | AR96: 2263.73 | AU96: AM-Shoulder | AV96: 1988.92 | AW96: 3029.73 | AX96: 2211.3 | AY96: 670.11 | AZ96: 2441.71 | BA96: 2884.65 | BB96: 5170.08 | BC96: 4067.48 | BD96: 5284.52 | BE96: 2563.53 | BF96: 754.27 | BG96: 2857.18 | BH96: 926.81 | BI96: 590.22 | BJ96: 1986.2 | BK96: 1804.8 | BL96: 2963.25 | BM96: 2551.42 | BN96: 2818.24 | BO96: 2263.73 | BR96: AM-Shoulder | BS96: 2.73 | BT96: 1.8 | BU96: 2.73 | BV96: 0.95 | BW96: 1.05 | BX96: 2.1 | BY96: 3.36 | BZ96: 3.36 | CA96: 4.2 | CB96: 4.2 | CC96: 7.56 | CD96: 7.56 | CE96: 6.09 | CF96: 6.09 | CG96: 7.98 | CH96: 7.96 | CI96: 6.81 | CJ96: 5.99 | CK96: 7.8 | CL96: 7.04
B97: MD | C97: 1459.42 | D97: 1795.12 | E97: 842.79 | F97: 479.17 | G97: 469.8 | H97: 443.9 | I97: 815.27 | J97: 1619 | K97: 1940.29 | L97: 1990.31 | M97: 3440.37 | N97: 3001.63 | O97: 2538.83 | P97: 2260.01 | Q97: 2922.39 | R97: 2545.05 | S97: 2272.07 | T97: 1635.18 | U97: 2780.73 | V97: 2022.98 | X97: MD | Y97: 6746.98 | Z97: 16837.54 | AA97: 6964.63 | AB97: 2617.95 | AC97: 8230.3 | AD97: 12705.15 | AE97: 22078.7 | AF97: 15480.44 | AG97: 17106.97 | AH97: 13099.23 | AI97: 8574.62 | AJ97: 19242.83 | AK97: 8538.4 | AL97: 2904.96 | AM97: 9764.73 | AN97: 12622.31 | AO97: 20426.16 | AP97: 15369.9 | AQ97: 15933.55 | AR97: 13513.74 | AU97: MD | AV97: 6746.98 | AW97: 16837.54 | AX97: 6964.63 | AY97: 2617.95 | AZ97: 8230.3 | BA97: 12705.15 | BB97: 22078.7 | BC97: 15480.44 | BD97: 17106.97 | BE97: 13099.23 | BF97: 8574.62 | BG97: 19242.83 | BH97: 8538.4 | BI97: 2904.96 | BJ97: 9764.73 | BK97: 12622.31 | BL97: 20426.16 | BM97: 15369.9 | BN97: 15933.55 | BO97: 13513.74 | BR97: MD | BS97: 2.73 | BT97: 2.73 | BU97: 4.54 | BV97: 2.11 | BW97: 1.05 | BX97: 1.05 | BY97: 2.44 | BZ97: 3.36 | CA97: 4.2 | CB97: 4.2 | CC97: 7.56 | CD97: 7.56 | CE97: 6.09 | CF97: 6.09 | CG97: 7.98 | CH97: 7.73 | CI97: 6.56 | CJ97: 5.06 | CK97: 7.45 | CL97: 5.07
B98: PM-Shoulder | C98: 308.62 | D98: 334.57 | E98: 130.92 | F98: 82.23 | G98: 88.11 | H98: 79.3 | I98: 132.54 | J98: 231.12 | K98: 154.22 | L98: 322.34 | M98: 407.73 | N98: 482.05 | O98: 336.14 | P98: 368.98 | Q98: 449.87 | R98: 553.6 | S98: 377.85 | T98: 421.13 | U98: 451.54 | V98: 235.91 | X98: PM-Shoulder | Y98: 1957.18 | Z98: 4519.65 | AA98: 2584.31 | AB98: 674.27 | AC98: 2038.62 | AD98: 2333.65 | AE98: 4354.55 | AF98: 3544.25 | AG98: 4472.16 | AH98: 3696.22 | AI98: 1435.66 | AJ98: 4643.41 | AK98: 2625.31 | AL98: 776.23 | AM98: 2053.98 | AN98: 3388.72 | AO98: 6297.66 | AP98: 5140.43 | AQ98: 6554.48 | AR98: 5885.86 | AU98: PM-Shoulder | AV98: 1957.18 | AW98: 4519.65 | AX98: 2584.31 | AY98: 674.27 | AZ98: 2038.62 | BA98: 2333.65 | BB98: 4354.55 | BC98: 3544.25 | BD98: 4472.16 | BE98: 3696.22 | BF98: 1435.66 | BG98: 4643.41 | BH98: 2625.31 | BI98: 776.23 | BJ98: 2053.98 | BK98: 3388.72 | BL98: 6297.66 | BM98: 5140.43 | BN98: 6554.48 | BO98: 5885.86 | BR98: PM-Shoulder | BS98: 2.73 | BT98: 5.42 | BU98: 2.73 | BV98: 2.73 | BW98: 1.05 | BX98: 1.05 | BY98: 2.76 | BZ98: 3.36 | CA98: 3.27 | CB98: 4.2 | CC98: 7.56 | CD98: 7.56 | CE98: 6.09 | CF98: 6.09 | CG98: 7.98 | CH98: 7.98 | CI98: 6.25 | CJ98: 7.14 | CK98: 7.06 | CL98: 5.7
B99: PM-Peak | C99: 2106.07 | D99: 2344.12 | E99: 919.43 | F99: 935.32 | G99: 595.17 | H99: 718.06 | I99: 816.12 | J99: 1448.4 | K99: 828.29 | L99: 2677.1 | M99: 1714.58 | N99: 4610.85 | O99: 1489.11 | P99: 3808.14 | Q99: 2402.48 | R99: 3558.58 | S99: 1959.34 | T99: 1836.1 | U99: 2063.71 | V99: 1760.83 | X99: PM-Peak | Y99: 6241.84 | Z99: 15670.21 | AA99: 7149.39 | AB99: 2021.26 | AC99: 8786.72 | AD99: 8781.96 | AE99: 17241.62 | AF99: 14314.81 | AG99: 20216.16 | AH99: 11340.86 | AI99: 6460.18 | AJ99: 15345.29 | AK99: 7590.56 | AL99: 2441.58 | AM99: 9369.44 | AN99: 9962.84 | AO99: 17908.52 | AP99: 14534.11 | AQ99: 18046.95 | AR99: 12028.93 | AU99: PM-Peak | AV99: 6241.84 | AW99: 15670.21 | AX99: 7149.39 | AY99: 2021.26 | AZ99: 8786.72 | BA99: 8781.96 | BB99: 17241.62 | BC99: 14314.81 | BD99: 20216.16 | BE99: 11340.86 | BF99: 6460.18 | BG99: 15345.29 | BH99: 7590.56 | BI99: 2441.58 | BJ99: 9369.44 | BK99: 9962.84 | BL99: 17908.52 | BM99: 14534.11 | BN99: 18046.95 | BO99: 12028.93 | BR99: PM-Peak | BS99: 8.19 | BT99: 8.19 | BU99: 7.44 | BV99: 8.19 | BW99: 3.15 | BX99: 3.15 | BY99: 3.36 | BZ99: 3.36 | CA99: 4.2 | CB99: 12.3 | CC99: 7.56 | CD99: 22.4 | CE99: 6.09 | CF99: 17.96 | CG99: 7.98 | CH99: 15.96 | CI99: 9.4 | CJ99: 9.88 | CK99: 9.45 | CL99: 9.45
B100: PM-Late | C100: 309.61 | D100: 480.94 | E100: 39.51 | F100: 44.71 | G100: 32.05 | H100: 33.6 | I100: 94.58 | J100: 470.62 | K100: 430.22 | L100: 555.17 | M100: 1309.14 | N100: 1042.63 | O100: 1075.15 | P100: 962.23 | Q100: 1392.45 | R100: 1170.95 | S100: 1029.44 | T100: 762.8 | U100: 1184.26 | V100: 1019.68 | X100: PM-Late | Y100: 3063.86 | Z100: 7877.88 | AA100: 3384.01 | AB100: 719.74 | AC100: 2879.2 | AD100: 3879.83 | AE100: 8003.42 | AF100: 6288.21 | AG100: 8054.67 | AH100: 5925.07 | AI100: 4104.93 | AJ100: 8111.09 | AK100: 3586.25 | AL100: 1398.52 | AM100: 4594.14 | AN100: 5469.82 | AO100: 10076.36 | AP100: 8029.62 | AQ100: 8011.75 | AR100: 5906.93 | AU100: PM-Late | AV100: 3063.86 | AW100: 7877.88 | AX100: 3384.01 | AY100: 719.74 | AZ100: 2879.2 | BA100: 3879.83 | BB100: 8003.42 | BC100: 6288.21 | BD100: 8054.67 | BE100: 5925.07 | BF100: 4104.93 | BG100: 8111.09 | BH100: 3586.25 | BI100: 1398.52 | BJ100: 4594.14 | BK100: 5469.82 | BL100: 10076.36 | BM100: 8029.62 | BN100: 8011.75 | BO100: 5906.93 | BR100: PM-Late | BS100: 1.95 | BT100: 2.73 | BU100: 0.55 | BV100: 0.58 | BW100: 0.28 | BX100: 0.26 | BY100: 0.7 | BZ100: 3.36 | CA100: 3.16 | CB100: 4.2 | CC100: 7.56 | CD100: 7.56 | CE100: 6.09 | CF100: 6.09 | CG100: 7.98 | CH100: 7.98 | CI100: 7.14 | CJ100: 5.7 | CK100: 8.13 | CL100: 6.04
B103: % Workday Revenue | X103: ML light veh/period | AU103: GP light veh/period | BR103: Medium A Toll
B104: Direction | C104: NB | D104: SB | E104: NB | F104: SB | G104: NB | H104: SB | I104: NB | J104: SB | K104: NB | L104: SB | M104: NB | N104: SB | O104: NB | P104: SB | Q104: NB | R104: SB | S104: NB | T104: SB | U104: NB | V104: SB | X104: Direction | Y104: NB | Z104: SB | AA104: NB | AB104: SB | AC104: NB | AD104: SB | AE104: NB | AF104: SB | AG104: NB | AH104: SB | AI104: NB | AJ104: SB | AK104: NB | AL104: SB | AM104: NB | AN104: SB | AO104: NB | AP104: SB | AQ104: NB | AR104: SB | AU104: Direction | AV104: NB | AW104: SB | AX104: NB | AY104: SB | AZ104: NB | BA104: SB | BB104: NB | BC104: SB | BD104: NB | BE104: SB | BF104: NB | BG104: SB | BH104: NB | BI104: SB | BJ104: NB | BK104: SB | BL104: NB | BM104: SB | BN104: NB | BO104: SB | BR104: Direction | BS104: NB | BT104: SB | BU104: NB | BV104: SB | BW104: NB | BX104: SB | BY104: NB | BZ104: SB | CA104: NB | CB104: SB | CC104: NB | CD104: SB | CE104: NB | CF104: SB | CG104: NB | CH104: SB | CI104: NB | CJ104: SB | CK104: NB | CL104: SB
B105: Segment | C105: 1 | D105: 1 | E105: 2 | F105: 2 | G105: 3 | H105: 3 | I105: 4 | J105: 4 | K105: 5 | L105: 5 | M105: 6 | N105: 6 | O105: 7 | P105: 7 | Q105: 8 | R105: 8 | S105: 9 | T105: 9 | U105: 10 | V105: 10 | X105: Segment | Y105: 1 | Z105: 1 | AA105: 2 | AB105: 2 | AC105: 3 | AD105: 3 | AE105: 4 | AF105: 4 | AG105: 5 | AH105: 5 | AI105: 6 | AJ105: 6 | AK105: 7 | AL105: 7 | AM105: 8 | AN105: 8 | AO105: 9 | AP105: 9 | AQ105: 10 | AR105: 10 | AU105: Segment | AV105: 1 | AW105: 1 | AX105: 2 | AY105: 2 | AZ105: 3 | BA105: 3 | BB105: 4 | BC105: 4 | BD105: 5 | BE105: 5 | BF105: 6 | BG105: 6 | BH105: 7 | BI105: 7 | BJ105: 8 | BK105: 8 | BL105: 9 | BM105: 9 | BN105: 10 | BO105: 10 | BR105: Segment | BS105: 1 | BT105: 1 | BU105: 2 | BV105: 2 | BW105: 3 | BX105: 3 | BY105: 4 | BZ105: 4 | CA105: 5 | CB105: 5 | CC105: 6 | CD105: 6 | CE105: 7 | CF105: 7 | CG105: 8 | CH105: 8 | CI105: 9 | CJ105: 9 | CK105: 10 | CL105: 10
B106: Period | X106: Period | AU106: Period | BR106: Period
B107: Night | C107: 0.013840425 | D107: 0.019160381 | E107: 0.010901404 | F107: 0.017099436 | G107: 0.012616167 | H107: 0.012543817 | I107: 0.018489396 | J107: 0.02227517 | K107: 0.024287118 | L107: 0.016481362 | M107: 0.021588665 | N107: 0.016616514 | O107: 0.021884185 | P107: 0.016437945 | Q107: 0.023851107 | R107: 0.022325091 | S107: 0.026389379 | T107: 0.025141494 | U107: 0.03716409 | V107: 0.036962292 | X107: Night | Y107: 1317.43 | Z107: 1279.73 | AA107: 1333.85 | AB107: 1209.53 | AC107: 975.45 | AD107: 1240.22 | AE107: 1287.44 | AF107: 1219.52 | AG107: 1431.64 | AH107: 1180.48 | AI107: 1367.32 | AJ107: 1177.75 | AK107: 1296.29 | AL107: 1127.14 | AM107: 1360.84 | AN107: 1209.74 | AO107: 1195.25 | AP107: 738.92 | AQ107: 1132.11 | AR107: 732.9 | AU107: Night | AV107: 11856.88 | AW107: 11517.53 | AX107: 12004.65 | AY107: 10885.77 | AZ107: 8779.05 | BA107: 11162.03 | BB107: 11586.96 | BC107: 10975.72 | BD107: 12884.76 | BE107: 10624.32 | BF107: 12305.85 | BG107: 10599.75 | BH107: 11666.62 | BI107: 10144.26 | BJ107: 12247.56 | BK107: 10887.66 | BL107: 10757.25 | BM107: 6650.28 | BN107: 10188.99 | BO107: 6596.1 | BR107: Night | BS107: 2.46 | BT107: 2.46 | BU107: 2.46 | BV107: 2.46 | BW107: 0.94 | BX107: 0.94 | BY107: 3.02 | BZ107: 3.02 | CA107: 3.78 | CB107: 3.78 | CC107: 6.8 | CD107: 6.8 | CE107: 5.48 | CF107: 5.48 | CG107: 7.18 | CH107: 7.18 | CI107: 6.43 | CJ107: 6.43 | CK107: 8.5 | CL107: 8.5
B108: AM-Early | C108: 0.023094492 | D108: 0.010351843 | E108: 0.019107884 | F108: 0.011403869 | G108: 0.016847518 | H108: 0.011710564 | I108: 0.037628418 | J108: 0.041421278 | K108: 0.044601102 | L108: 0.019969409 | M108: 0.05129055 | N108: 0.021702772 | O108: 0.049563839 | P108: 0.027811247 | Q108: 0.044769979 | R108: 0.026113161 | S108: 0.049371046 | T108: 0.028103895 | U108: 0.0593209 | V108: 0.02376433 | X108: AM-Early | Y108: 1149.54 | Z108: 674.31 | AA108: 1316.43 | AB108: 811.22 | AC108: 825.31 | AD108: 970.06 | AE108: 1368.62 | AF108: 886.37 | AG108: 1240.38 | AH108: 767.69 | AI108: 1323.48 | AJ108: 768.55 | AK108: 1179.9 | AL108: 869.38 | AM108: 1022.34 | AN108: 855.25 | AO108: 944.42 | AP108: 666.51 | AQ108: 1064.48 | AR108: 633.76 | AU108: AM-Early | AV108: 5961.02 | AW108: 3421.23 | AX108: 6389.69 | AY108: 3835.71 | AZ108: 3877.39 | BA108: 4570.44 | BB108: 6778.58 | BC108: 3997.93 | BD108: 6611.94 | BE108: 3935.71 | BF108: 6353.47 | BG108: 3995.55 | BH108: 5295.6 | BI108: 4536.02 | BJ108: 5084.39 | BK108: 4474.44 | BL108: 4992.02 | BM108: 3415.59 | BN108: 5829.57 | BO108: 3265.42 | BR108: AM-Early | BS108: 6.54 | BT108: 3.39 | BU108: 5.35 | BV108: 2.92 | BW108: 2.15 | BX108: 1.47 | BY108: 8.16 | BZ108: 10.08 | CA108: 11.02 | CB108: 9.2 | CC108: 22.68 | CD108: 17.58 | CE108: 18.27 | CF108: 16.77 | CG108: 23.94 | CH108: 16.23 | CI108: 20.6 | CJ108: 12.27 | CK108: 20.77 | CL108: 10.39
B109: AM-Peak | C109: 0.35788233 | D109: 0.03238995 | E109: 0.34028785 | F109: 0.028538266 | G109: 0.35339754 | H109: 0.36258886 | I109: 0.50650847 | J109: 0.18326238 | K109: 0.29297341 | L109: 0.11376616 | M109: 0.27691228 | N109: 0.11688899 | O109: 0.27675468 | P109: 0.12291715 | Q109: 0.27839063 | R109: 0.14865822 | S109: 0.27587197 | T109: 0.17094527 | U109: 0.18399099 | V109: 0.17950004 | X109: AM-Peak | Y109: 4554.15 | Z109: 1644.24 | AA109: 4892.13 | AB109: 1815.85 | AC109: 3624.12 | AD109: 4368.95 | AE109: 4576.52 | AF109: 3764.44 | AG109: 6428.56 | AH109: 2999.69 | AI109: 6479 | AJ109: 2987.53 | AK109: 5943.12 | AL109: 3197.74 | AM109: 5770.29 | AN109: 3018.88 | AO109: 2675.65 | AP109: 2095.7 | AQ109: 2192.98 | AR109: 1821.2 | AU109: AM-Peak | AV109: 17102.3 | AW109: 8342.73 | AX109: 18997.19 | AY109: 8574.4 | AZ109: 12430.2 | BA109: 16252.81 | BB109: 18675.36 | BC109: 12506.96 | BD109: 16307.74 | BE109: 11688.66 | BF109: 16433.38 | BG109: 11499.79 | BH109: 14123.32 | BI109: 11787.37 | BJ109: 13382.38 | BK109: 12086 | BL109: 14414.38 | BM109: 9907.94 | BN109: 10687.31 | BO109: 9396.51 | BR109: AM-Peak | BS109: 24.57 | BT109: 4.25 | BU109: 24.57 | BV109: 3.22 | BW109: 9.45 | BX109: 9.45 | BY109: 30.24 | BZ109: 10.08 | CA109: 12.6 | CB109: 12.6 | CC109: 22.68 | CD109: 22.68 | CE109: 18.27 | CF109: 18.27 | CG109: 23.94 | CH109: 23.94 | CI109: 37.27 | CJ109: 21.42 | CK109: 28.35 | CL109: 26.04
B110: AM-Shoulder | C110: 0.042366416 | D110: 0.014702663 | E110: 0.039982764 | F110: 0.010154406 | G110: 0.044564243 | H110: 0.062660208 | I110: 0.059933962 | J110: 0.059010652 | K110: 0.068413736 | L110: 0.0337885 | M110: 0.064663979 | N110: 0.031855889 | O110: 0.067629292 | P110: 0.033351216 | Q110: 0.070250172 | R110: 0.037840703 | S110: 0.044977006 | T110: 0.044271265 | U110: 0.048490822 | V110: 0.051438165 | X110: AM-Shoulder | Y110: 1529.94 | Z110: 580.21 | AA110: 1701 | AB110: 712.93 | AC110: 1340.22 | AD110: 1180.43 | AE110: 1526.07 | AF110: 1241.38 | AG110: 1442.32 | AH110: 902.4 | AI110: 1436.13 | AJ110: 823.12 | AK110: 1402.58 | AL110: 879.8 | AM110: 1390.66 | AN110: 741.64 | AO110: 753.98 | AP110: 665.8 | AQ110: 673.27 | AR110: 634.93 | AU110: AM-Shoulder | AV110: 4312.74 | AW110: 2931.96 | AX110: 5081.01 | AY110: 3362.57 | AZ110: 3461.75 | BA110: 5233.41 | BB110: 4682.46 | BC110: 4316.48 | BD110: 4689.08 | BE110: 4072.42 | BF110: 4676.9 | BG110: 3893.68 | BH110: 4510.27 | BI110: 3986.99 | BJ110: 4481.91 | BK110: 3851.45 | BL110: 3908.15 | BM110: 3405.02 | BN110: 3470.32 | BO110: 3253.11 | BR110: AM-Shoulder | BS110: 8.19 | BT110: 5.39 | BU110: 8.19 | BV110: 2.85 | BW110: 3.15 | BX110: 6.3 | BY110: 10.08 | BZ110: 10.08 | CA110: 12.6 | CB110: 12.6 | CC110: 22.68 | CD110: 22.68 | CE110: 18.27 | CF110: 18.27 | CG110: 23.94 | CH110: 23.89 | CI110: 20.42 | CJ110: 17.97 | CK110: 23.41 | CL110: 21.12
B111: MD | C111: 0.13775675 | D111: 0.24193011 | E111: 0.20629722 | F111: 0.1972773 | G111: 0.16563386 | H111: 0.14907851 | I111: 0.14040249 | J111: 0.27890533 | K111: 0.29006011 | L111: 0.218963 | M111: 0.26345851 | N111: 0.1985549 | O111: 0.24274563 | P111: 0.18531959 | Q111: 0.21374455 | R111: 0.19258188 | S111: 0.21556459 | T111: 0.20303379 | U111: 0.24354003 | V111: 0.2308348 | X111: MD | Y111: 5189.99 | Z111: 6595.86 | AA111: 5357.41 | AB111: 6568 | AC111: 5235.91 | AD111: 5809.91 | AE111: 5143.94 | AF111: 6102.96 | AG111: 6352.58 | AH111: 6311.15 | AI111: 6132.97 | AJ111: 5673.93 | AK111: 5338.08 | AL111: 5299.96 | AM111: 4501.83 | AN111: 4193.04 | AO111: 3852.72 | AP111: 3974.63 | AQ111: 3741.68 | AR111: 4276.18 | AU111: MD | AV111: 15275.9 | AW111: 21122.32 | AX111: 25795.11 | AY111: 31613.45 | AZ111: 15130.11 | BA111: 17554.64 | BB111: 24451.41 | BC111: 20491.53 | BD111: 24222.61 | BE111: 23735.58 | BF111: 24070.04 | BG111: 25311.27 | BH111: 22954.32 | BI111: 25252.99 | BJ111: 21819.76 | BK111: 21734.54 | BL111: 19727.78 | BM111: 20296.92 | BN111: 19188.47 | BO111: 22225.02 | BR111: MD | BS111: 8.19 | BT111: 8.19 | BU111: 13.61 | BV111: 6.34 | BW111: 3.15 | BX111: 3.15 | BY111: 7.33 | BZ111: 10.08 | CA111: 12.6 | CB111: 12.6 | CC111: 22.68 | CD111: 22.68 | CE111: 18.27 | CF111: 18.27 | CG111: 23.94 | CH111: 23.19 | CI111: 19.69 | CJ111: 15.18 | CK111: 22.35 | CL111: 15.2
B112: PM-Shoulder | C112: 0.037881116 | D112: 0.074058941 | E112: 0.044241714 | F112: 0.074435675 | G112: 0.040785073 | H112: 0.037116424 | I112: 0.036485447 | J112: 0.053603974 | K112: 0.038140867 | L112: 0.054414173 | M112: 0.048806068 | N112: 0.056705945 | O112: 0.051534707 | P112: 0.05677595 | Q112: 0.051812454 | R112: 0.075111339 | S112: 0.053736435 | T112: 0.11330213 | U112: 0.057870159 | V112: 0.057637391 | X112: PM-Shoulder | Y112: 1505.52 | Z112: 1104.35 | AA112: 1987.93 | AB112: 2019.47 | AC112: 1348.54 | AD112: 1552.46 | AE112: 1274.14 | AF112: 1283.74 | AG112: 1166.83 | AH112: 1694.36 | AI112: 1209.6 | AJ112: 1749.35 | AK112: 1222.15 | AL112: 1772.56 | AM112: 1176.88 | AN112: 1724.86 | AO112: 1087.12 | AP112: 1731.14 | AQ112: 1004.37 | AR112: 1031.87 | AU112: PM-Shoulder | AV112: 3744.16 | AW112: 4492.06 | AX112: 5952.49 | AY112: 6211.97 | AZ112: 3184.36 | BA112: 3905.7 | BB112: 4813.92 | BC112: 3227.72 | BD112: 4752.42 | BE112: 5329.54 | BF112: 5032.58 | BG112: 5693.05 | BH112: 5040.78 | BI112: 5790.03 | BJ112: 4951.4 | BK112: 5569.03 | BL112: 4536.34 | BM112: 5802.48 | BN112: 4177.62 | BO112: 4293.39 | BR112: PM-Shoulder | BS112: 8.19 | BT112: 16.27 | BU112: 8.19 | BV112: 8.19 | BW112: 3.15 | BX112: 3.15 | BY112: 8.27 | BZ112: 10.08 | CA112: 9.81 | CB112: 12.6 | CC112: 22.68 | CD112: 22.68 | CE112: 18.27 | CF112: 18.27 | CG112: 23.94 | CH112: 23.94 | CI112: 18.74 | CJ112: 21.42 | CK112: 21.18 | CL112: 17.09
B113: PM-Peak | C113: 0.34647909 | D113: 0.50421111 | E113: 0.32785393 | F113: 0.63980334 | G113: 0.3547846 | H113: 0.34805665 | I113: 0.18765 | J113: 0.24768734 | K113: 0.18149445 | L113: 0.45992334 | M113: 0.18714785 | N113: 0.47121763 | O113: 0.20122117 | P113: 0.47055 | Q113: 0.22794576 | R113: 0.4085847 | S113: 0.24037493 | T113: 0.32383636 | U113: 0.25861137 | V113: 0.31340254 | X113: PM-Peak | Y113: 4801.42 | Z113: 4969.37 | AA113: 5499.53 | AB113: 5838.89 | AC113: 4042.53 | AD113: 4883.16 | AE113: 5491.7 | AF113: 5855.9 | AG113: 4390.98 | AH113: 4981.42 | AI113: 4789.34 | AJ113: 4974.59 | AK113: 4936.14 | AL113: 5011.76 | AM113: 5320.04 | AN113: 4749.2 | AO113: 3335.55 | AP113: 3537.92 | AQ113: 3482.27 | AR113: 3410.07 | AU113: PM-Peak | AV113: 16325.09 | AW113: 16959.28 | AX113: 20553.49 | AY113: 22030.35 | AZ113: 13017.22 | BA113: 16351.74 | BB113: 15340.51 | BC113: 11126.21 | BD113: 14941.67 | BE113: 19830.25 | BF113: 15312.38 | BG113: 20212.66 | BH113: 15406.56 | BI113: 20172 | BJ113: 15464.91 | BK113: 17919.53 | BL113: 14242.2 | BM113: 15331.63 | BN113: 13129.77 | BO113: 13336.99 | BR113: PM-Peak | BS113: 24.57 | BT113: 24.57 | BU113: 22.31 | BV113: 24.57 | BW113: 9.45 | BX113: 9.45 | BY113: 10.08 | BZ113: 10.08 | CA113: 12.6 | CB113: 36.91 | CC113: 22.68 | CD113: 67.19 | CE113: 18.27 | CF113: 53.89 | CG113: 23.94 | CH113: 47.88 | CI113: 28.2 | CJ113: 29.65 | CK113: 28.35 | CL113: 28.35
B114: PM-Late | C114: 0.040699377 | D114: 0.103195 | E114: 0.011327232 | F114: 0.021287706 | G114: 0.011370996 | H114: 0.016244967 | I114: 0.012901818 | J114: 0.11383388 | K114: 0.060029213 | L114: 0.082694052 | M114: 0.086132093 | N114: 0.086457368 | O114: 0.08866649 | P114: 0.086836905 | Q114: 0.089235353 | R114: 0.088784909 | S114: 0.093714651 | T114: 0.091365791 | U114: 0.11101163 | V114: 0.10646044 | X114: PM-Late | Y114: 2356.82 | Z114: 3157.64 | AA114: 2603.08 | AB114: 2758.65 | AC114: 1439.48 | AD114: 2797.04 | AE114: 1799.5 | AF114: 2871.34 | AG114: 1939.92 | AH114: 2734.91 | AI114: 2223.17 | AJ114: 2798.99 | AK114: 2168.35 | AL114: 2768.83 | AM114: 2119.65 | AN114: 2108.36 | AO114: 1742.67 | AP114: 1737.33 | AQ114: 1750.64 | AR114: 1802.47 | AU114: PM-Late | AV114: 9244.78 | AW114: 11987.86 | AX114: 9479.49 | AY114: 10060.93 | AZ114: 6086.8 | BA114: 10129.42 | BB114: 6523.07 | BC114: 9222.19 | BD114: 7602.48 | BE114: 9655.65 | BF114: 7229.83 | BG114: 9990.65 | BH114: 6792.67 | BI114: 9725.63 | BJ114: 6903.75 | BK114: 7967.74 | BL114: 6504.33 | BM114: 6805.77 | BN114: 6873.16 | BO114: 7071.83 | BR114: PM-Late | BS114: 5.84 | BT114: 8.19 | BU114: 1.66 | BV114: 1.75 | BW114: 0.85 | BX114: 0.79 | BY114: 2.11 | BZ114: 10.08 | CA114: 9.48 | CB114: 12.6 | CC114: 22.68 | CD114: 22.68 | CE114: 18.27 | CF114: 18.27 | CG114: 23.94 | CH114: 23.94 | CI114: 21.42 | CJ114: 17.11 | CK114: 24.4 | CL114: 18.13
X117: ML medium A veh.Miles | AU117: GP medium A veh.Miles | BR117: Implied VOT
...

Sheet Sheet1
B2: =Year_2040!BS37/Year_2032!BS37 -> 1.1485663 | C2: =Year_2040!BT37/Year_2032!BT37 -> 1.1482678 | D2: =Year_2040!BU37/Year_2032!BU37 -> 1.1973098 | E2: =Year_2040!BV37/Year_2032!BV37 -> 1.1968009 | F2: =Year_2040!BW37/Year_2032!BW37 -> 1.1815965 | G2: =Year_2040!BX37/Year_2032!BX37 -> 1.1814804 | H2: =Year_2040!BY37/Year_2032!BY37 -> 1.1753943 | I2: =Year_2040!BZ37/Year_2032!BZ37 -> 1.170266 | ... V2: =Year_2040!CM37/Year_2032!CM37 -> #DIV/0! | W2: =AVERAGE(B2:U9) -> 1.1247111
B3: =Year_2040!BS38/Year_2032!BS38 -> 1.1483553 | C3: =Year_2040!BT38/Year_2032!BT38 -> 1.148599 | D3: =Year_2040!BU38/Year_2032!BU38 -> 1.1970641 | E3: =Year_2040!BV38/Year_2032!BV38 -> 1.1971058 | F3: =Year_2040!BW38/Year_2032!BW38 -> 1.1814377 | G3: =Year_2040!BX38/Year_2032!BX38 -> 1.1813259 | H3: =Year_2040!BY38/Year_2032!BY38 -> 1.1754148 | I3: =Year_2040!BZ38/Year_2032!BZ38 -> 1.1753776 | ... V3: =Year_2040!CM38/Year_2032!CM38 -> #DIV/0!
B4: =Year_2040!BS39/Year_2032!BS39 -> 1.0393704 | C4: =Year_2040!BT39/Year_2032!BT39 -> 1.1484172 | D4: =Year_2040!BU39/Year_2032!BU39 -> 1.0393701 | E4: =Year_2040!BV39/Year_2032!BV39 -> 1.1970796 | F4: =Year_2040!BW39/Year_2032!BW39 -> 1.068505 | G4: =Year_2040!BX39/Year_2032!BX39 -> 1.0393702 | H4: =Year_2040!BY39/Year_2032!BY39 -> 1.0963205 | I4: =Year_2040!BZ39/Year_2032!BZ39 -> 1.1753949 | ... V4: =Year_2040!CM39/Year_2032!CM39 -> #DIV/0!
B5: =Year_2040!BS40/Year_2032!BS40 -> 1.0450449 | C5: =Year_2040!BT40/Year_2032!BT40 -> 1.1483224 | D5: =Year_2040!BU40/Year_2032!BU40 -> 1.0450453 | E5: =Year_2040!BV40/Year_2032!BV40 -> 1.1971564 | F5: =Year_2040!BW40/Year_2032!BW40 -> 1.045046 | G5: =Year_2040!BX40/Year_2032!BX40 -> 1.045045 | H5: =Year_2040!BY40/Year_2032!BY40 -> 1.045045 | I5: =Year_2040!BZ40/Year_2032!BZ40 -> 1.1754139 | ... V5: =Year_2040!CM40/Year_2032!CM40 -> #DIV/0!
B6: =Year_2040!BS41/Year_2032!BS41 -> 1.018692 | C6: =Year_2040!BT41/Year_2032!BT41 -> 1.0789294 | D6: =Year_2040!BU41/Year_2032!BU41 -> 1.0186916 | E6: =Year_2040!BV41/Year_2032!BV41 -> 1.1971177 | F6: =Year_2040!BW41/Year_2032!BW41 -> 1.0186915 | G6: =Year_2040!BX41/Year_2032!BX41 -> 1.0186919 | H6: =Year_2040!BY41/Year_2032!BY41 -> 1.1753906 | I6: =Year_2040!BZ41/Year_2032!BZ41 -> 1.0407356 | ... V6: =Year_2040!CM41/Year_2032!CM41 -> #DIV/0!
B7: =Year_2040!BS42/Year_2032!BS42 -> 1.0450454 | C7: =Year_2040!BT42/Year_2032!BT42 -> 1.0450449 | D7: =Year_2040!BU42/Year_2032!BU42 -> 1.045045 | E7: =Year_2040!BV42/Year_2032!BV42 -> 1.045045 | F7: =Year_2040!BW42/Year_2032!BW42 -> 1.0450444 | G7: =Year_2040!BX42/Year_2032!BX42 -> 1.0450444 | H7: =Year_2040!BY42/Year_2032!BY42 -> 1.1754352 | I7: =Year_2040!BZ42/Year_2032!BZ42 -> 1.0450455 | ... V7: =Year_2040!CM42/Year_2032!CM42 -> #DIV/0!
B8: =Year_2040!BS43/Year_2032!BS43 -> 1.0393709 | C8: =Year_2040!BT43/Year_2032!BT43 -> 1.0393697 | D8: =Year_2040!BU43/Year_2032!BU43 -> 1.1970556 | E8: =Year_2040!BV43/Year_2032!BV43 -> 1.0603943 | F8: =Year_2040!BW43/Year_2032!BW43 -> 1.0393705 | G8: =Year_2040!BX43/Year_2032!BX43 -> 1.0393702 | H8: =Year_2040!BY43/Year_2032!BY43 -> 1.175416 | I8: =Year_2040!BZ43/Year_2032!BZ43 -> 1.0393694 | ... V8: =Year_2040!CM43/Year_2032!CM43 -> #DIV/0!
B9: =Year_2040!BS44/Year_2032!BS44 -> 1.1483919 | C9: =Year_2040!BT44/Year_2032!BT44 -> 1.1483926 | D9: =Year_2040!BU44/Year_2032!BU44 -> 1.1971149 | E9: =Year_2040!BV44/Year_2032!BV44 -> 1.1971022 | F9: =Year_2040!BW44/Year_2032!BW44 -> 1.1815206 | G9: =Year_2040!BX44/Year_2032!BX44 -> 1.1813408 | H9: =Year_2040!BY44/Year_2032!BY44 -> 1.175487 | I9: =Year_2040!BZ44/Year_2032!BZ44 -> 1.0408175 | ... V9: =Year_2040!CM44/Year_2032!CM44 -> #DIV/0!
B10: =Year_2040!BS45/Year_2032!BS45 -> #DIV/0! | C10: =Year_2040!BT45/Year_2032!BT45 -> #DIV/0! | D10: =Year_2040!BU45/Year_2032!BU45 -> #DIV/0! | E10: =Year_2040!BV45/Year_2032!BV45 -> #DIV/0! | F10: =Year_2040!BW45/Year_2032!BW45 -> #DIV/0! | G10: =Year_2040!BX45/Year_2032!BX45 -> #DIV/0! | H10: =Year_2040!BY45/Year_2032!BY45 -> #DIV/0! | I10: =Year_2040!BZ45/Year_2032!BZ45 -> #DIV/0! | ... V10: =Year_2040!CM45/Year_2032!CM45 -> #DIV/0!

Sheet Year_2050
B1: Lenght
B3: Length
B5: TollLights | D5: ML PCE.Miles | G5: GP PCE.Miles | J5: Highway PCE.Miles
B6: Direction | D6: Direction | G6: Direction | J6: Direction
B7: Period | D7: Period | G7: Period | J7: Period
B8: Period | D8: Period | G8: Period | J8: Period
B11: CaptureRateLights | D11: ML Volume (PCE/Period) | G11: GP Volume (PCE/Period) | J11: Highway Volume
B12: Direction | D12: Direction | G12: Direction | J12: Direction
B13: Period | D13: Period | G13: Period | J13: Period
B14: Period | D14: Period | G14: Period | J14: Period
B17: Revenue Per Period | D17: ML Flow (PCE/hr) | G17: GP Flow (PCE/hr) | J17: Highway Flow
B18: Direction | D18: Direction | G18: Direction | J18: Direction
B19: Period | D19: Period | G19: Period | J19: Period
B20: Period | D20: Period | G20: Period | J20: Period
... B50: Period | D50: Period | G50: Period | J50: Period
D53: ML medium A veh.Miles | G53: GP medium A veh.Miles | J53: Implied VOT
D54: Direction | G54: Direction | J54: Direction
D55: Period | G55: Period | J55: Period
D56: Period | G56: Period | J56: Period
D59: ML medium A veh/period | G59: GP medium A veh/period
D60: Direction | G60: Direction
D61: Period | G61: Period
D62: Period | G62: Period
D65: ML medium B veh.Miles | G65: GP medium B veh.Miles
D66: Direction | G66: Direction
D67: Period | G67: Period
D68: Period | G68: Period
D71: ML medium B veh/period | G71: GP medium B veh/period
D72: Direction | G72: Direction
D73: Period | G73: Period
D74: Period | G74: Period
... D98: Period | G98: Period
D101: Bonus %
D102: Direction
D103: Period
D104: Period
